사고번호,사고일시,요일,시군구,사고내용,사망자수,중상자수,경상자수,부상신고자수,사고유형,법규위반,노면상태,기상상태,도로형태,가해운전자 차종,가해운전자 성별,가해운전자 연령,가해운전자 상해정도,피해운전자 차종,피해운전자 성별,피해운전자 연령,피해운전자 상해정도
2017011400100025,2017년 1월 14일 00시,토요일,경상남도 사천시 용현면,경상사고,0,0,1,0,차대차 - 기타,안전운전불이행,건조,맑음,단일로 - 기타,승용,남,23세,경상,승용,여,39세,기타불명
2017011400100042,2017년 1월 14일 01시,토요일,경상남도 김해시 대동면,경상사고,0,0,1,0,차대차 - 정면충돌,안전거리미확보,건조,맑음,단일로 - 기타,승용,남,52세,상해없음,승용,남,31세,경상
2017011400100050,2017년 1월 14일 01시,토요일,경상남도 사천시 사천읍,중상사고,0,2,0,0,차대사람 - 기타,안전운전불이행,건조,맑음,단일로 - 기타,승용,남,31세,상해없음,보행자,여,38세,중상
2017011400100051,2017년 1월 14일 01시,토요일,경상남도 창원시 성산구 외동,경상사고,0,0,4,0,차대차 - 추돌,안전운전불이행,건조,맑음,교차로 - 교차로부근,승용,남,30세,상해없음,승용,남,48세,경상
2017011400100091,2017년 1월 14일 04시,토요일,경상남도 창원시 의창구 대원동,경상사고,0,0,2,0,차대차 - 추돌,안전운전불이행,건조,맑음,단일로 - 기타,승용,남,29세,상해없음,승용,남,53세,경상
2017011400100113,2017년 1월 14일 06시,토요일,경상남도 김해시 삼정동,경상사고,0,0,1,0,차대사람 - 횡단중,안전운전불이행,건조,맑음,단일로 - 기타,승용,남,32세,상해없음,보행자,남,29세,경상
2017011400100191,2017년 1월 14일 10시,토요일,경상남도 통영시 무전동,중상사고,0,1,0,0,차대차 - 정면충돌,안전운전불이행,건조,맑음,단일로 - 기타,승용,남,56세,상해없음,승용,여,52세,상해없음
2017011400100192,2017년 1월 14일 10시,토요일,경상남도 사천시 곤명면,중상사고,0,2,0,0,차대차 - 측면충돌,신호위반,건조,맑음,교차로 - 교차로안,이륜,남,90세 이상,중상,승용,남,68세,상해없음
2017011400100193,2017년 1월 14일 10시,토요일,경상남도 창원시 마산회원구 구암동,중상사고,0,1,0,0,차대차 - 측면충돌,안전운전불이행,건조,맑음,교차로 - 교차로부근,승용,남,69세,상해없음,이륜,남,40세,중상
2017011400100227,2017년 1월 14일 11시,토요일,경상남도 사천시 벌리동,경상사고,0,0,1,0,차대차 - 측면충돌,직진우회전진행방해,건조,맑음,교차로 - 교차로안,이륜,남,76세,경상,승용,여,33세,상해없음
2017011400100228,2017년 1월 14일 11시,토요일,경상남도 양산시 유산동,경상사고,0,0,1,0,차대차 - 측면충돌,안전운전불이행,건조,맑음,단일로 - 기타,건설기계,남,53세,기타불명,화물,남,41세,경상
2017011400100256,2017년 1월 14일 12시,토요일,경상남도 창원시 마산합포구 해운동,중상사고,0,1,0,0,차대사람 - 횡단중,보행자보호의무위반,건조,맑음,교차로 - 교차로횡단보도내,승합,남,59세,상해없음,보행자,여,77세,중상
2017011400100257,2017년 1월 14일 12시,토요일,경상남도 통영시 무전동,중상사고,0,1,0,1,차대차 - 측면충돌,신호위반,건조,맑음,교차로 - 교차로안,승용,여,45세,부상신고,승용,남,35세,중상
2017011400100258,2017년 1월 14일 12시,토요일,경상남도 김해시 삼방동,중상사고,0,1,0,0,차대사람 - 횡단중,안전운전불이행,건조,맑음,단일로 - 기타,승용,여,57세,상해없음,보행자,여,8세,중상
2017011400100259,2017년 1월 14일 12시,토요일,경상남도 창원시 의창구 신월동,경상사고,0,0,1,0,차대사람 - 기타,안전운전불이행,건조,맑음,단일로 - 기타,승용,남,51세,상해없음,보행자,여,75세,경상
2017011400100288,2017년 1월 14일 13시,토요일,경상남도 김해시 어방동,중상사고,0,1,0,0,차대사람 - 횡단중,안전운전불이행,건조,맑음,단일로 - 기타,이륜,남,61세,상해없음,보행자,여,70세,중상
2017011400100318,2017년 1월 14일 14시,토요일,경상남도 진주시 평거동,중상사고,0,1,0,0,차대차 - 측면충돌,신호위반,건조,맑음,교차로 - 교차로안,승용,여,27세,상해없음,승용,여,59세,중상
2017011400100319,2017년 1월 14일 14시,토요일,경상남도 양산시 물금읍,경상사고,0,0,3,1,차대차 - 정면충돌,안전거리미확보,건조,맑음,기타 - 기타,승용,남,59세,상해없음,승용,여,37세,경상
2017011400100320,2017년 1월 14일 14시,토요일,경상남도 남해군 삼동면,중상사고,0,3,0,0,차대차 - 정면충돌,중앙선침범,건조,맑음,단일로 - 기타,승합,남,69세,중상,승용,남,66세,중상
2017011400100335,2017년 1월 14일 15시,토요일,경상남도 사천시 동동,중상사고,0,1,0,0,차대차 - 측면충돌,안전운전불이행,건조,맑음,단일로 - 기타,화물,남,63세,상해없음,이륜,남,72세,중상
2017011400100336,2017년 1월 14일 15시,토요일,경상남도 사천시 사천읍,경상사고,0,0,1,0,차대차 - 추돌,직진우회전진행방해,건조,맑음,교차로 - 교차로안,승합,남,53세,상해없음,이륜,여,60세,경상
2017011400100337,2017년 1월 14일 15시,토요일,경상남도 사천시 사천읍,중상사고,0,1,0,0,차대차 - 추돌,안전운전불이행,건조,맑음,단일로 - 기타,승용,남,48세,상해없음,승용,남,34세,상해없음
2017011400100338,2017년 1월 14일 15시,토요일,경상남도 거창군 가조면,중상사고,0,1,2,0,차대차 - 기타,안전운전불이행,건조,맑음,교차로 - 교차로안,승합,남,57세,상해없음,승용,여,52세,경상
2017011400100339,2017년 1월 14일 15시,토요일,경상남도 창원시 성산구 상남동,중상사고,0,2,0,0,차대차 - 측면충돌,중앙선침범,건조,맑음,교차로 - 교차로부근,승용,남,49세,상해없음,승용,남,32세,중상
2017011400100340,2017년 1월 14일 15시,토요일,경상남도 창원시 마산회원구 양덕동,경상사고,0,0,1,0,차대차 - 측면충돌,신호위반,건조,맑음,교차로 - 교차로안,승용,남,43세,상해없음,이륜,남,22세,경상
2017011400100372,2017년 1월 14일 16시,토요일,경상남도 창원시 마산합포구 우산동,중상사고,0,2,0,0,차대차 - 추돌,안전운전불이행,건조,맑음,단일로 - 기타,승용,남,37세,상해없음,승용,여,47세,중상
2017011400100373,2017년 1월 14일 16시,토요일,경상남도 거제시 옥포동,경상사고,0,0,1,0,차대차 - 기타,안전운전불이행,건조,맑음,기타 - 기타,승용,남,73세,상해없음,승용,남,58세,경상
2017011400100402,2017년 1월 14일 17시,토요일,경상남도 진주시 명석면,경상사고,0,0,1,0,차대차 - 측면충돌,안전운전불이행,건조,맑음,단일로 - 기타,승용,여,49세,상해없음,화물,여,44세,경상
2017011400100435,2017년 1월 14일 18시,토요일,경상남도 밀양시 삼문동,경상사고,0,0,2,0,차대차 - 추돌,안전거리미확보,건조,맑음,단일로 - 기타,승용,남,56세,상해없음,승용,남,71세,경상
2017011400100436,2017년 1월 14일 18시,토요일,경상남도 거제시 양정동,경상사고,0,0,1,0,차대차 - 기타,기타,건조,맑음,단일로 - 기타,승용,남,50세,상해없음,승용,남,35세,경상
2017011400100475,2017년 1월 14일 19시,토요일,경상남도 김해시 삼계동,경상사고,0,0,1,0,차대사람 - 횡단중,안전운전불이행,건조,맑음,단일로 - 기타,승용,남,25세,상해없음,보행자,여,18세,경상
2017011400100506,2017년 1월 14일 20시,토요일,경상남도 양산시 삼호동,경상사고,0,0,1,0,차대사람 - 횡단중,안전운전불이행,건조,맑음,교차로 - 교차로횡단보도내,승용,남,57세,상해없음,보행자,남,70세,경상
2017011400100507,2017년 1월 14일 20시,토요일,경상남도 하동군 옥종면,경상사고,0,0,2,0,차대차 - 정면충돌,중앙선침범,건조,맑음,단일로 - 기타,승용,여,57세,상해없음,화물,남,53세,경상
2017011400100554,2017년 1월 14일 22시,토요일,경상남도 김해시 외동,중상사고,0,1,0,0,차대사람 - 횡단중,보행자보호의무위반,건조,맑음,교차로 - 교차로횡단보도내,원동기,남,19세,상해없음,보행자,여,49세,중상
2017011400100555,2017년 1월 14일 22시,토요일,경상남도 양산시 물금읍,경상사고,0,0,1,0,차대차 - 측면충돌,중앙선침범,건조,맑음,교차로 - 교차로안,승용,남,19세,상해없음,이륜,남,21세,경상
2017011500100021,2017년 1월 15일 00시,일요일,경상남도 창원시 마산회원구 석전동,중상사고,0,1,0,0,차대사람 - 기타,안전운전불이행,건조,맑음,단일로 - 기타,승용,남,56세,상해없음,보행자,남,72세,중상
2017011500100057,2017년 1월 15일 03시,일요일,경상남도 김해시 어방동,경상사고,0,0,1,0,차대사람 - 기타,안전운전불이행,건조,맑음,교차로 - 교차로안,승용,남,50세,상해없음,보행자,남,35세,경상
2017011500100058,2017년 1월 15일 03시,일요일,경상남도 창원시 성산구 남양동,경상사고,0,0,1,0,차대차 - 기타,안전운전불이행,건조,맑음,교차로 - 교차로부근,원동기,남,59세,상해없음,승용,남,30세,경상
2017011500100096,2017년 1월 15일 07시,일요일,경상남도 거제시 장평동,경상사고,0,0,1,0,차대차 - 기타,직진우회전진행방해,건조,맑음,교차로 - 교차로안,승용,남,46세,상해없음,자전거,남,28세,경상
2017011500100139,2017년 1월 15일 10시,일요일,경상남도 하동군 금성면,중상사고,0,1,1,0,차대차 - 측면충돌,신호위반,건조,맑음,교차로 - 교차로안,화물,남,77세,상해없음,승용,남,58세,경상
2017011500100157,2017년 1월 15일 11시,일요일,경상남도 통영시 무전동,경상사고,0,0,4,0,차대차 - 측면충돌,교차로운행방법위반,건조,맑음,교차로 - 교차로안,승용,여,56세,상해없음,승용,남,38세,경상
2017011500100213,2017년 1월 15일 13시,일요일,경상남도 김해시 외동,경상사고,0,0,1,0,차대차 - 측면충돌,신호위반,건조,맑음,교차로 - 교차로안,승용,남,22세,상해없음,이륜,남,46세,경상
2017011500100214,2017년 1월 15일 13시,일요일,경상남도 창녕군 남지읍,부상신고사고,0,0,0,1,차량단독 - 기타,안전운전불이행,건조,맑음,단일로 - 기타,원동기,여,18세,부상신고,,,,
2017011500100215,2017년 1월 15일 13시,일요일,경상남도 양산시 상북면,중상사고,0,1,0,0,차대차 - 측면충돌,안전운전불이행,건조,맑음,단일로 - 기타,승용,남,22세,상해없음,자전거,남,62세,중상
2017011500100233,2017년 1월 15일 14시,일요일,경상남도 진주시 주약동,경상사고,0,0,1,0,차대차 - 추돌,안전운전불이행,건조,맑음,교차로 - 교차로안,승용,남,30세,상해없음,승용,남,51세,경상
2017011500100260,2017년 1월 15일 15시,일요일,경상남도 김해시 상동면,경상사고,0,0,2,0,차대차 - 측면충돌,안전운전불이행,건조,맑음,교차로 - 교차로안,승용,남,54세,상해없음,승용,남,24세,경상
2017011500100261,2017년 1월 15일 15시,일요일,경상남도 창원시 의창구 도계동,경상사고,0,0,1,0,차대차 - 측면충돌,신호위반,건조,맑음,단일로 - 기타,승용,남,39세,상해없음,이륜,남,18세,경상
2017011500100286,2017년 1월 15일 16시,일요일,경상남도 창녕군 창녕읍,중상사고,0,1,0,0,차대차 - 기타,안전운전불이행,건조,맑음,교차로 - 교차로안,승용,남,30세,상해없음,승용,남,78세,중상
2017011500100306,2017년 1월 15일 17시,일요일,경상남도 진주시 상대동,경상사고,0,0,2,0,차대차 - 측면충돌,신호위반,건조,맑음,교차로 - 교차로안,이륜,남,44세,경상,승용,남,49세,경상
2017011500100307,2017년 1월 15일 17시,일요일,경상남도 창원시 진해구 충무동,부상신고사고,0,0,0,1,차대사람 - 횡단중,안전운전불이행,건조,맑음,교차로 - 교차로안,승용,남,60세,상해없음,보행자,여,61세,부상신고
2017011500100308,2017년 1월 15일 17시,일요일,경상남도 함양군 함양읍,경상사고,0,0,1,0,차량단독 - 도로외이탈 - 추락,안전운전불이행,건조,맑음,단일로 - 기타,화물,남,62세,상해없음,,,,
2017011500100346,2017년 1월 15일 18시,일요일,경상남도 창원시 마산합포구 해운동,중상사고,0,1,0,0,차대사람 - 기타,안전운전불이행,건조,맑음,기타 - 기타,승용,여,69세,상해없음,보행자,남,35세,중상
2017011500100347,2017년 1월 15일 18시,일요일,경상남도 김해시 어방동,경상사고,0,0,2,0,차대차 - 측면충돌,신호위반,건조,맑음,교차로 - 교차로안,승용,남,65세,상해없음,승용,남,54세,경상
2017011500100381,2017년 1월 15일 19시,일요일,경상남도 통영시 항남동,중상사고,0,1,0,0,차대차 - 측면충돌,직진우회전진행방해,건조,맑음,교차로 - 교차로안,승용,남,58세,상해없음,이륜,남,27세,중상
2017011500100382,2017년 1월 15일 19시,일요일,경상남도 김해시 삼계동,중상사고,0,1,0,0,차대사람 - 횡단중,보행자보호의무위반,건조,맑음,교차로 - 교차로횡단보도내,이륜,남,21세,상해없음,보행자,여,44세,중상
2017011500100415,2017년 1월 15일 20시,일요일,경상남도 양산시 중부동,중상사고,0,1,0,0,차대차 - 측면충돌,신호위반,건조,맑음,교차로 - 교차로부근,원동기,남,46세,상해없음,승용,남,26세,중상
2017011500100416,2017년 1월 15일 20시,일요일,경상남도 창원시 마산회원구 합성동,중상사고,0,1,0,0,차대사람 - 차도통행중,안전운전불이행,건조,맑음,단일로 - 기타,승용,남,20세,상해없음,보행자,남,28세,중상
2017011500100458,2017년 1월 15일 22시,일요일,경상남도 창원시 의창구 팔용동,경상사고,0,0,3,0,차대차 - 측면충돌,신호위반,건조,맑음,교차로 - 교차로안,승용,남,57세,기타불명,승용,남,48세,경상
2017011600100029,2017년 1월 16일 00시,월요일,경상남도 양산시 삼호동,중상사고,0,1,0,0,차대사람 - 기타,안전운전불이행,건조,맑음,단일로 - 기타,승용,여,43세,상해없음,보행자,남,48세,중상
2017011600100063,2017년 1월 16일 05시,월요일,경상남도 함양군 함양읍,중상사고,0,1,0,0,차대사람 - 기타,안전운전불이행,건조,맑음,단일로 - 기타,승용,남,23세,상해없음,보행자,남,70세,중상
2017011600100064,2017년 1월 16일 05시,월요일,경상남도 창원시 의창구 동읍,사망사고,1,0,0,0,차대사람 - 횡단중,안전운전불이행,건조,맑음,교차로 - 교차로안,승용,남,69세,상해없음,보행자,남,67세,사망
2017011600100081,2017년 1월 16일 06시,월요일,경상남도 거제시 장평동,중상사고,0,1,0,0,차대차 - 측면충돌,안전운전불이행,기타,흐림,기타 - 기타,승용,남,51세,상해없음,이륜,남,37세,중상
2017011600100082,2017년 1월 16일 06시,월요일,경상남도 창원시 마산회원구 양덕동,경상사고,0,0,2,0,차대차 - 측면충돌,신호위반,건조,맑음,교차로 - 교차로안,화물,남,63세,상해없음,화물,여,64세,경상
2017011600100110,2017년 1월 16일 07시,월요일,경상남도 창녕군 창녕읍,경상사고,0,0,4,0,차대차 - 추돌,안전운전불이행,건조,맑음,단일로 - 기타,승용,남,51세,상해없음,승용,남,42세,경상
2017011600100111,2017년 1월 16일 07시,월요일,경상남도 양산시 다방동,사망사고,1,3,0,0,차대차 - 측면충돌,안전운전불이행,건조,맑음,교차로 - 교차로부근,화물,남,54세,사망,승용,남,47세,중상
2017011600100112,2017년 1월 16일 07시,월요일,경상남도 양산시 물금읍,중상사고,0,1,0,0,차대차 - 측면충돌,안전거리미확보,건조,맑음,단일로 - 기타,화물,남,56세,상해없음,승용,여,48세,중상
2017011600100157,2017년 1월 16일 08시,월요일,경상남도 창원시 의창구 도계동,중상사고,0,3,5,0,차대차 - 추돌,안전운전불이행,서리/결빙,흐림,교차로 - 교차로부근,승합,남,54세,상해없음,승합,남,55세,상해없음
2017011600100158,2017년 1월 16일 08시,월요일,경상남도 김해시 진례면,중상사고,0,1,0,0,차대사람 - 횡단중,안전운전불이행,건조,맑음,단일로 - 기타,승용,남,45세,상해없음,보행자,남,74세,중상
2017011600100198,2017년 1월 16일 09시,월요일,경상남도 통영시 광도면,경상사고,0,0,2,0,차대차 - 측면충돌,신호위반,건조,맑음,교차로 - 교차로안,승합,남,54세,상해없음,승용,여,67세,경상
2017011600100199,2017년 1월 16일 09시,월요일,경상남도 창원시 의창구 북면,중상사고,0,1,0,0,차량단독 - 공작물충돌,안전운전불이행,건조,맑음,단일로 - 기타,승합,여,43세,상해없음,,,,
2017011600100234,2017년 1월 16일 10시,월요일,경상남도 김해시 삼방동,중상사고,0,1,0,0,차대사람 - 기타,안전운전불이행,건조,맑음,단일로 - 기타,승용,남,68세,상해없음,보행자,여,74세,중상
2017011600100235,2017년 1월 16일 10시,월요일,경상남도 창녕군 대지면,중상사고,0,1,1,0,차대차 - 기타,안전운전불이행,건조,맑음,교차로 - 교차로안,화물,남,42세,중상,승용,남,38세,경상
2017011600100295,2017년 1월 16일 12시,월요일,경상남도 사천시 서금동,중상사고,0,1,0,0,차대차 - 측면충돌,직진우회전진행방해,건조,맑음,교차로 - 교차로안,승용,여,52세,상해없음,원동기,남,66세,중상
2017011600100296,2017년 1월 16일 12시,월요일,경상남도 거창군 거창읍,중상사고,0,1,0,0,차대차 - 기타,안전운전불이행,건조,맑음,교차로 - 교차로안,승용,남,41세,상해없음,이륜,여,33세,중상
2017011600100297,2017년 1월 16일 12시,월요일,경상남도 양산시 유산동,중상사고,0,3,0,0,차대차 - 정면충돌,중앙선침범,건조,맑음,단일로 - 터널,승용,남,33세,상해없음,승용,남,33세,중상
2017011600100325,2017년 1월 16일 13시,월요일,경상남도 의령군 의령읍,중상사고,0,1,2,0,차대차 - 측면충돌,안전운전불이행,건조,맑음,교차로 - 교차로안,화물,남,65세,경상,승용,남,51세,중상
2017011600100326,2017년 1월 16일 13시,월요일,경상남도 김해시 주촌면,중상사고,0,1,2,0,차대차 - 추돌,안전운전불이행,건조,맑음,단일로 - 기타,화물,남,31세,경상,승용,여,42세,중상
2017011600100360,2017년 1월 16일 14시,월요일,경상남도 김해시 어방동,중상사고,0,1,0,0,차대사람 - 기타,안전운전불이행,건조,맑음,단일로 - 기타,승합,남,42세,상해없음,보행자,여,58세,중상
2017011600100361,2017년 1월 16일 14시,월요일,경상남도 창원시 의창구 동읍,경상사고,0,0,2,0,차대차 - 기타,안전운전불이행,건조,맑음,단일로 - 기타,승용,남,69세,상해없음,승용,여,38세,경상
2017011600100400,2017년 1월 16일 15시,월요일,경상남도 김해시 삼방동,중상사고,0,1,0,0,차대사람 - 횡단중,보행자보호의무위반,건조,맑음,교차로 - 교차로횡단보도내,승용,남,72세,상해없음,보행자,여,66세,중상
2017011600100401,2017년 1월 16일 15시,월요일,경상남도 고성군 고성읍,중상사고,0,1,0,0,차대차 - 기타,안전운전불이행,건조,맑음,교차로 - 교차로안,승용,남,59세,상해없음,이륜,남,22세,중상
2017011600100434,2017년 1월 16일 16시,월요일,경상남도 양산시 중부동,중상사고,0,1,0,0,차대차 - 측면충돌,직진우회전진행방해,건조,맑음,교차로 - 교차로안,화물,남,42세,상해없음,승용,여,55세,중상
2017011600100464,2017년 1월 16일 17시,월요일,경상남도 김해시 삼계동,경상사고,0,0,1,0,차대차 - 측면충돌,안전운전불이행,건조,맑음,교차로 - 교차로안,화물,남,46세,경상,승용,남,61세,상해없음
2017011600100490,2017년 1월 16일 18시,월요일,경상남도 김해시 주촌면,경상사고,0,0,3,1,차대차 - 측면충돌,안전거리미확보,건조,맑음,교차로 - 교차로부근,승용,여,53세,경상,승용,남,65세,부상신고
2017011600100514,2017년 1월 16일 18시,월요일,경상남도 창원시 마산합포구 월영동,중상사고,0,1,0,0,차대사람 - 횡단중,안전운전불이행,건조,맑음,단일로 - 기타,화물,남,40세,상해없음,보행자,여,74세,중상
2017011600100515,2017년 1월 16일 18시,월요일,경상남도 거창군 남하면,경상사고,0,0,1,0,차대차 - 기타,안전운전불이행,건조,맑음,단일로 - 기타,화물,남,58세,상해없음,화물,남,62세,경상
2017011600100516,2017년 1월 16일 18시,월요일,경상남도 양산시 중부동,경상사고,0,0,2,0,차대차 - 정면충돌,안전거리미확보,건조,맑음,교차로 - 교차로안,화물,남,33세,상해없음,승용,남,68세,경상
2017011600100517,2017년 1월 16일 18시,월요일,경상남도 거제시 옥포동,중상사고,0,1,0,0,차대사람 - 횡단중,안전운전불이행,건조,맑음,교차로 - 교차로횡단보도내,승용,남,33세,상해없음,보행자,여,70세,중상
2017011600100518,2017년 1월 16일 18시,월요일,경상남도 김해시 진영읍,경상사고,0,0,1,0,차대차 - 측면충돌,안전운전불이행,건조,맑음,교차로 - 교차로부근,승용,남,59세,상해없음,승용,여,47세,경상
2017011600100565,2017년 1월 16일 19시,월요일,경상남도 창원시 진해구 용원동,경상사고,0,0,1,0,차대차 - 측면충돌,교차로운행방법위반,건조,맑음,교차로 - 교차로안,승용,남,33세,경상,화물,남,50세,상해없음
2017011600100566,2017년 1월 16일 19시,월요일,경상남도 통영시 항남동,중상사고,0,1,0,0,차대사람 - 기타,기타,건조,맑음,단일로 - 기타,승합,남,45세,상해없음,보행자,여,62세,중상
2017011600100609,2017년 1월 16일 20시,월요일,경상남도 사천시 사천읍,경상사고,0,0,1,0,차대차 - 기타,안전운전불이행,건조,맑음,단일로 - 기타,승용,남,26세,기타불명,원동기,남,40세,경상
2017011600100661,2017년 1월 16일 22시,월요일,경상남도 사천시 사남면,중상사고,0,5,1,0,차대차 - 측면충돌,신호위반,건조,맑음,교차로 - 교차로안,승용,남,28세,중상,승용,남,26세,중상
2017011700100046,2017년 1월 17일 05시,화요일,경상남도 통영시 광도면,경상사고,0,0,1,0,차대차 - 정면충돌,교차로운행방법위반,건조,맑음,교차로 - 교차로안,승용,남,63세,상해없음,이륜,남,37세,경상
2017011700100099,2017년 1월 17일 07시,화요일,경상남도 사천시 용현면,중상사고,0,1,2,0,차대차 - 추돌,안전운전불이행,건조,맑음,단일로 - 기타,화물,남,25세,상해없음,승용,남,35세,중상
2017011700100100,2017년 1월 17일 07시,화요일,경상남도 김해시 내동,경상사고,0,0,1,0,차대사람 - 기타,안전운전불이행,건조,맑음,단일로 - 기타,승용,남,53세,상해없음,보행자,여,77세,경상
2017011700100101,2017년 1월 17일 07시,화요일,경상남도 양산시 어곡동,중상사고,0,1,1,0,차대차 - 정면충돌,신호위반,건조,맑음,교차로 - 교차로안,승용,여,24세,상해없음,승용,남,31세,경상
2017011700100102,2017년 1월 17일 07시,화요일,경상남도 고성군 고성읍,경상사고,0,0,1,0,차대차 - 추돌,중앙선침범,건조,맑음,단일로 - 기타,승용,남,59세,상해없음,승용,여,30세,경상
2017011700100133,2017년 1월 17일 08시,화요일,경상남도 사천시 벌리동,부상신고사고,0,0,0,1,차대차 - 측면충돌,직진우회전진행방해,건조,맑음,교차로 - 교차로안,자전거,남,58세,부상신고,승용,여,46세,상해없음
2017011700100134,2017년 1월 17일 08시,화요일,경상남도 거창군 거창읍,중상사고,0,2,0,0,차대차 - 측면충돌,안전운전불이행,건조,맑음,교차로 - 교차로안,승용,남,26세,상해없음,승용,여,32세,중상
2017011700100135,2017년 1월 17일 08시,화요일,경상남도 하동군 고전면,사망사고,2,0,0,0,차대차 - 정면충돌,중앙선침범,건조,맑음,단일로 - 기타,화물,남,52세,사망,화물,남,57세,사망
2017011700100155,2017년 1월 17일 09시,화요일,경상남도 거제시 일운면,중상사고,0,1,0,0,차대차 - 정면충돌,안전운전불이행,건조,맑음,단일로 - 기타,승용,여,47세,상해없음,승용,여,50세,중상
2017011700100180,2017년 1월 17일 10시,화요일,경상남도 밀양시 내이동,중상사고,0,1,0,0,차대차 - 측면충돌,안전운전불이행,건조,맑음,교차로 - 교차로안,건설기계,남,58세,상해없음,원동기,남,80세,중상
2017011700100202,2017년 1월 17일 11시,화요일,경상남도 거제시 고현동,중상사고,0,1,1,0,차대차 - 기타,안전운전불이행,건조,맑음,단일로 - 기타,승용,여,33세,경상,화물,남,56세,중상
2017011700100203,2017년 1월 17일 11시,화요일,경상남도 의령군 의령읍,중상사고,0,1,0,0,차대차 - 측면충돌,교차로운행방법위반,건조,맑음,교차로 - 교차로안,화물,여,26세,상해없음,이륜,남,54세,중상
2017011700100229,2017년 1월 17일 12시,화요일,경상남도 거창군 거창읍,경상사고,0,0,1,0,차대차 - 측면충돌,불법유턴,건조,맑음,교차로 - 교차로안,승용,여,49세,상해없음,승용,남,28세,경상
2017011700100250,2017년 1월 17일 13시,화요일,경상남도 통영시 광도면,중상사고,0,1,0,0,차량단독 - 전도전복,안전운전불이행,건조,맑음,단일로 - 기타,농기계,남,66세,중상,미분류,미분류,미분류,미분류
2017011700100251,2017년 1월 17일 13시,화요일,경상남도 사천시 사천읍,경상사고,0,0,1,0,차대차 - 측면충돌,직진우회전진행방해,건조,맑음,교차로 - 교차로안,이륜,남,60세,경상,승용,남,28세,상해없음
2017011700100282,2017년 1월 17일 14시,화요일,경상남도 양산시 물금읍,경상사고,0,0,2,0,차대차 - 정면충돌,교차로운행방법위반,건조,맑음,교차로 - 교차로안,승용,여,36세,상해없음,원동기,남,66세,경상
2017011700100345,2017년 1월 17일 16시,화요일,경상남도 창원시 진해구 청안동,사망사고,1,1,0,0,차대차 - 측면충돌,안전거리미확보,건조,맑음,교차로 - 교차로부근,승용,여,75세,사망,승합,남,60세,상해없음
2017011700100346,2017년 1월 17일 16시,화요일,경상남도 사천시 동금동,경상사고,0,0,1,0,차대사람 - 길가장자리구역통행중,안전운전불이행,건조,맑음,교차로 - 교차로안,승용,여,37세,상해없음,보행자,남,11세,경상
2017011700100347,2017년 1월 17일 16시,화요일,경상남도 김해시 서상동,중상사고,0,1,0,0,차대사람 - 기타,안전운전불이행,건조,맑음,단일로 - 기타,승용,여,21세,상해없음,보행자,여,68세,중상
2017011700100378,2017년 1월 17일 17시,화요일,경상남도 양산시 북부동,경상사고,0,0,1,0,차대차 - 정면충돌,교차로운행방법위반,건조,맑음,교차로 - 교차로안,승용,남,42세,상해없음,자전거,남,63세,경상
2017011700100379,2017년 1월 17일 17시,화요일,경상남도 거제시 장평동,경상사고,0,0,1,0,차대사람 - 차도통행중,안전운전불이행,건조,맑음,단일로 - 기타,승용,여,39세,상해없음,보행자,여,5세,경상
2017011700100417,2017년 1월 17일 18시,화요일,경상남도 창원시 마산합포구 청계동,중상사고,0,1,0,0,차대차 - 측면충돌,직진우회전진행방해,건조,맑음,교차로 - 교차로안,승용,남,57세,상해없음,자전거,남,53세,중상
2017011700100418,2017년 1월 17일 18시,화요일,경상남도 거창군 주상면,중상사고,0,1,0,0,차대사람 - 기타,안전운전불이행,건조,맑음,단일로 - 기타,화물,남,67세,상해없음,보행자,남,55세,중상
2017011700100472,2017년 1월 17일 19시,화요일,경상남도 창원시 진해구 원포동,경상사고,0,0,1,0,차대차 - 측면충돌,교차로운행방법위반,건조,맑음,교차로 - 교차로안,화물,남,64세,상해없음,승용,남,44세,경상
2017011700100473,2017년 1월 17일 19시,화요일,경상남도 김해시 삼계동,경상사고,0,0,1,0,차대차 - 측면충돌,안전운전불이행,건조,맑음,교차로 - 교차로안,이륜,남,59세,경상,승용,여,40세,상해없음
2017011700100505,2017년 1월 17일 20시,화요일,경상남도 창원시 의창구 명서동,경상사고,0,0,1,0,차대사람 - 횡단중,안전운전불이행,건조,맑음,교차로 - 교차로안,승용,남,56세,상해없음,보행자,여,46세,경상
2017011700100535,2017년 1월 17일 21시,화요일,경상남도 창원시 마산합포구 우산동,경상사고,0,0,1,0,차대차 - 추돌,안전운전불이행,건조,맑음,기타 - 기타,승용,남,31세,상해없음,승용,여,39세,경상
2017011700100552,2017년 1월 17일 22시,화요일,경상남도 창녕군 창녕읍,중상사고,0,1,0,0,차대사람 - 기타,안전운전불이행,건조,맑음,단일로 - 기타,승용,여,48세,상해없음,보행자,남,52세,중상
2017011700100585,2017년 1월 17일 23시,화요일,경상남도 창원시 의창구 동읍,중상사고,0,1,3,0,차대차 - 추돌,안전운전불이행,건조,맑음,교차로 - 교차로부근,화물,남,54세,상해없음,승용,남,39세,중상