사고번호,사고일시,요일,시군구,사고내용,사망자수,중상자수,경상자수,부상신고자수,사고유형,법규위반,노면상태,기상상태,도로형태,가해운전자 차종,가해운전자 성별,가해운전자 연령,가해운전자 상해정도,피해운전자 차종,피해운전자 성별,피해운전자 연령,피해운전자 상해정도
2017011800100024,2017년 1월 18일 00시,수요일,경상남도 거제시 장평동,중상사고,0,1,1,0,차대차 - 측면충돌,안전운전불이행,건조,맑음,교차로 - 교차로안,승용,여,49세,경상,승용,남,35세,중상
2017011800100085,2017년 1월 18일 06시,수요일,경상남도 함안군 가야읍,경상사고,0,0,1,0,차대차 - 측면충돌,안전운전불이행,건조,맑음,단일로 - 기타,승용,남,61세,상해없음,자전거,남,46세,경상
2017011800100133,2017년 1월 18일 08시,수요일,경상남도 거제시 연초면,경상사고,0,0,1,0,차대차 - 추돌,안전운전불이행,건조,맑음,단일로 - 기타,승용,여,50세,상해없음,승용,여,34세,경상
2017011800100170,2017년 1월 18일 09시,수요일,경상남도 사천시 사천읍,경상사고,0,0,1,0,차대차 - 측면충돌,직진우회전진행방해,건조,맑음,교차로 - 교차로안,승용,여,53세,상해없음,자전거,남,22세,경상
2017011800100188,2017년 1월 18일 10시,수요일,경상남도 진주시 평거동,부상신고사고,0,0,0,1,차대차 - 측면충돌,안전운전불이행,건조,맑음,교차로 - 교차로횡단보도내,자전거,남,78세,부상신고,승용,남,69세,상해없음
2017011800100189,2017년 1월 18일 10시,수요일,경상남도 양산시 주진동,경상사고,0,0,1,0,차대차 - 측면충돌,신호위반,건조,맑음,교차로 - 교차로안,승용,남,53세,상해없음,승용,여,27세,경상
2017011800100190,2017년 1월 18일 10시,수요일,경상남도 거제시 고현동,경상사고,0,0,1,0,차대사람 - 기타,안전운전불이행,건조,맑음,교차로 - 교차로부근,승용,여,29세,상해없음,보행자,여,52세,경상
2017011800100191,2017년 1월 18일 10시,수요일,경상남도 창원시 의창구 대산면,중상사고,0,1,0,0,차대차 - 추돌,안전운전불이행,건조,맑음,단일로 - 기타,화물,여,45세,상해없음,화물,여,49세,중상
2017011800100218,2017년 1월 18일 11시,수요일,경상남도 진주시 일반성면,중상사고,0,1,0,0,차대사람 - 횡단중,안전운전불이행,건조,맑음,단일로 - 기타,승용,여,55세,상해없음,보행자,여,56세,중상
2017011800100219,2017년 1월 18일 11시,수요일,경상남도 창원시 진해구 여좌동,경상사고,0,0,3,1,차대차 - 측면충돌,안전운전불이행,건조,맑음,기타 - 기타,승합,남,61세,부상신고,승용,여,57세,경상
2017011800100254,2017년 1월 18일 12시,수요일,경상남도 창원시 마산합포구 창동,중상사고,0,1,0,0,차대사람 - 보도통행중,신호위반,건조,맑음,단일로 - 기타,승용,남,57세,상해없음,보행자,남,75세,중상
2017011800100306,2017년 1월 18일 14시,수요일,경상남도 양산시 물금읍,중상사고,0,1,0,0,차대사람 - 횡단중,안전운전불이행,건조,맑음,단일로 - 기타,승용,여,58세,상해없음,보행자,여,74세,중상
2017011800100355,2017년 1월 18일 16시,수요일,경상남도 창원시 의창구 동읍,중상사고,0,1,0,0,차대차 - 기타,신호위반,건조,맑음,교차로 - 교차로안,승합,남,53세,상해없음,자전거,남,74세,중상
2017011800100482,2017년 1월 18일 19시,수요일,경상남도 양산시 평산동,경상사고,0,0,1,0,차대사람 - 보도통행중,안전운전불이행,건조,맑음,단일로 - 기타,승용,여,46세,상해없음,보행자,여,15세,경상
2017011800100483,2017년 1월 18일 19시,수요일,경상남도 거제시 상동동,중상사고,0,1,0,0,차대차 - 정면충돌,안전운전불이행,건조,맑음,교차로 - 교차로안,승용,여,29세,상해없음,이륜,남,16세,중상
2017011800100484,2017년 1월 18일 19시,수요일,경상남도 김해시 관동동,중상사고,0,1,0,0,차대차 - 정면충돌,교차로운행방법위반,건조,맑음,교차로 - 교차로안,승용,여,57세,상해없음,승용,여,48세,중상
2017011800100516,2017년 1월 18일 20시,수요일,경상남도 통영시 북신동,경상사고,0,0,1,0,차대사람 - 횡단중,안전운전불이행,건조,맑음,교차로 - 교차로부근,승합,남,45세,상해없음,보행자,남,44세,경상
2017011800100517,2017년 1월 18일 20시,수요일,경상남도 김해시 대성동,중상사고,0,2,1,0,차대사람 - 횡단중,보행자보호의무위반,건조,맑음,단일로 - 기타,이륜,남,16세,경상,보행자,남,46세,중상
2017011800100518,2017년 1월 18일 20시,수요일,경상남도 김해시 외동,경상사고,0,0,1,0,차대차 - 측면충돌,안전운전불이행,건조,맑음,교차로 - 교차로안,승용,남,48세,상해없음,이륜,남,48세,경상
2017011800100519,2017년 1월 18일 20시,수요일,경상남도 의령군 의령읍,중상사고,0,1,0,0,차대차 - 측면충돌,신호위반,건조,맑음,교차로 - 교차로안,승용,여,54세,상해없음,승합,여,50세,상해없음
2017011800100520,2017년 1월 18일 20시,수요일,경상남도 김해시 대청동,중상사고,0,1,3,0,차대차 - 추돌,안전운전불이행,건조,맑음,단일로 - 기타,승용,남,51세,경상,승용,여,44세,중상
2017011800100548,2017년 1월 18일 21시,수요일,경상남도 김해시 외동,중상사고,0,1,1,0,차대차 - 측면충돌,신호위반,건조,맑음,교차로 - 교차로안,이륜,남,27세,중상,승용,여,38세,경상
2017011800100549,2017년 1월 18일 21시,수요일,경상남도 거제시 연초면,중상사고,0,1,1,0,차대차 - 기타,중앙선침범,건조,맑음,단일로 - 기타,승용,남,61세,상해없음,승용,남,46세,경상
2017011900100022,2017년 1월 19일 00시,목요일,경상남도 김해시 어방동,중상사고,0,1,2,0,차대차 - 추돌,안전거리미확보,건조,맑음,교차로 - 교차로부근,승용,남,34세,중상,승용,남,61세,경상
2017011900100023,2017년 1월 19일 00시,목요일,경상남도 김해시 풍유동,사망사고,1,2,0,0,차대차 - 정면충돌,중앙선침범,건조,맑음,단일로 - 기타,승용,남,30세,중상,승용,남,28세,사망
2017011900100038,2017년 1월 19일 01시,목요일,경상남도 양산시 원동면,사망사고,1,0,0,0,차량단독 - 전도전복 - 전도,안전운전불이행,건조,맑음,단일로 - 기타,화물,남,61세,사망,,,,
2017011900100039,2017년 1월 19일 01시,목요일,경상남도 김해시 관동동,중상사고,0,1,0,0,차대사람 - 횡단중,안전운전불이행,건조,맑음,단일로 - 기타,승용,남,44세,상해없음,보행자,남,32세,중상
2017011900100084,2017년 1월 19일 06시,목요일,경상남도 진주시 내동면,중상사고,0,1,0,0,차대차 - 측면충돌,신호위반,건조,맑음,교차로 - 교차로안,승용,남,59세,상해없음,승용,남,43세,중상
2017011900100085,2017년 1월 19일 06시,목요일,경상남도 남해군 고현면,사망사고,1,0,0,0,차대사람 - 횡단중,신호위반,건조,흐림,교차로 - 교차로안,건설기계,남,53세,상해없음,보행자,여,70세,사망
2017011900100114,2017년 1월 19일 07시,목요일,경상남도 양산시 남부동,중상사고,0,1,0,0,차대사람 - 횡단중,신호위반,건조,맑음,교차로 - 교차로안,승용,남,46세,상해없음,보행자,남,44세,중상
2017011900100115,2017년 1월 19일 07시,목요일,경상남도 양산시 동면,중상사고,0,1,0,0,차대차 - 측면충돌,직진우회전진행방해,건조,맑음,교차로 - 교차로안,승용,남,29세,상해없음,원동기,남,42세,중상
2017011900100144,2017년 1월 19일 08시,목요일,경상남도 사천시 정동면,경상사고,0,0,2,0,차대차 - 측면충돌,직진우회전진행방해,건조,맑음,교차로 - 교차로안,승용,여,32세,경상,승용,여,45세,경상
2017011900100172,2017년 1월 19일 09시,목요일,경상남도 거제시 연초면,중상사고,0,1,0,0,차대사람 - 차도통행중,안전운전불이행,건조,맑음,단일로 - 기타,승용,남,40세,상해없음,보행자,남,58세,중상
2017011900100173,2017년 1월 19일 09시,목요일,경상남도 의령군 낙서면,중상사고,0,2,0,0,차대차 - 후진중충돌,안전운전불이행,건조,맑음,단일로 - 교량,건설기계,남,50세,상해없음,이륜,남,74세,중상
2017011900100191,2017년 1월 19일 10시,목요일,경상남도 김해시 내동,경상사고,0,0,3,0,차대차 - 정면충돌,신호위반,건조,맑음,교차로 - 교차로안,승용,남,59세,경상,승용,남,34세,경상
2017011900100192,2017년 1월 19일 10시,목요일,경상남도 창원시 의창구 북면,경상사고,0,0,2,0,차대차 - 측면충돌,안전운전불이행,건조,맑음,교차로 - 교차로안,승용,여,25세,상해없음,승용,남,25세,경상
2017011900100215,2017년 1월 19일 11시,목요일,경상남도 창원시 마산합포구 장군동5가,부상신고사고,0,0,0,1,차대사람 - 길가장자리구역통행중,안전운전불이행,건조,맑음,단일로 - 기타,승용,여,50세,기타불명,보행자,남,54세,부상신고
2017011900100216,2017년 1월 19일 11시,목요일,경상남도 창원시 의창구 동읍,경상사고,0,0,2,0,차대차 - 추돌,안전운전불이행,건조,맑음,단일로 - 터널,승용,여,48세,상해없음,승용,남,35세,경상
2017011900100217,2017년 1월 19일 11시,목요일,경상남도 창원시 의창구 동읍,경상사고,0,0,1,0,차량단독 - 공작물충돌,안전운전불이행,건조,맑음,단일로 - 터널,승용,여,55세,경상,,,,
2017011900100236,2017년 1월 19일 12시,목요일,경상남도 통영시 용남면,중상사고,0,1,0,0,차대차 - 정면충돌,중앙선침범,건조,맑음,단일로 - 기타,승용,여,49세,상해없음,화물,남,38세,중상
2017011900100237,2017년 1월 19일 12시,목요일,경상남도 김해시 대동면,중상사고,0,1,0,0,차대차 - 기타,안전운전불이행,건조,맑음,교차로 - 교차로안,승용,남,36세,상해없음,이륜,남,48세,중상
2017011900100291,2017년 1월 19일 14시,목요일,경상남도 거제시 장평동,경상사고,0,0,1,0,차대차 - 정면충돌,안전운전불이행,건조,맑음,단일로 - 기타,화물,남,24세,상해없음,승용,여,49세,경상
2017011900100313,2017년 1월 19일 15시,목요일,경상남도 김해시 상동면,경상사고,0,0,2,0,차대차 - 측면충돌,기타,건조,맑음,단일로 - 터널,승용,남,54세,상해없음,승용,여,50세,경상
2017011900100328,2017년 1월 19일 15시,목요일,경상남도 밀양시 상동면,경상사고,0,0,2,0,차대차 - 측면충돌,안전운전불이행,건조,맑음,주차장 - 주차장,화물,남,59세,상해없음,승용,남,62세,경상
2017011900100329,2017년 1월 19일 15시,목요일,경상남도 산청군 금서면,경상사고,0,0,2,0,차대차 - 측면충돌,신호위반,건조,맑음,교차로 - 교차로안,승용,남,59세,상해없음,승용,여,59세,경상
2017011900100364,2017년 1월 19일 16시,목요일,경상남도 창원시 마산합포구 현동,경상사고,0,0,1,0,차대사람 - 횡단중,안전운전불이행,건조,맑음,기타 - 기타,화물,남,67세,상해없음,보행자,남,40세,경상
2017011900100365,2017년 1월 19일 16시,목요일,경상남도 통영시 항남동,경상사고,0,0,1,0,차대차 - 측면충돌,직진우회전진행방해,건조,맑음,교차로 - 교차로안,승용,여,50세,상해없음,이륜,남,65세,경상
2017011900100384,2017년 1월 19일 17시,목요일,경상남도 김해시 진영읍,경상사고,0,0,1,0,차대차 - 추돌,안전거리미확보,건조,맑음,교차로 - 교차로부근,승용,남,62세,상해없음,자전거,남,54세,경상
2017011900100432,2017년 1월 19일 18시,목요일,경상남도 창원시 마산합포구 신월동,중상사고,0,1,0,0,차대차 - 측면충돌,교차로운행방법위반,건조,맑음,교차로 - 교차로안,이륜,남,35세,상해없음,원동기,남,27세,중상
2017011900100433,2017년 1월 19일 18시,목요일,경상남도 함안군 가야읍,경상사고,0,0,1,0,차대사람 - 기타,안전운전불이행,건조,맑음,교차로 - 교차로부근,승용,남,52세,상해없음,보행자,여,52세,경상
2017011900100467,2017년 1월 19일 19시,목요일,경상남도 거제시 고현동,경상사고,0,0,1,0,차대차 - 정면충돌,신호위반,건조,맑음,교차로 - 교차로안,승용,여,22세,상해없음,이륜,남,33세,경상
2017011900100468,2017년 1월 19일 19시,목요일,경상남도 창원시 성산구 반지동,중상사고,0,1,0,0,차대사람 - 횡단중,안전운전불이행,건조,맑음,교차로 - 교차로부근,승용,남,73세,상해없음,보행자,여,54세,중상
2017011900100493,2017년 1월 19일 20시,목요일,경상남도 합천군 야로면,경상사고,0,0,1,0,차량단독 - 전도전복 - 전도,안전운전불이행,건조,맑음,단일로 - 기타,원동기,남,54세,경상,,,,
2017011900100494,2017년 1월 19일 20시,목요일,경상남도 김해시 대청동,경상사고,0,0,1,0,차대차 - 측면충돌,안전거리미확보,건조,맑음,단일로 - 기타,승용,남,67세,상해없음,승용,남,38세,경상
2017011900100515,2017년 1월 19일 21시,목요일,경상남도 창원시 성산구 중앙동,경상사고,0,0,1,0,차대차 - 기타,안전운전불이행,건조,맑음,단일로 - 기타,승용,남,44세,상해없음,원동기,남,25세,경상
2017011900100516,2017년 1월 19일 21시,목요일,경상남도 창원시 의창구 봉곡동,경상사고,0,0,1,0,차대차 - 측면충돌,신호위반,건조,맑음,교차로 - 교차로안,승용,남,61세,상해없음,승용,여,51세,경상
2017011900100539,2017년 1월 19일 22시,목요일,경상남도 거창군 거창읍,경상사고,0,0,1,0,차대사람 - 기타,안전운전불이행,건조,맑음,교차로 - 교차로부근,승용,남,53세,상해없음,보행자,남,42세,경상
2017011900100540,2017년 1월 19일 22시,목요일,경상남도 김해시 진영읍,경상사고,0,0,1,0,차대차 - 측면충돌,안전운전불이행,건조,맑음,교차로 - 교차로안,승용,남,73세,상해없음,승용,남,47세,경상
2017011900100565,2017년 1월 19일 23시,목요일,경상남도 거제시 고현동,중상사고,0,5,0,0,차대차 - 정면충돌,안전운전불이행,건조,맑음,교차로 - 교차로안,승용,여,41세,상해없음,승용,여,26세,중상
2017012000100077,2017년 1월 20일 04시,금요일,경상남도 통영시 정량동,중상사고,0,1,0,0,차대사람 - 횡단중,보행자보호의무위반,건조,맑음,교차로 - 교차로횡단보도내,화물,남,50세,상해없음,보행자,여,55세,중상
2017012000100104,2017년 1월 20일 06시,금요일,경상남도 창원시 마산회원구 양덕동,중상사고,0,1,0,0,차대차 - 측면충돌,신호위반,건조,맑음,교차로 - 교차로안,승용,남,59세,상해없음,원동기,남,31세,중상
2017012000100134,2017년 1월 20일 07시,금요일,경상남도 진주시 상대동,중상사고,0,1,0,0,차대차 - 기타,안전운전불이행,건조,맑음,교차로 - 교차로안,자전거,남,50세,중상,승용,남,32세,상해없음
2017012000100135,2017년 1월 20일 07시,금요일,경상남도 함안군 군북면,중상사고,0,1,1,0,차대차 - 측면충돌,중앙선침범,적설,눈,단일로 - 기타,승용,여,35세,상해없음,승용,남,55세,중상
2017012000100136,2017년 1월 20일 07시,금요일,경상남도 창원시 의창구 팔용동,중상사고,0,1,0,0,차대차 - 추돌,안전운전불이행,건조,맑음,단일로 - 기타,승합,남,58세,상해없음,승용,여,35세,중상
2017012000100178,2017년 1월 20일 08시,금요일,경상남도 김해시 부원동,중상사고,0,1,0,0,차대차 - 측면충돌,교차로운행방법위반,건조,맑음,교차로 - 교차로안,승용,남,34세,상해없음,승용,남,54세,중상
2017012000100214,2017년 1월 20일 09시,금요일,경상남도 양산시 동면,경상사고,0,0,1,0,차대차 - 측면충돌,안전운전불이행,건조,맑음,교차로 - 교차로안,자전거,남,52세,경상,화물,남,52세,상해없음
2017012000100240,2017년 1월 20일 10시,금요일,경상남도 거제시 장평동,경상사고,0,0,1,0,차대차 - 정면충돌,교차로운행방법위반,건조,맑음,교차로 - 교차로안,이륜,남,58세,상해없음,화물,남,44세,경상
2017012000100306,2017년 1월 20일 13시,금요일,경상남도 거제시 문동동,중상사고,0,1,0,0,차대차 - 기타,안전운전불이행,건조,맑음,교차로 - 교차로안,승용,남,32세,상해없음,승용,여,35세,중상
2017012000100307,2017년 1월 20일 13시,금요일,경상남도 남해군 상주면,경상사고,0,0,1,0,차대차 - 측면충돌,안전운전불이행,건조,맑음,교차로 - 교차로안,승용,남,37세,상해없음,원동기,남,59세,경상
2017012000100308,2017년 1월 20일 13시,금요일,경상남도 창원시 성산구 중앙동,중상사고,0,1,0,0,차대차 - 측면충돌,안전운전불이행,건조,맑음,단일로 - 기타,승용,남,60세,상해없음,승용,남,24세,중상
2017012000100329,2017년 1월 20일 14시,금요일,경상남도 창녕군 도천면,경상사고,0,0,1,0,차대차 - 기타,안전운전불이행,기타,맑음,단일로 - 기타,승용,남,53세,상해없음,승용,남,56세,경상
2017012000100383,2017년 1월 20일 16시,금요일,경상남도 창원시 마산합포구 서성동,중상사고,0,1,0,0,차대차 - 측면충돌,안전운전불이행,건조,맑음,교차로 - 교차로안,승용,여,55세,상해없음,자전거,남,72세,중상
2017012000100384,2017년 1월 20일 16시,금요일,경상남도 사천시 사천읍,경상사고,0,0,1,0,차대차 - 측면충돌,신호위반,건조,맑음,교차로 - 교차로안,승용,남,72세,상해없음,승용,남,31세,경상
2017012000100385,2017년 1월 20일 16시,금요일,경상남도 김해시 안동,경상사고,0,0,1,0,차대차 - 측면충돌,차로위반,건조,맑음,교차로 - 교차로안,화물,남,48세,상해없음,승용,남,33세,경상
2017012000100386,2017년 1월 20일 16시,금요일,경상남도 양산시 삼호동,경상사고,0,0,1,0,차대사람 - 횡단중,안전운전불이행,건조,맑음,단일로 - 기타,승용,여,60세,상해없음,보행자,여,35세,경상
2017012000100411,2017년 1월 20일 17시,금요일,경상남도 양산시 물금읍,부상신고사고,0,0,0,1,차대차 - 측면충돌,교차로운행방법위반,건조,맑음,교차로 - 교차로안,이륜,남,16세,부상신고,승용,남,25세,상해없음
2017012000100447,2017년 1월 20일 18시,금요일,경상남도 진주시 신안동,중상사고,0,1,0,0,차대차 - 측면충돌,중앙선침범,건조,맑음,단일로 - 교량,승용,남,54세,상해없음,승용,남,41세,상해없음
2017012000100448,2017년 1월 20일 18시,금요일,경상남도 진주시 가좌동,중상사고,0,1,0,0,차대차 - 측면충돌,중앙선침범,건조,맑음,단일로 - 기타,승합,남,69세,상해없음,이륜,남,33세,중상
2017012000100449,2017년 1월 20일 18시,금요일,경상남도 사천시 벌리동,경상사고,0,0,3,1,차대차 - 추돌,안전운전불이행,건조,맑음,단일로 - 기타,승용,남,41세,상해없음,승용,남,39세,경상
2017012000100450,2017년 1월 20일 18시,금요일,경상남도 김해시 지내동,중상사고,0,1,0,0,차대차 - 측면충돌,중앙선침범,건조,맑음,단일로 - 기타,승용,남,48세,상해없음,이륜,남,57세,중상
2017012000100451,2017년 1월 20일 18시,금요일,경상남도 거제시 장평동,경상사고,0,0,3,0,차대차 - 추돌,안전운전불이행,건조,맑음,기타 - 기타,승합,남,54세,상해없음,승용,여,33세,경상
2017012000100480,2017년 1월 20일 19시,금요일,경상남도 창원시 진해구 덕산동,경상사고,0,0,1,0,차대차 - 측면충돌,교차로운행방법위반,건조,맑음,교차로 - 교차로안,승용,남,56세,상해없음,승용,여,61세,경상
2017012000100481,2017년 1월 20일 19시,금요일,경상남도 의령군 부림면,중상사고,0,2,4,0,차대차 - 측면충돌,신호위반,건조,맑음,교차로 - 교차로안,승용,남,24세,경상,승용,남,56세,중상
2017012000100482,2017년 1월 20일 19시,금요일,경상남도 창원시 성산구 외동,중상사고,0,1,0,0,차대차 - 측면충돌,신호위반,건조,맑음,교차로 - 교차로안,승용,남,32세,상해없음,원동기,남,48세,중상
2017012000100499,2017년 1월 20일 20시,금요일,경상남도 거제시 고현동,중상사고,0,1,0,0,차대차 - 기타,교차로운행방법위반,건조,맑음,교차로 - 교차로안,화물,남,19세,상해없음,원동기,남,18세,중상
2017012000100500,2017년 1월 20일 20시,금요일,경상남도 김해시 주촌면,중상사고,0,2,0,0,차대차 - 추돌,안전운전불이행,건조,맑음,단일로 - 기타,승용,남,35세,상해없음,승용,남,52세,중상
2017012000100519,2017년 1월 20일 21시,금요일,경상남도 통영시 광도면,중상사고,0,1,0,0,차대차 - 기타,안전운전불이행,건조,맑음,단일로 - 기타,승용,여,50세,중상,화물,남,48세,상해없음
2017012000100520,2017년 1월 20일 21시,금요일,경상남도 사천시 사천읍,경상사고,0,0,1,0,차대차 - 후진중충돌,안전운전불이행,건조,맑음,단일로 - 기타,승용,여,36세,상해없음,승용,남,43세,기타불명
2017012000100566,2017년 1월 20일 23시,금요일,경상남도 김해시 부원동,중상사고,0,1,1,0,차대차 - 추돌,안전운전불이행,건조,맑음,교차로 - 교차로부근,승용,남,54세,상해없음,승용,남,63세,중상
2017012000100567,2017년 1월 20일 23시,금요일,경상남도 창원시 마산회원구 내서읍,경상사고,0,0,1,0,차대사람 - 차도통행중,안전운전불이행,건조,맑음,교차로 - 교차로안,승용,남,24세,상해없음,보행자,남,14세,경상
2017012100100051,2017년 1월 21일 01시,토요일,경상남도 창원시 성산구 중앙동,경상사고,0,0,3,0,차대차 - 측면충돌,안전운전불이행,건조,맑음,교차로 - 교차로안,화물,남,32세,상해없음,승용,남,24세,경상
2017012100100072,2017년 1월 21일 02시,토요일,경상남도 김해시 진영읍,중상사고,0,2,0,0,차대차 - 측면충돌,신호위반,건조,맑음,교차로 - 교차로안,이륜,남,20세,중상,승용,여,45세,중상
2017012100100098,2017년 1월 21일 04시,토요일,경상남도 창원시 의창구 동읍,경상사고,0,0,1,0,차대차 - 측면충돌,안전운전불이행,건조,맑음,단일로 - 기타,승용,남,26세,상해없음,승용,남,45세,경상
2017012100100122,2017년 1월 21일 06시,토요일,경상남도 김해시 동상동,중상사고,0,1,0,0,차대사람 - 횡단중,신호위반,건조,맑음,단일로 - 기타,승용,남,59세,상해없음,보행자,남,45세,중상
2017012100100123,2017년 1월 21일 06시,토요일,경상남도 창원시 마산회원구 합성동,경상사고,0,0,1,0,차대차 - 측면충돌,안전운전불이행,건조,맑음,단일로 - 기타,특수,남,45세,상해없음,승용,남,63세,경상
2017012100100124,2017년 1월 21일 06시,토요일,경상남도 함안군 칠서면,경상사고,0,0,1,0,차대차 - 측면충돌,안전운전불이행,건조,맑음,단일로 - 기타,승용,남,28세,기타불명,승용,남,56세,경상
2017012100100134,2017년 1월 21일 07시,토요일,경상남도 창원시 마산합포구 오동동,중상사고,0,1,0,0,차대사람 - 기타,안전운전불이행,건조,맑음,단일로 - 기타,원동기,남,31세,상해없음,보행자,여,24세,중상
2017012100100165,2017년 1월 21일 09시,토요일,경상남도 통영시 무전동,경상사고,0,0,1,0,차대차 - 기타,안전운전불이행,건조,맑음,교차로 - 교차로안,승용,남,67세,상해없음,승합,남,50세,상해없음
2017012100100166,2017년 1월 21일 09시,토요일,경상남도 양산시 중부동,경상사고,0,0,1,0,차대차 - 측면충돌,안전운전불이행,건조,맑음,교차로 - 교차로안,화물,남,23세,상해없음,원동기,남,26세,경상
2017012100100189,2017년 1월 21일 10시,토요일,경상남도 창원시 마산합포구 진동면,중상사고,0,1,3,0,차대차 - 추돌,안전거리미확보,건조,맑음,단일로 - 기타,특수,남,60세,상해없음,승용,여,36세,경상
2017012100100190,2017년 1월 21일 10시,토요일,경상남도 양산시 남부동,경상사고,0,0,1,0,차대사람 - 차도통행중,안전운전불이행,건조,흐림,단일로 - 기타,승용,남,77세,상해없음,보행자,여,80세,경상
2017012100100191,2017년 1월 21일 10시,토요일,경상남도 김해시 삼문동,중상사고,0,1,0,0,차대사람 - 횡단중,안전운전불이행,건조,맑음,단일로 - 기타,승용,여,31세,상해없음,보행자,여,78세,중상
2017012100100192,2017년 1월 21일 10시,토요일,경상남도 김해시 진영읍,경상사고,0,0,2,0,차대차 - 추돌,안전운전불이행,건조,맑음,단일로 - 기타,승용,남,61세,상해없음,승용,남,24세,경상
2017012100100216,2017년 1월 21일 11시,토요일,경상남도 밀양시 가곡동,경상사고,0,0,4,0,차대차 - 측면충돌,중앙선침범,건조,맑음,단일로 - 기타,승용,남,59세,상해없음,승용,남,33세,경상
2017012100100243,2017년 1월 21일 12시,토요일,경상남도 거제시 상동동,경상사고,0,0,1,0,차대차 - 기타,안전운전불이행,건조,맑음,교차로 - 교차로부근,승용,여,36세,상해없음,승용,남,50세,상해없음
2017012100100244,2017년 1월 21일 12시,토요일,경상남도 김해시 율하동,경상사고,0,0,1,0,차대차 - 측면충돌,교차로운행방법위반,건조,맑음,교차로 - 교차로안,이륜,남,59세,경상,화물,남,27세,상해없음
2017012100100260,2017년 1월 21일 13시,토요일,경상남도 사천시 사천읍,경상사고,0,0,1,0,차대차 - 측면충돌,안전운전불이행,건조,맑음,단일로 - 기타,승용,여,49세,상해없음,이륜,남,49세,경상
2017012100100261,2017년 1월 21일 13시,토요일,경상남도 남해군 이동면,중상사고,0,1,0,0,차대차 - 추돌,안전운전불이행,건조,맑음,단일로 - 기타,화물,남,78세,상해없음,이륜,남,50세,중상
2017012100100282,2017년 1월 21일 14시,토요일,경상남도 통영시 광도면,경상사고,0,0,1,0,차대차 - 측면충돌,안전거리미확보,건조,맑음,단일로 - 기타,승용,여,47세,상해없음,승용,남,69세,경상
2017012100100334,2017년 1월 21일 16시,토요일,경상남도 창원시 의창구 팔용동,경상사고,0,0,1,0,차대차 - 추돌,안전운전불이행,건조,맑음,단일로 - 지하차도(도로)내,승용,남,50세,상해없음,화물,남,60세,경상
2017012100100357,2017년 1월 21일 17시,토요일,경상남도 거제시 아주동,중상사고,0,1,4,0,차대차 - 추돌,안전운전불이행,건조,맑음,단일로 - 터널,승용,여,45세,중상,승용,남,37세,경상
2017012100100400,2017년 1월 21일 18시,토요일,경상남도 산청군 신안면,경상사고,0,0,2,0,차대차 - 측면충돌,교차로운행방법위반,건조,맑음,교차로 - 교차로안,승용,남,74세,상해없음,승용,여,26세,경상
2017012100100427,2017년 1월 21일 19시,토요일,경상남도 남해군 남해읍,중상사고,0,1,0,0,차대사람 - 횡단중,보행자보호의무위반,건조,맑음,교차로 - 교차로횡단보도내,승용,여,58세,상해없음,보행자,남,59세,중상
2017012100100443,2017년 1월 21일 20시,토요일,경상남도 양산시 중부동,경상사고,0,0,1,0,차대차 - 기타,중앙선침범,건조,맑음,교차로 - 교차로부근,자전거,남,61세,경상,승용,남,33세,상해없음
2017012100100444,2017년 1월 21일 20시,토요일,경상남도 거제시 장평동,경상사고,0,0,1,0,차대차 - 추돌,안전운전불이행,건조,맑음,단일로 - 기타,이륜,남,30세,상해없음,화물,남,42세,경상
2017012100100471,2017년 1월 21일 21시,토요일,경상남도 양산시 물금읍,중상사고,0,1,0,0,차대차 - 추돌,안전운전불이행,건조,맑음,단일로 - 기타,승용,남,40세,상해없음,이륜,남,38세,중상
2017012100100493,2017년 1월 21일 22시,토요일,경상남도 창원시 진해구 이동,경상사고,0,0,1,0,차대차 - 측면충돌,직진우회전진행방해,건조,맑음,교차로 - 교차로안,승용,남,26세,상해없음,이륜,남,19세,경상
2017012200100019,2017년 1월 22일 00시,일요일,경상남도 창원시 의창구 북면,중상사고,0,1,0,0,차대차 - 측면충돌,신호위반,건조,맑음,교차로 - 교차로안,승용,남,52세,상해없음,화물,남,42세,중상
2017012200100071,2017년 1월 22일 04시,일요일,경상남도 창원시 성산구 웅남동,중상사고,0,1,0,0,차량단독 - 공작물충돌,안전운전불이행,젖음/습기,기타,단일로 - 기타,승용,남,41세,상해없음,,,,
2017012200100116,2017년 1월 22일 08시,일요일,경상남도 김해시 외동,중상사고,0,1,0,0,차대차 - 측면충돌,안전운전불이행,건조,맑음,교차로 - 교차로부근,승용,남,56세,상해없음,자전거,여,53세,중상
2017012200100130,2017년 1월 22일 09시,일요일,경상남도 김해시 주촌면,중상사고,0,1,0,0,차대차 - 측면충돌,중앙선침범,서리/결빙,맑음,단일로 - 기타,승용,여,38세,상해없음,승합,남,55세,중상
2017012200100147,2017년 1월 22일 10시,일요일,경상남도 창원시 마산합포구 월남동1가,경상사고,0,0,2,0,차대차 - 측면충돌,신호위반,건조,맑음,교차로 - 교차로안,승용,남,54세,상해없음,승용,남,37세,경상
2017012200100183,2017년 1월 22일 12시,일요일,경상남도 양산시 하북면,경상사고,0,0,1,0,차량단독 - 기타,안전운전불이행,건조,맑음,단일로 - 기타,자전거,남,73세,경상,,,,