사고번호,사고일시,요일,시군구,사고내용,사망자수,중상자수,경상자수,부상신고자수,사고유형,법규위반,노면상태,기상상태,도로형태,가해운전자 차종,가해운전자 성별,가해운전자 연령,가해운전자 상해정도,피해운전자 차종,피해운전자 성별,피해운전자 연령,피해운전자 상해정도
2017012900100352,2017년 1월 29일 23시,일요일,경상남도 거창군 거창읍,경상사고,0,0,1,0,차대차 - 측면충돌,신호위반,젖음/습기,비,교차로 - 교차로안,승용,남,39세,상해없음,승용,남,58세,경상
2017012900100353,2017년 1월 29일 23시,일요일,경상남도 남해군 남해읍,경상사고,0,0,1,0,차대사람 - 횡단중,보행자보호의무위반,젖음/습기,비,교차로 - 교차로안,승용,여,52세,상해없음,보행자,여,18세,경상
2017013000100021,2017년 1월 30일 00시,월요일,경상남도 양산시 중부동,경상사고,0,0,1,0,차대차 - 측면충돌,안전운전불이행,건조,흐림,교차로 - 교차로안,승용,남,29세,상해없음,승용,남,38세,경상
2017013000100022,2017년 1월 30일 00시,월요일,경상남도 양산시 북부동,경상사고,0,0,2,0,차대차 - 추돌,안전운전불이행,건조,맑음,교차로 - 교차로부근,승용,남,23세,상해없음,승용,남,36세,경상
2017013000100023,2017년 1월 30일 00시,월요일,경상남도 거제시 고현동,경상사고,0,0,9,0,차대차 - 추돌,안전운전불이행,건조,맑음,단일로 - 기타,승용,남,47세,상해없음,승용,남,38세,경상
2017013000100031,2017년 1월 30일 01시,월요일,경상남도 김해시 어방동,경상사고,0,0,3,0,차대사람 - 횡단중,신호위반,젖음/습기,비,교차로 - 교차로횡단보도내,이륜,남,14세,상해없음,보행자,남,24세,경상
2017013000100046,2017년 1월 30일 02시,월요일,경상남도 김해시 외동,사망사고,2,1,0,0,차대차 - 측면충돌,중앙선침범,젖음/습기,비,단일로 - 기타,승용,남,46세,사망,승합,남,40세,중상
2017013000100064,2017년 1월 30일 04시,월요일,경상남도 사천시 용현면,중상사고,0,1,2,0,차대차 - 측면충돌,신호위반,젖음/습기,흐림,교차로 - 교차로안,승용,여,35세,상해없음,승용,남,57세,경상
2017013000100079,2017년 1월 30일 06시,월요일,경상남도 거제시 아주동,부상신고사고,0,0,0,1,차대사람 - 길가장자리구역통행중,안전운전불이행,건조,맑음,단일로 - 기타,이륜,남,44세,상해없음,보행자,남,15세,부상신고
2017013000100094,2017년 1월 30일 08시,월요일,경상남도 사천시 곤명면,중상사고,0,1,1,0,차량단독 - 전도전복 - 전도,안전운전불이행,서리/결빙,맑음,기타 - 기타,승용,남,48세,경상,,,,
2017013000100109,2017년 1월 30일 09시,월요일,경상남도 함안군 산인면,부상신고사고,0,0,0,1,차량단독 - 기타,안전운전불이행,서리/결빙,맑음,단일로 - 기타,승용,여,47세,부상신고,,,,
2017013000100175,2017년 1월 30일 13시,월요일,경상남도 양산시 북부동,중상사고,0,1,0,0,차대사람 - 횡단중,안전운전불이행,건조,맑음,단일로 - 기타,승용,남,61세,상해없음,보행자,남,8세,중상
2017013000100198,2017년 1월 30일 14시,월요일,경상남도 통영시 정량동,중상사고,0,1,0,0,차대사람 - 차도통행중,안전운전불이행,건조,맑음,단일로 - 기타,승용,남,58세,상해없음,보행자,남,81세,중상
2017013000100199,2017년 1월 30일 14시,월요일,경상남도 함양군 함양읍,경상사고,0,0,1,0,차대차 - 측면충돌,안전운전불이행,건조,맑음,단일로 - 기타,승용,여,48세,경상,승용,여,43세,상해없음
2017013000100220,2017년 1월 30일 15시,월요일,경상남도 창원시 진해구 용원동,경상사고,0,0,1,0,차대차 - 측면충돌,교차로운행방법위반,건조,맑음,교차로 - 교차로안,원동기,남,24세,경상,승용,남,43세,상해없음
2017013000100285,2017년 1월 30일 18시,월요일,경상남도 거창군 거창읍,중상사고,0,1,0,0,차대사람 - 횡단중,보행자보호의무위반,건조,맑음,교차로 - 교차로횡단보도내,원동기,남,15세,상해없음,보행자,여,61세,중상
2017013000100286,2017년 1월 30일 18시,월요일,경상남도 창원시 의창구 사림동,경상사고,0,0,1,0,차대차 - 기타,안전운전불이행,건조,맑음,교차로 - 교차로부근,승용,남,24세,상해없음,승용,남,26세,경상
2017013000100304,2017년 1월 30일 19시,월요일,경상남도 창원시 마산합포구 자산동,경상사고,0,0,1,0,차대사람 - 횡단중,안전운전불이행,건조,맑음,교차로 - 교차로횡단보도내,승용,여,56세,상해없음,보행자,남,15세,경상
2017013000100305,2017년 1월 30일 19시,월요일,경상남도 진주시 하대동,경상사고,0,0,1,0,차대차 - 측면충돌,직진우회전진행방해,건조,맑음,교차로 - 교차로안,이륜,남,17세,상해없음,자전거,남,12세,경상
2017013000100306,2017년 1월 30일 19시,월요일,경상남도 김해시 외동,경상사고,0,0,1,0,차대차 - 측면충돌,직진우회전진행방해,건조,맑음,교차로 - 교차로안,승용,남,68세,상해없음,이륜,남,23세,경상
2017013000100322,2017년 1월 30일 20시,월요일,경상남도 사천시 동금동,중상사고,0,1,0,0,차대차 - 측면충돌,안전운전불이행,건조,맑음,단일로 - 기타,승용,남,56세,상해없음,이륜,남,20세,중상
2017013000100365,2017년 1월 30일 22시,월요일,경상남도 창원시 진해구 용원동,경상사고,0,0,1,0,차대차 - 측면충돌,직진우회전진행방해,건조,맑음,교차로 - 교차로안,승용,남,53세,상해없음,원동기,여,54세,경상
2017013000100366,2017년 1월 30일 22시,월요일,경상남도 김해시 신문동,경상사고,0,0,1,0,차대차 - 측면충돌,신호위반,건조,맑음,교차로 - 교차로안,승용,남,55세,상해없음,승용,남,24세,경상
2017013000100380,2017년 1월 30일 23시,월요일,경상남도 창원시 성산구 대방동,중상사고,0,1,0,0,차대사람 - 보도통행중,안전운전불이행,건조,맑음,교차로 - 교차로부근,승용,여,45세,상해없음,보행자,남,16세,중상
2017013100100025,2017년 1월 31일 00시,화요일,경상남도 김해시 삼정동,경상사고,0,0,1,0,차대차 - 추돌,안전운전불이행,건조,맑음,교차로 - 교차로부근,승용,남,27세,상해없음,승용,남,22세,경상
2017013100100026,2017년 1월 31일 00시,화요일,경상남도 의령군 대의면,경상사고,0,0,2,0,차대차 - 추돌,안전운전불이행,건조,맑음,단일로 - 기타,화물,남,50세,상해없음,승합,여,19세,경상
2017013100100057,2017년 1월 31일 05시,화요일,경상남도 양산시 동면,경상사고,0,0,1,0,차대차 - 정면충돌,신호위반,건조,맑음,교차로 - 교차로안,화물,남,37세,상해없음,승용,남,61세,경상
2017013100100097,2017년 1월 31일 08시,화요일,경상남도 창원시 마산합포구 구산면,경상사고,0,0,3,0,차대차 - 정면충돌,중앙선침범,건조,맑음,단일로 - 기타,승용,여,35세,상해없음,승용,남,50세,경상
2017013100100098,2017년 1월 31일 08시,화요일,경상남도 진주시 장대동,중상사고,0,1,0,0,차대사람 - 횡단중,안전운전불이행,건조,맑음,단일로 - 기타,승용,남,58세,상해없음,보행자,남,45세,중상
2017013100100113,2017년 1월 31일 09시,화요일,경상남도 하동군 진교면,경상사고,0,0,1,0,차대차 - 측면충돌,안전운전불이행,건조,맑음,교차로 - 교차로안,사륜오토바이(ATV),여,78세,상해없음,승용,남,29세,경상
2017013100100133,2017년 1월 31일 10시,화요일,경상남도 진주시 정촌면,사망사고,1,0,0,0,차대차 - 추돌,차로위반,건조,맑음,단일로 - 기타,승용,남,58세,상해없음,화물,남,47세,사망
2017013100100154,2017년 1월 31일 11시,화요일,경상남도 창녕군 대지면,경상사고,0,0,2,0,차대차 - 기타,안전운전불이행,건조,맑음,교차로 - 교차로안,승용,남,68세,경상,승용,남,69세,경상
2017013100100155,2017년 1월 31일 11시,화요일,경상남도 양산시 상북면,경상사고,0,0,2,0,차대차 - 측면충돌,신호위반,건조,맑음,교차로 - 교차로안,승용,여,56세,상해없음,화물,남,45세,경상
2017013100100209,2017년 1월 31일 13시,화요일,경상남도 사천시 용강동,경상사고,0,0,1,0,차대차 - 측면충돌,안전운전불이행,건조,맑음,교차로 - 교차로횡단보도내,자전거,남,11세,경상,승용,여,61세,상해없음
2017013100100210,2017년 1월 31일 13시,화요일,경상남도 양산시 삼호동,경상사고,0,0,2,0,차대차 - 기타,차로위반,건조,맑음,단일로 - 기타,승용,남,48세,상해없음,화물,여,48세,경상
2017013100100211,2017년 1월 31일 13시,화요일,경상남도 고성군 거류면,경상사고,0,0,1,0,차량단독 - 도로외이탈 - 추락,안전운전불이행,건조,맑음,단일로 - 교량,화물,남,59세,상해없음,,,,
2017013100100235,2017년 1월 31일 14시,화요일,경상남도 진주시 이반성면,중상사고,0,1,0,0,차대차 - 기타,안전거리미확보,건조,맑음,단일로 - 기타,건설기계,남,57세,상해없음,승용,남,32세,중상
2017013100100271,2017년 1월 31일 15시,화요일,경상남도 창원시 마산합포구 오동동,경상사고,0,0,2,0,차대차 - 추돌,안전운전불이행,건조,맑음,단일로 - 기타,승용,남,54세,상해없음,승용,남,40세,상해없음
2017013100100272,2017년 1월 31일 15시,화요일,경상남도 함양군 서상면,중상사고,0,1,0,0,차대차 - 측면충돌,교차로운행방법위반,건조,맑음,교차로 - 교차로안,화물,여,53세,상해없음,원동기,남,47세,중상
2017013100100309,2017년 1월 31일 16시,화요일,경상남도 창원시 의창구 팔용동,중상사고,0,1,0,0,차대사람 - 횡단중,안전운전불이행,건조,맑음,교차로 - 교차로부근,승용,남,18세,상해없음,보행자,남,43세,중상
2017013100100336,2017년 1월 31일 17시,화요일,경상남도 김해시 대성동,중상사고,0,1,0,0,차대차 - 측면충돌,중앙선침범,건조,맑음,단일로 - 기타,승용,여,44세,상해없음,원동기,남,23세,중상
2017013100100362,2017년 1월 31일 18시,화요일,경상남도 창녕군 대합면,경상사고,0,0,1,0,차대차 - 추돌,안전운전불이행,건조,맑음,단일로 - 기타,화물,남,64세,경상,승용,남,29세,상해없음
2017013100100363,2017년 1월 31일 18시,화요일,경상남도 창원시 마산회원구 회성동,경상사고,0,0,1,0,차대차 - 측면충돌,안전운전불이행,건조,맑음,단일로 - 기타,화물,남,69세,상해없음,승용,남,51세,경상
2017013100100380,2017년 1월 31일 19시,화요일,경상남도 사천시 송포동,경상사고,0,0,3,0,차대차 - 추돌,안전운전불이행,건조,맑음,교차로 - 교차로부근,승용,남,59세,상해없음,승용,남,51세,경상
2017013100100381,2017년 1월 31일 19시,화요일,경상남도 창원시 성산구 사파동,경상사고,0,0,1,0,차대차 - 측면충돌,신호위반,건조,맑음,교차로 - 교차로부근,승용,남,45세,상해없음,자전거,남,11세,경상
2017013100100382,2017년 1월 31일 19시,화요일,경상남도 창원시 의창구 봉곡동,중상사고,0,1,1,0,차대차 - 측면충돌,안전운전불이행,건조,맑음,교차로 - 교차로안,승용,남,54세,경상,이륜,남,19세,중상
2017013100100407,2017년 1월 31일 20시,화요일,경상남도 창녕군 대합면,중상사고,0,1,0,0,차대사람 - 횡단중,안전운전불이행,건조,맑음,단일로 - 기타,화물,남,27세,상해없음,보행자,남,53세,중상
2017013100100433,2017년 1월 31일 21시,화요일,경상남도 사천시 선구동,경상사고,0,0,1,0,차대차 - 측면충돌,안전운전불이행,건조,맑음,교차로 - 교차로안,승용,남,55세,상해없음,승용,남,50세,상해없음
2017013100100434,2017년 1월 31일 21시,화요일,경상남도 김해시 외동,중상사고,0,1,0,0,차대차 - 기타,안전운전불이행,건조,맑음,단일로 - 기타,승용,여,27세,상해없음,원동기,남,22세,중상
2017013100100475,2017년 1월 31일 23시,화요일,경상남도 거제시 장평동,경상사고,0,0,1,0,차대사람 - 횡단중,보행자보호의무위반,건조,맑음,기타 - 기타,승용,남,45세,상해없음,보행자,남,51세,경상
2017013100100476,2017년 1월 31일 23시,화요일,경상남도 거제시 아주동,중상사고,0,1,0,0,차대차 - 정면충돌,안전운전불이행,건조,맑음,기타 - 기타,승용,남,27세,상해없음,승용,남,35세,중상
2017020100100030,2017년 2월 1일 01시,수요일,경상남도 거제시 옥포동,중상사고,0,1,0,0,차대사람 - 기타,안전운전불이행,건조,맑음,단일로 - 기타,승용,여,40세,상해없음,보행자,남,42세,중상
2017020100100095,2017년 2월 1일 07시,수요일,경상남도 양산시 동면,중상사고,0,1,0,0,차대차 - 측면충돌,직진우회전진행방해,건조,맑음,교차로 - 교차로안,승용,남,56세,상해없음,이륜,남,54세,중상
2017020100100117,2017년 2월 1일 08시,수요일,경상남도 함안군 가야읍,경상사고,0,0,2,0,차대차 - 측면충돌,교차로운행방법위반,건조,맑음,교차로 - 교차로안,승용,남,54세,상해없음,승용,여,50세,경상
2017020100100118,2017년 2월 1일 08시,수요일,경상남도 창원시 마산합포구 산호동,경상사고,0,0,1,0,차대차 - 기타,안전거리미확보,건조,흐림,단일로 - 기타,승용,남,50세,상해없음,승용,남,52세,상해없음
2017020100100147,2017년 2월 1일 10시,수요일,경상남도 창원시 성산구 성산동,경상사고,0,0,1,0,차대차 - 기타,차로위반,건조,맑음,단일로 - 기타,화물,남,56세,상해없음,특수,남,51세,경상
2017020100100168,2017년 2월 1일 11시,수요일,경상남도 합천군 쌍백면,사망사고,1,1,0,0,차대차 - 추돌,안전운전불이행,건조,맑음,단일로 - 기타,화물,남,69세,사망,화물,남,27세,중상
2017020100100182,2017년 2월 1일 12시,수요일,경상남도 통영시 광도면,중상사고,0,2,0,0,차대차 - 측면충돌,직진우회전진행방해,건조,맑음,교차로 - 교차로안,승용,남,53세,상해없음,승용,남,52세,중상
2017020100100208,2017년 2월 1일 13시,수요일,경상남도 양산시 중부동,부상신고사고,0,0,0,1,차대차 - 정면충돌,안전거리미확보,건조,맑음,교차로 - 교차로부근,이륜,남,21세,부상신고,화물,남,52세,상해없음
2017020100100209,2017년 2월 1일 13시,수요일,경상남도 창원시 마산회원구 석전동,경상사고,0,0,1,0,차대사람 - 기타,안전운전불이행,건조,맑음,단일로 - 기타,승합,남,49세,상해없음,보행자,여,67세,경상
2017020100100245,2017년 2월 1일 14시,수요일,경상남도 거제시 고현동,경상사고,0,0,1,0,차대차 - 기타,안전운전불이행,건조,맑음,단일로 - 교량,승용,여,40세,상해없음,승용,남,31세,경상
2017020100100271,2017년 2월 1일 15시,수요일,경상남도 양산시 덕계동,중상사고,0,1,0,0,차대차 - 측면충돌,교차로운행방법위반,건조,맑음,교차로 - 교차로안,이륜,남,68세,중상,승용,여,42세,상해없음
2017020100100305,2017년 2월 1일 16시,수요일,경상남도 창원시 마산합포구 해운동,경상사고,0,0,1,0,차대차 - 기타,안전운전불이행,건조,맑음,교차로 - 교차로안,승용,여,21세,상해없음,승용,남,39세,경상
2017020100100306,2017년 2월 1일 16시,수요일,경상남도 창원시 성산구 사파동,부상신고사고,0,0,0,1,차대차 - 기타,안전거리미확보,건조,맑음,단일로 - 기타,승용,남,61세,상해없음,승용,여,29세,부상신고
2017020100100307,2017년 2월 1일 16시,수요일,경상남도 김해시 진영읍,경상사고,0,0,2,0,차대차 - 기타,안전운전불이행,건조,맑음,교차로 - 교차로부근,승용,남,61세,경상,화물,남,38세,경상
2017020100100336,2017년 2월 1일 17시,수요일,경상남도 양산시 물금읍,부상신고사고,0,0,0,1,차대차 - 정면충돌,직진우회전진행방해,건조,맑음,교차로 - 교차로부근,승용,여,35세,상해없음,승용,남,19세,부상신고
2017020100100337,2017년 2월 1일 17시,수요일,경상남도 창원시 성산구 신촌동,경상사고,0,0,1,0,차대차 - 추돌,안전운전불이행,건조,맑음,단일로 - 기타,승용,남,51세,상해없음,이륜,남,55세,경상
2017020100100371,2017년 2월 1일 18시,수요일,경상남도 창녕군 창녕읍,중상사고,0,1,0,0,차대사람 - 횡단중,보행자보호의무위반,건조,맑음,교차로 - 교차로안,이륜,남,18세,상해없음,보행자,남,39세,중상
2017020100100401,2017년 2월 1일 19시,수요일,경상남도 진주시 가좌동,중상사고,0,1,2,0,차대차 - 측면충돌,안전운전불이행,건조,맑음,교차로 - 교차로안,승용,남,49세,상해없음,승용,남,23세,경상
2017020100100402,2017년 2월 1일 19시,수요일,경상남도 김해시 외동,중상사고,0,2,0,0,차대차 - 정면충돌,중앙선침범,건조,맑음,교차로 - 교차로부근,승용,여,27세,상해없음,승용,여,29세,중상
2017020100100403,2017년 2월 1일 19시,수요일,경상남도 거제시 고현동,경상사고,0,0,1,0,차대차 - 측면충돌,교차로운행방법위반,건조,맑음,교차로 - 교차로안,승용,여,35세,상해없음,자전거,남,30세,경상
2017020100100458,2017년 2월 1일 22시,수요일,경상남도 창녕군 계성면,사망사고,1,0,1,0,차량단독 - 공작물충돌,안전운전불이행,건조,맑음,단일로 - 기타,승용,남,51세,경상,,,,
2017020200100045,2017년 2월 2일 04시,목요일,경상남도 양산시 동면,중상사고,0,1,0,0,차대차 - 정면충돌,중앙선침범,건조,맑음,교차로 - 교차로안,이륜,남,55세,상해없음,이륜,남,22세,중상
2017020200100063,2017년 2월 2일 06시,목요일,경상남도 통영시 미수동,중상사고,0,1,0,0,차량단독 - 공작물충돌,안전운전불이행,건조,맑음,단일로 - 기타,승용,남,56세,중상,,,,
2017020200100064,2017년 2월 2일 06시,목요일,경상남도 양산시 신기동,중상사고,0,2,1,1,차대차 - 정면충돌,신호위반,건조,맑음,교차로 - 교차로안,화물,남,68세,부상신고,승용,남,58세,중상
2017020200100077,2017년 2월 2일 07시,목요일,경상남도 창원시 마산합포구 상남동,중상사고,0,1,0,0,차대사람 - 차도통행중,안전운전불이행,건조,맑음,교차로 - 교차로부근,화물,남,42세,상해없음,보행자,남,76세,중상
2017020200100078,2017년 2월 2일 07시,목요일,경상남도 사천시 용강동,부상신고사고,0,0,0,1,차대차 - 정면충돌,신호위반,건조,맑음,교차로 - 교차로안,원동기,여,49세,부상신고,화물,남,38세,상해없음
2017020200100079,2017년 2월 2일 07시,목요일,경상남도 함안군 대산면,중상사고,0,1,1,0,차대차 - 정면충돌,중앙선침범,건조,맑음,단일로 - 기타,승용,남,79세,경상,건설기계,남,56세,상해없음
2017020200100094,2017년 2월 2일 08시,목요일,경상남도 김해시 풍유동,중상사고,0,1,0,0,차대차 - 기타,안전거리미확보,건조,맑음,단일로 - 기타,화물,남,58세,상해없음,승용,여,27세,중상
2017020200100115,2017년 2월 2일 08시,목요일,경상남도 창원시 진해구 용원동,경상사고,0,0,1,0,차대차 - 기타,안전운전불이행,건조,맑음,교차로 - 교차로부근,승용,여,45세,상해없음,승용,여,20세,경상
2017020200100136,2017년 2월 2일 09시,목요일,경상남도 창원시 마산합포구 현동,중상사고,0,1,1,1,차대차 - 추돌,안전운전불이행,건조,맑음,단일로 - 기타,승용,남,38세,부상신고,승용,남,63세,중상
2017020200100137,2017년 2월 2일 09시,목요일,경상남도 함안군 칠북면,사망사고,1,0,0,0,차대사람 - 보도통행중,안전운전불이행,건조,맑음,단일로 - 기타,건설기계,남,51세,상해없음,보행자,남,86세,사망
2017020200100138,2017년 2월 2일 09시,목요일,경상남도 창원시 마산회원구 내서읍,사망사고,1,0,0,0,차대차 - 측면충돌,안전운전불이행,건조,맑음,단일로 - 기타,승용,남,50세,상해없음,자전거,남,73세,사망
2017020200100154,2017년 2월 2일 10시,목요일,경상남도 창원시 진해구 석동,경상사고,0,0,1,0,차대사람 - 횡단중,신호위반,건조,맑음,단일로 - 기타,화물,남,61세,상해없음,보행자,여,63세,경상
2017020200100155,2017년 2월 2일 10시,목요일,경상남도 김해시 내동,경상사고,0,0,1,0,차대차 - 기타,안전운전불이행,건조,맑음,단일로 - 기타,승용,여,43세,상해없음,자전거,남,74세,경상
2017020200100156,2017년 2월 2일 10시,목요일,경상남도 창녕군 계성면,경상사고,0,0,1,0,차대차 - 측면충돌,안전운전불이행,건조,맑음,단일로 - 기타,승용,남,36세,경상,승용,여,48세,상해없음
2017020200100171,2017년 2월 2일 11시,목요일,경상남도 통영시 항남동,중상사고,0,1,0,0,차대사람 - 횡단중,보행자보호의무위반,건조,맑음,단일로 - 기타,화물,남,35세,상해없음,보행자,여,79세,중상
2017020200100172,2017년 2월 2일 11시,목요일,경상남도 사천시 동금동,중상사고,0,1,0,0,차대사람 - 횡단중,보행자보호의무위반,건조,맑음,교차로 - 교차로횡단보도내,화물,남,68세,상해없음,보행자,여,38세,중상
2017020200100173,2017년 2월 2일 11시,목요일,경상남도 산청군 생초면,중상사고,0,1,2,0,차대차 - 측면충돌,안전운전불이행,건조,맑음,교차로 - 교차로안,승용,여,60세,경상,화물,남,62세,경상
2017020200100186,2017년 2월 2일 12시,목요일,경상남도 양산시 물금읍,경상사고,0,0,1,0,차대차 - 기타,신호위반,건조,맑음,교차로 - 교차로안,승용,여,59세,상해없음,승용,여,41세,경상
2017020200100187,2017년 2월 2일 12시,목요일,경상남도 창원시 의창구 팔용동,경상사고,0,0,2,0,차대차 - 측면충돌,교차로운행방법위반,건조,맑음,교차로 - 교차로안,승용,여,58세,경상,승용,남,39세,경상
2017020200100216,2017년 2월 2일 13시,목요일,경상남도 창원시 마산합포구 해운동,경상사고,0,0,1,0,차대사람 - 기타,안전운전불이행,건조,맑음,교차로 - 교차로안,승용,남,70세,상해없음,보행자,남,73세,경상
2017020200100265,2017년 2월 2일 15시,목요일,경상남도 창녕군 창녕읍,중상사고,0,1,0,0,차량단독 - 전도전복,안전운전불이행,건조,맑음,단일로 - 기타,승용,여,55세,중상,미분류,미분류,미분류,미분류
2017020200100295,2017년 2월 2일 16시,목요일,경상남도 김해시 삼방동,경상사고,0,0,1,0,차대차 - 기타,교차로운행방법위반,건조,맑음,교차로 - 교차로부근,이륜,남,43세,경상,승용,남,58세,상해없음
2017020200100296,2017년 2월 2일 16시,목요일,경상남도 창녕군 이방면,중상사고,0,1,0,0,차대차 - 기타,안전운전불이행,건조,맑음,단일로 - 기타,원동기,여,78세,중상,화물,남,46세,상해없음
2017020200100297,2017년 2월 2일 16시,목요일,경상남도 양산시 북부동,경상사고,0,0,2,0,차대차 - 정면충돌,교차로운행방법위반,건조,맑음,교차로 - 교차로안,승용,남,21세,경상,승용,남,32세,경상
2017020200100328,2017년 2월 2일 17시,목요일,경상남도 창녕군 대지면,중상사고,0,1,0,0,차대사람 - 기타,안전운전불이행,건조,맑음,단일로 - 기타,화물,남,58세,상해없음,보행자,여,74세,중상
2017020200100329,2017년 2월 2일 17시,목요일,경상남도 거제시 거제면,경상사고,0,0,1,0,차대차 - 추돌,안전운전불이행,건조,맑음,단일로 - 기타,승용,남,62세,상해없음,승용,남,60세,상해없음
2017020200100371,2017년 2월 2일 18시,목요일,경상남도 창원시 진해구 덕산동,경상사고,0,0,2,0,차대차 - 측면충돌,안전거리미확보,건조,맑음,단일로 - 기타,승용,여,56세,상해없음,승용,남,51세,경상
2017020200100372,2017년 2월 2일 18시,목요일,경상남도 김해시 삼방동,경상사고,0,0,1,0,차대사람 - 횡단중,안전운전불이행,건조,맑음,단일로 - 기타,승용,남,52세,상해없음,보행자,남,15세,경상
2017020200100373,2017년 2월 2일 18시,목요일,경상남도 남해군 고현면,중상사고,0,1,0,0,차대차 - 측면충돌,안전운전불이행,건조,맑음,단일로 - 기타,승용,여,39세,상해없음,농기계,남,84세,중상
2017020200100405,2017년 2월 2일 19시,목요일,경상남도 창원시 진해구 용원동,경상사고,0,0,1,0,차대차 - 측면충돌,교차로운행방법위반,건조,맑음,교차로 - 교차로안,원동기,남,37세,경상,승용,여,43세,상해없음
2017020200100433,2017년 2월 2일 20시,목요일,경상남도 양산시 신기동,중상사고,0,1,0,0,차대사람 - 횡단중,보행자보호의무위반,건조,맑음,교차로 - 교차로횡단보도내,자전거,남,27세,상해없음,보행자,여,73세,중상
2017020200100458,2017년 2월 2일 21시,목요일,경상남도 통영시 광도면,경상사고,0,0,2,0,차대차 - 측면충돌,교차로운행방법위반,건조,맑음,교차로 - 교차로안,승용,남,49세,상해없음,승용,남,41세,경상
2017020200100503,2017년 2월 2일 23시,목요일,경상남도 창원시 의창구 도계동,경상사고,0,0,1,0,차대차 - 측면충돌,신호위반,건조,맑음,교차로 - 교차로안,승용,남,42세,상해없음,승합,남,51세,상해없음
2017020300100083,2017년 2월 3일 05시,금요일,경상남도 양산시 동면,경상사고,0,0,1,0,차대사람 - 횡단중,안전운전불이행,건조,맑음,교차로 - 교차로부근,승합,남,55세,상해없음,보행자,남,75세,경상
2017020300100094,2017년 2월 3일 06시,금요일,경상남도 함안군 칠서면,경상사고,0,0,1,0,차대차 - 측면충돌,신호위반,건조,맑음,교차로 - 교차로안,승용,남,39세,상해없음,승용,남,62세,경상
2017020300100113,2017년 2월 3일 07시,금요일,경상남도 고성군 고성읍,중상사고,0,1,0,0,차대사람 - 길가장자리구역통행중,안전운전불이행,건조,맑음,단일로 - 기타,화물,남,68세,상해없음,보행자,여,49세,중상
2017020300100139,2017년 2월 3일 08시,금요일,경상남도 양산시 주남동,경상사고,0,0,1,0,차대차 - 측면충돌,교차로운행방법위반,건조,맑음,교차로 - 교차로안,화물,남,33세,상해없음,원동기,남,24세,경상
2017020300100140,2017년 2월 3일 08시,금요일,경상남도 함안군 가야읍,경상사고,0,0,1,0,차대차 - 측면충돌,직진우회전진행방해,건조,맑음,교차로 - 교차로안,화물,남,46세,상해없음,승용,남,56세,경상
2017020300100141,2017년 2월 3일 08시,금요일,경상남도 창원시 마산회원구 석전동,경상사고,0,0,1,0,차대사람 - 횡단중,신호위반,건조,맑음,단일로 - 기타,승용,남,58세,상해없음,보행자,남,10세,경상
2017020300100169,2017년 2월 3일 09시,금요일,경상남도 김해시 내동,경상사고,0,0,1,0,차대차 - 추돌,안전운전불이행,건조,맑음,교차로 - 교차로안,승용,여,24세,상해없음,이륜,남,72세,경상
2017020300100170,2017년 2월 3일 09시,금요일,경상남도 김해시 삼정동,경상사고,0,0,1,0,차대차 - 추돌,안전운전불이행,건조,맑음,단일로 - 기타,승용,남,71세,상해없음,승합,여,49세,경상
2017020300100171,2017년 2월 3일 09시,금요일,경상남도 거창군 거창읍,중상사고,0,1,0,0,차대차 - 기타,안전운전불이행,건조,맑음,교차로 - 교차로안,승용,남,81세,상해없음,원동기,남,58세,중상
2017020300100172,2017년 2월 3일 09시,금요일,경상남도 창녕군 영산면,중상사고,0,1,0,0,차대사람 - 횡단중,안전운전불이행,건조,맑음,단일로 - 기타,화물,남,66세,상해없음,보행자,남,79세,중상
2017020300100173,2017년 2월 3일 09시,금요일,경상남도 창원시 성산구 중앙동,경상사고,0,0,1,0,차대차 - 추돌,안전운전불이행,건조,맑음,교차로 - 교차로부근,승용,여,49세,상해없음,승용,남,51세,경상
2017020300100198,2017년 2월 3일 10시,금요일,경상남도 창원시 의창구 동읍,중상사고,0,1,0,0,차대차 - 기타,신호위반,건조,맑음,단일로 - 기타,승용,남,46세,상해없음,원동기,남,77세,중상
2017020300100214,2017년 2월 3일 11시,금요일,경상남도 통영시 사량면,경상사고,0,0,1,0,차대사람 - 기타,안전운전불이행,건조,맑음,단일로 - 기타,화물,남,46세,상해없음,보행자,여,78세,경상
2017020300100232,2017년 2월 3일 12시,금요일,경상남도 남해군 남면,중상사고,0,1,1,0,차량단독 - 전도전복 - 전도,안전운전불이행,건조,맑음,단일로 - 기타,농기계,남,66세,경상,,,,
2017020300100256,2017년 2월 3일 13시,금요일,경상남도 밀양시 산내면,중상사고,0,1,0,0,차대차 - 추돌,안전운전불이행,건조,맑음,단일로 - 터널,화물,남,57세,상해없음,승용,남,43세,중상
2017020300100257,2017년 2월 3일 13시,금요일,경상남도 창원시 성산구 중앙동,중상사고,0,1,0,0,차대차 - 측면충돌,안전운전불이행,건조,맑음,단일로 - 기타,승용,남,24세,기타불명,승용,여,43세,중상
2017020300100280,2017년 2월 3일 14시,금요일,경상남도 창원시 마산합포구 월남동4가,경상사고,0,0,1,0,차대차 - 측면충돌,안전운전불이행,건조,맑음,단일로 - 기타,이륜,남,71세,경상,승용,여,49세,상해없음