사고번호,사고일시,요일,시군구,사고내용,사망자수,중상자수,경상자수,부상신고자수,사고유형,법규위반,노면상태,기상상태,도로형태,가해운전자 차종,가해운전자 성별,가해운전자 연령,가해운전자 상해정도,피해운전자 차종,피해운전자 성별,피해운전자 연령,피해운전자 상해정도
2017020300100281,2017년 2월 3일 14시,금요일,경상남도 통영시 용남면,경상사고,0,0,5,0,차대차 - 추돌,안전거리미확보,건조,맑음,단일로 - 기타,승합,남,55세,경상,승용,남,38세,상해없음
2017020300100282,2017년 2월 3일 14시,금요일,경상남도 밀양시 삼랑진읍,경상사고,0,0,1,0,차대사람 - 보도통행중,보행자보호의무위반,건조,맑음,단일로 - 기타,승용,남,60세,상해없음,보행자,여,11세,경상
2017020300100283,2017년 2월 3일 14시,금요일,경상남도 양산시 동면,경상사고,0,0,2,0,차대사람 - 횡단중,안전운전불이행,건조,맑음,교차로 - 교차로횡단보도내,승용,남,44세,상해없음,보행자,남,86세,경상
2017020300100284,2017년 2월 3일 14시,금요일,경상남도 창원시 마산회원구 내서읍,중상사고,0,1,0,0,차대사람 - 길가장자리구역통행중,안전운전불이행,건조,맑음,주차장 - 주차장,승용,여,45세,상해없음,보행자,남,77세,중상
2017020300100310,2017년 2월 3일 15시,금요일,경상남도 김해시 신문동,경상사고,0,0,1,0,차대차 - 측면충돌,신호위반,건조,맑음,교차로 - 교차로안,승용,남,68세,상해없음,승용,여,37세,경상
2017020300100333,2017년 2월 3일 16시,금요일,경상남도 김해시 구산동,경상사고,0,0,1,0,차대사람 - 횡단중,안전운전불이행,건조,맑음,교차로 - 교차로안,승용,여,43세,상해없음,보행자,여,34세,경상
2017020300100334,2017년 2월 3일 16시,금요일,경상남도 창원시 마산회원구 봉암동,사망사고,1,0,0,0,차량단독 - 공작물충돌,안전운전불이행,건조,맑음,단일로 - 기타,이륜,남,37세,사망,,,,
2017020300100369,2017년 2월 3일 17시,금요일,경상남도 창원시 마산회원구 양덕동,중상사고,0,1,3,0,차대차 - 추돌,안전운전불이행,건조,맑음,단일로 - 기타,승용,남,57세,상해없음,승용,여,43세,중상
2017020300100396,2017년 2월 3일 18시,금요일,경상남도 김해시 대청동,경상사고,0,0,1,0,차대차 - 측면충돌,신호위반,건조,맑음,교차로 - 교차로안,승용,남,25세,상해없음,원동기,남,18세,경상
2017020300100443,2017년 2월 3일 19시,금요일,경상남도 사천시 벌리동,중상사고,0,1,0,0,차대사람 - 보도통행중,기타,건조,맑음,단일로 - 기타,원동기,남,16세,상해없음,보행자,남,54세,중상
2017020300100476,2017년 2월 3일 20시,금요일,경상남도 김해시 부원동,중상사고,0,1,0,0,차대차 - 측면충돌,신호위반,건조,맑음,교차로 - 교차로안,자전거,남,36세,중상,승용,남,49세,상해없음
2017020300100500,2017년 2월 3일 21시,금요일,경상남도 김해시 어방동,중상사고,0,1,0,0,차대사람 - 횡단중,안전운전불이행,건조,맑음,교차로 - 교차로부근,승용,남,61세,상해없음,보행자,여,59세,중상
2017020300100501,2017년 2월 3일 21시,금요일,경상남도 양산시 물금읍,경상사고,0,0,1,0,차대차 - 정면충돌,안전운전불이행,건조,맑음,교차로 - 교차로안,승용,남,36세,상해없음,승용,남,45세,경상
2017020300100502,2017년 2월 3일 21시,금요일,경상남도 김해시 대청동,경상사고,0,0,3,0,차대차 - 측면충돌,신호위반,건조,맑음,교차로 - 교차로부근,승합,남,60세,상해없음,승용,남,36세,경상
2017020300100535,2017년 2월 3일 22시,금요일,경상남도 김해시 대청동,경상사고,0,0,1,0,차대차 - 측면충돌,안전운전불이행,건조,맑음,단일로 - 기타,승용,여,58세,상해없음,승용,여,62세,경상
2017020300100566,2017년 2월 3일 23시,금요일,경상남도 사천시 용강동,중상사고,0,1,1,0,차대차 - 측면충돌,교차로운행방법위반,건조,맑음,교차로 - 교차로안,승용,남,64세,상해없음,승용,남,59세,경상
2017020400100026,2017년 2월 4일 00시,토요일,경상남도 진주시 내동면,중상사고,0,1,0,0,차대사람 - 차도통행중,안전운전불이행,건조,맑음,기타 - 기타,승용,남,60세,상해없음,보행자,남,69세,중상
2017020400100040,2017년 2월 4일 01시,토요일,경상남도 창원시 성산구 상남동,경상사고,0,0,3,0,차대차 - 측면충돌,안전운전불이행,건조,맑음,교차로 - 교차로부근,승용,여,18세,상해없음,승용,남,60세,경상
2017020400100057,2017년 2월 4일 02시,토요일,경상남도 김해시 외동,중상사고,0,1,0,0,차대사람 - 횡단중,안전운전불이행,건조,맑음,기타 - 기타,승용,여,41세,상해없음,보행자,남,32세,중상
2017020400100083,2017년 2월 4일 04시,토요일,경상남도 통영시 무전동,경상사고,0,0,1,0,차대차 - 측면충돌,안전운전불이행,건조,맑음,단일로 - 기타,승용,남,20세,상해없음,이륜,남,36세,경상
2017020400100125,2017년 2월 4일 07시,토요일,경상남도 거제시 상동동,중상사고,0,1,0,0,차대차 - 기타,교차로운행방법위반,건조,맑음,교차로 - 교차로안,기타불명,기타불명,미분류,기타불명,이륜,남,40세,중상
2017020400100161,2017년 2월 4일 09시,토요일,경상남도 창원시 진해구 자은동,중상사고,0,2,2,0,차대차 - 측면충돌,안전거리미확보,건조,맑음,단일로 - 기타,건설기계,남,43세,상해없음,승용,여,54세,중상
2017020400100162,2017년 2월 4일 09시,토요일,경상남도 창원시 의창구 소답동,경상사고,0,0,2,0,차대차 - 측면충돌,직진우회전진행방해,건조,맑음,교차로 - 교차로안,승용,여,40세,상해없음,승합,남,46세,경상
2017020400100192,2017년 2월 4일 10시,토요일,경상남도 사천시 선구동,경상사고,0,0,1,0,차대사람 - 길가장자리구역통행중,안전운전불이행,건조,맑음,단일로 - 기타,농기계,남,68세,상해없음,보행자,남,19세,경상
2017020400100193,2017년 2월 4일 10시,토요일,경상남도 남해군 삼동면,경상사고,0,0,1,0,차량단독 - 도로외이탈 - 추락,안전운전불이행,건조,맑음,단일로 - 기타,승용,남,86세,경상,,,,
2017020400100229,2017년 2월 4일 12시,토요일,경상남도 진주시 평거동,중상사고,0,1,0,0,차대차 - 측면충돌,안전운전불이행,건조,맑음,교차로 - 교차로횡단보도내,승용,여,37세,상해없음,자전거,여,9세,중상
2017020400100280,2017년 2월 4일 14시,토요일,경상남도 창원시 마산합포구 진동면,중상사고,0,1,0,0,차대차 - 정면충돌,중앙선침범,건조,맑음,단일로 - 기타,승용,여,53세,상해없음,자전거,남,12세,중상
2017020400100281,2017년 2월 4일 14시,토요일,경상남도 진주시 가좌동,경상사고,0,0,1,0,차대사람 - 횡단중,안전운전불이행,건조,맑음,교차로 - 교차로부근,승용,여,60세,상해없음,보행자,남,10세,경상
2017020400100334,2017년 2월 4일 17시,토요일,경상남도 김해시 삼정동,중상사고,0,1,1,0,차대차 - 측면충돌,안전운전불이행,건조,맑음,교차로 - 교차로안,이륜,남,58세,중상,이륜,남,22세,경상
2017020400100335,2017년 2월 4일 17시,토요일,경상남도 창원시 의창구 신월동,사망사고,1,0,0,0,차대차 - 측면충돌,안전운전불이행,건조,맑음,단일로 - 기타,자전거,남,61세,사망,승합,남,50세,상해없음
2017020400100359,2017년 2월 4일 18시,토요일,경상남도 창원시 진해구 석동,경상사고,0,0,1,0,차대사람 - 횡단중,안전운전불이행,건조,맑음,단일로 - 기타,원동기,남,22세,상해없음,보행자,여,16세,경상
2017020400100360,2017년 2월 4일 18시,토요일,경상남도 김해시 신문동,중상사고,0,1,0,0,차대차 - 측면충돌,신호위반,건조,맑음,교차로 - 교차로안,승용,남,53세,상해없음,이륜,남,31세,중상
2017020400100421,2017년 2월 4일 20시,토요일,경상남도 창원시 의창구 팔용동,중상사고,0,1,1,0,차대차 - 정면충돌,직진우회전진행방해,건조,흐림,교차로 - 교차로안,원동기,남,51세,상해없음,승용,남,45세,경상
2017020400100447,2017년 2월 4일 21시,토요일,경상남도 진주시 주약동,중상사고,0,1,0,0,차대차 - 측면충돌,신호위반,젖음/습기,비,교차로 - 교차로안,승용,남,32세,상해없음,승용,남,29세,중상
2017020400100472,2017년 2월 4일 22시,토요일,경상남도 김해시 삼계동,경상사고,0,0,1,0,차대차 - 측면충돌,안전운전불이행,젖음/습기,비,교차로 - 교차로부근,승용,남,53세,상해없음,이륜,남,45세,경상
2017020400100473,2017년 2월 4일 22시,토요일,경상남도 김해시 외동,중상사고,0,1,0,0,차량단독 - 전도전복,안전운전불이행,젖음/습기,비,교차로 - 교차로횡단보도내,이륜,남,40세,중상,미분류,미분류,미분류,미분류
2017020400100474,2017년 2월 4일 22시,토요일,경상남도 창원시 마산회원구 석전동,중상사고,0,1,0,0,차대사람 - 길가장자리구역통행중,안전운전불이행,젖음/습기,비,교차로 - 교차로안,승용,남,25세,상해없음,보행자,여,76세,중상
2017020400100475,2017년 2월 4일 22시,토요일,경상남도 창원시 의창구 명서동,경상사고,0,0,1,0,차대사람 - 횡단중,안전운전불이행,젖음/습기,비,단일로 - 기타,승용,남,28세,상해없음,보행자,남,41세,경상
2017020400100496,2017년 2월 4일 23시,토요일,경상남도 거제시 장목면,중상사고,0,1,0,0,차대차 - 정면충돌,안전운전불이행,젖음/습기,비,단일로 - 기타,승용,남,56세,상해없음,승용,남,37세,상해없음
2017020400100497,2017년 2월 4일 23시,토요일,경상남도 김해시 진영읍,경상사고,0,0,1,0,차대사람 - 차도통행중,안전운전불이행,건조,맑음,단일로 - 기타,승용,남,50세,상해없음,보행자,남,56세,경상
2017020500100017,2017년 2월 5일 00시,일요일,경상남도 김해시 어방동,중상사고,0,1,0,0,차대사람 - 횡단중,신호위반,젖음/습기,비,교차로 - 교차로안,승용,여,50세,상해없음,보행자,남,35세,중상
2017020500100040,2017년 2월 5일 01시,일요일,경상남도 창원시 의창구 팔용동,사망사고,1,0,1,0,차대차 - 측면충돌,신호위반,젖음/습기,비,교차로 - 교차로안,원동기,남,16세,사망,승용,남,32세,경상
2017020500100058,2017년 2월 5일 02시,일요일,경상남도 창원시 마산합포구 상남동,경상사고,0,0,2,0,차대차 - 후진중충돌,안전운전불이행,젖음/습기,비,교차로 - 교차로부근,승용,남,35세,상해없음,승용,남,27세,경상
2017020500100098,2017년 2월 5일 06시,일요일,경상남도 진주시 초전동,경상사고,0,0,1,0,차대차 - 측면충돌,신호위반,젖음/습기,흐림,교차로 - 교차로안,승용,남,63세,상해없음,승용,남,55세,경상
2017020500100105,2017년 2월 5일 07시,일요일,경상남도 거제시 옥포동,중상사고,0,1,0,0,차대차 - 정면충돌,안전운전불이행,건조,맑음,단일로 - 터널,승용,남,33세,상해없음,승용,여,54세,중상
2017020500100112,2017년 2월 5일 08시,일요일,경상남도 창원시 성산구 신촌동,중상사고,0,1,0,0,차대차 - 기타,안전운전불이행,젖음/습기,흐림,교차로 - 교차로안,승용,남,39세,상해없음,승용,남,44세,중상
2017020500100120,2017년 2월 5일 09시,일요일,경상남도 남해군 이동면,중상사고,0,2,1,0,차대차 - 추돌,안전운전불이행,건조,맑음,단일로 - 기타,승용,여,60세,경상,승용,여,55세,중상
2017020500100121,2017년 2월 5일 09시,일요일,경상남도 창원시 마산회원구 봉암동,중상사고,0,1,0,0,차량단독 - 전도전복 - 전도,안전운전불이행,젖음/습기,비,단일로 - 기타,승용,남,48세,상해없음,,,,
2017020500100154,2017년 2월 5일 11시,일요일,경상남도 창원시 마산회원구 양덕동,경상사고,0,0,1,0,차대사람 - 길가장자리구역통행중,안전운전불이행,건조,맑음,단일로 - 기타,승용,남,35세,상해없음,보행자,여,28세,경상
2017020500100171,2017년 2월 5일 12시,일요일,경상남도 산청군 금서면,중상사고,0,2,2,1,차대차 - 측면충돌,교차로운행방법위반,건조,맑음,교차로 - 교차로안,화물,남,47세,부상신고,승용,남,64세,중상
2017020500100182,2017년 2월 5일 13시,일요일,경상남도 진주시 인사동,중상사고,0,1,0,0,차대차 - 측면충돌,신호위반,건조,맑음,교차로 - 교차로안,승용,여,38세,상해없음,이륜,남,80세,중상
2017020500100197,2017년 2월 5일 14시,일요일,경상남도 창원시 진해구 경화동,경상사고,0,0,1,0,차대차 - 측면충돌,교차로운행방법위반,건조,맑음,교차로 - 교차로안,원동기,남,19세,경상,승용,여,39세,상해없음
2017020500100198,2017년 2월 5일 14시,일요일,경상남도 양산시 평산동,중상사고,0,1,0,1,차대차 - 기타,기타,건조,맑음,단일로 - 기타,승용,남,56세,상해없음,승용,여,35세,중상
2017020500100199,2017년 2월 5일 14시,일요일,경상남도 창원시 성산구 대방동,경상사고,0,0,1,0,차대차 - 기타,신호위반,젖음/습기,비,교차로 - 교차로횡단보도내,승용,여,59세,상해없음,자전거,여,46세,경상
2017020500100200,2017년 2월 5일 14시,일요일,경상남도 김해시 내덕동,경상사고,0,0,1,0,차대차 - 정면충돌,신호위반,건조,맑음,교차로 - 교차로안,승용,남,64세,상해없음,승용,남,31세,경상
2017020500100223,2017년 2월 5일 15시,일요일,경상남도 진주시 칠암동,경상사고,0,0,1,0,차대차 - 측면충돌,직진우회전진행방해,건조,맑음,교차로 - 교차로안,승용,남,34세,상해없음,이륜,남,22세,경상
2017020500100224,2017년 2월 5일 15시,일요일,경상남도 통영시 용남면,경상사고,0,0,1,0,차대차 - 추돌,안전거리미확보,건조,맑음,교차로 - 교차로부근,승용,남,39세,경상,화물,남,51세,상해없음
2017020500100225,2017년 2월 5일 15시,일요일,경상남도 김해시 한림면,경상사고,0,0,1,0,차대차 - 측면충돌,중앙선침범,젖음/습기,흐림,단일로 - 기타,승용,남,42세,상해없음,승용,남,43세,상해없음
2017020500100245,2017년 2월 5일 16시,일요일,경상남도 함안군 산인면,경상사고,0,0,1,0,차대차 - 측면충돌,교차로운행방법위반,건조,맑음,교차로 - 교차로안,원동기,남,57세,경상,승용,남,51세,상해없음
2017020500100265,2017년 2월 5일 17시,일요일,경상남도 창원시 성산구 남양동,경상사고,0,0,1,0,차대차 - 측면충돌,안전운전불이행,건조,흐림,교차로 - 교차로안,승용,남,58세,상해없음,이륜,남,23세,경상
2017020500100294,2017년 2월 5일 18시,일요일,경상남도 창원시 마산합포구 월영동,경상사고,0,0,2,0,차대차 - 추돌,중앙선침범,건조,맑음,단일로 - 기타,기타불명,기타불명,미분류,기타불명,승용,남,62세,상해없음
2017020500100295,2017년 2월 5일 18시,일요일,경상남도 창녕군 창녕읍,중상사고,0,1,0,0,차대차 - 기타,안전운전불이행,건조,맑음,단일로 - 기타,승용,남,20세,상해없음,승용,남,53세,상해없음
2017020500100318,2017년 2월 5일 19시,일요일,경상남도 양산시 북부동,경상사고,0,0,1,0,차대차 - 기타,안전운전불이행,건조,맑음,단일로 - 기타,승용,남,35세,기타불명,자전거,남,68세,경상
2017020500100382,2017년 2월 5일 22시,일요일,경상남도 함안군 칠원읍,경상사고,0,0,1,0,차대차 - 측면충돌,신호위반,건조,맑음,교차로 - 교차로안,원동기,남,36세,경상,승합,남,57세,상해없음
2017020600100027,2017년 2월 6일 01시,월요일,경상남도 창원시 마산회원구 석전동,경상사고,0,0,2,1,차대차 - 측면충돌,안전운전불이행,건조,맑음,교차로 - 교차로안,승용,남,51세,상해없음,승용,남,49세,경상
2017020600100079,2017년 2월 6일 07시,월요일,경상남도 김해시 불암동,중상사고,0,1,0,0,차대사람 - 횡단중,안전운전불이행,건조,맑음,단일로 - 기타,승합,남,56세,상해없음,보행자,여,12세,중상
2017020600100080,2017년 2월 6일 07시,월요일,경상남도 산청군 오부면,중상사고,0,2,1,0,차대차 - 측면충돌,안전운전불이행,건조,맑음,단일로 - 기타,승합,남,51세,경상,승용,남,55세,중상
2017020600100081,2017년 2월 6일 07시,월요일,경상남도 진주시 평거동,경상사고,0,0,2,0,차대차 - 기타,안전운전불이행,건조,맑음,단일로 - 기타,기타불명,기타불명,미분류,기타불명,승용,여,31세,경상
2017020600100117,2017년 2월 6일 08시,월요일,경상남도 사천시 서포면,중상사고,0,1,0,0,차량단독 - 공작물충돌,안전운전불이행,건조,맑음,단일로 - 기타,승용,여,34세,중상,,,,
2017020600100118,2017년 2월 6일 08시,월요일,경상남도 김해시 삼계동,경상사고,0,0,1,0,차대차 - 기타,교차로운행방법위반,건조,맑음,교차로 - 교차로안,승용,남,37세,상해없음,승합,남,65세,경상
2017020600100138,2017년 2월 6일 09시,월요일,경상남도 거창군 거창읍,중상사고,0,1,0,0,차대사람 - 기타,안전운전불이행,건조,맑음,단일로 - 기타,승용,여,34세,상해없음,보행자,남,70세,중상
2017020600100139,2017년 2월 6일 09시,월요일,경상남도 거제시 상동동,경상사고,0,0,1,0,차대차 - 측면충돌,안전운전불이행,건조,맑음,교차로 - 교차로안,승용,여,41세,상해없음,승용,여,26세,경상
2017020600100159,2017년 2월 6일 10시,월요일,경상남도 창원시 마산합포구 월영동,경상사고,0,0,2,0,차대차 - 기타,안전거리미확보,건조,맑음,단일로 - 기타,승용,남,19세,상해없음,승용,여,68세,경상
2017020600100160,2017년 2월 6일 10시,월요일,경상남도 진주시 상봉동,중상사고,0,1,0,0,차대차 - 측면충돌,안전운전불이행,건조,맑음,단일로 - 기타,승용,남,43세,상해없음,이륜,여,70세,중상
2017020600100161,2017년 2월 6일 10시,월요일,경상남도 거제시 일운면,중상사고,0,1,0,0,차량단독 - 전도전복 - 전도,안전운전불이행,건조,맑음,단일로 - 기타,이륜,남,70세,중상,,,,
2017020600100180,2017년 2월 6일 11시,월요일,경상남도 거창군 거창읍,부상신고사고,0,0,0,1,차대차 - 추돌,안전운전불이행,건조,맑음,교차로 - 교차로부근,원동기,여,65세,부상신고,승합,남,64세,상해없음
2017020600100181,2017년 2월 6일 11시,월요일,경상남도 진주시 정촌면,중상사고,0,1,0,0,차대차 - 추돌,안전운전불이행,건조,맑음,단일로 - 기타,화물,남,25세,상해없음,화물,남,50세,중상
2017020600100216,2017년 2월 6일 12시,월요일,경상남도 산청군 신안면,경상사고,0,0,1,0,차대차 - 측면충돌,중앙선침범,건조,맑음,단일로 - 기타,승용,여,41세,상해없음,승용,남,46세,경상
2017020600100226,2017년 2월 6일 13시,월요일,경상남도 밀양시 산외면,중상사고,0,3,0,0,차대차 - 추돌,안전운전불이행,건조,맑음,단일로 - 기타,화물,남,46세,상해없음,승합,여,51세,중상
2017020600100266,2017년 2월 6일 14시,월요일,경상남도 진주시 내동면,중상사고,0,1,0,0,차량단독 - 도로외이탈 - 기타,안전거리미확보,서리/결빙,맑음,단일로 - 기타,이륜,남,23세,상해없음,,,,
2017020600100267,2017년 2월 6일 14시,월요일,경상남도 통영시 문화동,중상사고,0,1,0,0,차대차 - 추돌,안전운전불이행,건조,맑음,교차로 - 교차로안,승용,여,29세,상해없음,원동기,남,65세,중상
2017020600100268,2017년 2월 6일 14시,월요일,경상남도 김해시 진영읍,경상사고,0,0,1,0,차대차 - 추돌,안전거리미확보,건조,맑음,단일로 - 기타,건설기계,남,41세,상해없음,승용,여,41세,경상
2017020600100326,2017년 2월 6일 16시,월요일,경상남도 함안군 가야읍,경상사고,0,0,1,0,차대차 - 측면충돌,직진우회전진행방해,건조,맑음,교차로 - 교차로안,화물,남,60세,상해없음,승용,여,47세,경상
2017020600100353,2017년 2월 6일 17시,월요일,경상남도 진주시 하대동,경상사고,0,0,1,0,차대차 - 측면충돌,직진우회전진행방해,건조,맑음,교차로 - 교차로안,승용,여,54세,상해없음,이륜,남,36세,경상
2017020600100354,2017년 2월 6일 17시,월요일,경상남도 양산시 덕계동,중상사고,0,1,1,0,차대차 - 정면충돌,안전운전불이행,건조,맑음,단일로 - 기타,건설기계,남,41세,상해없음,승용,남,24세,중상
2017020600100355,2017년 2월 6일 17시,월요일,경상남도 김해시 율하동,경상사고,0,0,1,0,차대차 - 정면충돌,교차로운행방법위반,건조,맑음,교차로 - 교차로안,승용,남,24세,상해없음,승용,여,34세,경상
2017020600100385,2017년 2월 6일 18시,월요일,경상남도 창원시 마산합포구 서성동,경상사고,0,0,3,2,차대차 - 추돌,안전운전불이행,건조,맑음,단일로 - 기타,승용,남,41세,상해없음,승합,여,55세,경상
2017020600100386,2017년 2월 6일 18시,월요일,경상남도 진주시 중안동,중상사고,0,2,0,0,차대차 - 측면충돌,중앙선침범,건조,맑음,단일로 - 기타,승용,남,28세,상해없음,승용,여,40세,중상
2017020600100387,2017년 2월 6일 18시,월요일,경상남도 창녕군 부곡면,중상사고,0,1,1,0,차대차 - 측면충돌,신호위반,건조,맑음,교차로 - 교차로안,승용,남,73세,중상,승용,여,48세,경상
2017020600100388,2017년 2월 6일 18시,월요일,경상남도 거제시 연초면,경상사고,0,0,3,0,차대차 - 측면충돌,안전거리미확보,건조,맑음,단일로 - 기타,승용,여,59세,상해없음,승용,남,37세,경상
2017020600100420,2017년 2월 6일 19시,월요일,경상남도 거제시 능포동,중상사고,0,1,0,0,차대사람 - 횡단중,안전운전불이행,건조,맑음,단일로 - 기타,승용,남,52세,상해없음,보행자,남,64세,중상
2017020600100445,2017년 2월 6일 20시,월요일,경상남도 통영시 미수동,중상사고,0,1,0,0,차대사람 - 기타,안전운전불이행,건조,맑음,교차로 - 교차로안,승용,남,43세,상해없음,보행자,여,52세,중상
2017020600100446,2017년 2월 6일 20시,월요일,경상남도 양산시 삼호동,경상사고,0,0,1,0,차대사람 - 횡단중,안전운전불이행,건조,맑음,단일로 - 기타,승용,여,49세,상해없음,보행자,남,58세,경상
2017020600100491,2017년 2월 6일 22시,월요일,경상남도 창원시 의창구 봉곡동,중상사고,0,1,0,0,차대사람 - 횡단중,안전운전불이행,건조,맑음,단일로 - 기타,승용,남,67세,상해없음,보행자,남,55세,중상
2017020600100514,2017년 2월 6일 23시,월요일,경상남도 창원시 성산구 중앙동,경상사고,0,0,1,0,차대사람 - 기타,안전운전불이행,건조,맑음,단일로 - 기타,승용,남,40세,상해없음,보행자,남,19세,경상
2017020700100050,2017년 2월 7일 04시,화요일,경상남도 진주시 장대동,중상사고,0,1,1,0,차대차 - 측면충돌,신호위반,건조,맑음,교차로 - 교차로안,승용,남,43세,상해없음,화물,남,66세,경상
2017020700100056,2017년 2월 7일 05시,화요일,경상남도 양산시 물금읍,경상사고,0,0,1,1,차량단독 - 공작물충돌,안전운전불이행,건조,맑음,교차로 - 교차로안,승용,여,43세,부상신고,,,,
2017020700100075,2017년 2월 7일 06시,화요일,경상남도 양산시 중부동,중상사고,0,1,0,0,차대사람 - 횡단중,안전운전불이행,건조,맑음,교차로 - 교차로안,승용,남,42세,상해없음,보행자,남,78세,중상
2017020700100076,2017년 2월 7일 06시,화요일,경상남도 창원시 마산합포구 산호동,중상사고,0,1,0,0,차대사람 - 횡단중,안전운전불이행,건조,맑음,단일로 - 기타,승용,남,58세,상해없음,보행자,남,82세,중상
2017020700100077,2017년 2월 7일 06시,화요일,경상남도 김해시 진영읍,사망사고,1,1,0,0,차대차 - 측면충돌,불법유턴,건조,맑음,교차로 - 교차로안,자전거,남,60세,사망,승용,남,36세,중상
2017020700100085,2017년 2월 7일 07시,화요일,경상남도 양산시 산막동,경상사고,0,0,1,0,차대차 - 추돌,안전거리미확보,건조,맑음,단일로 - 기타,승용,남,26세,상해없음,화물,남,46세,경상
2017020700100097,2017년 2월 7일 07시,화요일,경상남도 밀양시 삼랑진읍,사망사고,1,0,0,0,차대사람 - 횡단중,안전운전불이행,건조,흐림,교차로 - 교차로안,화물,남,64세,상해없음,보행자,여,73세,사망
2017020700100098,2017년 2월 7일 07시,화요일,경상남도 창원시 의창구 팔용동,중상사고,0,1,0,0,차대사람 - 횡단중,안전운전불이행,건조,맑음,단일로 - 기타,승용,여,47세,상해없음,보행자,여,44세,중상
2017020700100126,2017년 2월 7일 08시,화요일,경상남도 사천시 사남면,경상사고,0,0,1,0,차대차 - 추돌,안전운전불이행,건조,맑음,교차로 - 교차로안,승용,여,33세,상해없음,승용,여,38세,경상
2017020700100127,2017년 2월 7일 08시,화요일,경상남도 사천시 향촌동,경상사고,0,0,1,0,차대차 - 측면충돌,직진우회전진행방해,건조,맑음,교차로 - 교차로부근,이륜,남,56세,경상,화물,남,59세,상해없음
2017020700100128,2017년 2월 7일 08시,화요일,경상남도 김해시 삼정동,경상사고,0,0,1,0,차대사람 - 횡단중,안전운전불이행,건조,맑음,단일로 - 기타,승용,남,62세,상해없음,보행자,남,16세,경상
2017020700100151,2017년 2월 7일 09시,화요일,경상남도 남해군 이동면,중상사고,0,1,0,0,차대사람 - 기타,안전운전불이행,건조,맑음,단일로 - 교량,화물,남,73세,상해없음,보행자,여,74세,중상
2017020700100244,2017년 2월 7일 13시,화요일,경상남도 양산시 물금읍,경상사고,0,0,2,0,차대차 - 측면충돌,직진우회전진행방해,건조,맑음,교차로 - 교차로안,승용,여,53세,상해없음,화물,남,55세,경상
2017020700100263,2017년 2월 7일 14시,화요일,경상남도 창원시 성산구 안민동,경상사고,0,0,1,0,차대차 - 기타,안전운전불이행,건조,맑음,단일로 - 기타,기타불명,기타불명,미분류,기타불명,자전거,남,53세,경상
2017020700100292,2017년 2월 7일 15시,화요일,경상남도 사천시 대방동,중상사고,0,1,4,0,차대차 - 측면충돌,신호위반,건조,맑음,교차로 - 교차로안,승용,여,47세,상해없음,승용,여,60세,경상
2017020700100320,2017년 2월 7일 16시,화요일,경상남도 김해시 지내동,경상사고,0,0,1,0,차대차 - 기타,안전운전불이행,건조,맑음,단일로 - 기타,화물,남,41세,상해없음,자전거,여,54세,경상
2017020700100321,2017년 2월 7일 16시,화요일,경상남도 김해시 어방동,경상사고,0,0,1,0,차대차 - 측면충돌,중앙선침범,건조,맑음,단일로 - 기타,원동기,여,33세,상해없음,원동기,남,19세,경상
2017020700100322,2017년 2월 7일 16시,화요일,경상남도 김해시 율하동,경상사고,0,0,1,0,차대차 - 측면충돌,안전운전불이행,건조,맑음,단일로 - 기타,승용,남,65세,상해없음,승용,여,38세,경상
2017020700100345,2017년 2월 7일 17시,화요일,경상남도 김해시 삼방동,중상사고,0,1,0,0,차대사람 - 횡단중,안전운전불이행,건조,맑음,교차로 - 교차로안,승용,남,52세,상해없음,보행자,여,88세,중상
2017020700100375,2017년 2월 7일 18시,화요일,경상남도 창원시 진해구 여좌동,사망사고,1,0,0,0,차대사람 - 횡단중,안전운전불이행,건조,맑음,교차로 - 교차로횡단보도내,승합,남,61세,상해없음,보행자,여,84세,사망
2017020700100376,2017년 2월 7일 18시,화요일,경상남도 사천시 동금동,경상사고,0,0,2,0,차대차 - 측면충돌,직진우회전진행방해,건조,맑음,교차로 - 교차로안,승용,여,64세,경상,승용,남,21세,상해없음
2017020700100377,2017년 2월 7일 18시,화요일,경상남도 김해시 삼방동,경상사고,0,0,1,0,차대차 - 추돌,안전운전불이행,건조,맑음,기타 - 기타,이륜,남,19세,경상,승합,남,57세,상해없음
2017020700100378,2017년 2월 7일 18시,화요일,경상남도 김해시 구산동,경상사고,0,0,1,0,차대차 - 추돌,안전운전불이행,건조,맑음,단일로 - 기타,승용,남,50세,상해없음,승용,남,33세,경상
2017020700100379,2017년 2월 7일 18시,화요일,경상남도 김해시 신문동,중상사고,0,2,3,0,차대차 - 추돌,안전운전불이행,건조,맑음,단일로 - 기타,승용,남,56세,상해없음,승용,남,57세,중상
2017020700100465,2017년 2월 7일 21시,화요일,경상남도 양산시 물금읍,경상사고,0,0,1,0,차대차 - 추돌,안전운전불이행,건조,맑음,교차로 - 교차로안,승용,남,47세,상해없음,승용,남,43세,경상
2017020800100019,2017년 2월 8일 00시,수요일,경상남도 사천시 축동면,경상사고,0,0,1,0,차대차 - 후진중충돌,안전운전불이행,건조,맑음,단일로 - 기타,승용,여,43세,상해없음,화물,남,50세,경상
2017020800100071,2017년 2월 8일 06시,수요일,경상남도 창원시 진해구 자은동,경상사고,0,0,1,0,차대차 - 측면충돌,신호위반,건조,맑음,교차로 - 교차로안,승용,남,30세,상해없음,승용,남,61세,경상
2017020800100072,2017년 2월 8일 06시,수요일,경상남도 창원시 진해구 이동,경상사고,0,0,1,0,차대차 - 측면충돌,교차로운행방법위반,건조,맑음,교차로 - 교차로안,승용,남,53세,경상,승용,남,37세,상해없음