사고번호,사고일시,요일,시군구,사고내용,사망자수,중상자수,경상자수,부상신고자수,사고유형,법규위반,노면상태,기상상태,도로형태,가해운전자 차종,가해운전자 성별,가해운전자 연령,가해운전자 상해정도,피해운전자 차종,피해운전자 성별,피해운전자 연령,피해운전자 상해정도
2017021200100313,2017년 2월 12일 18시,일요일,경상남도 거제시 고현동,경상사고,0,0,1,0,차대차 - 정면충돌,교차로운행방법위반,건조,맑음,교차로 - 교차로안,승용,남,45세,상해없음,이륜,남,28세,경상
2017021200100342,2017년 2월 12일 19시,일요일,경상남도 창원시 진해구 석동,중상사고,0,1,0,0,차대사람 - 횡단중,보행자보호의무위반,건조,맑음,교차로 - 교차로횡단보도내,승용,남,50세,상해없음,보행자,여,77세,중상
2017021200100343,2017년 2월 12일 19시,일요일,경상남도 사천시 서동,경상사고,0,0,2,0,차대사람 - 횡단중,안전운전불이행,건조,맑음,단일로 - 기타,승용,여,57세,경상,보행자,남,55세,경상
2017021200100344,2017년 2월 12일 19시,일요일,경상남도 거제시 연초면,경상사고,0,0,1,0,차대차 - 정면충돌,안전운전불이행,건조,맑음,단일로 - 기타,승용,남,48세,기타불명,승용,남,65세,경상
2017021200100345,2017년 2월 12일 19시,일요일,경상남도 창원시 성산구 성산동,경상사고,0,0,1,0,차대차 - 정면충돌,신호위반,건조,맑음,교차로 - 교차로안,승용,남,57세,상해없음,승용,여,54세,경상
2017021200100398,2017년 2월 12일 21시,일요일,경상남도 창원시 마산합포구 중앙동3가,중상사고,0,1,2,0,차대차 - 추돌,기타,건조,맑음,단일로 - 기타,승용,남,50세,상해없음,승용,여,58세,경상
2017021200100399,2017년 2월 12일 21시,일요일,경상남도 밀양시 내이동,중상사고,0,1,0,0,차대차 - 측면충돌,안전운전불이행,건조,맑음,교차로 - 교차로안,승용,여,33세,상해없음,원동기,남,39세,중상
2017021200100418,2017년 2월 12일 22시,일요일,경상남도 김해시 어방동,경상사고,0,0,1,0,차량단독 - 전도전복 - 전도,안전운전불이행,건조,맑음,단일로 - 기타,승용,남,45세,경상,,,,
2017021200100436,2017년 2월 12일 23시,일요일,경상남도 진주시 정촌면,경상사고,0,0,2,0,차대차 - 추돌,안전운전불이행,건조,맑음,단일로 - 기타,화물,남,49세,상해없음,승용,남,32세,경상
2017021300100024,2017년 2월 13일 00시,월요일,경상남도 창원시 마산합포구 진동면,경상사고,0,0,3,0,차대차 - 측면충돌,신호위반,건조,맑음,교차로 - 교차로안,화물,남,58세,상해없음,승용,여,20세,경상
2017021300100053,2017년 2월 13일 05시,월요일,경상남도 양산시 평산동,경상사고,0,0,1,0,차대사람 - 횡단중,신호위반,건조,맑음,단일로 - 기타,승용,여,52세,상해없음,보행자,여,17세,경상
2017021300100070,2017년 2월 13일 06시,월요일,경상남도 창원시 마산합포구 월남동1가,중상사고,0,1,0,0,차대사람 - 기타,안전운전불이행,건조,맑음,교차로 - 교차로안,승용,남,65세,상해없음,보행자,여,79세,중상
2017021300100087,2017년 2월 13일 07시,월요일,경상남도 함양군 함양읍,경상사고,0,0,1,0,차대사람 - 횡단중,안전운전불이행,건조,맑음,단일로 - 기타,승용,남,48세,상해없음,보행자,여,83세,경상
2017021300100088,2017년 2월 13일 07시,월요일,경상남도 양산시 북정동,중상사고,0,1,0,0,차대차 - 측면충돌,차로위반,건조,맑음,단일로 - 기타,승용,여,49세,상해없음,승합,남,58세,상해없음
2017021300100089,2017년 2월 13일 07시,월요일,경상남도 김해시 진영읍,중상사고,0,1,0,0,차대차 - 측면충돌,신호위반,건조,맑음,교차로 - 교차로안,승용,남,54세,상해없음,승용,남,29세,중상
2017021300100123,2017년 2월 13일 08시,월요일,경상남도 통영시 무전동,경상사고,0,0,1,0,차대차 - 추돌,안전거리미확보,건조,맑음,교차로 - 교차로안,승용,남,38세,상해없음,승용,여,38세,경상
2017021300100169,2017년 2월 13일 10시,월요일,경상남도 진주시 인사동,중상사고,0,1,0,0,차대차 - 측면충돌,안전운전불이행,건조,맑음,교차로 - 교차로부근,승용,남,34세,상해없음,자전거,남,78세,중상
2017021300100170,2017년 2월 13일 10시,월요일,경상남도 거제시 고현동,중상사고,0,1,0,0,차대차 - 기타,직진우회전진행방해,건조,맑음,교차로 - 교차로안,승용,여,30세,상해없음,원동기,남,71세,중상
2017021300100171,2017년 2월 13일 10시,월요일,경상남도 거제시 연초면,경상사고,0,0,3,0,차대차 - 기타,안전거리미확보,건조,맑음,단일로 - 기타,특수,남,35세,상해없음,승용,남,22세,경상
2017021300100172,2017년 2월 13일 10시,월요일,경상남도 거제시 고현동,중상사고,0,1,0,0,차대사람 - 횡단중,신호위반,건조,맑음,교차로 - 교차로안,승용,여,24세,상해없음,보행자,남,32세,중상
2017021300100173,2017년 2월 13일 10시,월요일,경상남도 창원시 의창구 봉곡동,경상사고,0,0,1,0,차대차 - 후진중충돌,안전운전불이행,건조,맑음,교차로 - 교차로부근,승용,여,26세,상해없음,자전거,남,71세,경상
2017021300100197,2017년 2월 13일 11시,월요일,경상남도 창원시 진해구 풍호동,경상사고,0,0,1,0,차대차 - 측면충돌,신호위반,건조,맑음,교차로 - 교차로안,승용,남,32세,상해없음,승용,남,70세,경상
2017021300100198,2017년 2월 13일 11시,월요일,경상남도 고성군 고성읍,중상사고,0,1,0,0,차대사람 - 횡단중,안전운전불이행,건조,맑음,단일로 - 기타,화물,남,68세,상해없음,보행자,남,87세,중상
2017021300100199,2017년 2월 13일 11시,월요일,경상남도 산청군 산청읍,중상사고,0,1,0,0,차대사람 - 횡단중,안전운전불이행,건조,맑음,단일로 - 기타,건설기계,남,60세,상해없음,보행자,여,80세,중상
2017021300100200,2017년 2월 13일 11시,월요일,경상남도 창원시 의창구 팔용동,중상사고,0,1,0,0,차대사람 - 기타,안전운전불이행,건조,맑음,단일로 - 기타,승용,남,51세,상해없음,보행자,남,50세,중상
2017021300100201,2017년 2월 13일 11시,월요일,경상남도 창원시 의창구 대산면,경상사고,0,0,1,0,차대차 - 측면충돌,안전운전불이행,건조,맑음,교차로 - 교차로안,건설기계,남,57세,상해없음,화물,남,56세,경상
2017021300100232,2017년 2월 13일 12시,월요일,경상남도 창원시 마산합포구 해운동,중상사고,0,1,1,0,차대차 - 측면충돌,신호위반,건조,맑음,교차로 - 교차로안,승용,남,38세,상해없음,화물,남,66세,중상
2017021300100233,2017년 2월 13일 12시,월요일,경상남도 양산시 평산동,경상사고,0,0,1,0,차대차 - 정면충돌,교차로운행방법위반,건조,맑음,교차로 - 교차로안,승용,남,48세,상해없음,승용,남,37세,상해없음
2017021300100251,2017년 2월 13일 13시,월요일,경상남도 창원시 진해구 경화동,중상사고,0,1,0,0,차대차 - 측면충돌,기타,건조,맑음,단일로 - 기타,승용,남,67세,상해없음,원동기,남,24세,중상
2017021300100252,2017년 2월 13일 13시,월요일,경상남도 통영시 동호동,경상사고,0,0,1,0,차대사람 - 횡단중,안전운전불이행,건조,맑음,단일로 - 기타,건설기계,남,28세,상해없음,보행자,남,33세,경상
2017021300100253,2017년 2월 13일 13시,월요일,경상남도 사천시 좌룡동,중상사고,0,1,0,0,차대사람 - 길가장자리구역통행중,안전운전불이행,건조,맑음,단일로 - 기타,특수,남,40세,상해없음,보행자,여,65세,중상
2017021300100254,2017년 2월 13일 13시,월요일,경상남도 밀양시 하남읍,중상사고,0,1,0,0,차대차 - 측면충돌,안전운전불이행,건조,맑음,교차로 - 교차로안,승용,여,40세,상해없음,자전거,여,77세,중상
2017021300100255,2017년 2월 13일 13시,월요일,경상남도 함안군 가야읍,경상사고,0,0,1,0,차대차 - 측면충돌,중앙선침범,건조,맑음,교차로 - 교차로안,자전거,남,11세,경상,화물,남,38세,상해없음
2017021300100312,2017년 2월 13일 15시,월요일,경상남도 창원시 마산합포구 동성동,경상사고,0,0,1,0,차대사람 - 차도통행중,안전운전불이행,건조,맑음,단일로 - 기타,화물,여,48세,상해없음,보행자,여,65세,경상
2017021300100313,2017년 2월 13일 15시,월요일,경상남도 김해시 부원동,중상사고,0,1,1,0,차대차 - 추돌,안전운전불이행,건조,맑음,교차로 - 교차로부근,승용,여,51세,상해없음,승용,여,45세,중상
2017021300100314,2017년 2월 13일 15시,월요일,경상남도 거제시 고현동,중상사고,0,1,0,0,차대사람 - 횡단중,신호위반,건조,맑음,교차로 - 교차로횡단보도내,승용,여,42세,상해없음,보행자,여,62세,중상
2017021300100315,2017년 2월 13일 15시,월요일,경상남도 거제시 고현동,중상사고,0,1,1,0,차대차 - 정면충돌,안전운전불이행,건조,맑음,교차로 - 교차로안,승용,여,58세,상해없음,승용,여,55세,중상
2017021300100339,2017년 2월 13일 16시,월요일,경상남도 창원시 진해구 용원동,경상사고,0,0,1,0,차대차 - 측면충돌,교차로운행방법위반,건조,맑음,교차로 - 교차로안,승합,여,47세,상해없음,승용,남,62세,경상
2017021300100400,2017년 2월 13일 18시,월요일,경상남도 김해시 구산동,경상사고,0,0,1,0,차대차 - 기타,안전운전불이행,건조,맑음,기타 - 기타,승용,여,38세,상해없음,이륜,남,50세,경상
2017021300100401,2017년 2월 13일 18시,월요일,경상남도 고성군 동해면,중상사고,0,1,0,0,차대차 - 측면충돌,중앙선침범,건조,맑음,단일로 - 기타,승용,남,49세,상해없음,이륜,남,49세,중상
2017021300100443,2017년 2월 13일 19시,월요일,경상남도 김해시 지내동,경상사고,0,0,1,0,차대사람 - 횡단중,신호위반,건조,맑음,기타 - 기타,승용,여,25세,상해없음,보행자,남,52세,경상
2017021300100444,2017년 2월 13일 19시,월요일,경상남도 거제시 사등면,경상사고,0,0,1,0,차대차 - 기타,안전거리미확보,건조,맑음,단일로 - 기타,승용,남,58세,상해없음,승용,여,54세,경상
2017021300100445,2017년 2월 13일 19시,월요일,경상남도 김해시 대청동,경상사고,0,0,3,0,차대차 - 추돌,안전운전불이행,건조,맑음,교차로 - 교차로부근,원동기,남,16세,경상,승용,남,21세,경상
2017021300100542,2017년 2월 13일 22시,월요일,경상남도 거창군 거창읍,경상사고,0,0,1,0,차대차 - 기타,안전운전불이행,젖음/습기,비,단일로 - 기타,승용,남,37세,상해없음,승용,여,42세,경상
2017021300100566,2017년 2월 13일 23시,월요일,경상남도 거제시 고현동,경상사고,0,0,1,0,차대사람 - 기타,안전운전불이행,건조,맑음,단일로 - 기타,승용,남,29세,상해없음,보행자,남,18세,경상
2017021300100567,2017년 2월 13일 23시,월요일,경상남도 김해시 관동동,중상사고,0,1,2,0,차대차 - 추돌,안전운전불이행,건조,맑음,단일로 - 기타,승용,여,45세,상해없음,승용,여,46세,경상
2017021400100025,2017년 2월 14일 00시,화요일,경상남도 양산시 중부동,경상사고,0,0,1,0,차대사람 - 횡단중,안전운전불이행,건조,맑음,교차로 - 교차로부근,승용,여,66세,상해없음,보행자,여,54세,경상
2017021400100026,2017년 2월 14일 00시,화요일,경상남도 거제시 고현동,중상사고,0,1,0,0,차대차 - 추돌,안전운전불이행,건조,맑음,단일로 - 기타,승용,남,55세,상해없음,승용,남,28세,중상
2017021400100027,2017년 2월 14일 00시,화요일,경상남도 창원시 의창구 용호동,경상사고,0,0,1,0,차대사람 - 횡단중,보행자보호의무위반,건조,맑음,교차로 - 교차로횡단보도내,특수,남,41세,상해없음,보행자,여,59세,경상
2017021400100082,2017년 2월 14일 06시,화요일,경상남도 창원시 마산합포구 중앙동2가,중상사고,0,1,0,0,차대사람 - 횡단중,안전운전불이행,건조,맑음,단일로 - 기타,승용,남,51세,상해없음,보행자,여,59세,중상
2017021400100083,2017년 2월 14일 06시,화요일,경상남도 진주시 평거동,경상사고,0,0,1,0,차대차 - 측면충돌,신호위반,건조,맑음,교차로 - 교차로안,승용,남,63세,상해없음,승용,남,36세,경상
2017021400100142,2017년 2월 14일 08시,화요일,경상남도 창원시 마산회원구 양덕동,중상사고,0,1,1,0,차대차 - 측면충돌,중앙선침범,건조,맑음,단일로 - 기타,승용,남,31세,상해없음,승용,남,36세,경상
2017021400100143,2017년 2월 14일 08시,화요일,경상남도 김해시 명법동,경상사고,0,0,1,0,차대차 - 측면충돌,안전거리미확보,건조,맑음,단일로 - 기타,승용,여,60세,상해없음,승용,여,44세,경상
2017021400100175,2017년 2월 14일 09시,화요일,경상남도 진주시 계동,중상사고,0,2,0,0,차대차 - 측면충돌,직진우회전진행방해,건조,맑음,교차로 - 교차로안,승용,남,33세,상해없음,승용,남,41세,중상
2017021400100176,2017년 2월 14일 09시,화요일,경상남도 진주시 상대동,중상사고,0,1,0,0,차대차 - 측면충돌,안전거리미확보,건조,맑음,단일로 - 기타,승용,남,66세,상해없음,승용,남,44세,중상
2017021400100177,2017년 2월 14일 09시,화요일,경상남도 통영시 도남동,경상사고,0,0,6,0,차대차 - 정면충돌,중앙선침범,건조,맑음,교차로 - 교차로안,승용,여,35세,상해없음,승용,남,45세,경상
2017021400100178,2017년 2월 14일 09시,화요일,경상남도 창원시 마산회원구 회성동,중상사고,0,1,1,0,차대차 - 측면충돌,신호위반,건조,맑음,교차로 - 교차로부근,승용,남,45세,상해없음,화물,남,55세,중상
2017021400100203,2017년 2월 14일 10시,화요일,경상남도 진주시 상대동,경상사고,0,0,1,0,차대사람 - 횡단중,신호위반,건조,맑음,교차로 - 교차로횡단보도내,승용,남,41세,상해없음,보행자,남,17세,경상
2017021400100204,2017년 2월 14일 10시,화요일,경상남도 거제시 고현동,중상사고,0,1,1,0,차대차 - 정면충돌,신호위반,기타,맑음,교차로 - 교차로안,승용,남,23세,상해없음,승용,남,35세,중상
2017021400100205,2017년 2월 14일 10시,화요일,경상남도 창원시 의창구 동읍,경상사고,0,0,1,0,차대차 - 추돌,안전운전불이행,건조,맑음,단일로 - 기타,화물,남,55세,상해없음,승용,남,62세,경상
2017021400100232,2017년 2월 14일 11시,화요일,경상남도 김해시 삼계동,중상사고,0,1,0,0,차대차 - 기타,신호위반,건조,맑음,교차로 - 교차로안,화물,남,33세,상해없음,승용,여,58세,중상
2017021400100233,2017년 2월 14일 11시,화요일,경상남도 김해시 진영읍,경상사고,0,0,1,0,차대차 - 측면충돌,교차로운행방법위반,건조,맑음,교차로 - 교차로안,승용,여,54세,상해없음,승용,남,66세,경상
2017021400100278,2017년 2월 14일 13시,화요일,경상남도 밀양시 산외면,경상사고,0,0,2,0,차대차 - 측면충돌,교차로운행방법위반,건조,맑음,교차로 - 교차로안,승용,남,60세,상해없음,화물,남,69세,경상
2017021400100343,2017년 2월 14일 15시,화요일,경상남도 통영시 광도면,경상사고,0,0,1,0,차대차 - 측면충돌,교차로운행방법위반,건조,맑음,교차로 - 교차로안,승용,남,24세,상해없음,승용,남,55세,상해없음
2017021400100379,2017년 2월 14일 16시,화요일,경상남도 창원시 마산합포구 신포동1가,경상사고,0,0,1,0,차대차 - 측면충돌,안전운전불이행,건조,맑음,단일로 - 기타,승용,여,53세,상해없음,승합,남,65세,상해없음
2017021400100380,2017년 2월 14일 16시,화요일,경상남도 산청군 단성면,경상사고,0,0,1,0,차대차 - 측면충돌,안전운전불이행,건조,맑음,단일로 - 기타,사륜오토바이(ATV),여,63세,경상,승용,남,76세,상해없음
2017021400100381,2017년 2월 14일 16시,화요일,경상남도 함안군 칠원읍,경상사고,0,0,2,0,차대차 - 측면충돌,중앙선침범,건조,맑음,단일로 - 기타,건설기계,남,48세,상해없음,승합,남,58세,상해없음
2017021400100405,2017년 2월 14일 17시,화요일,경상남도 합천군 율곡면,중상사고,0,1,0,0,차대차 - 추돌,안전운전불이행,건조,맑음,교차로 - 교차로부근,이륜,남,80세,상해없음,승용,여,43세,상해없음
2017021400100447,2017년 2월 14일 18시,화요일,경상남도 창원시 마산합포구 신포동2가,중상사고,0,1,0,0,차대차 - 측면충돌,직진우회전진행방해,건조,맑음,교차로 - 교차로안,승용,남,60세,상해없음,이륜,남,23세,중상
2017021400100448,2017년 2월 14일 18시,화요일,경상남도 진주시 동성동,경상사고,0,0,2,0,차대차 - 추돌,안전운전불이행,건조,맑음,교차로 - 교차로부근,승용,남,38세,상해없음,승용,남,41세,경상
2017021400100449,2017년 2월 14일 18시,화요일,경상남도 사천시 사천읍,경상사고,0,0,1,0,차량단독 - 전도전복,안전운전불이행,건조,맑음,교차로 - 교차로안,이륜,남,18세,경상,미분류,미분류,미분류,미분류
2017021400100450,2017년 2월 14일 18시,화요일,경상남도 김해시 내동,중상사고,0,1,0,0,차대차 - 측면충돌,신호위반,건조,맑음,교차로 - 교차로안,이륜,남,16세,중상,승용,여,58세,상해없음
2017021400100451,2017년 2월 14일 18시,화요일,경상남도 김해시 대동면,중상사고,0,1,0,0,차대사람 - 길가장자리구역통행중,안전운전불이행,건조,맑음,단일로 - 기타,이륜,남,74세,상해없음,보행자,여,78세,중상
2017021400100452,2017년 2월 14일 18시,화요일,경상남도 고성군 고성읍,경상사고,0,0,1,0,차대차 - 정면충돌,중앙선침범,건조,맑음,단일로 - 기타,승용,남,57세,상해없음,원동기,남,26세,경상
2017021400100493,2017년 2월 14일 19시,화요일,경상남도 김해시 삼방동,경상사고,0,0,1,0,차대차 - 기타,안전운전불이행,건조,맑음,교차로 - 교차로부근,승합,남,58세,상해없음,승용,여,46세,경상
2017021400100494,2017년 2월 14일 19시,화요일,경상남도 창원시 성산구 내동,중상사고,0,1,0,0,차대차 - 기타,신호위반,건조,맑음,교차로 - 교차로안,승용,여,39세,상해없음,원동기,남,49세,중상
2017021400100517,2017년 2월 14일 20시,화요일,경상남도 창원시 마산합포구 산호동,경상사고,0,0,1,0,차대차 - 측면충돌,안전운전불이행,건조,맑음,교차로 - 교차로안,승용,여,25세,상해없음,승용,남,34세,경상
2017021400100547,2017년 2월 14일 21시,화요일,경상남도 창원시 의창구 중동,중상사고,0,1,0,0,차대차 - 측면충돌,신호위반,건조,맑음,교차로 - 교차로안,승용,남,27세,상해없음,승용,남,26세,중상
2017021400100572,2017년 2월 14일 22시,화요일,경상남도 김해시 삼계동,경상사고,0,0,1,0,차대차 - 후진중충돌,불법유턴,건조,맑음,단일로 - 기타,승합,남,62세,상해없음,승용,남,38세,경상
2017021400100573,2017년 2월 14일 22시,화요일,경상남도 창원시 성산구 사파동,경상사고,0,0,2,0,차대차 - 기타,안전운전불이행,건조,맑음,단일로 - 기타,화물,남,42세,상해없음,승용,남,31세,경상
2017021400100574,2017년 2월 14일 22시,화요일,경상남도 김해시 관동동,중상사고,0,1,4,0,차대차 - 정면충돌,안전운전불이행,건조,맑음,교차로 - 교차로안,이륜,남,17세,경상,승용,남,50세,경상
2017021400100591,2017년 2월 14일 23시,화요일,경상남도 창원시 의창구 용호동,중상사고,0,1,0,0,차대차 - 기타,안전운전불이행,건조,맑음,교차로 - 교차로안,승용,남,26세,상해없음,자전거,남,32세,중상
2017021400100592,2017년 2월 14일 23시,화요일,경상남도 창원시 의창구 도계동,경상사고,0,0,2,0,차대차 - 측면충돌,신호위반,건조,맑음,교차로 - 교차로안,승용,남,57세,상해없음,승합,남,47세,상해없음
2017021500100025,2017년 2월 15일 00시,수요일,경상남도 진주시 강남동,경상사고,0,0,1,0,차대차 - 측면충돌,안전운전불이행,건조,맑음,교차로 - 교차로안,승용,남,25세,상해없음,승용,남,37세,경상
2017021500100026,2017년 2월 15일 00시,수요일,경상남도 통영시 광도면,경상사고,0,0,2,0,차대차 - 측면충돌,교차로운행방법위반,건조,맑음,교차로 - 교차로안,승용,남,55세,상해없음,승용,남,56세,상해없음
2017021500100056,2017년 2월 15일 04시,수요일,경상남도 창원시 마산합포구 월남동4가,중상사고,0,1,0,0,차대사람 - 횡단중,보행자보호의무위반,건조,맑음,교차로 - 교차로안,승용,남,66세,상해없음,보행자,여,81세,중상
2017021500100085,2017년 2월 15일 06시,수요일,경상남도 김해시 외동,부상신고사고,0,0,0,1,차대차 - 기타,안전운전불이행,건조,맑음,단일로 - 기타,승용,남,68세,기타불명,승용,여,39세,부상신고
2017021500100132,2017년 2월 15일 08시,수요일,경상남도 김해시 외동,중상사고,0,1,0,0,차대차 - 측면충돌,안전운전불이행,건조,맑음,교차로 - 교차로안,원동기,여,60세,중상,승용,여,23세,상해없음
2017021500100166,2017년 2월 15일 09시,수요일,경상남도 거제시 연초면,중상사고,0,1,0,0,차대차 - 측면충돌,신호위반,건조,맑음,교차로 - 교차로부근,승용,여,33세,상해없음,승용,여,61세,중상
2017021500100167,2017년 2월 15일 09시,수요일,경상남도 김해시 진영읍,중상사고,0,1,1,0,차대차 - 측면충돌,신호위반,건조,맑음,교차로 - 교차로안,승용,남,62세,중상,화물,남,26세,경상
2017021500100219,2017년 2월 15일 11시,수요일,경상남도 창원시 진해구 이동,경상사고,0,0,1,0,차대차 - 측면충돌,교차로운행방법위반,건조,맑음,교차로 - 교차로안,승용,남,23세,상해없음,원동기,남,62세,경상
2017021500100220,2017년 2월 15일 11시,수요일,경상남도 창녕군 남지읍,경상사고,0,0,1,0,차대차 - 측면충돌,직진우회전진행방해,건조,맑음,교차로 - 교차로안,승용,남,50세,상해없음,승용,여,37세,경상
2017021500100221,2017년 2월 15일 11시,수요일,경상남도 남해군 설천면,경상사고,0,0,4,0,차대차 - 추돌,안전운전불이행,건조,맑음,단일로 - 교량,화물,남,28세,상해없음,승용,남,48세,상해없음
2017021500100222,2017년 2월 15일 11시,수요일,경상남도 김해시 주촌면,중상사고,0,1,0,0,차대차 - 추돌,안전운전불이행,건조,맑음,단일로 - 기타,화물,남,25세,상해없음,승용,남,59세,중상
2017021500100276,2017년 2월 15일 13시,수요일,경상남도 창원시 마산합포구 완월동,경상사고,0,0,1,0,차대사람 - 횡단중,보행자보호의무위반,건조,맑음,교차로 - 교차로횡단보도내,승용,남,75세,상해없음,보행자,남,74세,경상
2017021500100293,2017년 2월 15일 14시,수요일,경상남도 고성군 회화면,중상사고,0,1,0,0,차대차 - 추돌,안전운전불이행,건조,맑음,단일로 - 기타,화물,남,27세,상해없음,화물,남,39세,중상
2017021500100319,2017년 2월 15일 15시,수요일,경상남도 창원시 진해구 자은동,경상사고,0,0,1,0,차대사람 - 횡단중,보행자보호의무위반,건조,맑음,단일로 - 기타,승용,여,45세,상해없음,보행자,여,8세,경상
2017021500100320,2017년 2월 15일 15시,수요일,경상남도 창원시 성산구 신촌동,중상사고,0,1,0,0,차대사람 - 차도통행중,기타,건조,맑음,단일로 - 기타,승용,남,34세,상해없음,보행자,남,9세,중상
2017021500100321,2017년 2월 15일 15시,수요일,경상남도 김해시 진영읍,경상사고,0,0,1,0,차대차 - 측면충돌,안전운전불이행,건조,맑음,교차로 - 교차로안,승용,남,57세,기타불명,승용,남,61세,경상
2017021500100349,2017년 2월 15일 16시,수요일,경상남도 김해시 부원동,경상사고,0,0,1,0,차대사람 - 횡단중,안전운전불이행,건조,맑음,교차로 - 교차로안,화물,남,25세,상해없음,보행자,여,57세,경상
2017021500100350,2017년 2월 15일 16시,수요일,경상남도 창원시 마산회원구 내서읍,중상사고,0,1,1,0,차대차 - 기타,안전운전불이행,건조,맑음,교차로 - 교차로부근,승용,여,47세,상해없음,승용,여,33세,경상
2017021500100373,2017년 2월 15일 17시,수요일,경상남도 창원시 마산합포구 해운동,경상사고,0,0,1,0,차량단독 - 기타,안전운전불이행,건조,맑음,단일로 - 기타,승합,남,58세,상해없음,,,,
2017021500100374,2017년 2월 15일 17시,수요일,경상남도 창원시 성산구 중앙동,중상사고,0,1,0,0,차대차 - 측면충돌,안전운전불이행,건조,맑음,단일로 - 기타,승용,남,20세,상해없음,이륜,남,51세,중상
2017021500100408,2017년 2월 15일 18시,수요일,경상남도 거제시 상동동,경상사고,0,0,2,0,차대차 - 추돌,안전운전불이행,건조,맑음,기타 - 기타,이륜,남,48세,상해없음,승용,남,21세,경상
2017021500100442,2017년 2월 15일 19시,수요일,경상남도 창원시 의창구 도계동,경상사고,0,0,1,0,차대차 - 추돌,안전운전불이행,건조,맑음,교차로 - 교차로부근,승용,남,56세,상해없음,승용,남,33세,경상
2017021500100471,2017년 2월 15일 20시,수요일,경상남도 양산시 덕계동,경상사고,0,0,1,0,차대차 - 측면충돌,신호위반,건조,맑음,교차로 - 교차로부근,승용,남,41세,상해없음,승용,여,31세,경상
2017021500100523,2017년 2월 15일 22시,수요일,경상남도 합천군 합천읍,경상사고,0,0,1,0,차대차 - 측면충돌,교차로운행방법위반,건조,맑음,교차로 - 교차로안,승용,남,29세,상해없음,승용,남,61세,경상
2017021500100551,2017년 2월 15일 23시,수요일,경상남도 창원시 의창구 소답동,경상사고,0,0,1,0,차대차 - 측면충돌,안전운전불이행,건조,맑음,교차로 - 교차로부근,승용,남,21세,상해없음,이륜,남,35세,경상
2017021500100552,2017년 2월 15일 23시,수요일,경상남도 김해시 삼문동,중상사고,0,2,0,0,차대차 - 정면충돌,신호위반,건조,맑음,교차로 - 교차로안,승용,남,47세,상해없음,승용,남,53세,상해없음
2017021600100026,2017년 2월 16일 00시,목요일,경상남도 거제시 고현동,경상사고,0,0,4,0,차대차 - 측면충돌,신호위반,젖음/습기,맑음,교차로 - 교차로안,승용,여,18세,경상,승용,여,53세,경상
2017021600100041,2017년 2월 16일 01시,목요일,경상남도 거제시 고현동,중상사고,0,1,4,0,차대차 - 기타,안전운전불이행,건조,맑음,단일로 - 기타,승용,남,31세,상해없음,승용,남,39세,경상
2017021600100050,2017년 2월 16일 02시,목요일,경상남도 김해시 대청동,사망사고,1,0,0,0,차대사람 - 차도통행중,안전운전불이행,건조,맑음,단일로 - 기타,승용,남,49세,상해없음,보행자,여,36세,사망
2017021600100082,2017년 2월 16일 06시,목요일,경상남도 진주시 호탄동,중상사고,0,1,0,0,차대사람 - 횡단중,보행자보호의무위반,건조,맑음,교차로 - 교차로횡단보도내,승용,남,48세,상해없음,보행자,여,69세,중상
2017021600100083,2017년 2월 16일 06시,목요일,경상남도 사천시 정동면,중상사고,0,1,0,0,차대차 - 추돌,안전운전불이행,건조,맑음,교차로 - 교차로부근,화물,남,39세,중상,화물,남,46세,상해없음
2017021600100099,2017년 2월 16일 07시,목요일,경상남도 사천시 사남면,경상사고,0,0,2,4,차대차 - 측면충돌,안전운전불이행,건조,맑음,교차로 - 교차로안,승용,남,21세,부상신고,승용,여,38세,경상
2017021600100100,2017년 2월 16일 07시,목요일,경상남도 김해시 주촌면,경상사고,0,0,1,0,차대사람 - 기타,안전운전불이행,건조,맑음,단일로 - 기타,화물,남,65세,상해없음,보행자,남,45세,경상
2017021600100126,2017년 2월 16일 08시,목요일,경상남도 거제시 고현동,경상사고,0,0,1,0,차대차 - 기타,신호위반,건조,맑음,교차로 - 교차로부근,승용,여,38세,기타불명,자전거,남,63세,경상
2017021600100185,2017년 2월 16일 10시,목요일,경상남도 진주시 대곡면,중상사고,0,1,0,0,차대사람 - 차도통행중,안전운전불이행,건조,맑음,교차로 - 교차로안,승용,남,58세,상해없음,보행자,여,80세,중상
2017021600100186,2017년 2월 16일 10시,목요일,경상남도 밀양시 산내면,중상사고,0,1,0,0,차대사람 - 차도통행중,안전운전불이행,건조,맑음,기타 - 기타,승용,여,59세,상해없음,보행자,여,67세,중상
2017021600100187,2017년 2월 16일 10시,목요일,경상남도 합천군 합천읍,중상사고,0,1,0,0,차대차 - 측면충돌,교차로운행방법위반,건조,맑음,교차로 - 교차로안,승용,남,54세,상해없음,원동기,남,68세,중상
2017021600100188,2017년 2월 16일 10시,목요일,경상남도 창원시 마산합포구 산호동,중상사고,0,1,0,0,차대차 - 측면충돌,안전운전불이행,건조,맑음,교차로 - 교차로안,승용,여,37세,상해없음,자전거,남,8세,중상