사고번호,사고일시,요일,시군구,사고내용,사망자수,중상자수,경상자수,부상신고자수,사고유형,법규위반,노면상태,기상상태,도로형태,가해운전자 차종,가해운전자 성별,가해운전자 연령,가해운전자 상해정도,피해운전자 차종,피해운전자 성별,피해운전자 연령,피해운전자 상해정도
2017021600100189,2017년 2월 16일 10시,목요일,경상남도 김해시 진영읍,중상사고,0,1,0,0,차대차 - 추돌,안전운전불이행,건조,맑음,단일로 - 기타,승합,남,60세,상해없음,자전거,남,72세,중상
2017021600100249,2017년 2월 16일 13시,목요일,경상남도 통영시 정량동,경상사고,0,0,1,0,차대차 - 정면충돌,안전운전불이행,건조,맑음,단일로 - 기타,승용,여,27세,상해없음,승용,남,52세,상해없음
2017021600100250,2017년 2월 16일 13시,목요일,경상남도 통영시 용남면,중상사고,0,1,1,0,차대차 - 추돌,신호위반,건조,맑음,단일로 - 기타,승용,남,58세,상해없음,승용,남,44세,중상
2017021600100279,2017년 2월 16일 14시,목요일,경상남도 진주시 칠암동,경상사고,0,0,2,0,차대사람 - 횡단중,신호위반,건조,맑음,단일로 - 기타,승용,여,49세,상해없음,보행자,여,39세,경상
2017021600100305,2017년 2월 16일 15시,목요일,경상남도 통영시 명정동,경상사고,0,0,1,0,차량단독 - 기타,안전운전불이행,건조,맑음,단일로 - 기타,승용,남,60세,상해없음,,,,
2017021600100306,2017년 2월 16일 15시,목요일,경상남도 김해시 삼계동,사망사고,1,0,0,0,차대사람 - 횡단중,안전운전불이행,건조,맑음,단일로 - 기타,화물,남,68세,상해없음,보행자,여,77세,사망
2017021600100331,2017년 2월 16일 16시,목요일,경상남도 창원시 진해구 안골동,경상사고,0,0,1,0,차대사람 - 기타,안전운전불이행,건조,맑음,교차로 - 교차로안,승용,남,57세,상해없음,보행자,남,21세,경상
2017021600100332,2017년 2월 16일 16시,목요일,경상남도 통영시 광도면,경상사고,0,0,1,0,차대차 - 측면충돌,직진우회전진행방해,건조,맑음,교차로 - 교차로안,승용,남,24세,상해없음,이륜,남,41세,경상
2017021600100333,2017년 2월 16일 16시,목요일,경상남도 김해시 삼방동,중상사고,0,1,0,0,차대차 - 측면충돌,신호위반,건조,맑음,교차로 - 교차로안,원동기,남,19세,중상,승용,남,34세,상해없음
2017021600100355,2017년 2월 16일 17시,목요일,경상남도 김해시 생림면,경상사고,0,0,2,0,차대차 - 측면충돌,중앙선침범,건조,맑음,교차로 - 교차로부근,자전거,여,65세,경상,원동기,남,80세,경상
2017021600100356,2017년 2월 16일 17시,목요일,경상남도 김해시 관동동,경상사고,0,0,1,0,차대차 - 측면충돌,교차로운행방법위반,건조,맑음,교차로 - 교차로안,승용,여,49세,상해없음,이륜,남,56세,경상
2017021600100378,2017년 2월 16일 18시,목요일,경상남도 김해시 응달동,중상사고,0,1,1,0,차대차 - 추돌,안전거리미확보,건조,맑음,단일로 - 기타,승용,여,30세,중상,승용,남,44세,경상
2017021600100410,2017년 2월 16일 18시,목요일,경상남도 진주시 옥봉동,중상사고,0,1,0,0,차대사람 - 횡단중,보행자보호의무위반,젖음/습기,비,단일로 - 기타,화물,남,60세,상해없음,보행자,여,55세,중상
2017021600100436,2017년 2월 16일 19시,목요일,경상남도 창원시 성산구 상남동,중상사고,0,1,0,0,차대사람 - 차도통행중,안전운전불이행,젖음/습기,비,교차로 - 교차로부근,이륜,남,18세,상해없음,보행자,남,32세,중상
2017021600100437,2017년 2월 16일 19시,목요일,경상남도 김해시 주촌면,중상사고,0,1,0,0,차대차 - 측면충돌,신호위반,건조,맑음,교차로 - 교차로안,화물,남,46세,상해없음,승용,남,25세,중상
2017021600100438,2017년 2월 16일 19시,목요일,경상남도 김해시 진영읍,경상사고,0,0,2,0,차대차 - 정면충돌,신호위반,건조,맑음,교차로 - 교차로안,승용,여,56세,경상,승용,여,45세,경상
2017021600100476,2017년 2월 16일 20시,목요일,경상남도 의령군 의령읍,경상사고,0,0,2,0,차대차 - 측면충돌,신호위반,젖음/습기,비,교차로 - 교차로안,화물,남,61세,경상,승용,남,34세,경상
2017021600100503,2017년 2월 16일 21시,목요일,경상남도 양산시 유산동,경상사고,0,0,1,0,차대차 - 측면충돌,중앙선침범,젖음/습기,비,교차로 - 교차로부근,승용,남,59세,상해없음,승용,남,28세,경상
2017021600100544,2017년 2월 16일 22시,목요일,경상남도 김해시 삼계동,중상사고,0,1,0,0,차대사람 - 횡단중,안전운전불이행,젖음/습기,비,교차로 - 교차로부근,승용,남,38세,상해없음,보행자,여,43세,중상
2017021600100545,2017년 2월 16일 22시,목요일,경상남도 거제시 옥포동,경상사고,0,0,1,0,차대차 - 기타,안전운전불이행,젖음/습기,비,교차로 - 교차로안,승용,남,59세,상해없음,이륜,남,17세,경상
2017021600100581,2017년 2월 16일 23시,목요일,경상남도 창원시 마산합포구 진동면,경상사고,0,0,1,0,차대차 - 추돌,안전운전불이행,젖음/습기,비,교차로 - 교차로부근,승용,남,30세,상해없음,승용,남,39세,경상
2017021600100582,2017년 2월 16일 23시,목요일,경상남도 밀양시 초동면,경상사고,0,0,1,0,차대차 - 추돌,안전운전불이행,건조,흐림,단일로 - 기타,승용,남,61세,상해없음,농기계,남,58세,경상
2017021600100583,2017년 2월 16일 23시,목요일,경상남도 김해시 외동,중상사고,0,1,0,0,차대사람 - 횡단중,안전운전불이행,젖음/습기,비,단일로 - 기타,승용,여,48세,상해없음,보행자,남,56세,중상
2017021700100063,2017년 2월 17일 01시,금요일,경상남도 사천시 사천읍,중상사고,0,1,0,0,차대사람 - 횡단중,안전운전불이행,젖음/습기,비,교차로 - 교차로안,승용,남,53세,상해없음,보행자,남,40세,중상
2017021700100092,2017년 2월 17일 04시,금요일,경상남도 통영시 무전동,경상사고,0,0,2,0,차대차 - 측면충돌,신호위반,건조,맑음,교차로 - 교차로안,승합,남,61세,상해없음,승용,남,51세,경상
2017021700100119,2017년 2월 17일 06시,금요일,경상남도 김해시 부곡동,중상사고,0,1,0,0,차대사람 - 횡단중,보행자보호의무위반,건조,맑음,교차로 - 교차로횡단보도내,화물,남,56세,상해없음,보행자,여,61세,중상
2017021700100139,2017년 2월 17일 07시,금요일,경상남도 김해시 내덕동,중상사고,0,1,0,0,차대차 - 측면충돌,신호위반,건조,맑음,교차로 - 교차로안,화물,남,54세,상해없음,승용,남,49세,중상
2017021700100186,2017년 2월 17일 09시,금요일,경상남도 거제시 고현동,경상사고,0,0,1,0,차대차 - 측면충돌,안전운전불이행,건조,맑음,단일로 - 기타,승용,남,35세,상해없음,승용,여,30세,경상
2017021700100213,2017년 2월 17일 10시,금요일,경상남도 김해시 부곡동,중상사고,0,1,0,0,차대차 - 측면충돌,교차로운행방법위반,건조,맑음,교차로 - 교차로안,승용,남,49세,상해없음,승용,남,67세,상해없음
2017021700100234,2017년 2월 17일 11시,금요일,경상남도 사천시 죽림동,중상사고,0,1,0,0,차대차 - 측면충돌,중앙선침범,건조,맑음,단일로 - 기타,화물,남,56세,상해없음,원동기,남,65세,중상
2017021700100235,2017년 2월 17일 11시,금요일,경상남도 창원시 성산구 상남동,중상사고,0,1,0,0,차대사람 - 횡단중,안전운전불이행,건조,맑음,단일로 - 기타,승용,여,44세,상해없음,보행자,여,62세,중상
2017021700100264,2017년 2월 17일 12시,금요일,경상남도 통영시 봉평동,중상사고,0,1,0,0,차대사람 - 횡단중,보행자보호의무위반,건조,맑음,단일로 - 기타,승용,남,34세,상해없음,보행자,남,62세,중상
2017021700100265,2017년 2월 17일 12시,금요일,경상남도 진주시 가좌동,중상사고,0,1,2,0,차대차 - 측면충돌,안전운전불이행,건조,맑음,단일로 - 기타,건설기계,남,57세,상해없음,승용,남,36세,경상
2017021700100288,2017년 2월 17일 13시,금요일,경상남도 산청군 산청읍,경상사고,0,0,1,0,차대차 - 측면충돌,안전운전불이행,건조,맑음,교차로 - 교차로부근,화물,남,53세,상해없음,이륜,남,75세,경상
2017021700100314,2017년 2월 17일 14시,금요일,경상남도 밀양시 삼문동,중상사고,0,1,0,0,차대사람 - 횡단중,안전운전불이행,건조,맑음,단일로 - 기타,승용,여,44세,상해없음,보행자,여,67세,중상
2017021700100348,2017년 2월 17일 15시,금요일,경상남도 창원시 진해구 석동,중상사고,0,1,0,0,차대사람 - 보도통행중,기타,건조,맑음,단일로 - 기타,자전거,남,13세,상해없음,보행자,남,66세,중상
2017021700100349,2017년 2월 17일 15시,금요일,경상남도 김해시 생림면,중상사고,0,1,1,0,차대차 - 측면충돌,안전운전불이행,건조,맑음,단일로 - 기타,화물,남,52세,경상,승용,남,46세,상해없음
2017021700100383,2017년 2월 17일 16시,금요일,경상남도 창원시 의창구 명서동,경상사고,0,0,2,0,차대차 - 측면충돌,교차로운행방법위반,건조,맑음,교차로 - 교차로안,승용,남,38세,상해없음,승용,남,33세,경상
2017021700100422,2017년 2월 17일 17시,금요일,경상남도 양산시 남부동,중상사고,0,1,0,0,차대차 - 정면충돌,안전운전불이행,건조,맑음,단일로 - 기타,자전거,여,53세,중상,이륜,남,48세,상해없음
2017021700100423,2017년 2월 17일 17시,금요일,경상남도 남해군 서면,경상사고,0,0,1,0,차량단독 - 전도전복 - 전도,안전운전불이행,건조,맑음,단일로 - 기타,화물,여,52세,경상,,,,
2017021700100424,2017년 2월 17일 17시,금요일,경상남도 김해시 부곡동,중상사고,0,1,0,0,차대차 - 측면충돌,신호위반,건조,맑음,교차로 - 교차로안,승용,여,38세,상해없음,화물,남,41세,중상
2017021700100466,2017년 2월 17일 18시,금요일,경상남도 통영시 정량동,경상사고,0,0,3,0,차대차 - 추돌,교차로운행방법위반,건조,맑음,교차로 - 교차로안,승용,여,34세,상해없음,승용,여,36세,경상
2017021700100467,2017년 2월 17일 18시,금요일,경상남도 사천시 용현면,중상사고,0,1,1,0,차대차 - 추돌,안전운전불이행,건조,맑음,단일로 - 기타,승용,남,43세,상해없음,화물,여,63세,중상
2017021700100468,2017년 2월 17일 18시,금요일,경상남도 김해시 어방동,경상사고,0,0,1,0,차대사람 - 횡단중,안전운전불이행,건조,맑음,기타 - 기타,승용,남,36세,상해없음,보행자,여,58세,경상
2017021700100469,2017년 2월 17일 18시,금요일,경상남도 양산시 유산동,부상신고사고,0,0,0,1,차대차 - 정면충돌,안전거리미확보,건조,맑음,교차로 - 교차로안,이륜,남,40세,부상신고,승용,여,33세,상해없음
2017021700100470,2017년 2월 17일 18시,금요일,경상남도 함안군 산인면,경상사고,0,0,2,0,차대차 - 기타,안전운전불이행,건조,맑음,단일로 - 기타,승용,남,23세,상해없음,승용,여,39세,경상
2017021700100491,2017년 2월 17일 19시,금요일,경상남도 김해시 대동면,경상사고,0,0,1,0,차대차 - 측면충돌,안전운전불이행,건조,맑음,단일로 - 기타,승용,여,36세,상해없음,승용,남,40세,경상
2017021700100507,2017년 2월 17일 19시,금요일,경상남도 통영시 광도면,중상사고,0,1,0,0,차대사람 - 횡단중,안전운전불이행,건조,맑음,단일로 - 기타,승용,남,35세,상해없음,보행자,남,44세,중상
2017021700100508,2017년 2월 17일 19시,금요일,경상남도 밀양시 삼랑진읍,사망사고,1,0,0,0,차대사람 - 차도통행중,안전운전불이행,건조,맑음,단일로 - 기타,승용,남,33세,상해없음,보행자,남,56세,사망
2017021700100509,2017년 2월 17일 19시,금요일,경상남도 거창군 거창읍,부상신고사고,0,0,0,1,차대사람 - 길가장자리구역통행중,중앙선침범,건조,맑음,교차로 - 교차로부근,승용,남,57세,상해없음,보행자,남,56세,부상신고
2017021700100510,2017년 2월 17일 19시,금요일,경상남도 창원시 마산회원구 구암동,중상사고,0,1,1,0,차대차 - 추돌,안전운전불이행,건조,맑음,단일로 - 기타,화물,남,60세,상해없음,승용,남,57세,중상
2017021700100555,2017년 2월 17일 21시,금요일,경상남도 양산시 동면,중상사고,0,2,0,0,차대차 - 추돌,안전운전불이행,건조,맑음,단일로 - 기타,승용,남,51세,중상,화물,남,32세,중상
2017021700100567,2017년 2월 17일 21시,금요일,경상남도 김해시 삼계동,중상사고,0,1,0,0,차대차 - 기타,중앙선침범,건조,맑음,단일로 - 기타,승용,남,53세,상해없음,원동기,남,17세,중상
2017021700100568,2017년 2월 17일 21시,금요일,경상남도 창원시 마산회원구 내서읍,경상사고,0,0,1,0,차대차 - 측면충돌,안전운전불이행,건조,맑음,교차로 - 교차로부근,승용,여,24세,상해없음,승용,남,43세,경상
2017021700100599,2017년 2월 17일 22시,금요일,경상남도 사천시 벌리동,경상사고,0,0,1,0,차대사람 - 횡단중,안전운전불이행,건조,맑음,교차로 - 교차로안,승용,남,32세,상해없음,보행자,남,63세,경상
2017021700100619,2017년 2월 17일 23시,금요일,경상남도 사천시 정동면,중상사고,0,1,0,0,차대차 - 측면충돌,안전운전불이행,건조,맑음,교차로 - 교차로안,원동기,남,17세,상해없음,자전거,여,56세,중상
2017021800100034,2017년 2월 18일 00시,토요일,경상남도 창원시 진해구 석동,사망사고,1,0,0,0,차대사람 - 횡단중,안전운전불이행,건조,맑음,교차로 - 교차로횡단보도내,승용,남,66세,상해없음,보행자,남,64세,사망
2017021800100035,2017년 2월 18일 00시,토요일,경상남도 양산시 남부동,중상사고,0,1,1,3,차대차 - 정면충돌,교차로운행방법위반,건조,맑음,교차로 - 교차로안,승용,남,36세,상해없음,승용,여,28세,중상
2017021800100055,2017년 2월 18일 01시,토요일,경상남도 거제시 장평동,경상사고,0,0,1,0,차대차 - 추돌,안전운전불이행,건조,맑음,단일로 - 기타,승용,남,24세,상해없음,자전거,남,33세,경상
2017021800100079,2017년 2월 18일 03시,토요일,경상남도 함양군 함양읍,중상사고,0,1,1,0,차대차 - 측면충돌,기타,건조,맑음,교차로 - 교차로안,원동기,남,21세,중상,승용,남,18세,상해없음
2017021800100080,2017년 2월 18일 03시,토요일,경상남도 양산시 덕계동,중상사고,0,1,0,0,차량단독 - 전도전복,안전운전불이행,건조,맑음,단일로 - 기타,화물,남,35세,중상,미분류,미분류,미분류,미분류
2017021800100202,2017년 2월 18일 10시,토요일,경상남도 김해시 안동,중상사고,0,1,0,0,차대사람 - 횡단중,안전운전불이행,건조,맑음,교차로 - 교차로안,화물,남,61세,상해없음,보행자,남,57세,중상
2017021800100203,2017년 2월 18일 10시,토요일,경상남도 남해군 창선면,중상사고,0,2,0,0,차대차 - 측면충돌,중앙선침범,건조,맑음,단일로 - 기타,승용,남,28세,상해없음,승용,여,68세,중상
2017021800100265,2017년 2월 18일 12시,토요일,경상남도 진주시 상대동,중상사고,0,1,0,0,차대차 - 측면충돌,안전운전불이행,건조,맑음,교차로 - 교차로안,승용,남,45세,상해없음,원동기,남,22세,중상
2017021800100296,2017년 2월 18일 13시,토요일,경상남도 진주시 이반성면,중상사고,0,1,0,0,차대차 - 추돌,안전운전불이행,건조,맑음,교차로 - 교차로부근,화물,남,58세,상해없음,승용,남,57세,중상
2017021800100324,2017년 2월 18일 14시,토요일,경상남도 창원시 마산합포구 완월동,사망사고,1,0,0,0,차대사람 - 횡단중,과속,건조,맑음,교차로 - 교차로부근,승용,남,24세,상해없음,보행자,여,75세,사망
2017021800100325,2017년 2월 18일 14시,토요일,경상남도 창원시 성산구 남양동,경상사고,0,0,1,0,차대차 - 측면충돌,중앙선침범,건조,맑음,교차로 - 교차로부근,승합,남,54세,상해없음,원동기,남,28세,경상
2017021800100326,2017년 2월 18일 14시,토요일,경상남도 창원시 의창구 동읍,경상사고,0,0,1,0,차대차 - 추돌,안전운전불이행,건조,맑음,단일로 - 기타,화물,남,24세,상해없음,승용,여,29세,경상
2017021800100361,2017년 2월 18일 15시,토요일,경상남도 창원시 진해구 석동,경상사고,0,0,1,0,차대사람 - 횡단중,교차로운행방법위반,건조,맑음,교차로 - 교차로안,승용,여,48세,상해없음,보행자,여,76세,경상
2017021800100389,2017년 2월 18일 16시,토요일,경상남도 김해시 구산동,경상사고,0,0,2,0,차대차 - 정면충돌,안전운전불이행,건조,맑음,단일로 - 기타,승용,남,54세,경상,승용,남,30세,경상
2017021800100390,2017년 2월 18일 16시,토요일,경상남도 양산시 평산동,중상사고,0,1,0,0,차대차 - 측면충돌,안전운전불이행,건조,맑음,단일로 - 기타,화물,남,47세,상해없음,이륜,남,57세,중상
2017021800100419,2017년 2월 18일 17시,토요일,경상남도 김해시 삼방동,경상사고,0,0,1,0,차량단독 - 전도전복 - 전도,안전운전불이행,건조,맑음,단일로 - 기타,승용,여,42세,경상,,,,
2017021800100474,2017년 2월 18일 19시,토요일,경상남도 김해시 전하동,경상사고,0,0,2,0,차대차 - 추돌,안전운전불이행,건조,맑음,교차로 - 교차로부근,화물,남,59세,상해없음,승용,남,55세,경상
2017021800100531,2017년 2월 18일 21시,토요일,경상남도 통영시 서호동,경상사고,0,0,1,0,차대사람 - 횡단중,보행자보호의무위반,건조,맑음,교차로 - 교차로횡단보도내,기타불명,기타불명,미분류,기타불명,보행자,여,72세,경상
2017021800100550,2017년 2월 18일 22시,토요일,경상남도 창원시 성산구 대방동,중상사고,0,1,0,0,차대차 - 측면충돌,안전운전불이행,건조,맑음,단일로 - 기타,승용,남,31세,상해없음,원동기,남,22세,중상
2017021800100551,2017년 2월 18일 22시,토요일,경상남도 창원시 성산구 성주동,경상사고,0,0,1,0,차대차 - 측면충돌,안전운전불이행,건조,맑음,단일로 - 기타,승합,남,57세,상해없음,승용,남,58세,상해없음
2017021800100573,2017년 2월 18일 23시,토요일,경상남도 김해시 삼방동,경상사고,0,0,2,0,차대차 - 기타,안전운전불이행,건조,맑음,단일로 - 기타,원동기,남,31세,경상,승용,남,29세,상해없음
2017021900100021,2017년 2월 19일 00시,일요일,경상남도 김해시 관동동,경상사고,0,0,1,0,차대차 - 측면충돌,신호위반,건조,맑음,교차로 - 교차로안,승용,남,34세,상해없음,승합,남,67세,경상
2017021900100078,2017년 2월 19일 04시,일요일,경상남도 김해시 외동,중상사고,0,1,0,0,차대사람 - 횡단중,안전운전불이행,건조,맑음,교차로 - 교차로횡단보도내,승용,남,51세,상해없음,보행자,여,22세,중상
2017021900100079,2017년 2월 19일 04시,일요일,경상남도 창원시 마산회원구 합성동,사망사고,1,0,0,0,차대사람 - 기타,안전운전불이행,건조,맑음,단일로 - 기타,승용,남,58세,상해없음,보행자,여,19세,사망
2017021900100099,2017년 2월 19일 06시,일요일,경상남도 창원시 진해구 원포동,중상사고,0,1,0,0,차량단독 - 전도전복 - 전도,안전운전불이행,건조,맑음,단일로 - 기타,승용,남,25세,상해없음,,,,
2017021900100107,2017년 2월 19일 07시,일요일,경상남도 김해시 삼계동,중상사고,0,1,0,0,차대차 - 기타,신호위반,건조,맑음,교차로 - 교차로안,승용,남,61세,상해없음,승용,남,42세,중상
2017021900100108,2017년 2월 19일 07시,일요일,경상남도 창원시 성산구 귀곡동,경상사고,0,0,1,0,차대차 - 측면충돌,안전운전불이행,건조,맑음,단일로 - 기타,원동기,남,49세,경상,승용,남,36세,상해없음
2017021900100117,2017년 2월 19일 08시,일요일,경상남도 양산시 물금읍,중상사고,0,1,0,0,차대차 - 정면충돌,신호위반,건조,맑음,교차로 - 교차로안,승용,남,42세,상해없음,승용,여,29세,중상
2017021900100193,2017년 2월 19일 13시,일요일,경상남도 양산시 물금읍,중상사고,0,1,0,0,차대차 - 측면충돌,중앙선침범,건조,맑음,교차로 - 교차로부근,승용,남,34세,상해없음,원동기,남,20세,중상
2017021900100194,2017년 2월 19일 13시,일요일,경상남도 고성군 고성읍,중상사고,0,1,0,0,차대사람 - 횡단중,보행자보호의무위반,건조,맑음,교차로 - 교차로횡단보도내,승용,남,50세,상해없음,보행자,여,10세,중상
2017021900100234,2017년 2월 19일 15시,일요일,경상남도 창원시 마산회원구 구암동,중상사고,0,1,0,0,차대차 - 측면충돌,중앙선침범,건조,맑음,단일로 - 기타,승용,남,49세,상해없음,화물,남,42세,중상
2017021900100312,2017년 2월 19일 18시,일요일,경상남도 밀양시 내이동,경상사고,0,0,1,0,차대차 - 측면충돌,중앙선침범,건조,흐림,교차로 - 교차로부근,화물,남,56세,상해없음,승용,여,42세,경상
2017021900100313,2017년 2월 19일 18시,일요일,경상남도 합천군 대양면,중상사고,0,1,2,0,차대차 - 정면충돌,교차로운행방법위반,건조,맑음,교차로 - 교차로안,승용,여,62세,상해없음,승용,남,43세,경상
2017021900100341,2017년 2월 19일 19시,일요일,경상남도 창원시 성산구 가음동,경상사고,0,0,1,0,차대차 - 추돌,안전운전불이행,건조,맑음,단일로 - 기타,화물,남,60세,상해없음,승용,여,34세,경상
2017021900100342,2017년 2월 19일 19시,일요일,경상남도 창원시 마산회원구 회원동,경상사고,0,0,1,0,차대사람 - 횡단중,보행자보호의무위반,건조,맑음,단일로 - 기타,승용,남,34세,상해없음,보행자,남,61세,경상
2017021900100369,2017년 2월 19일 20시,일요일,경상남도 사천시 사천읍,경상사고,0,0,1,0,차대사람 - 길가장자리구역통행중,안전운전불이행,건조,맑음,교차로 - 교차로부근,승용,남,53세,상해없음,보행자,남,52세,경상
2017021900100370,2017년 2월 19일 20시,일요일,경상남도 거제시 일운면,경상사고,0,0,1,0,차대사람 - 횡단중,안전운전불이행,건조,흐림,기타 - 기타,승용,남,64세,상해없음,보행자,남,49세,경상
2017021900100397,2017년 2월 19일 21시,일요일,경상남도 사천시 사남면,경상사고,0,0,1,0,차대차 - 측면충돌,안전운전불이행,건조,맑음,단일로 - 기타,승용,남,24세,상해없음,이륜,남,16세,경상
2017021900100398,2017년 2월 19일 21시,일요일,경상남도 거제시 옥포동,경상사고,0,0,1,0,차대사람 - 횡단중,안전운전불이행,건조,맑음,교차로 - 교차로안,특수,남,30세,상해없음,보행자,남,57세,경상
2017021900100399,2017년 2월 19일 21시,일요일,경상남도 김해시 한림면,부상신고사고,0,0,0,1,차량단독 - 전도전복,안전운전불이행,건조,맑음,단일로 - 기타,승용,남,43세,부상신고,미분류,미분류,미분류,미분류
2017021900100445,2017년 2월 19일 23시,일요일,경상남도 창원시 의창구 사림동,경상사고,0,0,1,0,차대차 - 측면충돌,신호위반,건조,맑음,교차로 - 교차로안,승용,남,55세,상해없음,승용,남,31세,경상
2017022000100018,2017년 2월 20일 00시,월요일,경상남도 사천시 송포동,중상사고,0,1,0,1,차대차 - 측면충돌,신호위반,건조,맑음,교차로 - 교차로안,승용,남,58세,상해없음,승용,남,29세,부상신고
2017022000100019,2017년 2월 20일 00시,월요일,경상남도 창원시 성산구 상남동,경상사고,0,0,2,0,차대차 - 측면충돌,신호위반,건조,맑음,교차로 - 교차로안,승용,남,60세,상해없음,승용,남,44세,경상
2017022000100059,2017년 2월 20일 06시,월요일,경상남도 김해시 지내동,중상사고,0,1,0,0,차대사람 - 횡단중,신호위반,젖음/습기,비,교차로 - 교차로부근,건설기계,남,46세,상해없음,보행자,여,72세,중상
2017022000100060,2017년 2월 20일 06시,월요일,경상남도 거제시 장평동,경상사고,0,0,1,0,차대차 - 추돌,안전운전불이행,건조,맑음,단일로 - 기타,승용,남,37세,상해없음,자전거,남,64세,경상
2017022000100075,2017년 2월 20일 07시,월요일,경상남도 김해시 부원동,중상사고,0,1,0,0,차대차 - 추돌,안전운전불이행,젖음/습기,비,단일로 - 기타,승용,남,79세,상해없음,승용,남,40세,중상
2017022000100083,2017년 2월 20일 07시,월요일,경상남도 창원시 진해구 이동,경상사고,0,0,1,0,차대사람 - 횡단중,교차로운행방법위반,건조,맑음,교차로 - 교차로안,승용,남,36세,상해없음,보행자,여,83세,경상
2017022000100084,2017년 2월 20일 07시,월요일,경상남도 사천시 벌리동,중상사고,0,1,0,0,차대사람 - 횡단중,안전운전불이행,건조,맑음,교차로 - 교차로부근,승용,여,52세,상해없음,보행자,여,77세,중상
2017022000100108,2017년 2월 20일 08시,월요일,경상남도 양산시 중부동,경상사고,0,0,1,0,차대차 - 추돌,안전운전불이행,젖음/습기,흐림,단일로 - 기타,승용,여,51세,상해없음,승용,남,54세,경상
2017022000100134,2017년 2월 20일 09시,월요일,경상남도 양산시 동면,중상사고,0,2,0,0,차대차 - 정면충돌,중앙선침범,젖음/습기,비,단일로 - 기타,화물,여,64세,상해없음,승용,남,46세,중상
2017022000100159,2017년 2월 20일 10시,월요일,경상남도 양산시 평산동,경상사고,0,0,1,0,차대차 - 측면충돌,안전운전불이행,건조,맑음,단일로 - 기타,승용,남,38세,상해없음,승합,남,45세,상해없음
2017022000100192,2017년 2월 20일 11시,월요일,경상남도 진주시 인사동,중상사고,0,1,0,0,차대사람 - 기타,기타,건조,맑음,교차로 - 교차로안,승합,남,52세,상해없음,보행자,여,81세,중상
2017022000100193,2017년 2월 20일 11시,월요일,경상남도 김해시 지내동,중상사고,0,1,0,0,차대사람 - 횡단중,안전운전불이행,건조,맑음,교차로 - 교차로안,승용,여,35세,상해없음,보행자,여,68세,중상
2017022000100194,2017년 2월 20일 11시,월요일,경상남도 양산시 신기동,경상사고,0,0,1,0,차대차 - 추돌,안전거리미확보,건조,맑음,단일로 - 기타,화물,남,52세,상해없음,승용,여,54세,경상
2017022000100195,2017년 2월 20일 11시,월요일,경상남도 창원시 성산구 상남동,중상사고,0,4,0,0,차대차 - 측면충돌,신호위반,건조,맑음,교차로 - 교차로안,승용,여,45세,상해없음,승용,남,46세,상해없음
2017022000100219,2017년 2월 20일 12시,월요일,경상남도 창녕군 계성면,중상사고,0,1,0,1,차대차 - 측면충돌,신호위반,건조,맑음,교차로 - 교차로안,화물,남,61세,부상신고,승용,여,55세,중상
2017022000100220,2017년 2월 20일 12시,월요일,경상남도 산청군 시천면,경상사고,0,0,1,0,차대사람 - 차도통행중,안전운전불이행,건조,맑음,단일로 - 기타,화물,남,49세,상해없음,보행자,여,43세,경상
2017022000100238,2017년 2월 20일 13시,월요일,경상남도 함양군 지곡면,중상사고,0,2,1,0,차대차 - 추돌,안전운전불이행,건조,맑음,단일로 - 기타,승합,남,68세,상해없음,승용,남,56세,경상
2017022000100272,2017년 2월 20일 14시,월요일,경상남도 창원시 마산합포구 상남동,중상사고,0,1,0,0,차대사람 - 보도통행중,안전운전불이행,건조,맑음,단일로 - 기타,화물,남,67세,상해없음,보행자,남,72세,중상
2017022000100273,2017년 2월 20일 14시,월요일,경상남도 진주시 신안동,중상사고,0,1,0,0,차대차 - 정면충돌,신호위반,건조,맑음,교차로 - 교차로안,원동기,남,60세,중상,승용,남,31세,상해없음
2017022000100274,2017년 2월 20일 14시,월요일,경상남도 통영시 태평동,경상사고,0,0,1,0,차대사람 - 기타,안전운전불이행,건조,맑음,단일로 - 기타,화물,남,57세,상해없음,보행자,여,76세,경상
2017022000100275,2017년 2월 20일 14시,월요일,경상남도 밀양시 삼문동,중상사고,0,1,0,0,차대사람 - 횡단중,안전운전불이행,건조,맑음,교차로 - 교차로안,승용,남,59세,상해없음,보행자,남,80세,중상
2017022000100276,2017년 2월 20일 14시,월요일,경상남도 산청군 금서면,경상사고,0,0,1,0,차대차 - 측면충돌,안전운전불이행,건조,맑음,교차로 - 교차로안,이륜,남,50세,경상,승용,남,80세,상해없음
2017022000100285,2017년 2월 20일 15시,월요일,경상남도 김해시 대동면,중상사고,0,1,2,0,차대차 - 추돌,안전운전불이행,건조,맑음,단일로 - 기타,승용,여,48세,상해없음,승용,여,63세,경상
2017022000100295,2017년 2월 20일 15시,월요일,경상남도 진주시 초전동,중상사고,0,3,1,0,차대차 - 측면충돌,안전운전불이행,건조,맑음,교차로 - 교차로안,승용,남,76세,경상,승용,남,20세,중상
2017022000100296,2017년 2월 20일 15시,월요일,경상남도 진주시 하대동,중상사고,0,1,0,0,차대사람 - 횡단중,보행자보호의무위반,건조,맑음,교차로 - 교차로횡단보도내,승용,남,67세,상해없음,보행자,여,19세,중상
2017022000100297,2017년 2월 20일 15시,월요일,경상남도 통영시 광도면,중상사고,0,1,1,0,차대차 - 측면충돌,중앙선침범,건조,맑음,단일로 - 기타,화물,남,55세,중상,화물,남,67세,경상