사고번호,사고일시,요일,시군구,사고내용,사망자수,중상자수,경상자수,부상신고자수,사고유형,법규위반,노면상태,기상상태,도로형태,가해운전자 차종,가해운전자 성별,가해운전자 연령,가해운전자 상해정도,피해운전자 차종,피해운전자 성별,피해운전자 연령,피해운전자 상해정도
2017022000100298,2017년 2월 20일 15시,월요일,경상남도 김해시 삼방동,중상사고,0,1,0,0,차대사람 - 횡단중,신호위반,건조,맑음,단일로 - 기타,승합,남,50세,상해없음,보행자,남,10세,중상
2017022000100299,2017년 2월 20일 15시,월요일,경상남도 김해시 구산동,중상사고,0,1,0,0,차대차 - 측면충돌,안전운전불이행,건조,맑음,단일로 - 기타,자전거,남,34세,중상,승합,남,55세,상해없음
2017022000100300,2017년 2월 20일 15시,월요일,경상남도 창원시 마산회원구 봉암동,중상사고,0,1,0,0,차대차 - 기타,안전운전불이행,건조,맑음,교차로 - 교차로부근,승용,남,50세,상해없음,자전거,남,68세,중상
2017022000100333,2017년 2월 20일 16시,월요일,경상남도 창원시 마산합포구 신포동1가,중상사고,0,1,0,0,차대차 - 기타,안전운전불이행,건조,맑음,단일로 - 기타,건설기계,남,56세,상해없음,이륜,남,50세,중상
2017022000100334,2017년 2월 20일 16시,월요일,경상남도 창원시 의창구 동정동,중상사고,0,1,0,0,차대차 - 측면충돌,안전운전불이행,건조,맑음,단일로 - 기타,특수,남,36세,상해없음,승용,여,44세,중상
2017022000100393,2017년 2월 20일 18시,월요일,경상남도 진주시 주약동,중상사고,0,1,0,0,차대차 - 측면충돌,신호위반,건조,맑음,교차로 - 교차로안,승용,여,59세,상해없음,원동기,남,30세,중상
2017022000100394,2017년 2월 20일 18시,월요일,경상남도 거제시 옥포동,중상사고,0,1,0,0,차대차 - 정면충돌,교차로운행방법위반,건조,맑음,단일로 - 기타,승용,남,62세,상해없음,자전거,남,25세,중상
2017022000100429,2017년 2월 20일 19시,월요일,경상남도 창원시 마산합포구 신포동2가,중상사고,0,1,2,0,차대차 - 측면충돌,신호위반,건조,맑음,교차로 - 교차로안,승용,남,31세,경상,승용,남,52세,경상
2017022000100430,2017년 2월 20일 19시,월요일,경상남도 양산시 물금읍,경상사고,0,0,1,0,차대차 - 측면충돌,신호위반,건조,맑음,교차로 - 교차로안,승합,남,70세,상해없음,승용,여,46세,경상
2017022000100431,2017년 2월 20일 19시,월요일,경상남도 김해시 진영읍,중상사고,0,1,0,0,차대차 - 측면충돌,안전운전불이행,건조,맑음,단일로 - 기타,승용,남,42세,상해없음,이륜,남,17세,중상
2017022000100505,2017년 2월 20일 22시,월요일,경상남도 김해시 동상동,경상사고,0,0,3,0,차대차 - 측면충돌,안전운전불이행,건조,맑음,단일로 - 기타,승용,남,33세,상해없음,승용,남,48세,경상
2017022000100523,2017년 2월 20일 23시,월요일,경상남도 합천군 초계면,중상사고,0,1,0,0,차량단독 - 전도전복,안전운전불이행,건조,맑음,교차로 - 교차로안,화물,남,59세,중상,미분류,미분류,미분류,미분류
2017022100100031,2017년 2월 21일 00시,화요일,경상남도 창원시 마산합포구 오동동,경상사고,0,0,1,0,차대사람 - 길가장자리구역통행중,안전운전불이행,건조,맑음,단일로 - 기타,승용,여,45세,상해없음,보행자,남,32세,경상
2017022100100050,2017년 2월 21일 02시,화요일,경상남도 창원시 성산구 상남동,중상사고,0,1,2,0,차대차 - 측면충돌,신호위반,건조,맑음,교차로 - 교차로안,승용,남,50세,상해없음,승용,남,26세,경상
2017022100100084,2017년 2월 21일 06시,화요일,경상남도 양산시 유산동,사망사고,1,0,0,0,차대차 - 측면충돌,안전거리미확보,건조,맑음,단일로 - 기타,특수,남,44세,상해없음,원동기,남,72세,사망
2017022100100103,2017년 2월 21일 07시,화요일,경상남도 창원시 진해구 원포동,중상사고,0,1,1,0,차대차 - 측면충돌,중앙선침범,건조,맑음,단일로 - 기타,승용,남,35세,중상,승용,남,43세,경상
2017022100100147,2017년 2월 21일 09시,화요일,경상남도 양산시 북부동,경상사고,0,0,1,0,차대차 - 측면충돌,교차로운행방법위반,건조,맑음,교차로 - 교차로안,승용,남,50세,경상,승용,남,42세,상해없음
2017022100100170,2017년 2월 21일 10시,화요일,경상남도 진주시 칠암동,중상사고,0,1,0,0,차대차 - 측면충돌,안전운전불이행,건조,맑음,단일로 - 기타,화물,남,76세,상해없음,승용,남,62세,중상
2017022100100171,2017년 2월 21일 10시,화요일,경상남도 창원시 진해구 장천동,경상사고,0,0,2,0,차대차 - 추돌,안전운전불이행,건조,맑음,단일로 - 기타,승합,남,58세,기타불명,승용,여,36세,경상
2017022100100172,2017년 2월 21일 10시,화요일,경상남도 사천시 축동면,경상사고,0,0,1,0,차대차 - 추돌,안전운전불이행,건조,맑음,단일로 - 기타,승용,남,58세,상해없음,화물,여,58세,경상
2017022100100173,2017년 2월 21일 10시,화요일,경상남도 사천시 사천읍,경상사고,0,0,1,0,차대차 - 측면충돌,안전운전불이행,건조,맑음,교차로 - 교차로안,자전거,남,81세,경상,승용,여,38세,상해없음
2017022100100174,2017년 2월 21일 10시,화요일,경상남도 창녕군 창녕읍,경상사고,0,0,1,0,차대차 - 기타,안전운전불이행,건조,맑음,교차로 - 교차로안,승용,여,29세,상해없음,원동기,남,73세,경상
2017022100100175,2017년 2월 21일 10시,화요일,경상남도 양산시 평산동,경상사고,0,0,1,0,차대차 - 정면충돌,안전거리미확보,건조,맑음,교차로 - 교차로안,화물,남,52세,상해없음,화물,남,60세,경상
2017022100100176,2017년 2월 21일 10시,화요일,경상남도 양산시 북부동,경상사고,0,0,1,0,차대차 - 측면충돌,기타,건조,맑음,교차로 - 교차로안,승용,여,58세,상해없음,승용,남,35세,경상
2017022100100177,2017년 2월 21일 10시,화요일,경상남도 창원시 의창구 중동,중상사고,0,1,0,0,차대차 - 측면충돌,신호위반,건조,맑음,교차로 - 교차로안,승용,남,34세,상해없음,화물,남,76세,중상
2017022100100205,2017년 2월 21일 11시,화요일,경상남도 창원시 마산회원구 합성동,경상사고,0,0,1,0,차대사람 - 차도통행중,안전운전불이행,건조,맑음,교차로 - 교차로부근,화물,남,33세,상해없음,보행자,여,60세,경상
2017022100100247,2017년 2월 21일 13시,화요일,경상남도 함양군 백전면,중상사고,0,1,1,0,차대차 - 측면충돌,교차로운행방법위반,건조,맑음,교차로 - 교차로안,승용,남,66세,상해없음,승용,남,69세,경상
2017022100100282,2017년 2월 21일 14시,화요일,경상남도 밀양시 내이동,경상사고,0,0,1,0,차대사람 - 횡단중,보행자보호의무위반,건조,맑음,교차로 - 교차로안,화물,남,24세,상해없음,보행자,여,51세,경상
2017022100100283,2017년 2월 21일 14시,화요일,경상남도 양산시 물금읍,경상사고,0,0,1,0,차대사람 - 횡단중,보행자보호의무위반,건조,맑음,교차로 - 교차로횡단보도내,승용,남,69세,상해없음,보행자,남,9세,경상
2017022100100284,2017년 2월 21일 14시,화요일,경상남도 창원시 마산합포구 산호동,중상사고,0,1,0,0,차대사람 - 차도통행중,안전운전불이행,건조,맑음,단일로 - 기타,승용,남,43세,상해없음,보행자,여,56세,중상
2017022100100303,2017년 2월 21일 15시,화요일,경상남도 창녕군 부곡면,중상사고,0,1,0,0,차대차 - 기타,안전운전불이행,건조,맑음,교차로 - 교차로부근,승용,여,60세,상해없음,이륜,남,80세,중상
2017022100100334,2017년 2월 21일 16시,화요일,경상남도 밀양시 삼문동,경상사고,0,0,1,0,차대사람 - 횡단중,안전운전불이행,건조,맑음,단일로 - 기타,승용,남,43세,기타불명,보행자,여,71세,경상
2017022100100335,2017년 2월 21일 16시,화요일,경상남도 거제시 거제면,경상사고,0,0,1,0,차대차 - 추돌,안전거리미확보,건조,맑음,교차로 - 교차로부근,승용,남,44세,상해없음,기타불명,기타불명,미분류,기타불명
2017022100100336,2017년 2월 21일 16시,화요일,경상남도 창원시 성산구 양곡동,중상사고,0,1,0,0,차대차 - 기타,안전운전불이행,건조,맑음,교차로 - 교차로부근,승용,남,61세,상해없음,승합,남,39세,상해없음
2017022100100354,2017년 2월 21일 17시,화요일,경상남도 김해시 어방동,중상사고,0,1,1,0,차대차 - 측면충돌,직진우회전진행방해,건조,맑음,교차로 - 교차로안,승용,남,61세,상해없음,화물,남,60세,중상
2017022100100387,2017년 2월 21일 18시,화요일,경상남도 진주시 이현동,경상사고,0,0,1,0,차대차 - 추돌,안전운전불이행,건조,맑음,단일로 - 기타,원동기,남,54세,상해없음,자전거,남,34세,경상
2017022100100388,2017년 2월 21일 18시,화요일,경상남도 김해시 대청동,경상사고,0,0,1,0,차대차 - 추돌,안전운전불이행,건조,맑음,교차로 - 교차로안,승용,남,55세,상해없음,이륜,남,19세,경상
2017022100100483,2017년 2월 21일 22시,화요일,경상남도 김해시 주촌면,중상사고,0,1,0,0,차대차 - 추돌,안전운전불이행,건조,맑음,단일로 - 기타,승합,남,31세,상해없음,승용,여,64세,중상
2017022100100494,2017년 2월 21일 23시,화요일,경상남도 합천군 율곡면,부상신고사고,0,0,0,1,차량단독 - 전도전복 - 전도,안전운전불이행,건조,맑음,단일로 - 기타,승용,남,25세,부상신고,,,,
2017022100100495,2017년 2월 21일 23시,화요일,경상남도 함안군 가야읍,사망사고,1,0,0,0,차대사람 - 횡단중,안전운전불이행,건조,맑음,단일로 - 기타,승용,남,64세,상해없음,보행자,남,64세,사망
2017022200100022,2017년 2월 22일 00시,수요일,경상남도 김해시 외동,중상사고,0,1,2,0,차대차 - 측면충돌,안전운전불이행,건조,맑음,교차로 - 교차로안,승용,남,59세,상해없음,승용,남,43세,경상
2017022200100023,2017년 2월 22일 00시,수요일,경상남도 김해시 대청동,중상사고,0,2,0,0,차대차 - 측면충돌,안전운전불이행,건조,맑음,교차로 - 교차로안,승용,남,42세,상해없음,승용,남,34세,상해없음
2017022200100040,2017년 2월 22일 02시,수요일,경상남도 창원시 성산구 중앙동,경상사고,0,0,2,0,차대차 - 측면충돌,안전운전불이행,건조,맑음,교차로 - 교차로안,승용,남,26세,상해없음,승용,여,56세,경상
2017022200100068,2017년 2월 22일 06시,수요일,경상남도 양산시 북정동,부상신고사고,0,0,0,1,차대차 - 측면충돌,교차로운행방법위반,건조,맑음,교차로 - 교차로안,승용,남,40세,상해없음,자전거,남,54세,부상신고
2017022200100111,2017년 2월 22일 08시,수요일,경상남도 창원시 진해구 근화동,경상사고,0,0,1,0,차대사람 - 횡단중,교차로운행방법위반,건조,맑음,교차로 - 교차로안,승용,여,42세,상해없음,보행자,여,69세,경상
2017022200100112,2017년 2월 22일 08시,수요일,경상남도 김해시 안동,부상신고사고,0,0,0,1,차대차 - 측면충돌,직진우회전진행방해,건조,맑음,교차로 - 교차로안,자전거,남,22세,부상신고,승용,남,34세,상해없음
2017022200100140,2017년 2월 22일 09시,수요일,경상남도 거제시 연초면,경상사고,0,0,1,0,차대차 - 측면충돌,안전거리미확보,건조,맑음,단일로 - 기타,승용,남,75세,상해없음,승합,남,53세,상해없음
2017022200100168,2017년 2월 22일 10시,수요일,경상남도 창원시 마산합포구 신월동,경상사고,0,0,1,0,차대사람 - 기타,안전운전불이행,건조,맑음,단일로 - 기타,승용,남,60세,상해없음,보행자,여,51세,경상
2017022200100199,2017년 2월 22일 11시,수요일,경상남도 통영시 무전동,경상사고,0,0,1,0,차대사람 - 횡단중,보행자보호의무위반,젖음/습기,비,단일로 - 기타,화물,남,43세,상해없음,보행자,남,9세,경상
2017022200100200,2017년 2월 22일 11시,수요일,경상남도 창원시 의창구 명서동,경상사고,0,0,1,0,차대차 - 추돌,안전운전불이행,건조,맑음,교차로 - 교차로부근,승용,남,65세,상해없음,승용,남,44세,경상
2017022200100228,2017년 2월 22일 12시,수요일,경상남도 김해시 진례면,중상사고,0,1,0,0,차대차 - 측면충돌,안전운전불이행,젖음/습기,비,교차로 - 교차로안,화물,남,42세,상해없음,화물,남,43세,중상
2017022200100257,2017년 2월 22일 13시,수요일,경상남도 사천시 서포면,경상사고,0,0,1,0,차대차 - 추돌,안전운전불이행,젖음/습기,비,단일로 - 터널,승용,남,33세,상해없음,승용,남,45세,경상
2017022200100279,2017년 2월 22일 14시,수요일,경상남도 함안군 칠원읍,사망사고,3,0,0,0,차대차 - 추돌,안전운전불이행,젖음/습기,비,단일로 - 기타,화물,남,53세,기타불명,승용,여,42세,사망
2017022200100301,2017년 2월 22일 15시,수요일,경상남도 거제시 일운면,중상사고,0,1,0,0,차대차 - 측면충돌,안전운전불이행,젖음/습기,비,교차로 - 교차로안,승용,남,54세,상해없음,승용,남,44세,상해없음
2017022200100356,2017년 2월 22일 17시,수요일,경상남도 창원시 진해구 장천동,경상사고,0,0,1,0,차대차 - 측면충돌,안전거리미확보,젖음/습기,비,단일로 - 기타,승용,남,54세,상해없음,승용,여,34세,경상
2017022200100357,2017년 2월 22일 17시,수요일,경상남도 양산시 평산동,경상사고,0,0,1,0,차대차 - 추돌,안전운전불이행,건조,맑음,교차로 - 교차로부근,화물,남,51세,상해없음,화물,남,54세,경상
2017022200100399,2017년 2월 22일 18시,수요일,경상남도 진주시 상대동,중상사고,0,1,0,0,차대사람 - 횡단중,보행자보호의무위반,건조,맑음,교차로 - 교차로횡단보도내,승용,여,49세,상해없음,보행자,남,68세,중상
2017022200100400,2017년 2월 22일 18시,수요일,경상남도 통영시 무전동,중상사고,0,1,0,0,차대사람 - 횡단중,안전운전불이행,젖음/습기,비,단일로 - 기타,승용,남,63세,상해없음,보행자,남,51세,중상
2017022200100401,2017년 2월 22일 18시,수요일,경상남도 양산시 북정동,경상사고,0,0,1,0,차대사람 - 횡단중,안전운전불이행,건조,맑음,기타 - 기타,승용,남,51세,상해없음,보행자,여,48세,경상
2017022200100402,2017년 2월 22일 18시,수요일,경상남도 거제시 능포동,중상사고,0,1,3,0,차대차 - 추돌,안전운전불이행,건조,맑음,단일로 - 기타,승용,여,26세,상해없음,승용,여,29세,경상
2017022200100403,2017년 2월 22일 18시,수요일,경상남도 거제시 고현동,경상사고,0,0,1,0,차대차 - 추돌,안전운전불이행,젖음/습기,맑음,단일로 - 기타,승용,남,50세,상해없음,승용,남,45세,경상
2017022200100446,2017년 2월 22일 19시,수요일,경상남도 진주시 장대동,경상사고,0,0,2,0,차대차 - 측면충돌,안전운전불이행,건조,맑음,단일로 - 기타,승용,남,75세,상해없음,승용,여,50세,경상
2017022200100447,2017년 2월 22일 19시,수요일,경상남도 거제시 옥포동,경상사고,0,0,1,0,차대차 - 측면충돌,교차로운행방법위반,젖음/습기,비,교차로 - 교차로안,승용,여,55세,상해없음,이륜,남,37세,경상
2017022200100448,2017년 2월 22일 19시,수요일,경상남도 거제시 아주동,경상사고,0,0,1,0,차대사람 - 횡단중,교차로운행방법위반,젖음/습기,비,교차로 - 교차로안,승용,남,54세,기타불명,보행자,여,27세,경상
2017022200100493,2017년 2월 22일 20시,수요일,경상남도 사천시 사천읍,경상사고,0,0,1,0,차대사람 - 길가장자리구역통행중,안전운전불이행,젖음/습기,비,기타 - 기타,승용,남,57세,상해없음,보행자,남,67세,경상
2017022200100494,2017년 2월 22일 20시,수요일,경상남도 김해시 부원동,경상사고,0,0,1,0,차대차 - 측면충돌,안전운전불이행,젖음/습기,비,단일로 - 기타,승용,남,72세,상해없음,승용,남,55세,상해없음
2017022200100535,2017년 2월 22일 21시,수요일,경상남도 김해시 삼정동,중상사고,0,1,1,0,차대차 - 정면충돌,중앙선침범,건조,맑음,교차로 - 교차로부근,승용,남,40세,상해없음,승용,남,71세,상해없음
2017022200100536,2017년 2월 22일 21시,수요일,경상남도 김해시 내동,경상사고,0,0,1,0,차대사람 - 횡단중,보행자보호의무위반,젖음/습기,비,교차로 - 교차로안,기타불명,기타불명,미분류,기타불명,보행자,여,21세,경상
2017022200100559,2017년 2월 22일 22시,수요일,경상남도 창녕군 성산면,중상사고,0,1,0,0,차량단독 - 전도전복,안전운전불이행,젖음/습기,비,단일로 - 기타,승용,남,55세,중상,미분류,미분류,미분류,미분류
2017022200100560,2017년 2월 22일 22시,수요일,경상남도 양산시 물금읍,경상사고,0,0,2,0,차대차 - 측면충돌,안전운전불이행,서리/결빙,비,단일로 - 교량,승용,남,40세,상해없음,승용,여,30세,경상
2017022200100561,2017년 2월 22일 22시,수요일,경상남도 거제시 옥포동,경상사고,0,0,1,0,차대차 - 기타,교차로운행방법위반,젖음/습기,비,단일로 - 기타,승용,여,32세,상해없음,이륜,남,23세,경상
2017022200100588,2017년 2월 22일 23시,수요일,경상남도 창원시 진해구 용원동,중상사고,0,3,1,0,차대차 - 추돌,안전운전불이행,젖음/습기,비,교차로 - 교차로부근,승용,남,37세,경상,승용,남,32세,중상
2017022300100026,2017년 2월 23일 00시,목요일,경상남도 창녕군 창녕읍,경상사고,0,0,1,0,차대사람 - 기타,안전운전불이행,건조,맑음,단일로 - 기타,승용,남,57세,상해없음,보행자,남,52세,경상
2017022300100027,2017년 2월 23일 00시,목요일,경상남도 김해시 진영읍,중상사고,0,1,1,0,차대차 - 추돌,안전운전불이행,건조,맑음,단일로 - 기타,승용,남,25세,중상,승용,남,25세,경상
2017022300100040,2017년 2월 23일 01시,목요일,경상남도 김해시 부원동,중상사고,0,1,1,0,차대차 - 기타,신호위반,건조,맑음,교차로 - 교차로안,승용,남,42세,상해없음,승용,남,56세,중상
2017022300100041,2017년 2월 23일 01시,목요일,경상남도 거제시 고현동,경상사고,0,0,1,0,차대차 - 측면충돌,안전운전불이행,건조,맑음,교차로 - 교차로안,승용,남,40세,상해없음,승용,여,39세,경상
2017022300100098,2017년 2월 23일 07시,목요일,경상남도 양산시 평산동,중상사고,0,1,0,0,차대차 - 정면충돌,신호위반,건조,맑음,교차로 - 교차로안,자전거,남,53세,중상,승용,여,55세,상해없음
2017022300100118,2017년 2월 23일 08시,목요일,경상남도 사천시 용현면,경상사고,0,0,1,0,차대차 - 측면충돌,직진우회전진행방해,건조,맑음,교차로 - 교차로부근,승용,남,54세,상해없음,승용,남,32세,경상
2017022300100119,2017년 2월 23일 08시,목요일,경상남도 김해시 외동,경상사고,0,0,1,0,차대차 - 기타,안전운전불이행,건조,맑음,기타 - 기타,화물,남,53세,상해없음,승용,여,50세,경상
2017022300100120,2017년 2월 23일 08시,목요일,경상남도 함안군 칠원읍,경상사고,0,0,1,0,차대차 - 측면충돌,직진우회전진행방해,건조,맑음,교차로 - 교차로안,승용,여,39세,상해없음,승용,여,45세,경상
2017022300100173,2017년 2월 23일 10시,목요일,경상남도 창원시 마산합포구 신흥동,중상사고,0,1,0,0,차대차 - 측면충돌,교차로운행방법위반,건조,맑음,교차로 - 교차로안,승용,남,67세,상해없음,원동기,남,68세,중상
2017022300100174,2017년 2월 23일 10시,목요일,경상남도 김해시 삼계동,경상사고,0,0,1,0,차대사람 - 횡단중,안전운전불이행,건조,맑음,교차로 - 교차로안,승용,여,52세,상해없음,보행자,여,75세,경상
2017022300100175,2017년 2월 23일 10시,목요일,경상남도 거창군 거창읍,경상사고,0,0,1,0,차대차 - 기타,중앙선침범,건조,맑음,단일로 - 기타,원동기,남,78세,경상,화물,남,56세,상해없음
2017022300100197,2017년 2월 23일 11시,목요일,경상남도 창원시 성산구 상남동,경상사고,0,0,1,0,차대차 - 추돌,안전운전불이행,건조,맑음,단일로 - 기타,승용,남,62세,상해없음,승용,남,55세,경상
2017022300100244,2017년 2월 23일 13시,목요일,경상남도 사천시 벌리동,경상사고,0,0,1,0,차대차 - 측면충돌,안전운전불이행,건조,맑음,교차로 - 교차로안,원동기,남,83세,경상,승용,여,43세,상해없음
2017022300100245,2017년 2월 23일 13시,목요일,경상남도 밀양시 삼문동,중상사고,0,1,0,0,차대차 - 추돌,교차로운행방법위반,건조,맑음,교차로 - 교차로부근,승용,여,37세,상해없음,자전거,남,81세,중상
2017022300100246,2017년 2월 23일 13시,목요일,경상남도 창녕군 남지읍,경상사고,0,0,1,0,차대차 - 측면충돌,안전운전불이행,건조,맑음,교차로 - 교차로안,이륜,남,84세,경상,화물,남,59세,상해없음
2017022300100247,2017년 2월 23일 13시,목요일,경상남도 하동군 고전면,중상사고,0,1,0,0,차대차 - 정면충돌,안전운전불이행,건조,맑음,단일로 - 기타,승용,여,67세,상해없음,화물,남,55세,중상
2017022300100248,2017년 2월 23일 13시,목요일,경상남도 거제시 고현동,중상사고,0,1,0,0,차대차 - 기타,안전운전불이행,건조,맑음,단일로 - 기타,승용,남,58세,상해없음,이륜,남,48세,중상
2017022300100275,2017년 2월 23일 14시,목요일,경상남도 창원시 진해구 용원동,중상사고,0,1,0,0,차대사람 - 횡단중,안전운전불이행,건조,맑음,기타 - 기타,화물,남,50세,상해없음,보행자,남,68세,중상
2017022300100276,2017년 2월 23일 14시,목요일,경상남도 거창군 거창읍,경상사고,0,0,1,0,차대사람 - 횡단중,안전운전불이행,건조,맑음,단일로 - 기타,승합,여,41세,상해없음,보행자,남,78세,경상
2017022300100277,2017년 2월 23일 14시,목요일,경상남도 함안군 칠원읍,중상사고,0,1,0,0,차대사람 - 횡단중,안전운전불이행,건조,맑음,단일로 - 기타,승용,남,70세,상해없음,보행자,여,80세,중상
2017022300100304,2017년 2월 23일 15시,목요일,경상남도 창원시 진해구 경화동,중상사고,0,1,0,0,차대차 - 측면충돌,교차로운행방법위반,건조,맑음,교차로 - 교차로안,승용,남,42세,상해없음,원동기,남,35세,중상
2017022300100305,2017년 2월 23일 15시,목요일,경상남도 거창군 거창읍,중상사고,0,1,0,0,차량단독 - 전도전복,안전운전불이행,건조,맑음,교차로 - 교차로부근,원동기,남,14세,상해없음,미분류,미분류,미분류,미분류
2017022300100337,2017년 2월 23일 16시,목요일,경상남도 김해시 대성동,경상사고,0,0,1,0,차대차 - 기타,안전운전불이행,건조,맑음,교차로 - 교차로안,승용,여,42세,상해없음,자전거,남,64세,경상
2017022300100338,2017년 2월 23일 16시,목요일,경상남도 함양군 안의면,중상사고,0,2,0,0,차대차 - 추돌,과속,건조,맑음,단일로 - 기타,승용,남,57세,중상,화물,남,79세,중상
2017022300100372,2017년 2월 23일 17시,목요일,경상남도 창원시 성산구 남양동,경상사고,0,0,1,0,차대차 - 측면충돌,안전운전불이행,건조,맑음,교차로 - 교차로안,승용,여,48세,상해없음,승용,여,39세,경상
2017022300100402,2017년 2월 23일 18시,목요일,경상남도 하동군 하동읍,경상사고,0,0,1,0,차대차 - 측면충돌,안전운전불이행,건조,맑음,교차로 - 교차로안,화물,남,37세,상해없음,자전거,남,81세,경상
2017022300100441,2017년 2월 23일 19시,목요일,경상남도 김해시 삼계동,경상사고,0,0,1,0,차대차 - 측면충돌,직진우회전진행방해,건조,맑음,교차로 - 교차로안,이륜,남,16세,경상,승용,남,50세,상해없음
2017022300100442,2017년 2월 23일 19시,목요일,경상남도 거제시 고현동,경상사고,0,0,1,0,차대차 - 기타,안전운전불이행,건조,맑음,교차로 - 교차로부근,이륜,남,40세,상해없음,이륜,남,40세,경상
2017022300100443,2017년 2월 23일 19시,목요일,경상남도 김해시 한림면,경상사고,0,0,1,0,차대차 - 추돌,안전운전불이행,건조,맑음,단일로 - 기타,화물,남,56세,상해없음,자전거,남,64세,경상
2017022300100471,2017년 2월 23일 20시,목요일,경상남도 진주시 충무공동,중상사고,0,1,0,0,차대사람 - 횡단중,신호위반,건조,맑음,교차로 - 교차로횡단보도내,승용,남,40세,상해없음,보행자,남,29세,중상
2017022300100472,2017년 2월 23일 20시,목요일,경상남도 창녕군 부곡면,경상사고,0,0,2,0,차대차 - 추돌,안전운전불이행,건조,맑음,교차로 - 교차로부근,승용,여,53세,상해없음,승용,남,45세,경상
2017022300100506,2017년 2월 23일 21시,목요일,경상남도 통영시 무전동,경상사고,0,0,1,0,차대차 - 정면충돌,교차로운행방법위반,건조,맑음,교차로 - 교차로안,승용,남,23세,상해없음,원동기,남,32세,경상
2017022300100507,2017년 2월 23일 21시,목요일,경상남도 김해시 진례면,경상사고,0,0,1,0,차대차 - 측면충돌,교차로운행방법위반,건조,맑음,교차로 - 교차로안,승용,남,29세,상해없음,승용,남,54세,경상
2017022300100556,2017년 2월 23일 23시,목요일,경상남도 함안군 산인면,중상사고,0,2,1,0,차대차 - 추돌,안전운전불이행,건조,맑음,단일로 - 기타,승용,남,25세,상해없음,승용,남,50세,경상
2017022400100018,2017년 2월 24일 00시,금요일,경상남도 김해시 구산동,경상사고,0,0,1,0,차대차 - 측면충돌,신호위반,건조,맑음,교차로 - 교차로안,기타불명,기타불명,미분류,기타불명,승용,여,46세,경상
2017022400100042,2017년 2월 24일 02시,금요일,경상남도 사천시 사천읍,부상신고사고,0,0,0,1,차대차 - 측면충돌,안전운전불이행,건조,맑음,교차로 - 교차로부근,이륜,남,16세,부상신고,승용,남,54세,상해없음
2017022400100068,2017년 2월 24일 04시,금요일,경상남도 진주시 충무공동,경상사고,0,0,1,0,차대차 - 측면충돌,신호위반,건조,맑음,교차로 - 교차로안,승용,남,26세,상해없음,승용,남,62세,경상
2017022400100085,2017년 2월 24일 06시,금요일,경상남도 거제시 사등면,중상사고,0,2,2,0,차대차 - 정면충돌,안전거리미확보,건조,맑음,기타 - 기타,승용,남,41세,경상,승용,남,31세,경상
2017022400100102,2017년 2월 24일 07시,금요일,경상남도 김해시 지내동,중상사고,0,1,1,0,차대차 - 기타,안전운전불이행,건조,맑음,교차로 - 교차로안,승용,여,56세,경상,승용,여,51세,중상
2017022400100103,2017년 2월 24일 07시,금요일,경상남도 김해시 내동,중상사고,0,2,1,0,차대차 - 측면충돌,과속,건조,맑음,교차로 - 교차로부근,승용,남,21세,상해없음,건설기계,남,56세,상해없음
2017022400100121,2017년 2월 24일 08시,금요일,경상남도 양산시 남부동,중상사고,0,1,0,0,차대차 - 측면충돌,직진우회전진행방해,건조,맑음,교차로 - 교차로안,화물,남,52세,상해없음,승용,여,57세,중상
2017022400100147,2017년 2월 24일 09시,금요일,경상남도 통영시 광도면,경상사고,0,0,1,0,차대차 - 기타,중앙선침범,건조,흐림,교차로 - 교차로부근,승용,여,35세,상해없음,이륜,남,64세,경상
2017022400100148,2017년 2월 24일 09시,금요일,경상남도 창원시 마산회원구 양덕동,중상사고,0,1,0,0,차대차 - 기타,안전운전불이행,건조,맑음,교차로 - 교차로부근,화물,남,64세,상해없음,승용,여,26세,중상
2017022400100208,2017년 2월 24일 11시,금요일,경상남도 남해군 미조면,중상사고,0,1,0,0,차대사람 - 차도통행중,보행자보호의무위반,건조,맑음,단일로 - 기타,화물,남,42세,상해없음,보행자,남,7세,중상
2017022400100242,2017년 2월 24일 12시,금요일,경상남도 김해시 진영읍,경상사고,0,0,1,0,차대사람 - 횡단중,안전운전불이행,건조,맑음,교차로 - 교차로부근,승용,남,60세,상해없음,보행자,남,69세,경상
2017022400100269,2017년 2월 24일 13시,금요일,경상남도 창원시 마산합포구 교방동,경상사고,0,0,1,0,차대사람 - 차도통행중,안전운전불이행,건조,맑음,교차로 - 교차로부근,화물,남,46세,상해없음,보행자,남,82세,경상
2017022400100301,2017년 2월 24일 14시,금요일,경상남도 거제시 연초면,중상사고,0,1,0,0,차대차 - 정면충돌,안전운전불이행,건조,맑음,단일로 - 기타,승용,여,57세,기타불명,이륜,남,39세,중상
2017022400100363,2017년 2월 24일 16시,금요일,경상남도 사천시 용현면,경상사고,0,0,1,0,차대차 - 측면충돌,직진우회전진행방해,건조,맑음,교차로 - 교차로안,승용,여,63세,경상,건설기계,남,40세,상해없음
2017022400100364,2017년 2월 24일 16시,금요일,경상남도 양산시 유산동,경상사고,0,0,4,0,차대차 - 정면충돌,안전운전불이행,건조,맑음,교차로 - 교차로안,화물,남,62세,상해없음,승용,여,21세,경상