사고번호,사고일시,요일,시군구,사고내용,사망자수,중상자수,경상자수,부상신고자수,사고유형,법규위반,노면상태,기상상태,도로형태,가해운전자 차종,가해운전자 성별,가해운전자 연령,가해운전자 상해정도,피해운전자 차종,피해운전자 성별,피해운전자 연령,피해운전자 상해정도
2017022400100395,2017년 2월 24일 17시,금요일,경상남도 김해시 내동,경상사고,0,0,1,0,차대차 - 추돌,안전운전불이행,건조,맑음,교차로 - 교차로안,승용,남,50세,상해없음,승용,남,58세,경상
2017022400100396,2017년 2월 24일 17시,금요일,경상남도 양산시 중부동,중상사고,0,1,0,0,차대사람 - 차도통행중,안전운전불이행,건조,맑음,단일로 - 기타,승용,남,30세,상해없음,보행자,여,70세,중상
2017022400100397,2017년 2월 24일 17시,금요일,경상남도 창원시 성산구 사파동,경상사고,0,0,1,0,차대차 - 측면충돌,안전운전불이행,건조,맑음,단일로 - 기타,승합,남,56세,상해없음,자전거,여,17세,경상
2017022400100431,2017년 2월 24일 18시,금요일,경상남도 창원시 진해구 이동,중상사고,0,2,0,0,차대차 - 측면충돌,교차로운행방법위반,건조,맑음,교차로 - 교차로안,승용,남,47세,상해없음,승용,여,19세,중상
2017022400100483,2017년 2월 24일 19시,금요일,경상남도 진주시 봉곡동,중상사고,0,1,0,0,차대사람 - 횡단중,안전운전불이행,건조,맑음,교차로 - 교차로부근,승용,남,51세,상해없음,보행자,여,68세,중상
2017022400100484,2017년 2월 24일 19시,금요일,경상남도 진주시 평거동,경상사고,0,0,2,0,차대차 - 측면충돌,신호위반,건조,맑음,교차로 - 교차로안,승용,여,52세,경상,승용,남,30세,경상
2017022400100485,2017년 2월 24일 19시,금요일,경상남도 진주시 상평동,중상사고,0,1,0,0,차대차 - 측면충돌,직진우회전진행방해,건조,맑음,교차로 - 교차로안,승용,남,46세,상해없음,원동기,남,46세,중상
2017022400100486,2017년 2월 24일 19시,금요일,경상남도 양산시 신기동,중상사고,0,1,0,0,차대차 - 추돌,안전운전불이행,건조,맑음,교차로 - 교차로안,승용,남,55세,상해없음,이륜,남,33세,중상
2017022400100507,2017년 2월 24일 20시,금요일,경상남도 밀양시 하남읍,중상사고,0,1,0,0,차대차 - 추돌,안전거리미확보,건조,맑음,단일로 - 기타,화물,남,30세,상해없음,승용,여,35세,중상
2017022400100508,2017년 2월 24일 20시,금요일,경상남도 거제시 양정동,중상사고,0,1,0,0,차대차 - 정면충돌,안전운전불이행,건조,맑음,기타 - 기타,승용,여,54세,상해없음,이륜,남,55세,중상
2017022400100542,2017년 2월 24일 21시,금요일,경상남도 창원시 진해구 자은동,중상사고,0,1,0,0,차대차 - 측면충돌,교차로운행방법위반,건조,맑음,교차로 - 교차로안,승용,남,28세,상해없음,원동기,남,43세,중상
2017022400100561,2017년 2월 24일 22시,금요일,경상남도 창원시 마산회원구 내서읍,경상사고,0,0,1,0,차량단독 - 도로외이탈 - 추락,안전운전불이행,건조,맑음,교차로 - 교차로안,승용,남,46세,상해없음,,,,
2017022400100594,2017년 2월 24일 23시,금요일,경상남도 창원시 마산합포구 두월동1가,중상사고,0,1,0,0,차대차 - 측면충돌,안전운전불이행,건조,맑음,교차로 - 교차로안,승용,여,32세,상해없음,이륜,남,60세,중상
2017022400100595,2017년 2월 24일 23시,금요일,경상남도 거제시 연초면,중상사고,0,1,1,0,차대차 - 정면충돌,중앙선침범,건조,맑음,기타 - 기타,승용,남,48세,상해없음,승용,남,51세,경상
2017022400100596,2017년 2월 24일 23시,금요일,경상남도 김해시 흥동,경상사고,0,0,1,0,차대차 - 측면충돌,교차로운행방법위반,건조,맑음,교차로 - 교차로안,승용,남,34세,상해없음,승합,남,25세,경상
2017022500100026,2017년 2월 25일 00시,토요일,경상남도 김해시 상동면,중상사고,0,1,0,0,차량단독 - 전도전복,안전운전불이행,건조,맑음,기타 - 기타,승용,남,25세,중상,미분류,미분류,미분류,미분류
2017022500100066,2017년 2월 25일 02시,토요일,경상남도 창원시 마산합포구 신포동2가,경상사고,0,0,1,0,차대차 - 측면충돌,안전운전불이행,건조,맑음,교차로 - 교차로안,승용,남,61세,상해없음,승용,남,60세,상해없음
2017022500100067,2017년 2월 25일 02시,토요일,경상남도 창원시 마산회원구 봉암동,경상사고,0,0,1,0,차대차 - 추돌,안전운전불이행,건조,맑음,교차로 - 교차로부근,승용,남,35세,상해없음,승용,남,63세,경상
2017022500100078,2017년 2월 25일 03시,토요일,경상남도 창원시 의창구 봉곡동,경상사고,0,0,1,0,차대사람 - 기타,안전운전불이행,건조,맑음,교차로 - 교차로안,승용,남,52세,상해없음,보행자,여,58세,경상
2017022500100102,2017년 2월 25일 05시,토요일,경상남도 밀양시 무안면,중상사고,0,1,0,0,차대사람 - 길가장자리구역통행중,안전운전불이행,건조,맑음,단일로 - 기타,기타불명,기타불명,미분류,기타불명,보행자,남,67세,중상
2017022500100124,2017년 2월 25일 06시,토요일,경상남도 고성군 고성읍,중상사고,0,2,0,0,차대차 - 기타,신호위반,건조,맑음,교차로 - 교차로안,승용,남,55세,상해없음,승용,여,52세,중상
2017022500100125,2017년 2월 25일 06시,토요일,경상남도 거제시 고현동,중상사고,0,1,0,0,차대사람 - 횡단중,보행자보호의무위반,건조,맑음,미분류 - 미분류,승용,남,62세,상해없음,보행자,여,53세,중상
2017022500100142,2017년 2월 25일 07시,토요일,경상남도 밀양시 가곡동,중상사고,0,1,0,0,차대차 - 측면충돌,교차로운행방법위반,건조,맑음,교차로 - 교차로안,승용,여,64세,상해없음,이륜,남,57세,중상
2017022500100188,2017년 2월 25일 09시,토요일,경상남도 함양군 병곡면,부상신고사고,0,0,0,1,차량단독 - 전도전복 - 전도,안전운전불이행,건조,맑음,단일로 - 기타,원동기,남,77세,부상신고,,,,
2017022500100212,2017년 2월 25일 10시,토요일,경상남도 거창군 신원면,경상사고,0,0,1,0,차량단독 - 전도전복 - 전도,안전운전불이행,건조,맑음,단일로 - 기타,건설기계,남,51세,경상,,,,
2017022500100213,2017년 2월 25일 10시,토요일,경상남도 진주시 정촌면,중상사고,0,1,0,0,차대차 - 기타,안전운전불이행,건조,맑음,단일로 - 기타,기타불명,기타불명,미분류,기타불명,승용,여,48세,중상
2017022500100244,2017년 2월 25일 11시,토요일,경상남도 통영시 북신동,경상사고,0,0,1,0,차대차 - 기타,안전거리미확보,건조,맑음,단일로 - 기타,승용,남,41세,상해없음,승합,남,48세,상해없음
2017022500100245,2017년 2월 25일 11시,토요일,경상남도 사천시 사천읍,경상사고,0,0,1,0,차대차 - 측면충돌,안전운전불이행,건조,맑음,단일로 - 기타,원동기,남,17세,경상,승용,남,44세,상해없음
2017022500100274,2017년 2월 25일 12시,토요일,경상남도 통영시 도천동,중상사고,0,1,0,0,차대차 - 측면충돌,신호위반,건조,맑음,교차로 - 교차로안,승용,남,49세,상해없음,승용,남,56세,중상
2017022500100275,2017년 2월 25일 12시,토요일,경상남도 김해시 내동,경상사고,0,0,1,0,차대차 - 측면충돌,불법유턴,건조,맑음,교차로 - 교차로부근,자전거,남,23세,경상,승용,여,48세,상해없음
2017022500100356,2017년 2월 25일 15시,토요일,경상남도 김해시 진례면,중상사고,0,1,0,0,차대차 - 정면충돌,신호위반,건조,맑음,교차로 - 교차로안,이륜,남,82세,중상,승용,남,46세,상해없음
2017022500100397,2017년 2월 25일 16시,토요일,경상남도 함안군 대산면,경상사고,0,0,1,0,차대차 - 측면충돌,안전운전불이행,건조,맑음,단일로 - 기타,원동기,남,18세,경상,원동기,남,65세,상해없음
2017022500100428,2017년 2월 25일 17시,토요일,경상남도 진주시 동성동,경상사고,0,0,3,0,차대차 - 추돌,안전운전불이행,건조,맑음,단일로 - 교량,승용,여,49세,경상,승용,남,53세,경상
2017022500100429,2017년 2월 25일 17시,토요일,경상남도 통영시 서호동,중상사고,0,1,0,0,차대사람 - 횡단중,보행자보호의무위반,건조,맑음,교차로 - 교차로부근,승용,남,50세,상해없음,보행자,여,66세,중상
2017022500100430,2017년 2월 25일 17시,토요일,경상남도 사천시 벌리동,사망사고,1,0,0,0,차대사람 - 횡단중,안전운전불이행,건조,맑음,단일로 - 기타,승용,여,55세,상해없음,보행자,여,4세,사망
2017022500100431,2017년 2월 25일 17시,토요일,경상남도 김해시 진영읍,중상사고,0,1,0,0,차대차 - 측면충돌,안전운전불이행,건조,맑음,단일로 - 기타,이륜,남,57세,중상,승용,남,62세,상해없음
2017022500100464,2017년 2월 25일 18시,토요일,경상남도 양산시 상북면,경상사고,0,0,1,0,차대차 - 측면충돌,안전운전불이행,건조,맑음,단일로 - 기타,승합,남,71세,상해없음,승용,남,31세,경상
2017022500100465,2017년 2월 25일 18시,토요일,경상남도 김해시 진영읍,경상사고,0,0,1,0,차대차 - 측면충돌,신호위반,건조,맑음,교차로 - 교차로안,승용,여,45세,상해없음,이륜,남,47세,경상
2017022500100588,2017년 2월 25일 23시,토요일,경상남도 창원시 진해구 태평동,부상신고사고,0,0,0,1,차대차 - 측면충돌,안전운전불이행,건조,맑음,교차로 - 교차로부근,원동기,남,17세,부상신고,승용,남,39세,기타불명
2017022600100044,2017년 2월 26일 01시,일요일,경상남도 창원시 성산구 상남동,경상사고,0,0,2,0,차대사람 - 차도통행중,안전운전불이행,건조,맑음,단일로 - 기타,승용,남,19세,상해없음,보행자,남,23세,경상
2017022600100056,2017년 2월 26일 02시,일요일,경상남도 진주시 봉곡동,중상사고,0,1,2,0,차대차 - 측면충돌,직진우회전진행방해,건조,맑음,교차로 - 교차로안,승용,남,54세,상해없음,승용,남,44세,중상
2017022600100057,2017년 2월 26일 02시,일요일,경상남도 양산시 평산동,부상신고사고,0,0,0,1,차대사람 - 횡단중,안전운전불이행,건조,맑음,단일로 - 기타,기타불명,기타불명,미분류,기타불명,보행자,남,49세,부상신고
2017022600100083,2017년 2월 26일 04시,일요일,경상남도 함안군 대산면,중상사고,0,2,0,0,차대차 - 측면충돌,안전운전불이행,건조,맑음,단일로 - 기타,승용,남,32세,상해없음,승용,남,58세,중상
2017022600100097,2017년 2월 26일 05시,일요일,경상남도 진주시 평거동,중상사고,0,1,3,0,차대차 - 추돌,안전운전불이행,건조,맑음,교차로 - 교차로부근,승용,여,43세,상해없음,승용,남,45세,중상
2017022600100107,2017년 2월 26일 06시,일요일,경상남도 양산시 물금읍,경상사고,0,0,1,0,차대차 - 정면충돌,안전운전불이행,건조,맑음,교차로 - 교차로부근,승용,남,42세,상해없음,화물,남,64세,경상
2017022600100149,2017년 2월 26일 10시,일요일,경상남도 김해시 생림면,경상사고,0,0,1,0,차대차 - 추돌,차로위반,건조,맑음,단일로 - 기타,승용,남,35세,상해없음,승용,남,37세,경상
2017022600100156,2017년 2월 26일 10시,일요일,경상남도 산청군 금서면,중상사고,0,2,0,0,차대차 - 측면충돌,교차로운행방법위반,건조,맑음,교차로 - 교차로안,승용,남,40세,중상,승용,남,57세,중상
2017022600100167,2017년 2월 26일 11시,일요일,경상남도 창원시 마산합포구 완월동,경상사고,0,0,3,0,차대차 - 정면충돌,중앙선침범,건조,맑음,단일로 - 기타,승용,남,61세,상해없음,승용,남,52세,경상
2017022600100187,2017년 2월 26일 12시,일요일,경상남도 창원시 마산합포구 자산동,경상사고,0,0,1,0,차대차 - 측면충돌,안전운전불이행,건조,맑음,단일로 - 기타,승용,남,25세,상해없음,자전거,남,49세,경상
2017022600100188,2017년 2월 26일 12시,일요일,경상남도 양산시 동면,부상신고사고,0,0,0,1,차량단독 - 공작물충돌,안전운전불이행,건조,맑음,단일로 - 기타,이륜,남,42세,부상신고,,,,
2017022600100215,2017년 2월 26일 13시,일요일,경상남도 창원시 진해구 태백동,경상사고,0,0,1,0,차대차 - 측면충돌,교차로운행방법위반,건조,맑음,교차로 - 교차로안,승용,남,32세,상해없음,승용,남,41세,경상
2017022600100229,2017년 2월 26일 14시,일요일,경상남도 사천시 사천읍,중상사고,0,1,0,0,차대차 - 측면충돌,중앙선침범,건조,맑음,단일로 - 기타,승용,남,63세,상해없음,승용,여,45세,중상
2017022600100230,2017년 2월 26일 14시,일요일,경상남도 양산시 명동,경상사고,0,0,4,0,차대차 - 측면충돌,안전운전불이행,건조,맑음,단일로 - 기타,건설기계,남,47세,상해없음,승용,여,44세,경상
2017022600100275,2017년 2월 26일 16시,일요일,경상남도 진주시 상봉동,중상사고,0,1,1,0,차대사람 - 횡단중,안전운전불이행,건조,맑음,단일로 - 기타,이륜,남,58세,경상,보행자,남,34세,중상
2017022600100276,2017년 2월 26일 16시,일요일,경상남도 양산시 명곡동,중상사고,0,1,0,0,차대차 - 정면충돌,안전운전불이행,건조,맑음,단일로 - 기타,승용,남,27세,상해없음,건설기계,남,45세,상해없음
2017022600100303,2017년 2월 26일 17시,일요일,경상남도 진주시 호탄동,경상사고,0,0,1,0,차대차 - 측면충돌,신호위반,건조,맑음,교차로 - 교차로안,승용,남,30세,상해없음,승용,남,38세,경상
2017022600100304,2017년 2월 26일 17시,일요일,경상남도 창원시 마산회원구 석전동,중상사고,0,1,0,0,차대차 - 추돌,안전운전불이행,건조,맑음,단일로 - 기타,승용,남,52세,상해없음,이륜,남,21세,중상
2017022600100305,2017년 2월 26일 17시,일요일,경상남도 창원시 의창구 봉곡동,경상사고,0,0,4,0,차대차 - 추돌,안전운전불이행,건조,맑음,단일로 - 기타,승용,남,50세,상해없음,승합,남,40세,경상
2017022600100331,2017년 2월 26일 18시,일요일,경상남도 김해시 진영읍,중상사고,0,1,0,0,차대사람 - 횡단중,보행자보호의무위반,건조,맑음,교차로 - 교차로횡단보도내,승합,남,42세,상해없음,보행자,남,53세,중상
2017022600100379,2017년 2월 26일 20시,일요일,경상남도 창원시 마산합포구 서성동,경상사고,0,0,3,0,차대차 - 정면충돌,신호위반,건조,맑음,교차로 - 교차로안,승용,남,26세,상해없음,승합,남,58세,경상
2017022600100380,2017년 2월 26일 20시,일요일,경상남도 고성군 고성읍,중상사고,0,4,0,0,차대차 - 측면충돌,신호위반,건조,맑음,교차로 - 교차로부근,승용,남,42세,상해없음,승용,남,59세,중상
2017022600100425,2017년 2월 26일 22시,일요일,경상남도 사천시 용현면,중상사고,0,1,0,0,차대차 - 측면충돌,신호위반,건조,맑음,교차로 - 교차로안,승용,여,46세,상해없음,승용,여,55세,중상
2017022600100439,2017년 2월 26일 23시,일요일,경상남도 김해시 구산동,경상사고,0,0,1,0,차대차 - 기타,안전운전불이행,건조,맑음,단일로 - 기타,이륜,남,17세,경상,승용,여,54세,상해없음
2017022700100026,2017년 2월 27일 00시,월요일,경상남도 창원시 마산합포구 해운동,경상사고,0,0,1,0,차대사람 - 기타,안전운전불이행,건조,맑음,단일로 - 기타,승용,남,62세,상해없음,보행자,남,25세,경상
2017022700100027,2017년 2월 27일 00시,월요일,경상남도 김해시 대청동,중상사고,0,2,0,0,차대차 - 측면충돌,중앙선침범,건조,맑음,단일로 - 기타,승용,남,38세,중상,화물,남,48세,중상
2017022700100042,2017년 2월 27일 02시,월요일,경상남도 창원시 마산합포구 진동면,부상신고사고,0,0,0,1,차량단독 - 공작물충돌,안전운전불이행,건조,맑음,교차로 - 교차로안,승용,남,55세,부상신고,,,,
2017022700100094,2017년 2월 27일 07시,월요일,경상남도 사천시 정동면,부상신고사고,0,0,0,1,차대차 - 측면충돌,안전운전불이행,건조,맑음,교차로 - 교차로횡단보도내,승용,남,50세,상해없음,자전거,남,37세,부상신고
2017022700100095,2017년 2월 27일 07시,월요일,경상남도 거제시 아주동,경상사고,0,0,1,0,차대차 - 추돌,안전운전불이행,건조,맑음,단일로 - 기타,승용,남,52세,상해없음,승용,여,23세,경상
2017022700100124,2017년 2월 27일 08시,월요일,경상남도 양산시 평산동,경상사고,0,0,2,0,차대차 - 측면충돌,신호위반,건조,맑음,교차로 - 교차로부근,이륜,여,59세,경상,이륜,남,79세,경상
2017022700100176,2017년 2월 27일 10시,월요일,경상남도 함안군 가야읍,경상사고,0,0,1,0,차대차 - 측면충돌,안전운전불이행,건조,맑음,단일로 - 기타,농기계,남,68세,상해없음,승용,남,80세,경상
2017022700100204,2017년 2월 27일 11시,월요일,경상남도 통영시 산양읍,경상사고,0,0,1,0,차대차 - 후진중충돌,안전운전불이행,건조,맑음,단일로 - 기타,승용,남,24세,상해없음,이륜,남,76세,경상
2017022700100205,2017년 2월 27일 11시,월요일,경상남도 통영시 산양읍,중상사고,0,1,0,0,차대사람 - 횡단중,안전운전불이행,건조,맑음,단일로 - 기타,화물,남,50세,상해없음,보행자,여,77세,중상
2017022700100206,2017년 2월 27일 11시,월요일,경상남도 창원시 성산구 상남동,중상사고,0,1,0,0,차대차 - 추돌,안전운전불이행,건조,맑음,교차로 - 교차로부근,승용,남,64세,상해없음,승용,남,44세,중상
2017022700100271,2017년 2월 27일 13시,월요일,경상남도 밀양시 부북면,경상사고,0,0,1,0,차대차 - 측면충돌,교차로운행방법위반,건조,맑음,교차로 - 교차로안,승용,여,39세,상해없음,화물,남,24세,경상
2017022700100272,2017년 2월 27일 13시,월요일,경상남도 김해시 율하동,경상사고,0,0,2,0,차대차 - 측면충돌,신호위반,건조,맑음,교차로 - 교차로안,승용,여,67세,상해없음,승용,여,43세,경상
2017022700100302,2017년 2월 27일 14시,월요일,경상남도 사천시 향촌동,경상사고,0,0,1,0,차대차 - 측면충돌,안전운전불이행,건조,맑음,교차로 - 교차로부근,화물,남,61세,상해없음,승용,남,34세,경상
2017022700100303,2017년 2월 27일 14시,월요일,경상남도 산청군 단성면,부상신고사고,0,0,0,1,차대차 - 측면충돌,안전운전불이행,건조,맑음,단일로 - 기타,특수,남,23세,부상신고,특수,남,60세,상해없음
2017022700100304,2017년 2월 27일 14시,월요일,경상남도 김해시 진영읍,경상사고,0,0,1,0,차대차 - 정면충돌,중앙선침범,건조,맑음,단일로 - 기타,승용,여,40세,상해없음,화물,남,48세,경상
2017022700100372,2017년 2월 27일 16시,월요일,경상남도 고성군 고성읍,경상사고,0,0,1,0,차대차 - 추돌,안전거리미확보,건조,맑음,단일로 - 기타,화물,남,61세,상해없음,화물,남,51세,경상
2017022700100404,2017년 2월 27일 17시,월요일,경상남도 밀양시 산내면,사망사고,1,0,0,0,차대차 - 추돌,과속,건조,맑음,교차로 - 교차로부근,화물,남,24세,상해없음,원동기,남,69세,사망
2017022700100432,2017년 2월 27일 18시,월요일,경상남도 창원시 마산합포구 교방동,부상신고사고,0,0,0,1,차대차 - 추돌,안전운전불이행,건조,맑음,단일로 - 기타,승용,여,28세,상해없음,승용,남,43세,부상신고
2017022700100433,2017년 2월 27일 18시,월요일,경상남도 진주시 호탄동,중상사고,0,1,0,0,차대차 - 측면충돌,직진우회전진행방해,건조,맑음,교차로 - 교차로안,화물,남,54세,상해없음,원동기,남,54세,중상
2017022700100434,2017년 2월 27일 18시,월요일,경상남도 김해시 진영읍,중상사고,0,2,0,0,차대차 - 추돌,안전운전불이행,건조,맑음,단일로 - 기타,승합,남,46세,상해없음,승용,남,46세,중상
2017022700100499,2017년 2월 27일 20시,월요일,경상남도 김해시 내동,중상사고,0,1,0,0,차대차 - 기타,안전운전불이행,건조,맑음,단일로 - 기타,승용,남,31세,상해없음,원동기,남,27세,중상
2017022700100500,2017년 2월 27일 20시,월요일,경상남도 창원시 성산구 가음동,중상사고,0,1,0,0,차대사람 - 차도통행중,안전운전불이행,건조,맑음,주차장 - 주차장,승용,남,27세,상해없음,보행자,남,59세,중상
2017022700100501,2017년 2월 27일 20시,월요일,경상남도 김해시 부곡동,경상사고,0,0,1,0,차대사람 - 횡단중,신호위반,건조,맑음,교차로 - 교차로횡단보도내,원동기,남,48세,상해없음,보행자,여,17세,경상
2017022700100527,2017년 2월 27일 21시,월요일,경상남도 양산시 남부동,부상신고사고,0,0,0,1,차대차 - 측면충돌,안전운전불이행,건조,맑음,단일로 - 지하차도(도로)내,승용,남,56세,상해없음,승용,남,31세,상해없음
2017022700100528,2017년 2월 27일 21시,월요일,경상남도 함안군 가야읍,경상사고,0,0,1,0,차대차 - 추돌,안전운전불이행,건조,맑음,교차로 - 교차로부근,이륜,남,16세,상해없음,승용,여,34세,경상
2017022700100548,2017년 2월 27일 22시,월요일,경상남도 거제시 옥포동,경상사고,0,0,2,0,차대차 - 기타,안전운전불이행,건조,맑음,교차로 - 교차로안,승합,남,41세,상해없음,이륜,남,17세,경상
2017022700100549,2017년 2월 27일 22시,월요일,경상남도 창원시 의창구 팔용동,경상사고,0,0,1,0,차대차 - 추돌,안전운전불이행,건조,맑음,단일로 - 기타,승용,남,55세,상해없음,이륜,남,33세,경상
2017022800100029,2017년 2월 28일 00시,화요일,경상남도 김해시 어방동,경상사고,0,0,1,0,차량단독 - 기타,안전운전불이행,건조,맑음,단일로 - 기타,승용,남,55세,상해없음,,,,
2017022800100030,2017년 2월 28일 00시,화요일,경상남도 양산시 삼호동,경상사고,0,0,2,0,차대차 - 추돌,안전거리미확보,건조,맑음,단일로 - 기타,화물,남,37세,상해없음,승용,남,43세,경상
2017022800100076,2017년 2월 28일 06시,화요일,경상남도 거제시 고현동,중상사고,0,1,0,0,차대차 - 기타,안전운전불이행,건조,맑음,단일로 - 기타,자전거,남,42세,상해없음,이륜,남,38세,중상
2017022800100096,2017년 2월 28일 07시,화요일,경상남도 창원시 진해구 죽곡동,중상사고,0,1,1,0,차대차 - 추돌,안전운전불이행,건조,맑음,단일로 - 기타,승용,여,31세,경상,화물,남,45세,기타불명
2017022800100097,2017년 2월 28일 07시,화요일,경상남도 고성군 하이면,중상사고,0,1,0,0,차대차 - 측면충돌,신호위반,건조,맑음,교차로 - 교차로안,승용,여,62세,상해없음,화물,여,73세,중상
2017022800100121,2017년 2월 28일 08시,화요일,경상남도 함안군 함안면,중상사고,0,2,1,0,차대차 - 측면충돌,신호위반,건조,맑음,교차로 - 교차로안,승용,남,29세,경상,승용,남,60세,중상
2017022800100168,2017년 2월 28일 10시,화요일,경상남도 창녕군 계성면,중상사고,0,2,0,1,차대차 - 측면충돌,신호위반,건조,맑음,교차로 - 교차로안,승용,남,30세,부상신고,승용,남,71세,중상
2017022800100191,2017년 2월 28일 11시,화요일,경상남도 창원시 마산회원구 봉암동,경상사고,0,0,1,0,차대사람 - 길가장자리구역통행중,안전운전불이행,건조,맑음,단일로 - 기타,특수,남,37세,상해없음,보행자,여,58세,경상
2017022800100223,2017년 2월 28일 12시,화요일,경상남도 창원시 진해구 용원동,경상사고,0,0,1,0,차대사람 - 횡단중,안전운전불이행,건조,맑음,단일로 - 기타,원동기,남,19세,상해없음,보행자,여,21세,경상
2017022800100242,2017년 2월 28일 13시,화요일,경상남도 김해시 상동면,경상사고,0,0,3,0,차대차 - 추돌,안전거리미확보,건조,맑음,단일로 - 기타,화물,남,52세,상해없음,화물,남,33세,경상
2017022800100254,2017년 2월 28일 13시,화요일,경상남도 창녕군 계성면,경상사고,0,0,1,1,차대차 - 측면충돌,직진우회전진행방해,건조,맑음,교차로 - 교차로안,승용,여,41세,부상신고,승용,남,41세,경상
2017022800100288,2017년 2월 28일 14시,화요일,경상남도 거창군 거창읍,경상사고,0,0,1,0,차대사람 - 횡단중,안전운전불이행,건조,맑음,교차로 - 교차로안,화물,남,44세,상해없음,보행자,여,22세,경상
2017022800100359,2017년 2월 28일 16시,화요일,경상남도 통영시 광도면,경상사고,0,0,1,0,차대사람 - 기타,안전운전불이행,건조,맑음,주차장 - 주차장,승용,여,34세,상해없음,보행자,여,58세,경상
2017022800100360,2017년 2월 28일 16시,화요일,경상남도 고성군 하이면,중상사고,0,1,0,0,차대차 - 기타,신호위반,건조,맑음,교차로 - 교차로안,승용,남,44세,상해없음,승용,여,58세,중상
2017022800100459,2017년 2월 28일 19시,화요일,경상남도 창원시 마산합포구 장군동4가,중상사고,0,1,0,0,차대사람 - 횡단중,안전운전불이행,건조,맑음,교차로 - 교차로안,승용,여,34세,상해없음,보행자,여,59세,중상
2017022800100500,2017년 2월 28일 20시,화요일,경상남도 김해시 동상동,경상사고,0,0,2,0,차대차 - 추돌,안전운전불이행,건조,맑음,교차로 - 교차로부근,승용,여,54세,상해없음,승용,남,39세,경상
2017022800100501,2017년 2월 28일 20시,화요일,경상남도 창원시 성산구 대방동,경상사고,0,0,1,0,차대차 - 추돌,안전운전불이행,건조,맑음,교차로 - 교차로부근,승용,남,47세,상해없음,승용,남,49세,경상
2017022800100579,2017년 2월 28일 23시,화요일,경상남도 진주시 상평동,중상사고,0,1,0,0,차대차 - 기타,신호위반,건조,맑음,교차로 - 교차로안,승용,남,25세,상해없음,승용,남,54세,중상
2017022800100580,2017년 2월 28일 23시,화요일,경상남도 창원시 마산회원구 합성동,중상사고,0,1,0,0,차대사람 - 차도통행중,안전운전불이행,건조,맑음,교차로 - 교차로안,승용,여,28세,상해없음,보행자,남,41세,중상
2017030100100041,2017년 3월 1일 01시,수요일,경상남도 창원시 성산구 성산동,경상사고,0,0,1,0,차대차 - 측면충돌,신호위반,건조,맑음,교차로 - 교차로안,승용,남,52세,상해없음,승용,남,43세,경상
2017030100100056,2017년 3월 1일 02시,수요일,경상남도 진주시 이현동,중상사고,0,1,0,0,차량단독 - 공작물충돌,안전운전불이행,건조,맑음,단일로 - 기타,승용,남,23세,중상,,,,
2017030100100057,2017년 3월 1일 02시,수요일,경상남도 김해시 외동,중상사고,0,1,0,0,차대차 - 측면충돌,신호위반,건조,맑음,교차로 - 교차로안,승용,여,48세,상해없음,이륜,남,18세,중상
2017030100100065,2017년 3월 1일 03시,수요일,경상남도 진주시 하대동,중상사고,0,1,0,0,차대사람 - 차도통행중,안전운전불이행,건조,맑음,단일로 - 기타,원동기,남,60세,상해없음,보행자,남,35세,중상
2017030100100100,2017년 3월 1일 07시,수요일,경상남도 진주시 하대동,경상사고,0,0,2,0,차대차 - 기타,중앙선침범,건조,맑음,교차로 - 교차로부근,승용,남,33세,상해없음,승용,남,33세,경상
2017030100100101,2017년 3월 1일 07시,수요일,경상남도 김해시 상동면,경상사고,0,0,1,0,차대차 - 추돌,안전거리미확보,건조,맑음,단일로 - 기타,건설기계,남,55세,상해없음,승용,남,41세,경상
2017030100100102,2017년 3월 1일 07시,수요일,경상남도 김해시 지내동,중상사고,0,1,0,0,차대사람 - 횡단중,보행자보호의무위반,건조,맑음,교차로 - 교차로횡단보도내,승용,남,42세,상해없음,보행자,남,18세,중상
2017030100100124,2017년 3월 1일 09시,수요일,경상남도 양산시 물금읍,경상사고,0,0,1,0,차대차 - 측면충돌,기타,건조,맑음,교차로 - 교차로안,화물,남,31세,상해없음,이륜,여,23세,경상
2017030100100142,2017년 3월 1일 10시,수요일,경상남도 창원시 마산합포구 상남동,중상사고,0,1,0,0,차대사람 - 횡단중,안전운전불이행,건조,맑음,단일로 - 기타,승용,여,52세,상해없음,보행자,여,44세,중상
2017030100100165,2017년 3월 1일 11시,수요일,경상남도 고성군 고성읍,경상사고,0,0,2,0,차대차 - 측면충돌,신호위반,건조,맑음,단일로 - 기타,화물,남,60세,상해없음,화물,남,73세,상해없음
2017030100100166,2017년 3월 1일 11시,수요일,경상남도 거제시 연초면,경상사고,0,0,1,0,차대차 - 추돌,안전거리미확보,건조,맑음,단일로 - 지하차도(도로)내,화물,남,28세,상해없음,승용,남,50세,경상
2017030100100167,2017년 3월 1일 11시,수요일,경상남도 거제시 문동동,경상사고,0,0,3,0,차대차 - 추돌,안전거리미확보,건조,맑음,교차로 - 교차로안,승용,남,34세,상해없음,승용,여,32세,경상
2017030100100168,2017년 3월 1일 11시,수요일,경상남도 산청군 신등면,중상사고,0,2,0,0,차대차 - 측면충돌,교차로운행방법위반,건조,맑음,교차로 - 교차로안,승용,남,49세,상해없음,승용,남,52세,상해없음