사고번호,사고일시,요일,시군구,사고내용,사망자수,중상자수,경상자수,부상신고자수,사고유형,법규위반,노면상태,기상상태,도로형태,가해운전자 차종,가해운전자 성별,가해운전자 연령,가해운전자 상해정도,피해운전자 차종,피해운전자 성별,피해운전자 연령,피해운전자 상해정도
2017030100100204,2017년 3월 1일 13시,수요일,경상남도 사천시 사천읍,중상사고,0,1,0,0,차대차 - 측면충돌,안전운전불이행,건조,맑음,교차로 - 교차로안,승용,남,43세,상해없음,원동기,남,55세,중상
2017030100100229,2017년 3월 1일 14시,수요일,경상남도 양산시 삼호동,경상사고,0,0,1,0,차대차 - 정면충돌,안전운전불이행,건조,맑음,단일로 - 기타,승용,남,30세,상해없음,화물,여,51세,경상
2017030100100230,2017년 3월 1일 14시,수요일,경상남도 양산시 남부동,부상신고사고,0,0,0,3,차대차 - 추돌,안전거리미확보,건조,맑음,단일로 - 기타,화물,남,64세,상해없음,화물,남,58세,상해없음
2017030100100231,2017년 3월 1일 14시,수요일,경상남도 창원시 의창구 대산면,사망사고,1,0,0,0,차량단독 - 전도전복 - 전도,안전운전불이행,건조,맑음,교차로 - 교차로부근,승용,남,70세,상해없음,,,,
2017030100100250,2017년 3월 1일 15시,수요일,경상남도 진주시 내동면,경상사고,0,0,1,0,차대차 - 추돌,안전거리미확보,건조,맑음,교차로 - 교차로부근,건설기계,남,47세,상해없음,승용,여,32세,경상
2017030100100251,2017년 3월 1일 15시,수요일,경상남도 통영시 명정동,중상사고,0,2,0,0,차대차 - 정면충돌,중앙선침범,건조,맑음,단일로 - 기타,화물,남,61세,상해없음,승용,남,60세,중상
2017030100100295,2017년 3월 1일 17시,수요일,경상남도 고성군 고성읍,경상사고,0,0,1,0,차대차 - 측면충돌,직진우회전진행방해,건조,맑음,교차로 - 교차로안,승용,남,48세,상해없음,이륜,남,44세,경상
2017030100100321,2017년 3월 1일 18시,수요일,경상남도 사천시 용현면,중상사고,0,1,0,0,차대차 - 측면충돌,교차로운행방법위반,건조,맑음,교차로 - 교차로안,화물,남,71세,상해없음,승용,여,35세,중상
2017030100100322,2017년 3월 1일 18시,수요일,경상남도 김해시 내동,중상사고,0,1,0,0,차대사람 - 횡단중,안전운전불이행,건조,맑음,단일로 - 기타,승용,남,60세,상해없음,보행자,여,90세 이상,중상
2017030100100378,2017년 3월 1일 19시,수요일,경상남도 창원시 마산회원구 회성동,경상사고,0,0,1,0,차대차 - 측면충돌,안전운전불이행,건조,맑음,단일로 - 기타,승용,남,40세,상해없음,승용,남,49세,경상
2017030100100419,2017년 3월 1일 20시,수요일,경상남도 김해시 삼방동,경상사고,0,0,1,0,차대사람 - 횡단중,안전운전불이행,젖음/습기,비,단일로 - 기타,승용,남,84세,상해없음,보행자,남,54세,경상
2017030100100420,2017년 3월 1일 20시,수요일,경상남도 창원시 의창구 동읍,중상사고,0,1,0,0,차대사람 - 횡단중,안전운전불이행,건조,맑음,교차로 - 교차로부근,승용,여,45세,상해없음,보행자,남,46세,중상
2017030100100505,2017년 3월 1일 23시,수요일,경상남도 통영시 광도면,경상사고,0,0,1,0,차대차 - 추돌,안전운전불이행,젖음/습기,비,교차로 - 교차로부근,승용,남,26세,상해없음,승합,남,28세,상해없음
2017030100100506,2017년 3월 1일 23시,수요일,경상남도 김해시 내동,경상사고,0,0,1,0,차대사람 - 횡단중,안전운전불이행,젖음/습기,비,단일로 - 기타,승용,여,48세,상해없음,보행자,여,43세,경상
2017030100100507,2017년 3월 1일 23시,수요일,경상남도 거제시 일운면,사망사고,1,0,0,0,차대사람 - 기타,안전운전불이행,기타,비,단일로 - 기타,승용,여,49세,상해없음,보행자,남,57세,사망
2017030200100027,2017년 3월 2일 00시,목요일,경상남도 하동군 악양면,중상사고,0,1,0,0,차대차 - 측면충돌,안전운전불이행,젖음/습기,비,단일로 - 기타,화물,남,44세,중상,승합,기타불명,미분류,기타불명
2017030200100091,2017년 3월 2일 06시,목요일,경상남도 창원시 마산합포구 홍문동,경상사고,0,0,1,0,차대차 - 측면충돌,안전운전불이행,젖음/습기,비,교차로 - 교차로안,승용,남,50세,상해없음,승용,남,49세,상해없음
2017030200100092,2017년 3월 2일 06시,목요일,경상남도 진주시 상대동,경상사고,0,0,1,0,차대사람 - 기타,안전운전불이행,건조,맑음,단일로 - 기타,화물,기타불명,미분류,기타불명,보행자,남,25세,경상
2017030200100093,2017년 3월 2일 06시,목요일,경상남도 통영시 봉평동,경상사고,0,0,1,0,차대차 - 측면충돌,교차로운행방법위반,젖음/습기,흐림,교차로 - 교차로안,승합,남,66세,상해없음,승용,남,67세,경상
2017030200100107,2017년 3월 2일 07시,목요일,경상남도 양산시 용당동,중상사고,0,1,1,0,차대차 - 정면충돌,안전거리미확보,젖음/습기,흐림,교차로 - 교차로부근,승용,남,21세,상해없음,화물,남,56세,중상
2017030200100136,2017년 3월 2일 08시,목요일,경상남도 통영시 무전동,경상사고,0,0,1,0,차대차 - 추돌,안전운전불이행,젖음/습기,맑음,교차로 - 교차로부근,화물,남,43세,상해없음,승용,남,52세,경상
2017030200100137,2017년 3월 2일 08시,목요일,경상남도 김해시 어방동,중상사고,0,1,4,0,차대차 - 측면충돌,신호위반,건조,맑음,교차로 - 교차로안,승용,남,57세,상해없음,승용,남,58세,경상
2017030200100138,2017년 3월 2일 08시,목요일,경상남도 김해시 대청동,중상사고,0,1,0,0,차대차 - 추돌,안전운전불이행,건조,맑음,교차로 - 교차로부근,승용,여,33세,상해없음,승용,여,57세,중상
2017030200100173,2017년 3월 2일 10시,목요일,경상남도 하동군 하동읍,경상사고,0,0,1,0,차대차 - 측면충돌,중앙선침범,건조,맑음,단일로 - 기타,승용,남,65세,상해없음,화물,남,48세,경상
2017030200100252,2017년 3월 2일 13시,목요일,경상남도 거창군 북상면,사망사고,1,1,0,0,차대차 - 측면충돌,중앙선침범,건조,맑음,단일로 - 기타,사륜오토바이(ATV),남,84세,중상,화물,남,65세,상해없음
2017030200100282,2017년 3월 2일 14시,목요일,경상남도 진주시 초전동,중상사고,0,2,0,0,차대사람 - 횡단중,보행자보호의무위반,건조,맑음,교차로 - 교차로횡단보도내,화물,여,49세,상해없음,보행자,남,47세,중상
2017030200100283,2017년 3월 2일 14시,목요일,경상남도 사천시 용강동,중상사고,0,1,0,0,차대사람 - 길가장자리구역통행중,안전운전불이행,건조,맑음,단일로 - 기타,승합,남,30세,상해없음,보행자,여,65세,중상
2017030200100284,2017년 3월 2일 14시,목요일,경상남도 산청군 단성면,중상사고,0,1,0,0,차대사람 - 기타,안전운전불이행,건조,맑음,주차장 - 주차장,화물,남,56세,상해없음,보행자,남,1세,중상
2017030200100307,2017년 3월 2일 15시,목요일,경상남도 창원시 진해구 석동,경상사고,0,0,2,0,차대차 - 측면충돌,안전운전불이행,건조,맑음,기타 - 기타,승용,남,59세,상해없음,승용,여,35세,경상
2017030200100308,2017년 3월 2일 15시,목요일,경상남도 사천시 벌리동,중상사고,0,2,0,0,차대사람 - 횡단중,안전운전불이행,건조,맑음,교차로 - 교차로안,승용,남,66세,상해없음,보행자,여,78세,중상
2017030200100328,2017년 3월 2일 16시,목요일,경상남도 창원시 진해구 경화동,경상사고,0,0,1,0,차대차 - 측면충돌,안전운전불이행,건조,맑음,단일로 - 기타,승합,남,53세,상해없음,자전거,남,13세,경상
2017030200100329,2017년 3월 2일 16시,목요일,경상남도 밀양시 하남읍,경상사고,0,0,2,0,차대차 - 후진중충돌,안전운전불이행,건조,맑음,단일로 - 기타,화물,남,71세,상해없음,승용,여,35세,경상
2017030200100330,2017년 3월 2일 16시,목요일,경상남도 김해시 삼방동,부상신고사고,0,0,0,1,차대차 - 측면충돌,직진우회전진행방해,건조,맑음,교차로 - 교차로안,이륜,남,74세,부상신고,승용,여,35세,상해없음
2017030200100331,2017년 3월 2일 16시,목요일,경상남도 하동군 금성면,경상사고,0,0,1,0,차대차 - 추돌,안전운전불이행,건조,맑음,기타 - 기타,화물,남,52세,상해없음,화물,남,53세,경상
2017030200100332,2017년 3월 2일 16시,목요일,경상남도 거제시 하청면,경상사고,0,0,3,0,차대차 - 기타,중앙선침범,건조,맑음,교차로 - 교차로부근,승용,여,32세,상해없음,이륜,남,17세,경상
2017030200100361,2017년 3월 2일 17시,목요일,경상남도 김해시 삼정동,경상사고,0,0,1,0,차대차 - 측면충돌,직진우회전진행방해,건조,맑음,교차로 - 교차로안,승용,여,38세,상해없음,자전거,남,65세,경상
2017030200100362,2017년 3월 2일 17시,목요일,경상남도 거제시 두모동,중상사고,0,1,0,0,차대차 - 정면충돌,안전운전불이행,건조,맑음,단일로 - 기타,승용,여,39세,상해없음,이륜,남,44세,중상
2017030200100363,2017년 3월 2일 17시,목요일,경상남도 함안군 칠서면,중상사고,0,1,0,0,차대차 - 측면충돌,신호위반,건조,맑음,교차로 - 교차로부근,승합,남,49세,상해없음,승용,남,34세,중상
2017030200100364,2017년 3월 2일 17시,목요일,경상남도 김해시 진영읍,경상사고,0,0,1,0,차대차 - 측면충돌,안전운전불이행,건조,맑음,교차로 - 교차로안,승합,남,60세,상해없음,자전거,남,69세,경상
2017030200100365,2017년 3월 2일 17시,목요일,경상남도 김해시 풍유동,중상사고,0,2,0,0,차대차 - 추돌,안전운전불이행,건조,맑음,단일로 - 기타,승용,남,64세,상해없음,승용,여,36세,중상
2017030200100394,2017년 3월 2일 18시,목요일,경상남도 창녕군 창녕읍,중상사고,0,1,0,0,차대차 - 측면충돌,안전거리미확보,건조,맑음,교차로 - 교차로부근,승용,남,35세,상해없음,원동기,남,45세,중상
2017030200100395,2017년 3월 2일 18시,목요일,경상남도 의령군 대의면,경상사고,0,0,1,0,차량단독 - 전도전복,안전운전불이행,건조,맑음,단일로 - 기타,승용,남,22세,경상,미분류,미분류,미분류,미분류
2017030200100425,2017년 3월 2일 19시,목요일,경상남도 김해시 내동,경상사고,0,0,1,0,차대차 - 측면충돌,신호위반,건조,맑음,교차로 - 교차로안,승용,남,66세,상해없음,자전거,남,45세,경상
2017030200100455,2017년 3월 2일 20시,목요일,경상남도 김해시 동상동,경상사고,0,0,1,0,차대차 - 추돌,안전운전불이행,건조,맑음,단일로 - 기타,승용,남,21세,상해없음,승용,남,50세,상해없음
2017030200100456,2017년 3월 2일 20시,목요일,경상남도 양산시 주진동,경상사고,0,0,1,0,차대차 - 정면충돌,안전운전불이행,건조,맑음,단일로 - 기타,승용,남,51세,상해없음,승용,남,28세,경상
2017030200100457,2017년 3월 2일 20시,목요일,경상남도 거제시 상동동,경상사고,0,0,1,0,차대차 - 기타,교차로운행방법위반,건조,맑음,교차로 - 교차로안,승용,남,56세,상해없음,이륜,남,36세,경상
2017030200100484,2017년 3월 2일 21시,목요일,경상남도 진주시 가좌동,중상사고,0,2,0,0,차대차 - 측면충돌,신호위반,건조,맑음,교차로 - 교차로안,승합,남,48세,상해없음,승용,남,28세,중상
2017030200100485,2017년 3월 2일 21시,목요일,경상남도 김해시 진영읍,중상사고,0,1,0,0,차대사람 - 횡단중,보행자보호의무위반,건조,맑음,교차로 - 교차로횡단보도내,이륜,남,17세,상해없음,보행자,남,62세,중상
2017030300100116,2017년 3월 3일 07시,금요일,경상남도 거제시 옥포동,중상사고,0,1,0,0,차대차 - 측면충돌,기타,건조,맑음,교차로 - 교차로안,자전거,남,13세,중상,승용,남,36세,상해없음
2017030300100117,2017년 3월 3일 07시,금요일,경상남도 창원시 의창구 대산면,중상사고,0,1,0,0,차대사람 - 횡단중,안전운전불이행,건조,맑음,단일로 - 기타,승용,남,36세,상해없음,보행자,여,69세,중상
2017030300100146,2017년 3월 3일 08시,금요일,경상남도 창원시 진해구 경화동,경상사고,0,0,1,0,차대사람 - 횡단중,교차로운행방법위반,건조,맑음,교차로 - 교차로부근,승용,남,37세,상해없음,보행자,여,43세,경상
2017030300100147,2017년 3월 3일 08시,금요일,경상남도 김해시 구산동,경상사고,0,0,1,0,차대차 - 기타,중앙선침범,건조,맑음,단일로 - 기타,이륜,남,29세,경상,승용,여,46세,기타불명
2017030300100179,2017년 3월 3일 09시,금요일,경상남도 통영시 중앙동,경상사고,0,0,1,0,차대차 - 기타,신호위반,건조,맑음,교차로 - 교차로안,승용,남,60세,상해없음,승합,남,63세,상해없음
2017030300100180,2017년 3월 3일 09시,금요일,경상남도 거제시 고현동,중상사고,0,3,1,0,차대차 - 기타,안전운전불이행,건조,맑음,교차로 - 교차로안,승용,여,29세,상해없음,승합,남,53세,상해없음
2017030300100211,2017년 3월 3일 10시,금요일,경상남도 사천시 정동면,중상사고,0,1,0,0,차량단독 - 전도전복 - 전도,안전운전불이행,건조,맑음,단일로 - 기타,자전거,남,45세,중상,,,,
2017030300100212,2017년 3월 3일 10시,금요일,경상남도 김해시 부곡동,사망사고,1,0,0,0,차대사람 - 횡단중,안전운전불이행,건조,맑음,단일로 - 기타,승용,남,52세,상해없음,보행자,남,78세,사망
2017030300100213,2017년 3월 3일 10시,금요일,경상남도 김해시 진영읍,경상사고,0,0,1,0,차대차 - 측면충돌,교차로운행방법위반,건조,맑음,교차로 - 교차로안,승용,남,63세,상해없음,승용,남,61세,경상
2017030300100268,2017년 3월 3일 12시,금요일,경상남도 진주시 하대동,사망사고,1,0,0,0,차대사람 - 길가장자리구역통행중,교차로운행방법위반,건조,맑음,교차로 - 교차로안,승용,여,60세,상해없음,보행자,여,72세,사망
2017030300100269,2017년 3월 3일 12시,금요일,경상남도 창원시 진해구 석동,중상사고,0,1,0,0,차대사람 - 기타,안전운전불이행,건조,맑음,교차로 - 교차로안,화물,남,63세,상해없음,보행자,여,82세,중상
2017030300100270,2017년 3월 3일 12시,금요일,경상남도 창녕군 창녕읍,중상사고,0,1,0,0,차대차 - 기타,안전운전불이행,건조,맑음,단일로 - 기타,화물,남,46세,상해없음,원동기,여,77세,중상
2017030300100306,2017년 3월 3일 13시,금요일,경상남도 거제시 고현동,경상사고,0,0,1,0,차대차 - 측면충돌,교차로운행방법위반,건조,맑음,교차로 - 교차로안,승용,여,45세,상해없음,승용,여,30세,경상
2017030300100337,2017년 3월 3일 14시,금요일,경상남도 사천시 정동면,중상사고,0,1,0,0,차대차 - 측면충돌,신호위반,건조,맑음,교차로 - 교차로안,원동기,남,74세,중상,승용,여,36세,상해없음
2017030300100338,2017년 3월 3일 14시,금요일,경상남도 함양군 함양읍,중상사고,0,1,0,0,차대차 - 기타,차로위반,건조,맑음,단일로 - 기타,화물,남,63세,상해없음,승용,여,69세,중상
2017030300100339,2017년 3월 3일 14시,금요일,경상남도 김해시 응달동,중상사고,0,1,0,0,차대차 - 측면충돌,교차로운행방법위반,건조,맑음,교차로 - 교차로안,승용,남,64세,상해없음,원동기,남,45세,중상
2017030300100400,2017년 3월 3일 16시,금요일,경상남도 창원시 마산회원구 양덕동,중상사고,0,1,0,0,차대사람 - 횡단중,보행자보호의무위반,건조,맑음,단일로 - 기타,승용,여,46세,상해없음,보행자,남,9세,중상
2017030300100433,2017년 3월 3일 17시,금요일,경상남도 창원시 마산합포구 창포동3가,중상사고,0,1,1,0,차대차 - 측면충돌,교차로운행방법위반,건조,맑음,교차로 - 교차로안,승용,여,64세,상해없음,원동기,남,76세,중상
2017030300100434,2017년 3월 3일 17시,금요일,경상남도 진주시 주약동,중상사고,0,1,0,0,차대사람 - 횡단중,안전운전불이행,건조,맑음,단일로 - 기타,승용,여,36세,상해없음,보행자,여,12세,중상
2017030300100435,2017년 3월 3일 17시,금요일,경상남도 밀양시 내이동,경상사고,0,0,1,0,차대차 - 측면충돌,안전운전불이행,건조,맑음,교차로 - 교차로안,승용,여,46세,상해없음,승용,남,63세,경상
2017030300100481,2017년 3월 3일 18시,금요일,경상남도 진주시 이반성면,사망사고,1,0,0,0,차대사람 - 횡단중,신호위반,건조,맑음,교차로 - 교차로안,승용,남,62세,상해없음,보행자,여,89세,사망
2017030300100482,2017년 3월 3일 18시,금요일,경상남도 사천시 용현면,중상사고,0,1,0,0,차대사람 - 횡단중,안전운전불이행,건조,맑음,교차로 - 교차로안,승용,여,47세,상해없음,보행자,여,85세,중상
2017030300100483,2017년 3월 3일 18시,금요일,경상남도 김해시 진영읍,경상사고,0,0,3,0,차대차 - 측면충돌,교차로운행방법위반,건조,맑음,교차로 - 교차로안,승용,여,46세,상해없음,승용,여,36세,경상
2017030300100526,2017년 3월 3일 19시,금요일,경상남도 함안군 칠원읍,경상사고,0,0,1,0,차대차 - 기타,안전운전불이행,건조,흐림,단일로 - 기타,승용,남,54세,기타불명,승용,남,34세,경상
2017030300100577,2017년 3월 3일 21시,금요일,경상남도 거제시 아주동,경상사고,0,0,1,0,차대차 - 기타,안전운전불이행,건조,맑음,단일로 - 기타,승용,여,34세,상해없음,승용,남,54세,경상
2017030300100578,2017년 3월 3일 21시,금요일,경상남도 거제시 고현동,중상사고,0,1,0,0,차대차 - 기타,안전운전불이행,건조,맑음,교차로 - 교차로안,화물,남,59세,상해없음,이륜,남,38세,중상
2017030300100623,2017년 3월 3일 23시,금요일,경상남도 진주시 장재동,경상사고,0,0,2,0,차대차 - 측면충돌,신호위반,건조,맑음,교차로 - 교차로안,승용,남,44세,상해없음,승용,남,58세,경상
2017030300100624,2017년 3월 3일 23시,금요일,경상남도 양산시 평산동,경상사고,0,0,3,0,차대차 - 측면충돌,신호위반,건조,맑음,교차로 - 교차로안,승용,남,23세,상해없음,승용,남,59세,경상
2017030400100017,2017년 3월 4일 00시,토요일,경상남도 진주시 유곡동,중상사고,0,1,0,0,차대차 - 기타,안전운전불이행,건조,맑음,단일로 - 기타,이륜,남,21세,중상,승용,남,50세,상해없음
2017030400100018,2017년 3월 4일 00시,토요일,경상남도 통영시 정량동,경상사고,0,0,1,0,차대사람 - 횡단중,안전운전불이행,건조,맑음,단일로 - 기타,승용,남,58세,상해없음,보행자,남,49세,경상
2017030400100081,2017년 3월 4일 04시,토요일,경상남도 김해시 어방동,중상사고,0,1,1,0,차대차 - 기타,안전운전불이행,건조,맑음,단일로 - 기타,승용,남,22세,상해없음,승용,남,36세,상해없음
2017030400100082,2017년 3월 4일 04시,토요일,경상남도 김해시 구산동,경상사고,0,0,2,0,차대차 - 기타,안전운전불이행,건조,맑음,단일로 - 기타,승용,남,50세,상해없음,승용,남,55세,경상
2017030400100159,2017년 3월 4일 09시,토요일,경상남도 진주시 가좌동,중상사고,0,1,0,0,차대차 - 기타,신호위반,건조,맑음,교차로 - 교차로안,승용,남,63세,상해없음,승용,남,41세,중상
2017030400100160,2017년 3월 4일 09시,토요일,경상남도 거제시 고현동,경상사고,0,0,1,0,차대차 - 기타,안전운전불이행,건조,맑음,기타 - 기타,승용,남,46세,상해없음,승용,남,22세,경상
2017030400100161,2017년 3월 4일 09시,토요일,경상남도 산청군 산청읍,중상사고,0,2,0,0,차대차 - 측면충돌,교차로운행방법위반,건조,맑음,교차로 - 교차로안,화물,남,57세,상해없음,원동기,남,74세,중상
2017030400100187,2017년 3월 4일 10시,토요일,경상남도 창원시 마산합포구 월남동2가,중상사고,0,1,0,0,차대사람 - 횡단중,신호위반,건조,맑음,교차로 - 교차로횡단보도내,승용,여,25세,상해없음,보행자,여,66세,중상
2017030400100188,2017년 3월 4일 10시,토요일,경상남도 양산시 물금읍,경상사고,0,0,2,0,차대차 - 측면충돌,신호위반,건조,맑음,교차로 - 교차로안,승용,남,24세,상해없음,승용,남,31세,경상
2017030400100189,2017년 3월 4일 10시,토요일,경상남도 창원시 의창구 북동,경상사고,0,0,1,0,차대차 - 측면충돌,기타,건조,맑음,교차로 - 교차로안,화물,남,46세,상해없음,화물,남,46세,경상
2017030400100225,2017년 3월 4일 11시,토요일,경상남도 사천시 동금동,경상사고,0,0,1,0,차대차 - 측면충돌,직진우회전진행방해,건조,맑음,교차로 - 교차로안,자전거,남,75세,경상,승용,여,59세,상해없음
2017030400100261,2017년 3월 4일 12시,토요일,경상남도 김해시 대성동,중상사고,0,1,0,0,차대차 - 추돌,안전거리미확보,건조,맑음,단일로 - 기타,화물,남,44세,상해없음,승용,여,42세,중상
2017030400100262,2017년 3월 4일 12시,토요일,경상남도 하동군 하동읍,중상사고,0,1,0,0,차대차 - 추돌,안전운전불이행,건조,맑음,단일로 - 기타,승용,남,62세,상해없음,승용,남,64세,중상
2017030400100263,2017년 3월 4일 12시,토요일,경상남도 거제시 고현동,경상사고,0,0,1,0,차대차 - 정면충돌,안전운전불이행,건조,맑음,기타 - 기타,승용,남,57세,상해없음,자전거,남,13세,경상
2017030400100297,2017년 3월 4일 13시,토요일,경상남도 창원시 진해구 대영동,경상사고,0,0,1,0,차대차 - 측면충돌,교차로운행방법위반,건조,맑음,교차로 - 교차로안,승용,남,56세,상해없음,승용,남,27세,경상
2017030400100298,2017년 3월 4일 13시,토요일,경상남도 거창군 거창읍,경상사고,0,0,1,0,차대차 - 기타,교차로운행방법위반,건조,맑음,교차로 - 교차로안,승용,남,39세,상해없음,승용,남,62세,경상
2017030400100299,2017년 3월 4일 13시,토요일,경상남도 거제시 옥포동,경상사고,0,0,1,0,차대차 - 정면충돌,교차로운행방법위반,건조,맑음,기타 - 기타,이륜,남,57세,상해없음,이륜,남,41세,경상
2017030400100300,2017년 3월 4일 13시,토요일,경상남도 김해시 율하동,중상사고,0,2,0,0,차대사람 - 횡단중,보행자보호의무위반,건조,맑음,교차로 - 교차로부근,승용,여,51세,상해없음,보행자,남,68세,중상
2017030400100329,2017년 3월 4일 14시,토요일,경상남도 통영시 산양읍,중상사고,0,1,0,0,차대사람 - 횡단중,안전운전불이행,건조,맑음,단일로 - 기타,승용,여,39세,상해없음,보행자,남,5세,중상
2017030400100330,2017년 3월 4일 14시,토요일,경상남도 고성군 동해면,경상사고,0,0,5,0,차대차 - 측면충돌,중앙선침범,건조,맑음,단일로 - 기타,이륜,남,33세,상해없음,승합,남,30세,경상
2017030400100384,2017년 3월 4일 16시,토요일,경상남도 사천시 사천읍,경상사고,0,0,1,0,차대차 - 기타,중앙선침범,건조,맑음,단일로 - 기타,자전거,남,62세,경상,승용,여,40세,상해없음
2017030400100385,2017년 3월 4일 16시,토요일,경상남도 거제시 고현동,경상사고,0,0,1,0,차대사람 - 횡단중,안전운전불이행,건조,맑음,기타 - 기타,승용,남,57세,상해없음,보행자,여,6세,경상
2017030400100413,2017년 3월 4일 17시,토요일,경상남도 고성군 회화면,중상사고,0,1,4,2,차대차 - 추돌,차로위반,건조,맑음,단일로 - 기타,승용,남,64세,상해없음,승용,남,41세,중상
2017030400100414,2017년 3월 4일 17시,토요일,경상남도 거제시 장평동,경상사고,0,0,2,0,차대차 - 정면충돌,안전운전불이행,건조,맑음,기타 - 기타,승합,남,49세,상해없음,화물,남,61세,경상
2017030400100435,2017년 3월 4일 18시,토요일,경상남도 양산시 명동,경상사고,0,0,1,0,차대사람 - 차도통행중,안전운전불이행,건조,맑음,단일로 - 기타,승용,여,41세,상해없음,보행자,남,43세,경상
2017030400100436,2017년 3월 4일 18시,토요일,경상남도 창원시 마산회원구 회성동,중상사고,0,2,1,0,차대차 - 추돌,안전운전불이행,건조,맑음,교차로 - 교차로부근,승용,남,56세,상해없음,승용,여,53세,중상
2017030400100468,2017년 3월 4일 19시,토요일,경상남도 함양군 함양읍,경상사고,0,0,1,0,차대차 - 기타,안전운전불이행,건조,맑음,단일로 - 기타,승용,남,18세,상해없음,승용,여,37세,경상
2017030400100507,2017년 3월 4일 21시,토요일,경상남도 거제시 옥포동,경상사고,0,0,1,0,차대차 - 정면충돌,안전운전불이행,건조,맑음,기타 - 기타,이륜,남,30세,기타불명,승용,남,24세,상해없음
2017030400100508,2017년 3월 4일 21시,토요일,경상남도 창원시 의창구 도계동,경상사고,0,0,1,0,차대차 - 측면충돌,안전운전불이행,건조,맑음,교차로 - 교차로안,승용,남,43세,상해없음,자전거,남,58세,경상
2017030400100528,2017년 3월 4일 22시,토요일,경상남도 진주시 신안동,중상사고,0,1,0,0,차대사람 - 횡단중,보행자보호의무위반,건조,맑음,단일로 - 기타,승용,남,25세,상해없음,보행자,여,24세,중상
2017030400100545,2017년 3월 4일 23시,토요일,경상남도 김해시 봉황동,중상사고,0,1,0,0,차대차 - 측면충돌,교차로운행방법위반,건조,맑음,교차로 - 교차로안,이륜,남,17세,중상,승용,여,38세,상해없음
2017030500100053,2017년 3월 5일 04시,일요일,경상남도 창원시 진해구 용원동,경상사고,0,0,1,0,차대차 - 추돌,안전운전불이행,건조,맑음,기타 - 기타,승용,남,28세,경상,건설기계,남,61세,기타불명
2017030500100086,2017년 3월 5일 08시,일요일,경상남도 통영시 용남면,중상사고,0,1,0,0,차대차 - 측면충돌,안전거리미확보,건조,맑음,교차로 - 교차로안,승용,남,67세,상해없음,이륜,남,52세,중상
2017030500100096,2017년 3월 5일 09시,일요일,경상남도 진주시 판문동,중상사고,0,1,0,0,차대사람 - 횡단중,보행자보호의무위반,건조,맑음,교차로 - 교차로안,승용,남,55세,상해없음,보행자,남,77세,중상
2017030500100097,2017년 3월 5일 09시,일요일,경상남도 합천군 대양면,중상사고,0,3,0,0,차대차 - 정면충돌,교차로운행방법위반,건조,맑음,교차로 - 교차로안,승용,남,65세,중상,승용,남,61세,중상
2017030500100110,2017년 3월 5일 10시,일요일,경상남도 진주시 신안동,중상사고,0,2,0,0,차대차 - 측면충돌,안전운전불이행,건조,맑음,기타 - 기타,승용,남,52세,상해없음,승용,남,47세,중상
2017030500100111,2017년 3월 5일 10시,일요일,경상남도 통영시 정량동,경상사고,0,0,2,0,차대차 - 추돌,안전운전불이행,건조,맑음,단일로 - 기타,승용,남,55세,상해없음,승용,남,40세,경상
2017030500100112,2017년 3월 5일 10시,일요일,경상남도 고성군 고성읍,중상사고,0,1,0,0,차대차 - 측면충돌,신호위반,건조,흐림,교차로 - 교차로안,승용,남,51세,상해없음,이륜,남,72세,중상
2017030500100113,2017년 3월 5일 10시,일요일,경상남도 김해시 진영읍,경상사고,0,0,1,0,차대차 - 측면충돌,안전운전불이행,건조,맑음,단일로 - 기타,건설기계,남,49세,상해없음,승용,여,45세,경상
2017030500100127,2017년 3월 5일 11시,일요일,경상남도 거제시 상동동,경상사고,0,0,2,0,차대차 - 측면충돌,직진우회전진행방해,건조,맑음,교차로 - 교차로안,승용,남,36세,상해없음,이륜,남,44세,경상
2017030500100128,2017년 3월 5일 11시,일요일,경상남도 창원시 성산구 불모산동,경상사고,0,0,2,0,차대차 - 추돌,안전운전불이행,건조,맑음,단일로 - 기타,화물,남,62세,상해없음,승용,여,43세,경상
2017030500100178,2017년 3월 5일 13시,일요일,경상남도 김해시 외동,경상사고,0,0,3,0,차대차 - 측면충돌,안전거리미확보,건조,맑음,교차로 - 교차로부근,승용,여,52세,상해없음,승용,남,33세,경상
2017030500100179,2017년 3월 5일 13시,일요일,경상남도 합천군 가야면,중상사고,0,1,1,0,차대사람 - 보도통행중,안전운전불이행,건조,맑음,단일로 - 기타,화물,남,56세,상해없음,보행자,남,68세,중상
2017030500100201,2017년 3월 5일 14시,일요일,경상남도 사천시 벌리동,경상사고,0,0,2,0,차대차 - 측면충돌,직진우회전진행방해,건조,맑음,교차로 - 교차로안,승용,남,52세,상해없음,승용,남,56세,경상
2017030500100202,2017년 3월 5일 14시,일요일,경상남도 거제시 장목면,중상사고,0,3,0,0,차대차 - 정면충돌,안전운전불이행,건조,맑음,단일로 - 기타,승용,남,60세,상해없음,승용,남,39세,중상
2017030500100225,2017년 3월 5일 15시,일요일,경상남도 창원시 마산합포구 월포동,경상사고,0,0,3,0,차대차 - 추돌,안전운전불이행,건조,맑음,교차로 - 교차로안,승용,여,32세,경상,승용,남,24세,상해없음
2017030500100259,2017년 3월 5일 16시,일요일,경상남도 진주시 평거동,중상사고,0,1,0,0,차대차 - 측면충돌,안전운전불이행,건조,맑음,교차로 - 교차로안,승용,남,28세,상해없음,승용,남,34세,중상
2017030500100260,2017년 3월 5일 16시,일요일,경상남도 거제시 사등면,경상사고,0,0,1,0,차대차 - 추돌,안전운전불이행,건조,맑음,단일로 - 기타,승용,여,27세,상해없음,승용,남,33세,경상