사고번호,사고일시,요일,시군구,사고내용,사망자수,중상자수,경상자수,부상신고자수,사고유형,법규위반,노면상태,기상상태,도로형태,가해운전자 차종,가해운전자 성별,가해운전자 연령,가해운전자 상해정도,피해운전자 차종,피해운전자 성별,피해운전자 연령,피해운전자 상해정도
2017030500100261,2017년 3월 5일 16시,일요일,경상남도 창원시 의창구 팔용동,사망사고,1,0,0,0,차량단독 - 전도전복,안전운전불이행,건조,맑음,단일로 - 기타,원동기,남,52세,사망,미분류,미분류,미분류,미분류
2017030500100281,2017년 3월 5일 17시,일요일,경상남도 김해시 삼계동,경상사고,0,0,3,0,차대차 - 추돌,안전거리미확보,건조,맑음,단일로 - 기타,승용,여,39세,상해없음,승용,남,37세,경상
2017030500100282,2017년 3월 5일 17시,일요일,경상남도 양산시 물금읍,경상사고,0,0,1,0,차대사람 - 횡단중,안전운전불이행,건조,맑음,교차로 - 교차로부근,승합,남,34세,상해없음,보행자,남,37세,경상
2017030500100283,2017년 3월 5일 17시,일요일,경상남도 창원시 성산구 성주동,중상사고,0,1,0,0,차대차 - 측면충돌,신호위반,건조,맑음,교차로 - 교차로안,이륜,남,61세,상해없음,이륜,남,57세,중상
2017030500100284,2017년 3월 5일 17시,일요일,경상남도 김해시 명법동,경상사고,0,0,1,0,차대차 - 추돌,안전운전불이행,건조,맑음,단일로 - 기타,이륜,남,26세,상해없음,자전거,여,63세,경상
2017030500100373,2017년 3월 5일 20시,일요일,경상남도 김해시 불암동,중상사고,0,1,0,0,차대사람 - 횡단중,신호위반,건조,맑음,교차로 - 교차로안,이륜,남,22세,상해없음,보행자,남,28세,중상
2017030500100374,2017년 3월 5일 20시,일요일,경상남도 창원시 성산구 상남동,중상사고,0,1,0,0,차대사람 - 횡단중,안전운전불이행,건조,맑음,교차로 - 교차로부근,승용,남,60세,상해없음,보행자,남,63세,중상
2017030500100375,2017년 3월 5일 20시,일요일,경상남도 창원시 마산회원구 합성동,경상사고,0,0,2,0,차대차 - 측면충돌,신호위반,건조,맑음,교차로 - 교차로안,승용,남,30세,경상,승용,남,52세,경상
2017030500100376,2017년 3월 5일 20시,일요일,경상남도 김해시 율하동,경상사고,0,0,3,0,차대차 - 측면충돌,차로위반,건조,맑음,교차로 - 교차로부근,승합,남,51세,상해없음,승용,남,27세,경상
2017030500100424,2017년 3월 5일 22시,일요일,경상남도 통영시 미수동,경상사고,0,0,1,0,차대사람 - 횡단중,보행자보호의무위반,건조,맑음,교차로 - 교차로횡단보도내,승용,남,51세,상해없음,보행자,여,55세,경상
2017030500100437,2017년 3월 5일 23시,일요일,경상남도 양산시 상북면,경상사고,0,0,1,0,차대차 - 측면충돌,직진우회전진행방해,건조,맑음,교차로 - 교차로안,승용,남,60세,상해없음,승용,남,27세,경상
2017030600100023,2017년 3월 6일 00시,월요일,경상남도 산청군 단성면,경상사고,0,0,1,0,차대차 - 추돌,안전운전불이행,건조,맑음,단일로 - 기타,승용,남,28세,상해없음,화물,남,61세,경상
2017030600100089,2017년 3월 6일 07시,월요일,경상남도 김해시 구산동,경상사고,0,0,2,0,차대사람 - 기타,안전운전불이행,건조,맑음,교차로 - 교차로안,기타불명,남,미분류,상해없음,보행자,여,17세,경상
2017030600100125,2017년 3월 6일 08시,월요일,경상남도 창원시 성산구 귀산동,중상사고,0,1,0,0,차대차 - 기타,안전운전불이행,건조,맑음,단일로 - 기타,승용,여,46세,상해없음,화물,남,46세,중상
2017030600100186,2017년 3월 6일 10시,월요일,경상남도 거제시 사등면,경상사고,0,0,3,0,차대차 - 추돌,안전운전불이행,건조,맑음,단일로 - 기타,특수,남,57세,상해없음,승용,남,52세,경상
2017030600100187,2017년 3월 6일 10시,월요일,경상남도 의령군 의령읍,중상사고,0,1,0,0,차대차 - 측면충돌,교차로운행방법위반,건조,맑음,교차로 - 교차로안,승용,남,55세,상해없음,자전거,남,57세,중상
2017030600100219,2017년 3월 6일 11시,월요일,경상남도 양산시 명곡동,경상사고,0,0,1,0,차대차 - 정면충돌,안전운전불이행,건조,맑음,단일로 - 기타,화물,남,60세,상해없음,승용,남,36세,경상
2017030600100247,2017년 3월 6일 12시,월요일,경상남도 창원시 의창구 도계동,경상사고,0,0,1,0,차대사람 - 횡단중,안전운전불이행,건조,맑음,단일로 - 기타,승용,여,49세,상해없음,보행자,남,7세,경상
2017030600100328,2017년 3월 6일 15시,월요일,경상남도 밀양시 교동,중상사고,0,1,1,0,차대차 - 측면충돌,교차로운행방법위반,건조,맑음,교차로 - 교차로안,승용,남,54세,상해없음,승용,여,52세,중상
2017030600100362,2017년 3월 6일 16시,월요일,경상남도 창원시 마산합포구 상남동,중상사고,0,1,0,0,차대차 - 측면충돌,신호위반,건조,맑음,교차로 - 교차로안,승용,남,18세,상해없음,승용,여,57세,중상
2017030600100363,2017년 3월 6일 16시,월요일,경상남도 의령군 의령읍,중상사고,0,1,0,0,차대사람 - 횡단중,안전운전불이행,건조,맑음,단일로 - 기타,화물,여,46세,상해없음,보행자,남,59세,중상
2017030600100395,2017년 3월 6일 17시,월요일,경상남도 창원시 진해구 태백동,경상사고,0,0,1,0,차대차 - 기타,안전운전불이행,건조,맑음,단일로 - 고가도로위,화물,남,52세,상해없음,승용,남,29세,경상
2017030600100396,2017년 3월 6일 17시,월요일,경상남도 통영시 미수동,중상사고,0,1,2,0,차대차 - 기타,안전운전불이행,건조,맑음,단일로 - 기타,승용,남,42세,상해없음,승용,남,54세,경상
2017030600100397,2017년 3월 6일 17시,월요일,경상남도 김해시 외동,경상사고,0,0,1,0,차대차 - 측면충돌,안전운전불이행,건조,맑음,단일로 - 기타,승용,남,38세,상해없음,승용,남,39세,경상
2017030600100398,2017년 3월 6일 17시,월요일,경상남도 창원시 의창구 대산면,경상사고,0,0,1,0,차대차 - 측면충돌,신호위반,건조,맑음,교차로 - 교차로안,승용,남,55세,상해없음,승용,남,48세,경상
2017030600100431,2017년 3월 6일 18시,월요일,경상남도 합천군 합천읍,중상사고,0,1,0,0,차대사람 - 횡단중,안전운전불이행,건조,맑음,단일로 - 기타,자전거,여,63세,상해없음,보행자,여,73세,중상
2017030600100469,2017년 3월 6일 19시,월요일,경상남도 통영시 광도면,부상신고사고,0,0,0,1,차대차 - 기타,안전운전불이행,건조,맑음,단일로 - 기타,이륜,남,34세,부상신고,화물,남,64세,상해없음
2017030600100502,2017년 3월 6일 20시,월요일,경상남도 창원시 마산합포구 남성동,중상사고,0,1,0,0,차대사람 - 기타,안전운전불이행,건조,맑음,단일로 - 기타,승용,남,58세,상해없음,보행자,남,56세,중상
2017030600100503,2017년 3월 6일 20시,월요일,경상남도 진주시 초전동,중상사고,0,1,2,0,차대차 - 추돌,안전운전불이행,건조,맑음,교차로 - 교차로부근,승합,남,71세,상해없음,승용,여,29세,경상
2017030600100527,2017년 3월 6일 21시,월요일,경상남도 고성군 회화면,중상사고,0,1,1,0,차대사람 - 길가장자리구역통행중,중앙선침범,건조,맑음,교차로 - 교차로부근,승용,여,33세,상해없음,보행자,남,51세,중상
2017030600100528,2017년 3월 6일 21시,월요일,경상남도 창원시 의창구 사림동,경상사고,0,0,1,0,차대차 - 측면충돌,직진우회전진행방해,건조,맑음,교차로 - 교차로안,원동기,남,18세,경상,승용,남,23세,상해없음
2017030600100547,2017년 3월 6일 22시,월요일,경상남도 김해시 삼계동,경상사고,0,0,1,0,차대차 - 측면충돌,안전운전불이행,건조,맑음,기타 - 기타,승용,여,43세,상해없음,자전거,남,47세,경상
2017030600100548,2017년 3월 6일 22시,월요일,경상남도 양산시 삼호동,경상사고,0,0,1,0,차대사람 - 횡단중,안전운전불이행,건조,맑음,교차로 - 교차로안,승용,남,59세,상해없음,보행자,남,42세,경상
2017030700100045,2017년 3월 7일 04시,화요일,경상남도 함양군 함양읍,경상사고,0,0,3,0,차대차 - 측면충돌,신호위반,건조,맑음,교차로 - 교차로안,승용,여,36세,상해없음,승용,여,48세,경상
2017030700100085,2017년 3월 7일 07시,화요일,경상남도 통영시 광도면,중상사고,0,1,2,0,차대차 - 추돌,안전거리미확보,건조,맑음,단일로 - 기타,승합,남,65세,상해없음,승용,남,34세,중상
2017030700100086,2017년 3월 7일 07시,화요일,경상남도 김해시 대성동,중상사고,0,1,3,0,차대차 - 측면충돌,신호위반,건조,맑음,교차로 - 교차로안,승용,여,43세,경상,승용,남,54세,경상
2017030700100087,2017년 3월 7일 07시,화요일,경상남도 김해시 삼계동,중상사고,0,2,1,0,차대차 - 측면충돌,직진우회전진행방해,건조,맑음,교차로 - 교차로안,승용,여,54세,경상,승용,남,51세,중상
2017030700100088,2017년 3월 7일 07시,화요일,경상남도 양산시 용당동,경상사고,0,0,2,0,차대차 - 측면충돌,안전운전불이행,건조,맑음,교차로 - 교차로부근,건설기계,남,62세,상해없음,승용,남,42세,경상
2017030700100131,2017년 3월 7일 08시,화요일,경상남도 사천시 사천읍,중상사고,0,1,0,0,차대차 - 추돌,안전운전불이행,건조,맑음,단일로 - 기타,승용,여,51세,상해없음,승용,여,41세,중상
2017030700100132,2017년 3월 7일 08시,화요일,경상남도 김해시 진영읍,중상사고,0,1,0,0,차대사람 - 보도통행중,안전운전불이행,건조,맑음,단일로 - 기타,승용,여,40세,상해없음,보행자,여,9세,중상
2017030700100167,2017년 3월 7일 09시,화요일,경상남도 밀양시 삼문동,중상사고,0,1,0,0,차대사람 - 횡단중,보행자보호의무위반,건조,맑음,교차로 - 교차로부근,승용,남,51세,기타불명,보행자,남,68세,중상
2017030700100168,2017년 3월 7일 09시,화요일,경상남도 김해시 대청동,경상사고,0,0,2,0,차대차 - 측면충돌,안전거리미확보,건조,맑음,단일로 - 기타,승용,남,22세,상해없음,승용,남,45세,경상
2017030700100191,2017년 3월 7일 10시,화요일,경상남도 통영시 서호동,경상사고,0,0,1,0,차대차 - 기타,안전운전불이행,건조,맑음,단일로 - 기타,승용,남,60세,상해없음,승합,남,46세,상해없음
2017030700100192,2017년 3월 7일 10시,화요일,경상남도 남해군 남해읍,중상사고,0,1,0,0,차대사람 - 차도통행중,안전운전불이행,건조,맑음,단일로 - 기타,승용,남,46세,상해없음,보행자,남,60세,중상
2017030700100224,2017년 3월 7일 11시,화요일,경상남도 진주시 망경동,경상사고,0,0,1,0,차대차 - 측면충돌,직진우회전진행방해,건조,맑음,교차로 - 교차로안,원동기,남,69세,경상,승용,여,59세,상해없음
2017030700100248,2017년 3월 7일 12시,화요일,경상남도 진주시 신안동,경상사고,0,0,1,0,차대사람 - 횡단중,안전운전불이행,건조,맑음,교차로 - 교차로안,이륜,남,44세,상해없음,보행자,여,21세,경상
2017030700100249,2017년 3월 7일 12시,화요일,경상남도 창원시 진해구 용원동,경상사고,0,0,1,0,차대차 - 측면충돌,안전운전불이행,건조,맑음,단일로 - 기타,승용,남,44세,상해없음,승용,남,31세,경상
2017030700100265,2017년 3월 7일 13시,화요일,경상남도 창원시 마산합포구 창포동2가,경상사고,0,0,1,0,차대차 - 측면충돌,안전운전불이행,건조,맑음,교차로 - 교차로안,이륜,남,71세,경상,승용,남,27세,상해없음
2017030700100266,2017년 3월 7일 13시,화요일,경상남도 창원시 마산회원구 회원동,경상사고,0,0,1,0,차대사람 - 횡단중,안전운전불이행,건조,맑음,단일로 - 기타,승용,남,82세,상해없음,보행자,여,85세,경상
2017030700100285,2017년 3월 7일 14시,화요일,경상남도 창원시 마산합포구 해운동,경상사고,0,0,1,0,차대사람 - 차도통행중,안전운전불이행,건조,맑음,단일로 - 기타,승용,남,76세,기타불명,보행자,남,26세,경상
2017030700100313,2017년 3월 7일 15시,화요일,경상남도 창녕군 창녕읍,경상사고,0,0,2,0,차대차 - 측면충돌,직진우회전진행방해,건조,맑음,교차로 - 교차로안,화물,여,54세,경상,승용,남,63세,경상
2017030700100337,2017년 3월 7일 16시,화요일,경상남도 산청군 신안면,중상사고,0,1,0,0,차대차 - 추돌,안전운전불이행,건조,맑음,단일로 - 기타,승용,남,32세,상해없음,농기계,남,67세,중상
2017030700100377,2017년 3월 7일 17시,화요일,경상남도 진주시 신안동,경상사고,0,0,1,0,차대차 - 측면충돌,안전운전불이행,건조,맑음,교차로 - 교차로안,승용,남,59세,상해없음,승용,여,58세,경상
2017030700100378,2017년 3월 7일 17시,화요일,경상남도 사천시 용강동,경상사고,0,0,1,0,차대사람 - 횡단중,안전운전불이행,건조,맑음,단일로 - 기타,승용,여,63세,상해없음,보행자,여,5세,경상
2017030700100379,2017년 3월 7일 17시,화요일,경상남도 김해시 서상동,경상사고,0,0,3,0,차대차 - 추돌,안전거리미확보,건조,맑음,교차로 - 교차로안,승용,남,57세,상해없음,승용,남,56세,경상
2017030700100380,2017년 3월 7일 17시,화요일,경상남도 양산시 물금읍,경상사고,0,0,3,0,차대차 - 추돌,안전거리미확보,건조,맑음,단일로 - 기타,승합,남,46세,상해없음,승용,여,41세,경상
2017030700100405,2017년 3월 7일 18시,화요일,경상남도 창원시 진해구 안골동,경상사고,0,0,1,0,차대사람 - 횡단중,안전운전불이행,건조,맑음,단일로 - 기타,승용,남,42세,상해없음,보행자,남,5세,경상
2017030700100406,2017년 3월 7일 18시,화요일,경상남도 거제시 고현동,경상사고,0,0,1,0,차대사람 - 횡단중,안전운전불이행,건조,맑음,단일로 - 기타,자전거,남,25세,상해없음,보행자,여,60세,경상
2017030700100407,2017년 3월 7일 18시,화요일,경상남도 산청군 단성면,중상사고,0,1,0,0,차대차 - 측면충돌,중앙선침범,건조,맑음,단일로 - 기타,화물,여,54세,상해없음,승용,남,46세,중상
2017030700100408,2017년 3월 7일 18시,화요일,경상남도 창원시 의창구 사림동,경상사고,0,0,1,0,차대차 - 정면충돌,안전운전불이행,건조,맑음,단일로 - 기타,승용,여,46세,상해없음,승용,남,73세,경상
2017030700100440,2017년 3월 7일 19시,화요일,경상남도 진주시 주약동,경상사고,0,0,1,0,차대차 - 측면충돌,안전거리미확보,건조,맑음,교차로 - 교차로부근,승용,남,47세,상해없음,원동기,남,22세,경상
2017030700100441,2017년 3월 7일 19시,화요일,경상남도 양산시 북정동,경상사고,0,0,1,0,차대차 - 측면충돌,안전운전불이행,건조,맑음,교차로 - 교차로안,승용,여,26세,상해없음,원동기,남,18세,경상
2017030700100534,2017년 3월 7일 22시,화요일,경상남도 창원시 의창구 팔용동,경상사고,0,0,2,0,차대차 - 측면충돌,신호위반,건조,맑음,교차로 - 교차로안,승용,남,43세,상해없음,승용,남,62세,경상
2017030700100561,2017년 3월 7일 23시,화요일,경상남도 진주시 이현동,부상신고사고,0,0,0,1,차대차 - 측면충돌,교차로운행방법위반,건조,맑음,교차로 - 교차로안,자전거,남,50세,부상신고,승용,여,56세,상해없음
2017030800100048,2017년 3월 8일 02시,수요일,경상남도 김해시 불암동,중상사고,0,1,0,0,차대차 - 측면충돌,신호위반,건조,맑음,교차로 - 교차로안,승용,남,46세,상해없음,이륜,남,23세,중상
2017030800100079,2017년 3월 8일 06시,수요일,경상남도 창녕군 이방면,부상신고사고,0,0,0,1,차대차 - 정면충돌,중앙선침범,건조,맑음,단일로 - 기타,이륜,남,42세,부상신고,화물,남,61세,상해없음
2017030800100105,2017년 3월 8일 07시,수요일,경상남도 양산시 물금읍,경상사고,0,0,1,0,차대차 - 기타,기타,건조,맑음,기타 - 기타,자전거,남,55세,경상,기타불명,기타불명,미분류,기타불명
2017030800100130,2017년 3월 8일 08시,수요일,경상남도 창원시 마산회원구 합성동,경상사고,0,0,1,0,차대사람 - 횡단중,보행자보호의무위반,건조,맑음,교차로 - 교차로부근,승용,여,41세,상해없음,보행자,여,51세,경상
2017030800100131,2017년 3월 8일 08시,수요일,경상남도 창원시 의창구 명서동,부상신고사고,0,0,0,1,차대사람 - 횡단중,안전운전불이행,건조,맑음,교차로 - 교차로부근,화물,남,45세,상해없음,보행자,남,9세,부상신고
2017030800100160,2017년 3월 8일 09시,수요일,경상남도 함안군 가야읍,중상사고,0,1,0,0,차대사람 - 횡단중,안전운전불이행,건조,맑음,교차로 - 교차로안,승용,남,70세,상해없음,보행자,여,78세,중상
2017030800100184,2017년 3월 8일 10시,수요일,경상남도 김해시 삼방동,중상사고,0,1,0,0,차대차 - 기타,신호위반,건조,맑음,교차로 - 교차로안,승용,남,58세,상해없음,원동기,여,52세,중상
2017030800100206,2017년 3월 8일 11시,수요일,경상남도 통영시 태평동,경상사고,0,0,1,0,차대차 - 측면충돌,중앙선침범,건조,맑음,단일로 - 지하차도(도로)내,승용,남,68세,상해없음,승용,여,37세,경상
2017030800100230,2017년 3월 8일 12시,수요일,경상남도 김해시 내동,경상사고,0,0,1,0,차대차 - 기타,교차로운행방법위반,건조,맑음,교차로 - 교차로안,화물,남,52세,상해없음,자전거,남,57세,경상
2017030800100231,2017년 3월 8일 12시,수요일,경상남도 김해시 서상동,경상사고,0,0,2,0,차대차 - 측면충돌,안전운전불이행,건조,맑음,단일로 - 기타,화물,남,47세,상해없음,승용,남,63세,경상
2017030800100232,2017년 3월 8일 12시,수요일,경상남도 합천군 합천읍,중상사고,0,1,0,0,차대차 - 측면충돌,교차로운행방법위반,건조,맑음,교차로 - 교차로안,승용,여,52세,상해없음,원동기,남,55세,중상
2017030800100246,2017년 3월 8일 13시,수요일,경상남도 창원시 마산합포구 가포동,중상사고,0,1,0,0,차대차 - 측면충돌,안전운전불이행,건조,맑음,단일로 - 기타,승용,남,40세,상해없음,승용,남,66세,중상
2017030800100247,2017년 3월 8일 13시,수요일,경상남도 사천시 이홀동,중상사고,0,1,0,0,차대차 - 측면충돌,기타,건조,맑음,교차로 - 교차로부근,승합,남,46세,상해없음,승용,남,76세,중상
2017030800100248,2017년 3월 8일 13시,수요일,경상남도 창원시 의창구 중동,경상사고,0,0,2,0,차대차 - 측면충돌,신호위반,건조,맑음,교차로 - 교차로안,승용,남,56세,상해없음,승용,남,36세,경상
2017030800100269,2017년 3월 8일 14시,수요일,경상남도 김해시 삼방동,경상사고,0,0,1,0,차대차 - 측면충돌,안전거리미확보,건조,맑음,단일로 - 기타,승용,남,48세,상해없음,승용,여,63세,경상
2017030800100290,2017년 3월 8일 15시,수요일,경상남도 사천시 용강동,경상사고,0,0,1,0,차대차 - 측면충돌,직진우회전진행방해,건조,맑음,교차로 - 교차로안,화물,남,37세,상해없음,승용,남,50세,경상
2017030800100291,2017년 3월 8일 15시,수요일,경상남도 거제시 아주동,중상사고,0,1,0,0,차대차 - 기타,교차로운행방법위반,건조,맑음,단일로 - 기타,승용,여,46세,상해없음,승용,여,46세,중상
2017030800100292,2017년 3월 8일 15시,수요일,경상남도 진주시 금곡면,사망사고,1,0,1,0,차대차 - 추돌,안전운전불이행,건조,맑음,단일로 - 기타,화물,남,45세,사망,화물,남,42세,경상
2017030800100318,2017년 3월 8일 16시,수요일,경상남도 창원시 마산회원구 석전동,중상사고,0,1,0,0,차대차 - 측면충돌,안전운전불이행,건조,맑음,교차로 - 교차로부근,승용,남,23세,상해없음,화물,여,51세,중상
2017030800100347,2017년 3월 8일 17시,수요일,경상남도 김해시 삼계동,경상사고,0,0,1,0,차대차 - 측면충돌,교차로운행방법위반,건조,맑음,교차로 - 교차로안,승용,남,19세,상해없음,승용,여,36세,경상
2017030800100348,2017년 3월 8일 17시,수요일,경상남도 양산시 물금읍,경상사고,0,0,3,0,차대차 - 추돌,안전거리미확보,건조,맑음,단일로 - 기타,승용,남,52세,상해없음,승합,남,70세,경상
2017030800100349,2017년 3월 8일 17시,수요일,경상남도 거제시 동부면,경상사고,0,0,1,0,차대차 - 정면충돌,안전운전불이행,건조,맑음,단일로 - 기타,승용,남,24세,상해없음,승용,남,31세,경상
2017030800100384,2017년 3월 8일 18시,수요일,경상남도 밀양시 내이동,경상사고,0,0,1,0,차대차 - 추돌,안전운전불이행,건조,맑음,단일로 - 기타,화물,남,57세,상해없음,화물,남,37세,상해없음
2017030800100385,2017년 3월 8일 18시,수요일,경상남도 거창군 거창읍,중상사고,0,1,0,0,차대차 - 기타,교차로운행방법위반,건조,맑음,교차로 - 교차로안,화물,남,75세,상해없음,이륜,남,61세,중상
2017030800100408,2017년 3월 8일 19시,수요일,경상남도 통영시 중앙동,경상사고,0,0,1,0,차대차 - 추돌,안전거리미확보,건조,맑음,단일로 - 기타,승용,여,56세,상해없음,승용,남,52세,경상
2017030800100409,2017년 3월 8일 19시,수요일,경상남도 김해시 신문동,중상사고,0,2,0,0,차대차 - 기타,안전운전불이행,건조,맑음,교차로 - 교차로부근,화물,남,47세,상해없음,승용,남,38세,중상
2017030800100440,2017년 3월 8일 20시,수요일,경상남도 통영시 용남면,경상사고,0,0,1,0,차대사람 - 횡단중,보행자보호의무위반,건조,맑음,교차로 - 교차로안,화물,남,51세,상해없음,보행자,남,67세,경상
2017030800100441,2017년 3월 8일 20시,수요일,경상남도 거제시 수월동,경상사고,0,0,1,0,차대차 - 기타,안전운전불이행,건조,맑음,단일로 - 기타,승용,남,43세,상해없음,이륜,남,49세,경상
2017030800100442,2017년 3월 8일 20시,수요일,경상남도 거제시 고현동,중상사고,0,1,0,0,차대차 - 측면충돌,교차로운행방법위반,건조,맑음,교차로 - 교차로안,승용,남,51세,상해없음,승용,여,52세,중상
2017030800100466,2017년 3월 8일 21시,수요일,경상남도 밀양시 하남읍,중상사고,0,1,0,0,차대차 - 측면충돌,교차로운행방법위반,건조,맑음,교차로 - 교차로안,승용,남,28세,상해없음,화물,남,57세,중상
2017030800100467,2017년 3월 8일 21시,수요일,경상남도 김해시 안동,경상사고,0,0,1,0,차대차 - 기타,신호위반,건조,맑음,교차로 - 교차로안,화물,남,56세,상해없음,승용,남,24세,경상
2017030800100468,2017년 3월 8일 21시,수요일,경상남도 고성군 거류면,경상사고,0,0,2,0,차대차 - 측면충돌,중앙선침범,건조,맑음,단일로 - 기타,승용,남,67세,상해없음,승용,남,56세,경상
2017030800100469,2017년 3월 8일 21시,수요일,경상남도 의령군 의령읍,중상사고,0,1,3,0,차대차 - 측면충돌,안전운전불이행,건조,맑음,교차로 - 교차로안,승용,여,62세,상해없음,승합,남,38세,상해없음
2017030800100470,2017년 3월 8일 21시,수요일,경상남도 창원시 성산구 성산동,경상사고,0,0,1,0,차대차 - 추돌,안전운전불이행,건조,맑음,교차로 - 교차로부근,화물,남,41세,상해없음,승용,남,33세,경상
2017030800100514,2017년 3월 8일 23시,수요일,경상남도 거제시 고현동,경상사고,0,0,1,0,차대차 - 추돌,안전거리미확보,건조,맑음,단일로 - 기타,승용,남,46세,상해없음,승용,남,57세,경상
2017030900100050,2017년 3월 9일 02시,목요일,경상남도 진주시 이현동,중상사고,0,4,0,0,차대차 - 측면충돌,중앙선침범,건조,맑음,단일로 - 기타,승용,남,38세,중상,승용,남,26세,중상
2017030900100081,2017년 3월 9일 06시,목요일,경상남도 거제시 장평동,중상사고,0,1,0,0,차대차 - 기타,교차로운행방법위반,건조,맑음,교차로 - 교차로안,승용,남,45세,상해없음,자전거,남,33세,중상
2017030900100095,2017년 3월 9일 07시,목요일,경상남도 창원시 마산합포구 월남동2가,경상사고,0,0,2,0,차대차 - 추돌,안전운전불이행,건조,맑음,단일로 - 기타,승용,남,31세,상해없음,승용,남,32세,경상
2017030900100096,2017년 3월 9일 07시,목요일,경상남도 통영시 정량동,경상사고,0,0,1,0,차대사람 - 횡단중,안전운전불이행,건조,맑음,단일로 - 기타,원동기,남,37세,상해없음,보행자,여,9세,경상
2017030900100097,2017년 3월 9일 07시,목요일,경상남도 김해시 삼정동,경상사고,0,0,1,0,차대차 - 측면충돌,교차로운행방법위반,건조,맑음,교차로 - 교차로안,승용,남,51세,상해없음,원동기,남,22세,경상
2017030900100098,2017년 3월 9일 07시,목요일,경상남도 창녕군 남지읍,경상사고,0,0,1,0,차대차 - 기타,안전운전불이행,건조,맑음,교차로 - 교차로안,승용,남,26세,상해없음,화물,남,54세,경상
2017030900100099,2017년 3월 9일 07시,목요일,경상남도 양산시 중부동,중상사고,0,1,0,0,차대차 - 측면충돌,교차로운행방법위반,건조,맑음,교차로 - 교차로안,자전거,남,49세,중상,화물,남,39세,상해없음
2017030900100100,2017년 3월 9일 07시,목요일,경상남도 거제시 옥포동,경상사고,0,0,1,0,차대차 - 기타,교차로운행방법위반,건조,맑음,교차로 - 교차로안,승용,여,58세,상해없음,승용,남,60세,경상
2017030900100101,2017년 3월 9일 07시,목요일,경상남도 김해시 진영읍,경상사고,0,0,1,0,차대차 - 측면충돌,신호위반,건조,맑음,교차로 - 교차로안,승합,남,62세,상해없음,승용,남,62세,경상
2017030900100146,2017년 3월 9일 08시,목요일,경상남도 창원시 마산합포구 창포동2가,중상사고,0,1,1,0,차대차 - 측면충돌,교차로운행방법위반,건조,맑음,교차로 - 교차로안,승용,여,44세,상해없음,승용,남,56세,중상
2017030900100147,2017년 3월 9일 08시,목요일,경상남도 창원시 진해구 자은동,경상사고,0,0,1,0,차대차 - 측면충돌,교차로운행방법위반,건조,맑음,교차로 - 교차로안,승용,여,39세,상해없음,원동기,여,60세,경상
2017030900100148,2017년 3월 9일 08시,목요일,경상남도 김해시 동상동,경상사고,0,0,3,0,차대차 - 측면충돌,안전운전불이행,건조,맑음,교차로 - 교차로안,승용,여,54세,상해없음,승용,여,43세,경상
2017030900100149,2017년 3월 9일 08시,목요일,경상남도 의령군 의령읍,경상사고,0,0,4,0,차대차 - 측면충돌,교차로운행방법위반,건조,맑음,교차로 - 교차로안,승용,남,53세,경상,승용,여,37세,경상
2017030900100182,2017년 3월 9일 09시,목요일,경상남도 진주시 장대동,중상사고,0,1,1,0,차대차 - 측면충돌,신호위반,건조,맑음,교차로 - 교차로안,승용,남,71세,상해없음,승용,남,28세,경상
2017030900100183,2017년 3월 9일 09시,목요일,경상남도 김해시 삼계동,중상사고,0,1,1,0,차대차 - 측면충돌,교차로운행방법위반,건조,맑음,교차로 - 교차로안,승용,여,57세,중상,승용,남,72세,경상
2017030900100214,2017년 3월 9일 10시,목요일,경상남도 거창군 거창읍,중상사고,0,2,0,0,차대차 - 기타,안전운전불이행,건조,맑음,교차로 - 교차로안,승용,남,70세,상해없음,원동기,남,73세,중상
2017030900100215,2017년 3월 9일 10시,목요일,경상남도 고성군 고성읍,중상사고,0,1,0,0,차대사람 - 차도통행중,안전운전불이행,건조,맑음,교차로 - 교차로부근,승용,남,20세,상해없음,보행자,여,67세,중상
2017030900100239,2017년 3월 9일 11시,목요일,경상남도 통영시 항남동,중상사고,0,1,0,0,차대사람 - 기타,안전운전불이행,건조,맑음,교차로 - 교차로안,승용,남,52세,상해없음,보행자,여,53세,중상
2017030900100240,2017년 3월 9일 11시,목요일,경상남도 김해시 생림면,중상사고,0,2,1,0,차대차 - 정면충돌,안전운전불이행,건조,맑음,교차로 - 교차로안,승용,여,59세,중상,건설기계,남,44세,경상
2017030900100284,2017년 3월 9일 13시,목요일,경상남도 양산시 명동,사망사고,1,0,0,0,차대차 - 정면충돌,신호위반,건조,맑음,교차로 - 교차로부근,건설기계,남,56세,사망,승용,남,40세,기타불명
2017030900100311,2017년 3월 9일 14시,목요일,경상남도 창원시 진해구 자은동,중상사고,0,1,0,0,차대사람 - 횡단중,보행자보호의무위반,건조,맑음,단일로 - 기타,승용,여,46세,상해없음,보행자,남,11세,중상
2017030900100328,2017년 3월 9일 15시,목요일,경상남도 거제시 능포동,중상사고,0,1,0,0,차대차 - 기타,중앙선침범,건조,맑음,교차로 - 교차로안,승용,여,45세,상해없음,이륜,남,31세,중상
2017030900100359,2017년 3월 9일 16시,목요일,경상남도 사천시 선구동,중상사고,0,1,0,0,차대차 - 측면충돌,안전운전불이행,건조,맑음,단일로 - 기타,승용,여,51세,상해없음,원동기,남,60세,상해없음