사고번호,사고일시,요일,시군구,사고내용,사망자수,중상자수,경상자수,부상신고자수,사고유형,법규위반,노면상태,기상상태,도로형태,가해운전자 차종,가해운전자 성별,가해운전자 연령,가해운전자 상해정도,피해운전자 차종,피해운전자 성별,피해운전자 연령,피해운전자 상해정도
2017031300100297,2017년 3월 13일 14시,월요일,경상남도 통영시 도천동,경상사고,0,0,1,0,차대차 - 측면충돌,안전운전불이행,건조,맑음,단일로 - 기타,화물,남,43세,상해없음,화물,남,26세,경상
2017031300100324,2017년 3월 13일 15시,월요일,경상남도 밀양시 삼문동,경상사고,0,0,1,0,차대사람 - 횡단중,보행자보호의무위반,건조,맑음,교차로 - 교차로횡단보도내,승용,남,51세,상해없음,보행자,남,14세,경상
2017031300100325,2017년 3월 13일 15시,월요일,경상남도 양산시 하북면,경상사고,0,0,1,0,차대사람 - 횡단중,안전운전불이행,건조,맑음,단일로 - 기타,승용,여,54세,상해없음,보행자,여,61세,경상
2017031300100394,2017년 3월 13일 17시,월요일,경상남도 의령군 화정면,중상사고,0,1,2,0,차량단독 - 전도전복 - 전도,안전운전불이행,건조,맑음,단일로 - 기타,화물,여,53세,경상,,,,
2017031300100417,2017년 3월 13일 18시,월요일,경상남도 김해시 율하동,경상사고,0,0,2,0,차대차 - 측면충돌,안전운전불이행,건조,맑음,교차로 - 교차로부근,승용,남,57세,상해없음,승용,여,45세,경상
2017031300100475,2017년 3월 13일 20시,월요일,경상남도 거제시 수월동,경상사고,0,0,1,0,차대차 - 추돌,안전운전불이행,건조,맑음,단일로 - 기타,승용,남,53세,상해없음,승용,남,48세,경상
2017031300100499,2017년 3월 13일 21시,월요일,경상남도 진주시 상대동,중상사고,0,1,0,0,차대차 - 측면충돌,신호위반,건조,맑음,교차로 - 교차로안,승용,남,61세,상해없음,원동기,남,35세,중상
2017031300100500,2017년 3월 13일 21시,월요일,경상남도 거창군 거창읍,경상사고,0,0,2,0,차대차 - 추돌,안전운전불이행,건조,맑음,교차로 - 교차로안,이륜,남,16세,경상,승용,여,48세,경상
2017031300100523,2017년 3월 13일 22시,월요일,경상남도 밀양시 부북면,중상사고,0,1,0,0,차대차 - 측면충돌,안전거리미확보,건조,맑음,단일로 - 기타,승용,남,28세,상해없음,승용,남,47세,중상
2017031400100078,2017년 3월 14일 07시,화요일,경상남도 창원시 진해구 두동,경상사고,0,0,1,0,차대사람 - 차도통행중,안전운전불이행,건조,맑음,단일로 - 기타,승용,여,55세,상해없음,보행자,여,13세,경상
2017031400100079,2017년 3월 14일 07시,화요일,경상남도 사천시 선구동,중상사고,0,1,0,0,차대사람 - 차도통행중,안전운전불이행,건조,맑음,단일로 - 기타,화물,남,64세,상해없음,보행자,남,57세,중상
2017031400100080,2017년 3월 14일 07시,화요일,경상남도 거제시 장평동,경상사고,0,0,1,0,차대차 - 측면충돌,직진우회전진행방해,건조,맑음,교차로 - 교차로안,승용,남,39세,상해없음,승용,여,36세,경상
2017031400100081,2017년 3월 14일 07시,화요일,경상남도 창원시 의창구 팔용동,중상사고,0,1,0,0,차대차 - 기타,안전운전불이행,건조,맑음,교차로 - 교차로횡단보도내,승용,남,57세,상해없음,자전거,남,60세,중상
2017031400100123,2017년 3월 14일 08시,화요일,경상남도 통영시 정량동,중상사고,0,1,0,0,차대차 - 측면충돌,직진우회전진행방해,건조,맑음,교차로 - 교차로안,승용,남,68세,상해없음,승용,여,65세,중상
2017031400100124,2017년 3월 14일 08시,화요일,경상남도 사천시 서포면,중상사고,0,1,0,0,차량단독 - 기타,안전운전불이행,건조,맑음,단일로 - 기타,승합,남,47세,상해없음,,,,
2017031400100177,2017년 3월 14일 10시,화요일,경상남도 사천시 사남면,경상사고,0,0,1,0,차대차 - 측면충돌,기타,건조,맑음,교차로 - 교차로안,건설기계,남,62세,상해없음,승용,여,43세,경상
2017031400100200,2017년 3월 14일 11시,화요일,경상남도 창원시 마산합포구 우산동,경상사고,0,0,1,0,차대차 - 측면충돌,기타,건조,맑음,단일로 - 기타,화물,남,52세,기타불명,승용,여,41세,경상
2017031400100225,2017년 3월 14일 12시,화요일,경상남도 거제시 연초면,중상사고,0,1,1,0,차대차 - 추돌,안전거리미확보,건조,맑음,단일로 - 기타,승용,남,25세,상해없음,승용,여,25세,중상
2017031400100226,2017년 3월 14일 12시,화요일,경상남도 거제시 옥포동,중상사고,0,1,0,0,차대사람 - 기타,안전운전불이행,건조,맑음,단일로 - 기타,승용,여,35세,상해없음,보행자,여,57세,중상
2017031400100286,2017년 3월 14일 14시,화요일,경상남도 사천시 서포면,중상사고,0,1,1,0,차대차 - 추돌,안전운전불이행,건조,맑음,단일로 - 기타,화물,남,54세,상해없음,화물,남,58세,경상
2017031400100287,2017년 3월 14일 14시,화요일,경상남도 창녕군 성산면,중상사고,0,1,0,0,차대차 - 측면충돌,직진우회전진행방해,건조,맑음,교차로 - 교차로안,승용,남,61세,상해없음,원동기,남,46세,중상
2017031400100288,2017년 3월 14일 14시,화요일,경상남도 창원시 성산구 사파정동,중상사고,0,1,1,0,차대차 - 추돌,안전운전불이행,건조,맑음,단일로 - 기타,승용,여,52세,경상,승용,남,43세,상해없음
2017031400100315,2017년 3월 14일 15시,화요일,경상남도 창녕군 창녕읍,경상사고,0,0,1,0,차대사람 - 횡단중,안전운전불이행,건조,맑음,교차로 - 교차로안,승용,여,31세,상해없음,보행자,여,80세,경상
2017031400100348,2017년 3월 14일 16시,화요일,경상남도 김해시 외동,경상사고,0,0,1,0,차대차 - 기타,안전거리미확보,건조,맑음,단일로 - 기타,승용,남,25세,경상,화물,남,64세,상해없음
2017031400100349,2017년 3월 14일 16시,화요일,경상남도 남해군 남해읍,중상사고,0,1,0,0,차대사람 - 횡단중,안전운전불이행,건조,맑음,단일로 - 기타,승용,여,59세,상해없음,보행자,남,76세,중상
2017031400100350,2017년 3월 14일 16시,화요일,경상남도 창원시 의창구 동정동,중상사고,0,2,2,0,차대차 - 추돌,안전운전불이행,건조,맑음,단일로 - 기타,승합,남,76세,상해없음,승용,남,33세,경상
2017031400100383,2017년 3월 14일 17시,화요일,경상남도 통영시 무전동,경상사고,0,0,1,0,차대차 - 측면충돌,안전운전불이행,건조,맑음,단일로 - 기타,화물,남,64세,상해없음,승합,남,50세,경상
2017031400100384,2017년 3월 14일 17시,화요일,경상남도 통영시 무전동,부상신고사고,0,0,0,1,차대차 - 추돌,안전운전불이행,건조,맑음,단일로 - 기타,이륜,남,18세,부상신고,승용,남,43세,상해없음
2017031400100414,2017년 3월 14일 18시,화요일,경상남도 거제시 고현동,부상신고사고,0,0,0,1,차대차 - 추돌,안전거리미확보,건조,맑음,교차로 - 교차로부근,이륜,남,66세,부상신고,승용,남,28세,상해없음
2017031400100415,2017년 3월 14일 18시,화요일,경상남도 창원시 의창구 팔용동,경상사고,0,0,1,0,차대차 - 측면충돌,차로위반,건조,맑음,단일로 - 기타,승용,남,42세,상해없음,승합,남,38세,상해없음
2017031400100447,2017년 3월 14일 19시,화요일,경상남도 진주시 중안동,중상사고,0,1,0,0,차대사람 - 횡단중,안전운전불이행,건조,맑음,단일로 - 기타,승용,여,27세,상해없음,보행자,여,41세,중상
2017031400100472,2017년 3월 14일 20시,화요일,경상남도 거제시 고현동,중상사고,0,1,1,0,차대차 - 기타,교차로운행방법위반,건조,맑음,교차로 - 교차로안,승용,여,51세,상해없음,승용,남,42세,중상
2017031400100498,2017년 3월 14일 21시,화요일,경상남도 창원시 마산합포구 중앙동2가,중상사고,0,1,0,0,차량단독 - 기타,안전운전불이행,건조,맑음,기타 - 기타,승합,남,49세,상해없음,,,,
2017031400100499,2017년 3월 14일 21시,화요일,경상남도 김해시 어방동,중상사고,0,1,1,0,차대차 - 측면충돌,신호위반,건조,맑음,교차로 - 교차로안,승용,남,49세,상해없음,이륜,남,19세,경상
2017031400100529,2017년 3월 14일 22시,화요일,경상남도 진주시 신안동,중상사고,0,1,1,0,차대사람 - 횡단중,안전운전불이행,건조,맑음,단일로 - 기타,이륜,남,23세,경상,보행자,남,57세,중상
2017031400100530,2017년 3월 14일 22시,화요일,경상남도 거제시 고현동,중상사고,0,1,0,0,차대사람 - 횡단중,안전운전불이행,건조,맑음,교차로 - 교차로횡단보도내,승용,남,47세,상해없음,보행자,남,55세,중상
2017031400100531,2017년 3월 14일 22시,화요일,경상남도 창원시 성산구 중앙동,경상사고,0,0,1,0,차대차 - 측면충돌,직진우회전진행방해,건조,맑음,교차로 - 교차로안,승용,남,54세,상해없음,승용,남,50세,상해없음
2017031400100532,2017년 3월 14일 22시,화요일,경상남도 창원시 의창구 봉곡동,경상사고,0,0,1,0,차대차 - 추돌,안전운전불이행,건조,맑음,단일로 - 기타,화물,남,38세,상해없음,승용,남,45세,경상
2017031400100548,2017년 3월 14일 23시,화요일,경상남도 양산시 중부동,경상사고,0,0,1,0,차대차 - 정면충돌,교차로운행방법위반,건조,맑음,교차로 - 교차로안,승용,남,19세,상해없음,원동기,남,27세,경상
2017031500100043,2017년 3월 15일 01시,수요일,경상남도 양산시 하북면,경상사고,0,0,1,0,차대차 - 정면충돌,교차로운행방법위반,건조,맑음,교차로 - 교차로안,승용,여,34세,상해없음,자전거,남,25세,경상
2017031500100066,2017년 3월 15일 05시,수요일,경상남도 사천시 실안동,중상사고,0,4,1,0,차량단독 - 공작물충돌,안전운전불이행,건조,맑음,교차로 - 교차로부근,승용,여,76세,경상,,,,
2017031500100067,2017년 3월 15일 05시,수요일,경상남도 남해군 창선면,경상사고,0,0,1,0,차량단독 - 기타,안전운전불이행,건조,맑음,단일로 - 기타,승용,남,44세,경상,,,,
2017031500100077,2017년 3월 15일 06시,수요일,경상남도 거제시 장평동,중상사고,0,1,0,0,차대차 - 추돌,안전거리미확보,건조,맑음,교차로 - 교차로안,이륜,남,45세,상해없음,승용,남,30세,상해없음
2017031500100097,2017년 3월 15일 07시,수요일,경상남도 김해시 외동,중상사고,0,1,0,0,차대차 - 기타,신호위반,건조,맑음,단일로 - 기타,승용,여,48세,상해없음,자전거,여,43세,중상
2017031500100135,2017년 3월 15일 08시,수요일,경상남도 양산시 남부동,경상사고,0,0,1,0,차대사람 - 횡단중,보행자보호의무위반,건조,맑음,교차로 - 교차로횡단보도내,화물,남,69세,상해없음,보행자,여,11세,경상
2017031500100136,2017년 3월 15일 08시,수요일,경상남도 고성군 마암면,중상사고,0,1,0,0,차대차 - 추돌,안전거리미확보,건조,맑음,단일로 - 기타,승용,남,39세,상해없음,승용,여,53세,중상
2017031500100137,2017년 3월 15일 08시,수요일,경상남도 하동군 금남면,중상사고,0,1,0,0,차대차 - 측면충돌,교차로운행방법위반,건조,맑음,교차로 - 교차로안,승용,여,51세,상해없음,승용,여,52세,중상
2017031500100138,2017년 3월 15일 08시,수요일,경상남도 창원시 의창구 팔용동,경상사고,0,0,2,0,차대차 - 측면충돌,안전거리미확보,건조,맑음,단일로 - 기타,승용,남,38세,경상,승합,남,47세,경상
2017031500100173,2017년 3월 15일 09시,수요일,경상남도 통영시 광도면,경상사고,0,0,1,0,차대차 - 기타,차로위반,건조,맑음,교차로 - 교차로부근,승용,남,59세,상해없음,승용,여,34세,경상
2017031500100217,2017년 3월 15일 10시,수요일,경상남도 창녕군 이방면,부상신고사고,0,0,0,1,차대차 - 기타,안전운전불이행,건조,맑음,단일로 - 기타,이륜,남,80세,부상신고,승용,여,58세,상해없음
2017031500100241,2017년 3월 15일 11시,수요일,경상남도 사천시 곤명면,중상사고,0,1,0,0,차대차 - 측면충돌,기타,건조,맑음,단일로 - 기타,승용,남,37세,상해없음,화물,남,43세,상해없음
2017031500100242,2017년 3월 15일 11시,수요일,경상남도 양산시 신기동,부상신고사고,0,0,0,1,차대사람 - 횡단중,안전운전불이행,건조,맑음,교차로 - 교차로부근,승용,여,39세,상해없음,보행자,여,90세 이상,부상신고
2017031500100273,2017년 3월 15일 12시,수요일,경상남도 사천시 서포면,중상사고,0,1,0,0,차대차 - 측면충돌,직진우회전진행방해,건조,맑음,교차로 - 교차로안,승용,여,56세,상해없음,화물,남,51세,상해없음
2017031500100274,2017년 3월 15일 12시,수요일,경상남도 함양군 함양읍,경상사고,0,0,1,0,차대차 - 측면충돌,교차로운행방법위반,건조,맑음,교차로 - 교차로안,승합,남,55세,상해없음,승용,여,47세,경상
2017031500100303,2017년 3월 15일 13시,수요일,경상남도 밀양시 내이동,사망사고,1,0,0,0,차대차 - 측면충돌,안전운전불이행,건조,맑음,교차로 - 교차로안,화물,남,36세,상해없음,자전거,남,64세,사망
2017031500100304,2017년 3월 15일 13시,수요일,경상남도 거창군 거창읍,중상사고,0,1,0,0,차대사람 - 기타,안전운전불이행,건조,맑음,교차로 - 교차로안,화물,남,28세,상해없음,보행자,여,78세,중상
2017031500100305,2017년 3월 15일 13시,수요일,경상남도 창원시 의창구 팔용동,경상사고,0,0,1,0,차대차 - 기타,교차로운행방법위반,건조,맑음,교차로 - 교차로안,승용,남,59세,상해없음,승용,여,53세,경상
2017031500100333,2017년 3월 15일 14시,수요일,경상남도 창원시 마산합포구 월포동,중상사고,0,1,0,0,차대차 - 기타,안전운전불이행,건조,맑음,교차로 - 교차로안,승용,여,41세,기타불명,자전거,남,81세,중상
2017031500100334,2017년 3월 15일 14시,수요일,경상남도 함안군 칠북면,중상사고,0,2,0,0,차대차 - 측면충돌,신호위반,건조,맑음,교차로 - 교차로안,화물,남,58세,상해없음,승용,여,31세,중상
2017031500100335,2017년 3월 15일 14시,수요일,경상남도 창원시 의창구 서상동,경상사고,0,0,1,0,차대차 - 측면충돌,교차로운행방법위반,건조,맑음,교차로 - 교차로안,승용,남,42세,상해없음,승용,남,36세,경상
2017031500100336,2017년 3월 15일 14시,수요일,경상남도 김해시 진례면,사망사고,1,0,0,0,차대차 - 정면충돌,안전운전불이행,건조,맑음,단일로 - 기타,화물,남,58세,사망,화물,남,47세,상해없음
2017031500100368,2017년 3월 15일 15시,수요일,경상남도 사천시 사천읍,부상신고사고,0,0,0,1,차대차 - 측면충돌,안전운전불이행,건조,맑음,단일로 - 기타,승용,여,56세,상해없음,승합,남,44세,부상신고
2017031500100369,2017년 3월 15일 15시,수요일,경상남도 양산시 물금읍,중상사고,0,1,0,0,차대차 - 측면충돌,중앙선침범,건조,맑음,교차로 - 교차로안,자전거,남,14세,중상,승용,여,28세,상해없음
2017031500100370,2017년 3월 15일 15시,수요일,경상남도 양산시 덕계동,부상신고사고,0,0,0,1,차대사람 - 횡단중,안전운전불이행,건조,맑음,단일로 - 기타,원동기,남,31세,상해없음,보행자,여,7세,부상신고
2017031500100371,2017년 3월 15일 15시,수요일,경상남도 창원시 성산구 남양동,경상사고,0,0,1,0,차대사람 - 횡단중,보행자보호의무위반,건조,맑음,단일로 - 기타,승용,남,30세,상해없음,보행자,남,60세,경상
2017031500100428,2017년 3월 15일 17시,수요일,경상남도 진주시 대곡면,경상사고,0,0,1,0,차대차 - 측면충돌,중앙선침범,건조,맑음,단일로 - 기타,화물,남,49세,상해없음,승용,남,33세,경상
2017031500100429,2017년 3월 15일 17시,수요일,경상남도 김해시 삼방동,경상사고,0,0,1,0,차대차 - 측면충돌,안전운전불이행,건조,맑음,교차로 - 교차로안,승용,여,47세,상해없음,원동기,남,71세,경상
2017031500100430,2017년 3월 15일 17시,수요일,경상남도 양산시 물금읍,중상사고,0,1,0,0,차대차 - 측면충돌,신호위반,건조,맑음,교차로 - 교차로안,승용,남,62세,상해없음,승용,여,54세,중상
2017031500100475,2017년 3월 15일 18시,수요일,경상남도 사천시 선구동,부상신고사고,0,0,0,1,차대사람 - 횡단중,안전운전불이행,건조,맑음,단일로 - 기타,승용,여,34세,상해없음,보행자,여,2세,부상신고
2017031500100476,2017년 3월 15일 18시,수요일,경상남도 사천시 좌룡동,경상사고,0,0,1,0,차대차 - 측면충돌,안전운전불이행,건조,맑음,단일로 - 기타,승용,남,58세,상해없음,화물,남,64세,경상
2017031500100477,2017년 3월 15일 18시,수요일,경상남도 의령군 지정면,중상사고,0,1,0,0,차대차 - 측면충돌,안전운전불이행,건조,맑음,단일로 - 기타,화물,여,57세,중상,승합,남,58세,상해없음
2017031500100478,2017년 3월 15일 18시,수요일,경상남도 창원시 의창구 북면,경상사고,0,0,2,0,차대차 - 측면충돌,안전운전불이행,건조,맑음,교차로 - 교차로안,승용,여,49세,상해없음,승용,남,51세,경상
2017031500100517,2017년 3월 15일 19시,수요일,경상남도 진주시 이현동,경상사고,0,0,1,0,차대차 - 추돌,안전운전불이행,건조,맑음,기타 - 기타,승용,남,58세,상해없음,화물,남,55세,경상
2017031500100518,2017년 3월 15일 19시,수요일,경상남도 김해시 구산동,중상사고,0,1,0,0,차대차 - 측면충돌,중앙선침범,건조,맑음,단일로 - 기타,승용,남,64세,상해없음,승용,남,40세,중상
2017031500100519,2017년 3월 15일 19시,수요일,경상남도 양산시 삼호동,부상신고사고,0,0,0,1,차대차 - 추돌,안전운전불이행,건조,맑음,단일로 - 기타,원동기,남,38세,부상신고,승용,여,50세,상해없음
2017031500100520,2017년 3월 15일 19시,수요일,경상남도 창원시 의창구 도계동,경상사고,0,0,2,0,차대차 - 추돌,안전운전불이행,건조,맑음,단일로 - 기타,승용,남,65세,상해없음,승용,남,66세,경상
2017031500100545,2017년 3월 15일 20시,수요일,경상남도 창원시 진해구 제황산동,중상사고,0,1,0,0,차대사람 - 횡단중,안전운전불이행,건조,맑음,교차로 - 교차로부근,승용,여,65세,상해없음,보행자,여,40세,중상
2017031500100570,2017년 3월 15일 21시,수요일,경상남도 통영시 북신동,경상사고,0,0,1,0,차대차 - 측면충돌,교차로운행방법위반,건조,맑음,단일로 - 기타,승용,남,46세,상해없음,이륜,남,18세,경상
2017031500100571,2017년 3월 15일 21시,수요일,경상남도 고성군 고성읍,경상사고,0,0,3,0,차대차 - 측면충돌,교차로운행방법위반,건조,맑음,교차로 - 교차로안,승용,여,58세,상해없음,화물,남,39세,경상
2017031500100596,2017년 3월 15일 22시,수요일,경상남도 통영시 도산면,중상사고,0,1,0,0,차량단독 - 전도전복,안전운전불이행,건조,맑음,단일로 - 기타,이륜,남,69세,중상,미분류,미분류,미분류,미분류
2017031500100597,2017년 3월 15일 22시,수요일,경상남도 창원시 의창구 신월동,중상사고,0,1,1,0,차대차 - 기타,중앙선침범,건조,맑음,단일로 - 기타,승용,남,30세,상해없음,승용,남,59세,중상
2017031600100058,2017년 3월 16일 05시,목요일,경상남도 통영시 무전동,부상신고사고,0,0,0,1,차대사람 - 횡단중,신호위반,건조,맑음,교차로 - 교차로횡단보도내,승용,남,50세,상해없음,보행자,여,74세,부상신고
2017031600100092,2017년 3월 16일 07시,목요일,경상남도 밀양시 상남면,중상사고,0,1,0,0,차대차 - 측면충돌,교차로운행방법위반,건조,맑음,교차로 - 교차로안,승합,남,42세,상해없음,승합,남,56세,중상
2017031600100093,2017년 3월 16일 07시,목요일,경상남도 양산시 평산동,경상사고,0,0,1,3,차대차 - 정면충돌,교차로운행방법위반,건조,맑음,교차로 - 교차로안,승합,남,73세,상해없음,승합,남,54세,상해없음
2017031600100128,2017년 3월 16일 08시,목요일,경상남도 김해시 상동면,경상사고,0,0,1,0,차대사람 - 횡단중,보행자보호의무위반,건조,맑음,단일로 - 기타,승용,남,38세,상해없음,보행자,여,11세,경상
2017031600100156,2017년 3월 16일 09시,목요일,경상남도 양산시 신기동,중상사고,0,1,1,0,차대차 - 추돌,안전거리미확보,건조,맑음,단일로 - 기타,승용,여,67세,상해없음,화물,남,30세,경상
2017031600100182,2017년 3월 16일 10시,목요일,경상남도 사천시 서동,경상사고,0,0,1,0,차대사람 - 길가장자리구역통행중,안전운전불이행,건조,맑음,단일로 - 기타,승용,여,59세,상해없음,보행자,남,63세,경상
2017031600100215,2017년 3월 16일 11시,목요일,경상남도 사천시 서포면,경상사고,0,0,1,0,차대차 - 측면충돌,안전운전불이행,건조,맑음,단일로 - 기타,승용,남,37세,경상,화물,남,59세,상해없음
2017031600100242,2017년 3월 16일 12시,목요일,경상남도 함양군 안의면,부상신고사고,0,0,0,1,차대차 - 측면충돌,교차로운행방법위반,건조,맑음,교차로 - 교차로안,이륜,남,79세,부상신고,승용,남,30세,상해없음
2017031600100270,2017년 3월 16일 13시,목요일,경상남도 통영시 북신동,경상사고,0,0,1,0,차대차 - 측면충돌,안전거리미확보,건조,맑음,교차로 - 교차로부근,승용,남,68세,상해없음,승용,여,56세,경상
2017031600100271,2017년 3월 16일 13시,목요일,경상남도 고성군 마암면,경상사고,0,0,1,0,차량단독 - 전도전복,안전운전불이행,건조,맑음,단일로 - 기타,승용,남,75세,상해없음,미분류,미분류,미분류,미분류
2017031600100289,2017년 3월 16일 14시,목요일,경상남도 통영시 광도면,경상사고,0,0,1,0,차대차 - 추돌,안전운전불이행,건조,맑음,교차로 - 교차로부근,화물,남,22세,상해없음,승용,남,30세,경상
2017031600100290,2017년 3월 16일 14시,목요일,경상남도 창녕군 유어면,중상사고,0,1,0,0,차대차 - 정면충돌,중앙선침범,건조,맑음,교차로 - 교차로안,화물,남,54세,상해없음,원동기,남,55세,중상
2017031600100351,2017년 3월 16일 16시,목요일,경상남도 창원시 의창구 북면,경상사고,0,0,1,0,차대차 - 측면충돌,신호위반,건조,맑음,교차로 - 교차로안,승용,여,42세,상해없음,건설기계,남,37세,경상
2017031600100385,2017년 3월 16일 17시,목요일,경상남도 김해시 내동,경상사고,0,0,2,0,차대차 - 추돌,안전거리미확보,건조,맑음,단일로 - 기타,승용,남,69세,상해없음,승용,남,42세,경상
2017031600100386,2017년 3월 16일 17시,목요일,경상남도 김해시 삼계동,경상사고,0,0,1,0,차대사람 - 횡단중,안전운전불이행,건조,맑음,교차로 - 교차로횡단보도내,기타불명,기타불명,미분류,기타불명,보행자,여,14세,경상
2017031600100387,2017년 3월 16일 17시,목요일,경상남도 창원시 성산구 상남동,경상사고,0,0,3,0,차대차 - 측면충돌,안전운전불이행,건조,맑음,교차로 - 교차로안,승용,여,62세,상해없음,승용,남,46세,경상
2017031600100388,2017년 3월 16일 17시,목요일,경상남도 창원시 의창구 동읍,중상사고,0,3,6,0,차대차 - 추돌,안전운전불이행,건조,맑음,교차로 - 교차로부근,승용,여,48세,상해없음,승용,여,41세,중상
2017031600100431,2017년 3월 16일 18시,목요일,경상남도 통영시 용남면,경상사고,0,0,2,0,차대차 - 추돌,안전운전불이행,건조,맑음,교차로 - 교차로안,승용,남,24세,상해없음,승용,남,28세,경상
2017031600100480,2017년 3월 16일 20시,목요일,경상남도 사천시 사천읍,중상사고,0,1,0,0,차대차 - 측면충돌,직진우회전진행방해,건조,맑음,교차로 - 교차로안,승용,남,28세,상해없음,원동기,남,43세,중상
2017031600100481,2017년 3월 16일 20시,목요일,경상남도 김해시 삼계동,경상사고,0,0,1,0,차대차 - 기타,안전운전불이행,건조,맑음,단일로 - 기타,승용,남,54세,기타불명,승용,여,43세,경상
2017031600100482,2017년 3월 16일 20시,목요일,경상남도 김해시 상동면,경상사고,0,0,3,0,차대차 - 기타,중앙선침범,건조,맑음,단일로 - 기타,승용,남,35세,경상,승용,남,46세,경상
2017031600100483,2017년 3월 16일 20시,목요일,경상남도 창원시 성산구 대방동,경상사고,0,0,1,0,차대차 - 측면충돌,안전운전불이행,건조,맑음,기타 - 기타,승용,여,35세,상해없음,승용,여,33세,경상
2017031600100512,2017년 3월 16일 21시,목요일,경상남도 김해시 부원동,중상사고,0,1,0,0,차대차 - 기타,교차로운행방법위반,건조,맑음,교차로 - 교차로안,승용,여,30세,상해없음,자전거,남,53세,중상
2017031600100559,2017년 3월 16일 23시,목요일,경상남도 김해시 내동,경상사고,0,0,3,0,차대차 - 기타,안전운전불이행,건조,맑음,단일로 - 기타,승용,남,29세,상해없음,승용,남,38세,경상
2017031600100560,2017년 3월 16일 23시,목요일,경상남도 김해시 내동,중상사고,0,1,0,0,차대사람 - 횡단중,신호위반,건조,맑음,교차로 - 교차로부근,승용,남,39세,상해없음,보행자,남,48세,중상
2017031600100561,2017년 3월 16일 23시,목요일,경상남도 김해시 흥동,경상사고,0,0,3,0,차대차 - 측면충돌,신호위반,건조,맑음,교차로 - 교차로안,화물,남,62세,상해없음,승용,여,49세,경상
2017031700100080,2017년 3월 17일 05시,금요일,경상남도 밀양시 상남면,중상사고,0,1,0,0,차대차 - 추돌,안전거리미확보,건조,맑음,단일로 - 기타,승용,남,28세,상해없음,화물,남,75세,중상
2017031700100081,2017년 3월 17일 05시,금요일,경상남도 양산시 삼호동,경상사고,0,0,1,0,차대차 - 측면충돌,교차로운행방법위반,건조,맑음,교차로 - 교차로안,승용,남,62세,상해없음,승용,남,29세,경상
2017031700100090,2017년 3월 17일 06시,금요일,경상남도 김해시 어방동,경상사고,0,0,1,0,차대차 - 측면충돌,신호위반,건조,맑음,교차로 - 교차로안,승용,남,32세,상해없음,승용,남,53세,경상
2017031700100091,2017년 3월 17일 06시,금요일,경상남도 양산시 삼호동,중상사고,0,1,0,0,차대사람 - 횡단중,안전운전불이행,건조,맑음,교차로 - 교차로부근,기타불명,기타불명,미분류,기타불명,보행자,남,38세,중상
2017031700100105,2017년 3월 17일 07시,금요일,경상남도 김해시 생림면,경상사고,0,0,1,0,차대차 - 측면충돌,중앙선침범,건조,맑음,단일로 - 기타,승합,남,46세,상해없음,승용,남,24세,경상
2017031700100106,2017년 3월 17일 07시,금요일,경상남도 김해시 지내동,경상사고,0,0,1,0,차대차 - 추돌,안전운전불이행,건조,맑음,단일로 - 기타,승용,남,50세,상해없음,승용,남,33세,경상
2017031700100107,2017년 3월 17일 07시,금요일,경상남도 의령군 칠곡면,경상사고,0,0,5,0,차대차 - 측면충돌,교차로운행방법위반,건조,맑음,교차로 - 교차로안,승용,여,51세,경상,승용,남,63세,경상
2017031700100138,2017년 3월 17일 08시,금요일,경상남도 진주시 일반성면,경상사고,0,0,1,0,차대사람 - 횡단중,보행자보호의무위반,건조,맑음,교차로 - 교차로횡단보도내,승용,여,26세,상해없음,보행자,여,15세,경상
2017031700100139,2017년 3월 17일 08시,금요일,경상남도 양산시 상북면,중상사고,0,1,1,0,차대차 - 측면충돌,신호위반,건조,맑음,교차로 - 교차로안,승용,여,52세,상해없음,승용,남,75세,경상
2017031700100140,2017년 3월 17일 08시,금요일,경상남도 거제시 상동동,경상사고,0,0,1,0,차대사람 - 횡단중,보행자보호의무위반,건조,맑음,단일로 - 기타,승용,여,40세,상해없음,보행자,여,28세,경상
2017031700100175,2017년 3월 17일 09시,금요일,경상남도 김해시 삼정동,중상사고,0,1,2,0,차대차 - 측면충돌,안전운전불이행,건조,맑음,교차로 - 교차로안,원동기,남,16세,경상,화물,남,41세,상해없음
2017031700100176,2017년 3월 17일 09시,금요일,경상남도 김해시 상동면,경상사고,0,0,1,0,차대차 - 측면충돌,안전운전불이행,건조,맑음,단일로 - 기타,승용,남,56세,상해없음,화물,남,53세,경상
2017031700100200,2017년 3월 17일 10시,금요일,경상남도 김해시 봉황동,경상사고,0,0,1,0,차대차 - 기타,안전거리미확보,건조,맑음,단일로 - 기타,승용,남,66세,상해없음,화물,남,48세,경상
2017031700100201,2017년 3월 17일 10시,금요일,경상남도 거제시 고현동,중상사고,0,1,2,0,차대차 - 기타,직진우회전진행방해,건조,맑음,교차로 - 교차로안,승용,남,45세,중상,화물,남,48세,경상
2017031700100202,2017년 3월 17일 10시,금요일,경상남도 거제시 장평동,중상사고,0,1,0,0,차대차 - 기타,안전거리미확보,건조,맑음,단일로 - 기타,승용,남,66세,상해없음,승용,여,33세,중상
2017031700100203,2017년 3월 17일 10시,금요일,경상남도 산청군 오부면,중상사고,0,1,0,0,차량단독 - 전도전복,안전운전불이행,건조,맑음,단일로 - 기타,원동기,남,81세,중상,미분류,미분류,미분류,미분류