사고번호,사고일시,요일,시군구,사고내용,사망자수,중상자수,경상자수,부상신고자수,사고유형,법규위반,노면상태,기상상태,도로형태,가해운전자 차종,가해운전자 성별,가해운전자 연령,가해운전자 상해정도,피해운전자 차종,피해운전자 성별,피해운전자 연령,피해운전자 상해정도
2017032400100198,2017년 3월 24일 10시,금요일,경상남도 의령군 부림면,중상사고,0,1,0,0,차대차 - 측면충돌,교차로운행방법위반,건조,맑음,교차로 - 교차로안,화물,남,53세,상해없음,원동기,남,70세,중상
2017032400100227,2017년 3월 24일 11시,금요일,경상남도 양산시 평산동,중상사고,0,1,0,0,차대사람 - 차도통행중,교차로운행방법위반,건조,맑음,교차로 - 교차로안,승용,남,39세,상해없음,보행자,남,73세,중상
2017032400100228,2017년 3월 24일 11시,금요일,경상남도 함안군 가야읍,중상사고,0,1,0,0,차대차 - 측면충돌,안전운전불이행,건조,맑음,교차로 - 교차로안,승용,여,40세,상해없음,이륜,남,53세,중상
2017032400100229,2017년 3월 24일 11시,금요일,경상남도 김해시 율하동,경상사고,0,0,1,0,차대차 - 측면충돌,안전운전불이행,건조,맑음,단일로 - 기타,건설기계,남,53세,상해없음,승용,여,46세,경상
2017032400100282,2017년 3월 24일 13시,금요일,경상남도 진주시 상대동,경상사고,0,0,1,0,차대차 - 추돌,안전운전불이행,건조,맑음,단일로 - 기타,승용,남,22세,상해없음,승용,여,45세,경상
2017032400100283,2017년 3월 24일 13시,금요일,경상남도 창녕군 남지읍,중상사고,0,2,1,0,차대차 - 정면충돌,과속,건조,맑음,교차로 - 교차로안,승용,남,29세,경상,승용,남,74세,중상
2017032400100284,2017년 3월 24일 13시,금요일,경상남도 고성군 회화면,경상사고,0,0,1,0,차대차 - 측면충돌,신호위반,건조,맑음,교차로 - 교차로안,승용,여,26세,상해없음,승용,남,60세,경상
2017032400100285,2017년 3월 24일 13시,금요일,경상남도 하동군 하동읍,중상사고,0,1,0,0,차대차 - 측면충돌,안전운전불이행,건조,맑음,기타 - 기타,승용,여,48세,상해없음,승용,남,36세,중상
2017032400100286,2017년 3월 24일 13시,금요일,경상남도 거제시 상동동,부상신고사고,0,0,0,1,차대사람 - 기타,기타,건조,맑음,단일로 - 기타,승용,남,56세,상해없음,보행자,여,74세,부상신고
2017032400100311,2017년 3월 24일 14시,금요일,경상남도 진주시 평거동,경상사고,0,0,1,0,차대차 - 측면충돌,교차로운행방법위반,건조,맑음,교차로 - 교차로안,승용,남,47세,상해없음,승용,여,54세,경상
2017032400100312,2017년 3월 24일 14시,금요일,경상남도 남해군 창선면,경상사고,0,0,1,0,차대사람 - 횡단중,보행자보호의무위반,건조,맑음,교차로 - 교차로안,화물,남,45세,상해없음,보행자,남,57세,경상
2017032400100313,2017년 3월 24일 14시,금요일,경상남도 의령군 봉수면,중상사고,0,1,0,0,차대차 - 측면충돌,중앙선침범,건조,맑음,단일로 - 기타,화물,남,67세,상해없음,자전거,남,55세,중상
2017032400100351,2017년 3월 24일 15시,금요일,경상남도 함양군 안의면,경상사고,0,0,1,0,차대차 - 측면충돌,교차로운행방법위반,건조,맑음,교차로 - 교차로안,원동기,남,81세,경상,화물,남,50세,상해없음
2017032400100383,2017년 3월 24일 16시,금요일,경상남도 하동군 금남면,경상사고,0,0,1,0,차량단독 - 기타,안전운전불이행,건조,맑음,기타 - 기타,승합,여,50세,경상,,,,
2017032400100416,2017년 3월 24일 17시,금요일,경상남도 김해시 풍유동,부상신고사고,0,0,0,1,차대차 - 측면충돌,안전운전불이행,건조,맑음,교차로 - 교차로부근,이륜,남,20세,부상신고,승용,남,61세,상해없음
2017032400100433,2017년 3월 24일 18시,금요일,경상남도 밀양시 산외면,경상사고,0,0,1,0,차대차 - 측면충돌,기타,건조,맑음,단일로 - 기타,승용,남,23세,상해없음,화물,남,57세,경상
2017032400100453,2017년 3월 24일 18시,금요일,경상남도 진주시 대안동,중상사고,0,1,0,0,차대사람 - 횡단중,안전운전불이행,건조,맑음,단일로 - 기타,승용,남,41세,상해없음,보행자,여,45세,중상
2017032400100454,2017년 3월 24일 18시,금요일,경상남도 창원시 의창구 용호동,중상사고,0,1,0,0,차대사람 - 횡단중,보행자보호의무위반,건조,맑음,단일로 - 기타,승용,여,35세,상해없음,보행자,남,53세,중상
2017032400100493,2017년 3월 24일 19시,금요일,경상남도 창원시 마산합포구 신포동2가,경상사고,0,0,2,0,차대차 - 측면충돌,신호위반,건조,맑음,교차로 - 교차로안,승용,남,29세,상해없음,화물,남,29세,경상
2017032400100494,2017년 3월 24일 19시,금요일,경상남도 통영시 광도면,경상사고,0,0,2,0,차대차 - 추돌,안전운전불이행,건조,맑음,교차로 - 교차로부근,승용,남,52세,상해없음,화물,남,34세,경상
2017032400100495,2017년 3월 24일 19시,금요일,경상남도 김해시 구산동,경상사고,0,0,1,0,차대차 - 추돌,안전운전불이행,건조,맑음,교차로 - 교차로부근,승용,여,57세,상해없음,승용,남,45세,상해없음
2017032400100496,2017년 3월 24일 19시,금요일,경상남도 함양군 마천면,중상사고,0,1,0,1,차량단독 - 공작물충돌,안전운전불이행,건조,맑음,단일로 - 기타,승용,남,81세,부상신고,,,,
2017032400100572,2017년 3월 24일 21시,금요일,경상남도 양산시 명동,경상사고,0,0,1,0,차대차 - 기타,안전운전불이행,건조,맑음,교차로 - 교차로안,이륜,남,17세,경상,승용,여,43세,상해없음
2017032400100573,2017년 3월 24일 21시,금요일,경상남도 창원시 마산회원구 내서읍,중상사고,0,1,0,0,차대사람 - 횡단중,안전운전불이행,건조,맑음,교차로 - 교차로횡단보도내,승용,남,20세,상해없음,보행자,남,42세,중상
2017032400100574,2017년 3월 24일 21시,금요일,경상남도 창원시 마산회원구 구암동,경상사고,0,0,1,0,차대사람 - 길가장자리구역통행중,안전운전불이행,건조,맑음,교차로 - 교차로부근,승용,여,46세,상해없음,보행자,남,68세,경상
2017032400100601,2017년 3월 24일 22시,금요일,경상남도 김해시 진례면,경상사고,0,0,1,0,차대차 - 정면충돌,안전운전불이행,건조,맑음,단일로 - 기타,화물,남,35세,상해없음,화물,남,43세,경상
2017032500100035,2017년 3월 25일 00시,토요일,경상남도 창원시 마산회원구 내서읍,중상사고,0,1,0,0,차대사람 - 길가장자리구역통행중,안전운전불이행,건조,맑음,단일로 - 기타,승용,남,60세,상해없음,보행자,남,38세,중상
2017032500100050,2017년 3월 25일 01시,토요일,경상남도 진주시 호탄동,중상사고,0,1,0,0,차대사람 - 횡단중,안전운전불이행,건조,맑음,단일로 - 기타,승용,남,48세,상해없음,보행자,남,46세,중상
2017032500100076,2017년 3월 25일 03시,토요일,경상남도 김해시 내덕동,중상사고,0,2,0,0,차대차 - 추돌,안전운전불이행,건조,맑음,단일로 - 터널,승용,남,29세,상해없음,승용,남,32세,중상
2017032500100089,2017년 3월 25일 04시,토요일,경상남도 거제시 수월동,중상사고,0,1,0,0,차대차 - 추돌,안전운전불이행,젖음/습기,비,교차로 - 교차로부근,승용,여,27세,상해없음,승용,여,33세,중상
2017032500100111,2017년 3월 25일 06시,토요일,경상남도 진주시 신안동,경상사고,0,0,1,0,차대사람 - 횡단중,안전운전불이행,건조,맑음,교차로 - 교차로부근,승용,남,56세,상해없음,보행자,여,67세,경상
2017032500100112,2017년 3월 25일 06시,토요일,경상남도 거제시 고현동,중상사고,0,1,0,0,차대사람 - 횡단중,보행자보호의무위반,젖음/습기,비,단일로 - 기타,승용,남,28세,상해없음,보행자,남,49세,중상
2017032500100148,2017년 3월 25일 08시,토요일,경상남도 창원시 의창구 서상동,중상사고,0,1,0,0,차대사람 - 차도통행중,안전운전불이행,젖음/습기,흐림,단일로 - 기타,승용,여,49세,상해없음,보행자,남,53세,중상
2017032500100163,2017년 3월 25일 09시,토요일,경상남도 양산시 물금읍,경상사고,0,0,1,0,차대차 - 측면충돌,신호위반,건조,맑음,교차로 - 교차로안,승용,여,48세,상해없음,승용,여,70세,경상
2017032500100188,2017년 3월 25일 10시,토요일,경상남도 창원시 진해구 용원동,경상사고,0,0,1,0,차대차 - 측면충돌,안전거리미확보,건조,맑음,단일로 - 기타,건설기계,남,40세,상해없음,승용,남,51세,경상
2017032500100189,2017년 3월 25일 10시,토요일,경상남도 창원시 진해구 경화동,경상사고,0,0,1,0,차대차 - 측면충돌,안전운전불이행,건조,맑음,단일로 - 기타,승용,남,47세,상해없음,승용,여,50세,경상
2017032500100220,2017년 3월 25일 11시,토요일,경상남도 창원시 진해구 청안동,중상사고,0,1,0,0,차대사람 - 횡단중,신호위반,건조,맑음,교차로 - 교차로횡단보도내,승용,여,41세,상해없음,보행자,여,9세,중상
2017032500100221,2017년 3월 25일 11시,토요일,경상남도 김해시 어방동,경상사고,0,0,1,0,차대차 - 측면충돌,안전운전불이행,건조,흐림,교차로 - 교차로안,이륜,남,29세,경상,승용,여,23세,상해없음
2017032500100222,2017년 3월 25일 11시,토요일,경상남도 양산시 삼호동,경상사고,0,0,1,0,차대사람 - 횡단중,보행자보호의무위반,건조,맑음,교차로 - 교차로횡단보도내,승용,남,65세,상해없음,보행자,남,64세,경상
2017032500100223,2017년 3월 25일 11시,토요일,경상남도 창원시 성산구 반지동,경상사고,0,0,1,0,차대사람 - 차도통행중,안전운전불이행,건조,맑음,단일로 - 교량,승용,여,47세,상해없음,보행자,남,57세,경상
2017032500100248,2017년 3월 25일 12시,토요일,경상남도 밀양시 삼문동,경상사고,0,0,3,0,차대차 - 추돌,안전운전불이행,건조,맑음,단일로 - 기타,승용,여,57세,상해없음,승용,남,44세,경상
2017032500100249,2017년 3월 25일 12시,토요일,경상남도 김해시 내동,중상사고,0,2,0,0,차대차 - 측면충돌,신호위반,건조,흐림,교차로 - 교차로안,승용,남,52세,상해없음,이륜,남,22세,중상
2017032500100250,2017년 3월 25일 12시,토요일,경상남도 김해시 삼계동,중상사고,0,1,0,0,차대사람 - 기타,안전운전불이행,건조,맑음,단일로 - 기타,승합,남,53세,상해없음,보행자,남,69세,중상
2017032500100251,2017년 3월 25일 12시,토요일,경상남도 하동군 고전면,경상사고,0,0,2,0,차대차 - 정면충돌,중앙선침범,젖음/습기,비,단일로 - 기타,승용,여,56세,상해없음,화물,남,42세,경상
2017032500100274,2017년 3월 25일 13시,토요일,경상남도 통영시 무전동,경상사고,0,0,1,0,차대차 - 추돌,안전운전불이행,건조,맑음,단일로 - 기타,승용,남,44세,상해없음,승용,여,31세,경상
2017032500100275,2017년 3월 25일 13시,토요일,경상남도 양산시 물금읍,중상사고,0,1,3,0,차대차 - 측면충돌,신호위반,건조,맑음,교차로 - 교차로안,승합,남,51세,상해없음,승용,여,43세,경상
2017032500100276,2017년 3월 25일 13시,토요일,경상남도 거제시 옥포동,경상사고,0,0,1,0,차대차 - 기타,안전운전불이행,건조,맑음,교차로 - 교차로안,승용,여,44세,상해없음,이륜,남,61세,경상
2017032500100306,2017년 3월 25일 14시,토요일,경상남도 진주시 가좌동,경상사고,0,0,1,0,차대사람 - 차도통행중,안전운전불이행,젖음/습기,비,단일로 - 기타,화물,남,26세,상해없음,보행자,남,22세,경상
2017032500100307,2017년 3월 25일 14시,토요일,경상남도 남해군 이동면,중상사고,0,3,0,0,차대차 - 측면충돌,과속,젖음/습기,흐림,교차로 - 교차로안,화물,남,60세,중상,승용,남,50세,중상
2017032500100334,2017년 3월 25일 15시,토요일,경상남도 사천시 용현면,경상사고,0,0,3,1,차대차 - 측면충돌,안전운전불이행,젖음/습기,비,교차로 - 교차로안,승용,여,65세,부상신고,승용,남,39세,경상
2017032500100335,2017년 3월 25일 15시,토요일,경상남도 거창군 거창읍,경상사고,0,0,2,0,차대차 - 정면충돌,안전운전불이행,젖음/습기,비,교차로 - 교차로안,승용,남,27세,경상,승용,남,54세,경상
2017032500100336,2017년 3월 25일 15시,토요일,경상남도 김해시 무계동,중상사고,0,1,0,0,차대사람 - 횡단중,보행자보호의무위반,건조,흐림,단일로 - 기타,승용,여,55세,상해없음,보행자,남,65세,중상
2017032500100353,2017년 3월 25일 16시,토요일,경상남도 거제시 연초면,중상사고,0,1,7,0,차대차 - 정면충돌,안전거리미확보,건조,맑음,단일로 - 기타,승용,남,35세,상해없음,승용,여,33세,경상
2017032500100379,2017년 3월 25일 17시,토요일,경상남도 창원시 성산구 대방동,중상사고,0,1,0,0,차대차 - 측면충돌,신호위반,젖음/습기,비,교차로 - 교차로안,승용,남,33세,상해없음,이륜,남,24세,중상
2017032500100406,2017년 3월 25일 18시,토요일,경상남도 김해시 부원동,경상사고,0,0,1,0,차대차 - 기타,안전운전불이행,젖음/습기,맑음,단일로 - 기타,이륜,남,27세,경상,이륜,남,73세,상해없음
2017032500100407,2017년 3월 25일 18시,토요일,경상남도 김해시 대동면,중상사고,0,1,1,0,차대차 - 기타,교차로운행방법위반,건조,맑음,교차로 - 교차로안,승용,남,65세,경상,화물,남,67세,중상
2017032500100408,2017년 3월 25일 18시,토요일,경상남도 김해시 어방동,경상사고,0,0,2,0,차대차 - 추돌,안전운전불이행,젖음/습기,비,단일로 - 기타,이륜,남,56세,경상,승용,여,56세,경상
2017032500100409,2017년 3월 25일 18시,토요일,경상남도 창원시 성산구 중앙동,경상사고,0,0,3,0,차대차 - 측면충돌,신호위반,건조,맑음,교차로 - 교차로안,승용,여,38세,상해없음,승용,남,48세,경상
2017032500100410,2017년 3월 25일 18시,토요일,경상남도 창원시 의창구 북면,경상사고,0,0,2,0,차대차 - 측면충돌,중앙선침범,젖음/습기,흐림,단일로 - 기타,승용,남,75세,상해없음,승용,남,35세,경상
2017032500100449,2017년 3월 25일 19시,토요일,경상남도 사천시 벌리동,경상사고,0,0,3,0,차대차 - 측면충돌,안전운전불이행,젖음/습기,비,단일로 - 기타,승용,남,51세,상해없음,승용,여,28세,경상
2017032500100450,2017년 3월 25일 19시,토요일,경상남도 김해시 구산동,사망사고,1,0,0,0,차대사람 - 횡단중,보행자보호의무위반,젖음/습기,비,단일로 - 기타,화물,여,46세,상해없음,보행자,남,55세,사망
2017032500100451,2017년 3월 25일 19시,토요일,경상남도 양산시 중부동,경상사고,0,0,1,0,차대사람 - 횡단중,안전운전불이행,건조,맑음,단일로 - 기타,승용,남,59세,상해없음,보행자,여,65세,경상
2017032500100452,2017년 3월 25일 19시,토요일,경상남도 거제시 고현동,경상사고,0,0,1,0,차대차 - 기타,안전운전불이행,건조,맑음,단일로 - 기타,승용,남,30세,상해없음,이륜,남,33세,경상
2017032500100453,2017년 3월 25일 19시,토요일,경상남도 의령군 의령읍,중상사고,0,1,0,0,차대사람 - 횡단중,안전운전불이행,젖음/습기,비,단일로 - 기타,원동기,남,17세,상해없음,보행자,여,66세,중상
2017032500100490,2017년 3월 25일 20시,토요일,경상남도 통영시 광도면,경상사고,0,0,1,0,차대사람 - 횡단중,안전운전불이행,건조,맑음,교차로 - 교차로안,승용,남,37세,상해없음,보행자,남,54세,경상
2017032500100491,2017년 3월 25일 20시,토요일,경상남도 김해시 삼문동,경상사고,0,0,1,0,차대차 - 측면충돌,신호위반,젖음/습기,흐림,교차로 - 교차로안,이륜,남,21세,경상,승용,남,51세,상해없음
2017032500100526,2017년 3월 25일 21시,토요일,경상남도 통영시 무전동,중상사고,0,1,2,0,차대차 - 측면충돌,중앙선침범,젖음/습기,흐림,단일로 - 기타,승용,남,47세,상해없음,승용,남,41세,중상
2017032500100527,2017년 3월 25일 21시,토요일,경상남도 밀양시 내이동,경상사고,0,0,1,0,차대차 - 측면충돌,교차로운행방법위반,젖음/습기,흐림,교차로 - 교차로안,승용,남,47세,상해없음,승용,남,30세,경상
2017032500100528,2017년 3월 25일 21시,토요일,경상남도 창원시 의창구 명서동,경상사고,0,0,1,0,차대차 - 기타,안전운전불이행,젖음/습기,비,교차로 - 교차로안,승용,남,60세,상해없음,승용,남,38세,경상
2017032500100529,2017년 3월 25일 21시,토요일,경상남도 창원시 의창구 대산면,경상사고,0,0,5,0,차대차 - 추돌,안전운전불이행,젖음/습기,비,단일로 - 기타,승용,여,53세,상해없음,승용,남,35세,경상
2017032500100557,2017년 3월 25일 22시,토요일,경상남도 양산시 하북면,경상사고,0,0,2,0,차대차 - 측면충돌,안전운전불이행,건조,맑음,교차로 - 교차로안,화물,남,40세,상해없음,승용,여,55세,경상
2017032500100558,2017년 3월 25일 22시,토요일,경상남도 의령군 의령읍,경상사고,0,0,1,0,차대차 - 측면충돌,안전운전불이행,젖음/습기,비,교차로 - 교차로안,승용,남,45세,상해없음,승용,남,37세,경상
2017032500100593,2017년 3월 25일 23시,토요일,경상남도 사천시 사남면,부상신고사고,0,0,0,1,차대차 - 측면충돌,신호위반,젖음/습기,비,교차로 - 교차로안,승용,남,24세,상해없음,원동기,남,17세,부상신고
2017032600100012,2017년 3월 26일 00시,일요일,경상남도 사천시 사천읍,중상사고,0,1,0,0,차대사람 - 횡단중,안전운전불이행,젖음/습기,비,단일로 - 기타,승용,남,39세,상해없음,보행자,남,47세,중상
2017032600100013,2017년 3월 26일 00시,일요일,경상남도 양산시 북정동,경상사고,0,0,1,0,차대차 - 측면충돌,기타,건조,맑음,교차로 - 교차로안,승용,남,35세,상해없음,이륜,남,15세,경상
2017032600100029,2017년 3월 26일 01시,일요일,경상남도 김해시 내동,중상사고,0,1,1,0,차대차 - 추돌,안전거리미확보,젖음/습기,비,교차로 - 교차로횡단보도내,승용,여,50세,경상,승용,남,52세,중상
2017032600100030,2017년 3월 26일 01시,일요일,경상남도 김해시 화목동,중상사고,0,1,0,0,차량단독 - 전도전복 - 전도,기타,젖음/습기,비,단일로 - 기타,승용,남,45세,중상,,,,
2017032600100042,2017년 3월 26일 02시,일요일,경상남도 진주시 평거동,중상사고,0,1,1,0,차대차 - 측면충돌,신호위반,건조,맑음,교차로 - 교차로안,승용,남,56세,상해없음,승용,남,60세,중상
2017032600100043,2017년 3월 26일 02시,일요일,경상남도 거제시 장평동,경상사고,0,0,1,0,차대차 - 기타,신호위반,건조,맑음,교차로 - 교차로안,승용,남,36세,상해없음,자전거,남,26세,경상
2017032600100044,2017년 3월 26일 02시,일요일,경상남도 창원시 성산구 상남동,중상사고,0,2,0,0,차량단독 - 전도전복,안전운전불이행,젖음/습기,비,단일로 - 기타,승용,남,19세,상해없음,미분류,미분류,미분류,미분류
2017032600100074,2017년 3월 26일 05시,일요일,경상남도 통영시 서호동,중상사고,0,3,1,0,차대차 - 정면충돌,중앙선침범,젖음/습기,흐림,단일로 - 기타,승용,남,54세,상해없음,승합,남,53세,중상
2017032600100118,2017년 3월 26일 09시,일요일,경상남도 창원시 마산합포구 월남동5가,중상사고,0,1,0,0,차대차 - 기타,안전운전불이행,건조,맑음,단일로 - 기타,승합,남,54세,상해없음,승용,남,68세,상해없음
2017032600100119,2017년 3월 26일 09시,일요일,경상남도 김해시 율하동,경상사고,0,0,2,0,차대차 - 측면충돌,신호위반,건조,맑음,교차로 - 교차로안,승용,남,56세,경상,승합,남,63세,경상
2017032600100132,2017년 3월 26일 10시,일요일,경상남도 남해군 남해읍,부상신고사고,0,0,0,1,차대차 - 측면충돌,교차로운행방법위반,건조,흐림,교차로 - 교차로안,승용,여,53세,부상신고,승용,남,59세,상해없음
2017032600100171,2017년 3월 26일 12시,일요일,경상남도 창원시 진해구 경화동,경상사고,0,0,2,0,차대차 - 측면충돌,교차로운행방법위반,건조,맑음,교차로 - 교차로안,승용,남,72세,경상,승용,남,48세,경상
2017032600100172,2017년 3월 26일 12시,일요일,경상남도 창원시 진해구 안골동,경상사고,0,0,1,0,차대차 - 측면충돌,안전거리미확보,건조,맑음,교차로 - 교차로안,승합,남,63세,상해없음,원동기,남,48세,경상
2017032600100195,2017년 3월 26일 13시,일요일,경상남도 밀양시 내이동,중상사고,0,1,0,0,차대차 - 측면충돌,안전운전불이행,건조,맑음,교차로 - 교차로안,승용,남,73세,상해없음,원동기,남,20세,중상
2017032600100196,2017년 3월 26일 13시,일요일,경상남도 남해군 고현면,경상사고,0,0,1,0,차대차 - 후진중충돌,안전운전불이행,건조,맑음,단일로 - 기타,승용,여,35세,경상,승용,남,65세,상해없음
2017032600100232,2017년 3월 26일 15시,일요일,경상남도 양산시 다방동,중상사고,0,1,1,1,차대차 - 추돌,안전거리미확보,젖음/습기,비,단일로 - 기타,화물,남,64세,상해없음,승용,여,50세,중상
2017032600100243,2017년 3월 26일 15시,일요일,경상남도 창원시 진해구 이동,경상사고,0,0,1,0,차대차 - 측면충돌,안전운전불이행,건조,흐림,단일로 - 기타,승용,남,48세,상해없음,화물,남,39세,경상
2017032600100267,2017년 3월 26일 16시,일요일,경상남도 통영시 문화동,경상사고,0,0,2,0,차대차 - 추돌,안전거리미확보,건조,맑음,단일로 - 기타,승용,여,48세,상해없음,승용,남,29세,경상
2017032600100268,2017년 3월 26일 16시,일요일,경상남도 남해군 이동면,중상사고,0,1,3,0,차대차 - 측면충돌,중앙선침범,건조,흐림,단일로 - 기타,승용,남,45세,상해없음,승용,여,25세,중상
2017032600100288,2017년 3월 26일 17시,일요일,경상남도 김해시 진영읍,중상사고,0,1,0,0,차대사람 - 보도통행중,보행자보호의무위반,젖음/습기,비,교차로 - 교차로안,승용,여,55세,상해없음,보행자,남,16세,중상
2017032600100289,2017년 3월 26일 17시,일요일,경상남도 김해시 진영읍,경상사고,0,0,1,0,차량단독 - 전도전복,안전운전불이행,건조,맑음,교차로 - 교차로부근,이륜,남,61세,경상,미분류,미분류,미분류,미분류
2017032600100310,2017년 3월 26일 18시,일요일,경상남도 거창군 거창읍,중상사고,0,1,0,0,차량단독 - 전도전복,안전운전불이행,건조,맑음,단일로 - 기타,원동기,남,68세,중상,미분류,미분류,미분류,미분류
2017032600100311,2017년 3월 26일 18시,일요일,경상남도 양산시 남부동,경상사고,0,0,1,0,차대차 - 측면충돌,안전운전불이행,건조,맑음,교차로 - 교차로안,승용,남,60세,상해없음,자전거,남,65세,경상
2017032600100312,2017년 3월 26일 18시,일요일,경상남도 창원시 의창구 소답동,경상사고,0,0,1,0,차대차 - 후진중충돌,안전운전불이행,건조,맑음,단일로 - 기타,화물,남,58세,상해없음,이륜,남,18세,경상
2017032600100340,2017년 3월 26일 19시,일요일,경상남도 통영시 북신동,경상사고,0,0,1,0,차대차 - 측면충돌,신호위반,건조,맑음,교차로 - 교차로안,승용,남,31세,상해없음,이륜,남,50세,경상
2017032600100341,2017년 3월 26일 19시,일요일,경상남도 고성군 하이면,경상사고,0,0,1,0,차대사람 - 횡단중,보행자보호의무위반,건조,맑음,교차로 - 교차로횡단보도내,승용,남,19세,상해없음,보행자,남,53세,경상
2017032600100395,2017년 3월 26일 21시,일요일,경상남도 거제시 고현동,중상사고,0,1,0,0,차대차 - 측면충돌,안전거리미확보,건조,맑음,단일로 - 기타,승용,남,34세,상해없음,이륜,남,21세,중상
2017032600100414,2017년 3월 26일 22시,일요일,경상남도 진주시 봉곡동,중상사고,0,1,0,0,차대사람 - 횡단중,안전운전불이행,건조,흐림,단일로 - 기타,승용,남,66세,상해없음,보행자,남,58세,중상
2017032600100415,2017년 3월 26일 22시,일요일,경상남도 창원시 의창구 소답동,중상사고,0,1,0,0,차대사람 - 횡단중,안전운전불이행,젖음/습기,흐림,단일로 - 기타,승용,남,42세,상해없음,보행자,남,60세,중상
2017032700100041,2017년 3월 27일 03시,월요일,경상남도 고성군 회화면,중상사고,0,1,0,0,차대사람 - 기타,기타,건조,맑음,단일로 - 기타,승합,남,73세,상해없음,보행자,여,58세,중상
2017032700100083,2017년 3월 27일 07시,월요일,경상남도 사천시 선구동,경상사고,0,0,2,0,차대차 - 측면충돌,직진우회전진행방해,건조,맑음,교차로 - 교차로안,승용,남,38세,상해없음,승용,남,74세,경상
2017032700100113,2017년 3월 27일 08시,월요일,경상남도 창원시 의창구 도계동,중상사고,0,1,0,0,차대차 - 측면충돌,안전운전불이행,건조,맑음,단일로 - 기타,특수,남,58세,상해없음,승용,여,47세,중상
2017032700100138,2017년 3월 27일 09시,월요일,경상남도 창원시 진해구 석동,경상사고,0,0,1,0,차대사람 - 횡단중,교차로운행방법위반,건조,맑음,교차로 - 교차로안,승용,여,35세,상해없음,보행자,여,82세,경상
2017032700100139,2017년 3월 27일 09시,월요일,경상남도 김해시 삼계동,경상사고,0,0,1,0,차대차 - 측면충돌,안전운전불이행,건조,맑음,교차로 - 교차로부근,자전거,남,14세,경상,화물,남,36세,상해없음
2017032700100140,2017년 3월 27일 09시,월요일,경상남도 창원시 마산합포구 산호동,중상사고,0,1,0,0,차대차 - 측면충돌,안전운전불이행,건조,맑음,단일로 - 기타,승용,남,32세,상해없음,승용,여,57세,중상
2017032700100211,2017년 3월 27일 12시,월요일,경상남도 거제시 문동동,중상사고,0,1,1,0,차대차 - 측면충돌,중앙선침범,건조,맑음,기타 - 기타,승용,여,40세,경상,승용,여,52세,중상
2017032700100234,2017년 3월 27일 13시,월요일,경상남도 창원시 마산합포구 월영동,중상사고,0,3,3,0,차대차 - 측면충돌,과속,건조,맑음,교차로 - 교차로부근,승용,남,37세,경상,승용,남,46세,중상
2017032700100235,2017년 3월 27일 13시,월요일,경상남도 김해시 어방동,경상사고,0,0,1,0,차대차 - 추돌,안전운전불이행,건조,흐림,교차로 - 교차로부근,승용,여,41세,상해없음,승합,남,51세,경상
2017032700100236,2017년 3월 27일 13시,월요일,경상남도 하동군 하동읍,중상사고,0,1,0,0,차대차 - 측면충돌,안전운전불이행,건조,맑음,단일로 - 기타,화물,여,58세,상해없음,이륜,남,82세,중상
2017032700100237,2017년 3월 27일 13시,월요일,경상남도 남해군 남해읍,중상사고,0,1,0,0,차대사람 - 길가장자리구역통행중,안전운전불이행,건조,맑음,교차로 - 교차로안,승용,여,45세,상해없음,보행자,여,80세,중상
2017032700100255,2017년 3월 27일 14시,월요일,경상남도 김해시 대동면,경상사고,0,0,1,0,차대차 - 정면충돌,안전운전불이행,건조,맑음,단일로 - 기타,승용,여,53세,상해없음,화물,남,51세,경상
2017032700100303,2017년 3월 27일 15시,월요일,경상남도 통영시 욕지면,중상사고,0,1,1,0,차대사람 - 길가장자리구역통행중,중앙선침범,건조,맑음,단일로 - 기타,원동기,남,35세,상해없음,보행자,여,82세,중상
2017032700100304,2017년 3월 27일 15시,월요일,경상남도 김해시 삼계동,경상사고,0,0,1,0,차대차 - 측면충돌,안전운전불이행,젖음/습기,비,교차로 - 교차로안,이륜,남,34세,경상,승용,여,52세,상해없음
2017032700100336,2017년 3월 27일 16시,월요일,경상남도 진주시 옥봉동,중상사고,0,1,3,0,차대차 - 추돌,안전운전불이행,건조,맑음,단일로 - 기타,화물,남,55세,상해없음,승용,여,40세,중상
2017032700100337,2017년 3월 27일 16시,월요일,경상남도 함안군 산인면,경상사고,0,0,2,0,차대차 - 측면충돌,안전거리미확보,젖음/습기,비,단일로 - 기타,승용,여,32세,경상,승용,남,59세,경상
2017032700100338,2017년 3월 27일 16시,월요일,경상남도 김해시 한림면,사망사고,1,0,0,0,차대차 - 측면충돌,신호위반,건조,맑음,교차로 - 교차로안,이륜,남,66세,사망,승용,남,51세,상해없음
2017032700100376,2017년 3월 27일 17시,월요일,경상남도 양산시 삼호동,경상사고,0,0,1,0,차대차 - 측면충돌,기타,건조,맑음,교차로 - 교차로안,승용,남,44세,상해없음,자전거,남,13세,경상
2017032700100377,2017년 3월 27일 17시,월요일,경상남도 산청군 신등면,중상사고,0,1,0,0,차대차 - 측면충돌,안전운전불이행,건조,맑음,단일로 - 기타,화물,남,37세,상해없음,원동기,여,55세,중상
2017032700100378,2017년 3월 27일 17시,월요일,경상남도 김해시 부곡동,중상사고,0,1,1,0,차대차 - 추돌,안전운전불이행,건조,맑음,단일로 - 기타,화물,남,58세,상해없음,화물,남,55세,경상