사고번호,사고일시,요일,시군구,사고내용,사망자수,중상자수,경상자수,부상신고자수,사고유형,법규위반,노면상태,기상상태,도로형태,가해운전자 차종,가해운전자 성별,가해운전자 연령,가해운전자 상해정도,피해운전자 차종,피해운전자 성별,피해운전자 연령,피해운전자 상해정도
2017032700100379,2017년 3월 27일 17시,월요일,경상남도 김해시 한림면,경상사고,0,0,2,0,차대차 - 추돌,안전운전불이행,건조,맑음,단일로 - 기타,승용,여,54세,경상,승용,남,38세,상해없음
2017032700100441,2017년 3월 27일 19시,월요일,경상남도 사천시 서포면,중상사고,0,3,0,0,차대차 - 추돌,안전운전불이행,건조,맑음,단일로 - 기타,승용,남,54세,상해없음,승용,남,64세,중상
2017032700100442,2017년 3월 27일 19시,월요일,경상남도 함양군 함양읍,중상사고,0,1,0,1,차대사람 - 횡단중,신호위반,건조,맑음,교차로 - 교차로안,원동기,남,20세,부상신고,보행자,여,53세,중상
2017032700100469,2017년 3월 27일 20시,월요일,경상남도 진주시 상대동,경상사고,0,0,1,0,차대차 - 기타,안전거리미확보,건조,맑음,단일로 - 기타,화물,남,43세,상해없음,원동기,남,39세,경상
2017032700100470,2017년 3월 27일 20시,월요일,경상남도 산청군 금서면,경상사고,0,0,2,0,차대차 - 측면충돌,신호위반,건조,맑음,교차로 - 교차로안,승용,남,33세,상해없음,승용,여,39세,경상
2017032700100512,2017년 3월 27일 22시,월요일,경상남도 창원시 의창구 팔용동,경상사고,0,0,1,0,차량단독 - 전도전복,안전운전불이행,건조,맑음,단일로 - 기타,승용,남,30세,경상,미분류,미분류,미분류,미분류
2017032700100538,2017년 3월 27일 23시,월요일,경상남도 창원시 의창구 봉곡동,경상사고,0,0,1,0,차대차 - 측면충돌,신호위반,건조,맑음,교차로 - 교차로안,이륜,남,22세,상해없음,승용,여,38세,경상
2017032800100025,2017년 3월 28일 00시,화요일,경상남도 진주시 봉곡동,중상사고,0,1,0,0,차대사람 - 횡단중,안전운전불이행,건조,맑음,단일로 - 기타,승용,남,36세,상해없음,보행자,여,47세,중상
2017032800100034,2017년 3월 28일 01시,화요일,경상남도 양산시 물금읍,중상사고,0,1,0,0,차량단독 - 전도전복,안전운전불이행,건조,맑음,단일로 - 기타,승용,남,34세,중상,미분류,미분류,미분류,미분류
2017032800100064,2017년 3월 28일 05시,화요일,경상남도 거창군 거창읍,경상사고,0,0,1,0,차대차 - 측면충돌,신호위반,건조,맑음,교차로 - 교차로안,화물,남,41세,경상,승용,남,52세,상해없음
2017032800100078,2017년 3월 28일 06시,화요일,경상남도 창원시 마산합포구 오동동,중상사고,0,1,0,0,차대차 - 기타,안전운전불이행,건조,맑음,교차로 - 교차로안,승용,남,33세,상해없음,승합,남,43세,상해없음
2017032800100079,2017년 3월 28일 06시,화요일,경상남도 창원시 마산회원구 내서읍,중상사고,0,1,0,0,차대사람 - 횡단중,보행자보호의무위반,건조,맑음,단일로 - 기타,화물,남,45세,상해없음,보행자,여,58세,중상
2017032800100094,2017년 3월 28일 07시,화요일,경상남도 거제시 양정동,경상사고,0,0,2,0,차대차 - 추돌,안전운전불이행,건조,맑음,단일로 - 기타,승용,남,36세,경상,건설기계,남,44세,경상
2017032800100095,2017년 3월 28일 07시,화요일,경상남도 거제시 장평동,중상사고,0,1,0,0,차대차 - 기타,안전운전불이행,건조,맑음,교차로 - 교차로부근,기타불명,기타불명,미분류,기타불명,자전거,남,34세,중상
2017032800100096,2017년 3월 28일 07시,화요일,경상남도 창원시 성산구 성산동,중상사고,0,1,0,0,차대차 - 기타,안전운전불이행,건조,맑음,단일로 - 기타,기타불명,기타불명,미분류,기타불명,이륜,남,29세,중상
2017032800100130,2017년 3월 28일 08시,화요일,경상남도 통영시 미수동,경상사고,0,0,1,0,차대차 - 측면충돌,안전운전불이행,건조,맑음,단일로 - 기타,승합,남,58세,상해없음,승합,남,40세,경상
2017032800100131,2017년 3월 28일 08시,화요일,경상남도 의령군 의령읍,경상사고,0,0,1,0,차대차 - 추돌,안전거리미확보,건조,맑음,단일로 - 교량,승용,남,50세,상해없음,승용,여,50세,경상
2017032800100160,2017년 3월 28일 09시,화요일,경상남도 통영시 도남동,경상사고,0,0,3,1,차대차 - 정면충돌,직진우회전진행방해,건조,맑음,교차로 - 교차로안,승용,여,47세,부상신고,화물,남,40세,상해없음
2017032800100161,2017년 3월 28일 09시,화요일,경상남도 하동군 양보면,중상사고,0,1,1,0,차대차 - 측면충돌,교차로운행방법위반,건조,맑음,교차로 - 교차로안,승용,남,71세,상해없음,승용,여,65세,경상
2017032800100162,2017년 3월 28일 09시,화요일,경상남도 창원시 의창구 명서동,경상사고,0,0,1,0,차대차 - 측면충돌,안전운전불이행,건조,맑음,교차로 - 교차로안,승용,여,43세,상해없음,승용,남,73세,경상
2017032800100187,2017년 3월 28일 10시,화요일,경상남도 창녕군 이방면,중상사고,0,1,0,0,차대차 - 기타,중앙선침범,건조,맑음,단일로 - 기타,화물,남,61세,상해없음,이륜,남,78세,중상
2017032800100188,2017년 3월 28일 10시,화요일,경상남도 거제시 옥포동,경상사고,0,0,1,0,차대차 - 정면충돌,중앙선침범,건조,맑음,단일로 - 기타,승용,여,63세,상해없음,건설기계,남,57세,경상
2017032800100189,2017년 3월 28일 10시,화요일,경상남도 김해시 흥동,경상사고,0,0,1,0,차대차 - 측면충돌,기타,건조,맑음,교차로 - 교차로안,승합,남,61세,상해없음,승용,여,47세,경상
2017032800100235,2017년 3월 28일 12시,화요일,경상남도 거창군 거창읍,경상사고,0,0,2,0,차대차 - 기타,안전운전불이행,건조,맑음,단일로 - 기타,이륜,남,76세,경상,승용,남,65세,경상
2017032800100278,2017년 3월 28일 14시,화요일,경상남도 함양군 안의면,중상사고,0,3,0,0,차대차 - 측면충돌,기타,건조,맑음,교차로 - 교차로안,화물,남,66세,상해없음,농기계,남,79세,중상
2017032800100279,2017년 3월 28일 14시,화요일,경상남도 양산시 하북면,경상사고,0,0,1,0,차대차 - 측면충돌,신호위반,건조,맑음,교차로 - 교차로안,승용,남,59세,상해없음,승합,남,55세,상해없음
2017032800100305,2017년 3월 28일 15시,화요일,경상남도 김해시 동상동,중상사고,0,1,0,0,차대사람 - 길가장자리구역통행중,안전운전불이행,건조,맑음,단일로 - 기타,승용,남,43세,상해없음,보행자,여,58세,중상
2017032800100306,2017년 3월 28일 15시,화요일,경상남도 창원시 의창구 대산면,중상사고,0,1,0,0,차대차 - 추돌,안전운전불이행,건조,맑음,교차로 - 교차로부근,화물,남,47세,상해없음,승용,여,56세,중상
2017032800100328,2017년 3월 28일 16시,화요일,경상남도 양산시 삼호동,경상사고,0,0,1,0,차대차 - 후진중충돌,안전운전불이행,건조,맑음,단일로 - 기타,승용,남,54세,상해없음,자전거,남,53세,경상
2017032800100369,2017년 3월 28일 17시,화요일,경상남도 김해시 서상동,중상사고,0,1,0,0,차대차 - 측면충돌,교차로운행방법위반,건조,맑음,교차로 - 교차로안,승용,여,47세,상해없음,자전거,남,74세,중상
2017032800100370,2017년 3월 28일 17시,화요일,경상남도 거제시 옥포동,경상사고,0,0,2,0,차대차 - 정면충돌,신호위반,건조,맑음,기타 - 기타,승용,남,45세,상해없음,승용,남,58세,경상
2017032800100401,2017년 3월 28일 18시,화요일,경상남도 진주시 망경동,중상사고,0,1,0,0,차대차 - 기타,기타,건조,맑음,교차로 - 교차로안,승용,여,31세,상해없음,자전거,남,30세,중상
2017032800100471,2017년 3월 28일 20시,화요일,경상남도 통영시 용남면,중상사고,0,1,1,0,차대차 - 추돌,안전거리미확보,건조,맑음,단일로 - 기타,승용,여,50세,상해없음,화물,남,62세,경상
2017032800100472,2017년 3월 28일 20시,화요일,경상남도 거제시 능포동,중상사고,0,1,0,0,차대차 - 정면충돌,차로위반,건조,맑음,기타 - 기타,승용,남,34세,상해없음,이륜,남,24세,중상
2017032800100473,2017년 3월 28일 20시,화요일,경상남도 창원시 성산구 상복동,중상사고,0,1,0,0,차대차 - 측면충돌,신호위반,건조,맑음,교차로 - 교차로안,승용,남,46세,상해없음,승용,남,39세,중상
2017032800100499,2017년 3월 28일 21시,화요일,경상남도 통영시 광도면,중상사고,0,1,0,0,차대차 - 측면충돌,안전운전불이행,건조,맑음,교차로 - 교차로안,승용,남,40세,상해없음,이륜,남,49세,중상
2017032800100530,2017년 3월 28일 22시,화요일,경상남도 김해시 안동,중상사고,0,1,0,0,차대사람 - 횡단중,안전운전불이행,건조,맑음,단일로 - 기타,승합,남,54세,상해없음,보행자,남,54세,중상
2017032800100531,2017년 3월 28일 22시,화요일,경상남도 김해시 율하동,중상사고,0,1,0,0,차대사람 - 횡단중,신호위반,건조,맑음,교차로 - 교차로안,승용,여,42세,상해없음,보행자,남,26세,중상
2017032800100542,2017년 3월 28일 23시,화요일,경상남도 김해시 삼방동,경상사고,0,0,3,0,차대차 - 측면충돌,안전운전불이행,건조,맑음,교차로 - 교차로안,승용,남,27세,상해없음,승용,여,56세,경상
2017032900100036,2017년 3월 29일 01시,수요일,경상남도 사천시 사천읍,경상사고,0,0,1,0,차대차 - 측면충돌,직진우회전진행방해,젖음/습기,비,교차로 - 교차로안,화물,남,63세,상해없음,승용,여,44세,경상
2017032900100037,2017년 3월 29일 01시,수요일,경상남도 거제시 옥포동,중상사고,0,1,0,0,차대사람 - 기타,안전운전불이행,건조,맑음,기타 - 기타,이륜,남,35세,상해없음,보행자,남,53세,중상
2017032900100038,2017년 3월 29일 01시,수요일,경상남도 창원시 성산구 상남동,경상사고,0,0,3,0,차대차 - 측면충돌,안전운전불이행,건조,맑음,교차로 - 교차로안,승용,남,59세,상해없음,화물,남,72세,상해없음
2017032900100059,2017년 3월 29일 03시,수요일,경상남도 김해시 서상동,중상사고,0,2,9,2,차대차 - 추돌,안전운전불이행,젖음/습기,비,단일로 - 기타,승용,남,30세,경상,승합,남,41세,경상
2017032900100068,2017년 3월 29일 04시,수요일,경상남도 김해시 봉황동,중상사고,0,1,1,0,차대사람 - 횡단중,안전운전불이행,젖음/습기,비,단일로 - 기타,승용,남,63세,상해없음,보행자,남,39세,중상
2017032900100085,2017년 3월 29일 06시,수요일,경상남도 창원시 의창구 팔용동,경상사고,0,0,1,0,차대사람 - 차도통행중,안전운전불이행,건조,맑음,단일로 - 기타,승용,여,23세,상해없음,보행자,여,23세,경상
2017032900100104,2017년 3월 29일 07시,수요일,경상남도 창원시 성산구 상남동,경상사고,0,0,1,0,차대차 - 측면충돌,신호위반,젖음/습기,비,교차로 - 교차로안,승용,여,52세,상해없음,승용,남,60세,경상
2017032900100131,2017년 3월 29일 08시,수요일,경상남도 진주시 상대동,중상사고,0,1,0,0,차대차 - 측면충돌,직진우회전진행방해,건조,맑음,교차로 - 교차로안,승용,여,51세,상해없음,승용,여,22세,중상
2017032900100132,2017년 3월 29일 08시,수요일,경상남도 창녕군 남지읍,경상사고,0,0,2,0,차대차 - 기타,중앙선침범,젖음/습기,비,단일로 - 기타,화물,남,68세,경상,승합,남,51세,경상
2017032900100133,2017년 3월 29일 08시,수요일,경상남도 양산시 동면,경상사고,0,0,1,1,차대차 - 기타,기타,건조,맑음,교차로 - 교차로안,승용,여,51세,부상신고,승용,여,48세,경상
2017032900100168,2017년 3월 29일 09시,수요일,경상남도 함양군 서상면,경상사고,0,0,1,0,차대차 - 측면충돌,교차로운행방법위반,건조,맑음,교차로 - 교차로안,승용,남,61세,상해없음,원동기,남,77세,경상
2017032900100192,2017년 3월 29일 10시,수요일,경상남도 김해시 진례면,중상사고,0,1,0,0,차대차 - 측면충돌,안전운전불이행,건조,맑음,교차로 - 교차로안,화물,남,46세,상해없음,농기계,남,74세,중상
2017032900100213,2017년 3월 29일 11시,수요일,경상남도 합천군 대양면,중상사고,0,1,0,0,차대차 - 기타,교차로운행방법위반,건조,맑음,교차로 - 교차로안,승용,여,58세,상해없음,원동기,여,75세,중상
2017032900100214,2017년 3월 29일 11시,수요일,경상남도 하동군 금성면,중상사고,0,1,2,0,차대차 - 측면충돌,안전운전불이행,건조,맑음,교차로 - 교차로안,승용,남,57세,상해없음,승용,남,30세,경상
2017032900100228,2017년 3월 29일 12시,수요일,경상남도 사천시 동금동,중상사고,0,2,0,0,차대차 - 측면충돌,교차로운행방법위반,건조,맑음,교차로 - 교차로안,승용,남,70세,상해없음,원동기,남,64세,중상
2017032900100229,2017년 3월 29일 12시,수요일,경상남도 거제시 고현동,중상사고,0,1,0,0,차대차 - 측면충돌,직진우회전진행방해,건조,맑음,교차로 - 교차로안,승용,여,24세,상해없음,자전거,남,30세,중상
2017032900100257,2017년 3월 29일 13시,수요일,경상남도 의령군 의령읍,경상사고,0,0,1,0,차대차 - 추돌,안전운전불이행,건조,맑음,교차로 - 교차로부근,승용,남,31세,상해없음,승용,여,62세,경상
2017032900100304,2017년 3월 29일 15시,수요일,경상남도 사천시 정동면,경상사고,0,0,1,0,차대사람 - 차도통행중,기타,건조,맑음,단일로 - 기타,승용,남,47세,상해없음,보행자,여,7세,경상
2017032900100305,2017년 3월 29일 15시,수요일,경상남도 고성군 동해면,중상사고,0,2,0,0,차대차 - 정면충돌,중앙선침범,건조,흐림,단일로 - 기타,승용,남,51세,상해없음,이륜,남,74세,중상
2017032900100306,2017년 3월 29일 15시,수요일,경상남도 창원시 의창구 동읍,경상사고,0,0,1,0,차대차 - 측면충돌,안전운전불이행,건조,맑음,교차로 - 교차로안,승용,여,45세,상해없음,승용,여,31세,경상
2017032900100307,2017년 3월 29일 15시,수요일,경상남도 창원시 의창구 팔용동,중상사고,0,1,0,0,차대사람 - 횡단중,보행자보호의무위반,건조,맑음,교차로 - 교차로횡단보도내,화물,남,53세,상해없음,보행자,남,42세,중상
2017032900100337,2017년 3월 29일 16시,수요일,경상남도 창원시 성산구 중앙동,중상사고,0,1,0,0,차대사람 - 길가장자리구역통행중,안전운전불이행,건조,맑음,단일로 - 기타,승합,남,46세,상해없음,보행자,여,77세,중상
2017032900100338,2017년 3월 29일 16시,수요일,경상남도 창원시 의창구 도계동,경상사고,0,0,1,0,차대차 - 기타,차로위반,건조,맑음,단일로 - 기타,건설기계,남,48세,상해없음,승용,여,36세,경상
2017032900100396,2017년 3월 29일 18시,수요일,경상남도 창원시 마산합포구 신포동1가,경상사고,0,0,2,0,차대차 - 기타,안전운전불이행,건조,맑음,교차로 - 교차로안,승용,남,40세,상해없음,승용,남,50세,경상
2017032900100397,2017년 3월 29일 18시,수요일,경상남도 통영시 북신동,경상사고,0,0,1,0,차대차 - 추돌,안전운전불이행,건조,맑음,단일로 - 기타,승용,여,36세,상해없음,승용,남,29세,경상
2017032900100398,2017년 3월 29일 18시,수요일,경상남도 김해시 외동,중상사고,0,1,0,0,차대차 - 측면충돌,안전운전불이행,건조,흐림,단일로 - 기타,승용,남,39세,상해없음,승용,남,56세,중상
2017032900100399,2017년 3월 29일 18시,수요일,경상남도 창원시 마산회원구 구암동,중상사고,0,1,0,0,차대사람 - 길가장자리구역통행중,안전운전불이행,건조,맑음,기타 - 기타,승합,여,49세,상해없음,보행자,남,51세,중상
2017032900100400,2017년 3월 29일 18시,수요일,경상남도 창원시 의창구 봉곡동,경상사고,0,0,1,0,차대차 - 측면충돌,안전운전불이행,건조,맑음,기타 - 기타,원동기,남,66세,상해없음,승용,남,67세,경상
2017032900100448,2017년 3월 29일 19시,수요일,경상남도 창녕군 부곡면,경상사고,0,0,1,0,차대차 - 기타,안전운전불이행,건조,맑음,교차로 - 교차로안,화물,남,69세,경상,승용,여,61세,상해없음
2017032900100449,2017년 3월 29일 19시,수요일,경상남도 김해시 삼문동,중상사고,0,1,0,0,차대차 - 추돌,안전운전불이행,건조,맑음,단일로 - 기타,화물,남,64세,중상,화물,남,41세,기타불명
2017032900100481,2017년 3월 29일 20시,수요일,경상남도 김해시 외동,경상사고,0,0,1,0,차대사람 - 횡단중,안전운전불이행,건조,맑음,단일로 - 기타,자전거,남,15세,상해없음,보행자,여,60세,경상
2017032900100482,2017년 3월 29일 20시,수요일,경상남도 창원시 의창구 명서동,경상사고,0,0,2,0,차대차 - 추돌,안전운전불이행,건조,맑음,단일로 - 기타,승용,남,35세,상해없음,승용,남,30세,경상
2017032900100505,2017년 3월 29일 21시,수요일,경상남도 진주시 평거동,중상사고,0,1,0,0,차대차 - 측면충돌,신호위반,건조,맑음,교차로 - 교차로안,승용,남,53세,상해없음,화물,남,30세,중상
2017032900100554,2017년 3월 29일 23시,수요일,경상남도 창원시 의창구 동읍,경상사고,0,0,1,0,차대차 - 추돌,안전운전불이행,건조,맑음,단일로 - 기타,승용,남,37세,상해없음,승용,남,28세,경상
2017033000100109,2017년 3월 30일 07시,목요일,경상남도 창원시 마산합포구 해운동,경상사고,0,0,1,0,차대차 - 측면충돌,안전운전불이행,건조,맑음,교차로 - 교차로안,승용,남,28세,상해없음,승용,남,43세,경상
2017033000100110,2017년 3월 30일 07시,목요일,경상남도 합천군 합천읍,중상사고,0,1,0,0,차량단독 - 전도전복,안전운전불이행,건조,맑음,단일로 - 기타,이륜,남,80세,중상,미분류,미분류,미분류,미분류
2017033000100111,2017년 3월 30일 07시,목요일,경상남도 함안군 군북면,중상사고,0,1,1,0,차대차 - 측면충돌,신호위반,기타,안개,교차로 - 교차로안,승용,남,36세,경상,승용,남,65세,중상
2017033000100144,2017년 3월 30일 08시,목요일,경상남도 남해군 창선면,경상사고,0,0,2,0,차대차 - 추돌,안전운전불이행,건조,맑음,단일로 - 기타,승용,남,36세,상해없음,승용,남,38세,경상
2017033000100170,2017년 3월 30일 09시,목요일,경상남도 김해시 관동동,경상사고,0,0,2,0,차대차 - 추돌,안전운전불이행,건조,맑음,단일로 - 기타,승용,여,37세,상해없음,승용,여,27세,경상
2017033000100194,2017년 3월 30일 10시,목요일,경상남도 사천시 사천읍,중상사고,0,1,0,0,차대차 - 측면충돌,교차로운행방법위반,건조,맑음,교차로 - 교차로안,승용,여,40세,상해없음,이륜,남,68세,중상
2017033000100211,2017년 3월 30일 11시,목요일,경상남도 양산시 상북면,경상사고,0,0,2,0,차대차 - 기타,기타,건조,맑음,단일로 - 기타,화물,남,57세,상해없음,승용,여,39세,경상
2017033000100212,2017년 3월 30일 11시,목요일,경상남도 창원시 성산구 남산동,경상사고,0,0,3,0,차대차 - 추돌,안전운전불이행,건조,맑음,교차로 - 교차로부근,승용,여,46세,상해없음,승용,여,34세,경상
2017033000100228,2017년 3월 30일 12시,목요일,경상남도 양산시 다방동,중상사고,0,1,1,0,차대차 - 측면충돌,안전운전불이행,건조,맑음,단일로 - 기타,화물,남,56세,상해없음,승용,남,44세,중상
2017033000100236,2017년 3월 30일 12시,목요일,경상남도 창원시 마산합포구 산호동,경상사고,0,0,1,0,차대사람 - 횡단중,안전운전불이행,건조,맑음,단일로 - 기타,자전거,남,16세,경상,보행자,남,70세,상해없음
2017033000100263,2017년 3월 30일 13시,목요일,경상남도 밀양시 내이동,중상사고,0,1,0,0,차대사람 - 횡단중,안전운전불이행,건조,맑음,교차로 - 교차로안,승용,남,41세,상해없음,보행자,남,77세,중상
2017033000100264,2017년 3월 30일 13시,목요일,경상남도 양산시 덕계동,중상사고,0,1,0,0,차대차 - 측면충돌,안전운전불이행,건조,맑음,단일로 - 기타,승용,여,68세,상해없음,승용,남,40세,중상
2017033000100265,2017년 3월 30일 13시,목요일,경상남도 김해시 율하동,경상사고,0,0,1,0,차대차 - 기타,기타,건조,맑음,단일로 - 기타,화물,남,45세,상해없음,승용,남,44세,경상
2017033000100289,2017년 3월 30일 14시,목요일,경상남도 창원시 마산합포구 신포동2가,중상사고,0,1,0,0,차대사람 - 기타,안전운전불이행,건조,맑음,단일로 - 기타,화물,남,44세,상해없음,보행자,여,74세,중상
2017033000100290,2017년 3월 30일 14시,목요일,경상남도 창원시 마산합포구 상남동,경상사고,0,0,1,0,차대차 - 추돌,안전운전불이행,건조,맑음,단일로 - 기타,승용,남,57세,상해없음,승용,남,32세,경상
2017033000100291,2017년 3월 30일 14시,목요일,경상남도 진주시 이현동,경상사고,0,0,1,0,차대차 - 기타,중앙선침범,건조,맑음,단일로 - 기타,화물,남,52세,상해없음,원동기,남,57세,경상
2017033000100292,2017년 3월 30일 14시,목요일,경상남도 거창군 거창읍,중상사고,0,1,0,0,차대사람 - 횡단중,보행자보호의무위반,건조,맑음,단일로 - 기타,승용,남,42세,상해없음,보행자,남,6세,중상
2017033000100354,2017년 3월 30일 16시,목요일,경상남도 창원시 진해구 명동,경상사고,0,0,1,0,차대사람 - 횡단중,교차로운행방법위반,건조,맑음,교차로 - 교차로안,승용,여,56세,상해없음,보행자,남,68세,경상
2017033000100355,2017년 3월 30일 16시,목요일,경상남도 고성군 하이면,중상사고,0,1,0,0,차대차 - 추돌,안전거리미확보,건조,맑음,단일로 - 기타,이륜,남,62세,상해없음,화물,남,61세,중상
2017033000100356,2017년 3월 30일 16시,목요일,경상남도 함안군 대산면,부상신고사고,0,0,0,1,차량단독 - 공작물충돌,안전운전불이행,건조,맑음,단일로 - 기타,승용,남,28세,부상신고,,,,
2017033000100394,2017년 3월 30일 17시,목요일,경상남도 함안군 대산면,경상사고,0,0,1,1,차대차 - 측면충돌,안전거리미확보,건조,맑음,교차로 - 교차로부근,화물,남,60세,부상신고,화물,남,56세,경상
2017033000100395,2017년 3월 30일 17시,목요일,경상남도 창원시 성산구 사파동,중상사고,0,1,0,0,차대차 - 측면충돌,안전운전불이행,건조,맑음,단일로 - 기타,승용,여,55세,상해없음,자전거,남,76세,중상
2017033000100427,2017년 3월 30일 18시,목요일,경상남도 통영시 도산면,경상사고,0,0,1,0,차대차 - 측면충돌,신호위반,건조,맑음,교차로 - 교차로안,승용,여,53세,상해없음,승용,남,71세,경상
2017033000100428,2017년 3월 30일 18시,목요일,경상남도 창원시 성산구 신촌동,중상사고,0,1,0,0,차대차 - 측면충돌,안전운전불이행,건조,맑음,교차로 - 교차로안,승용,남,64세,상해없음,자전거,남,72세,중상
2017033000100456,2017년 3월 30일 19시,목요일,경상남도 밀양시 교동,중상사고,0,1,0,0,차량단독 - 기타,안전운전불이행,건조,맑음,교차로 - 교차로부근,자전거,남,84세,중상,,,,
2017033000100457,2017년 3월 30일 19시,목요일,경상남도 양산시 동면,중상사고,0,1,0,0,차대차 - 기타,교차로운행방법위반,건조,맑음,교차로 - 교차로부근,승용,여,37세,상해없음,승용,여,42세,중상
2017033000100458,2017년 3월 30일 19시,목요일,경상남도 고성군 고성읍,사망사고,1,1,1,0,차대차 - 측면충돌,신호위반,건조,맑음,교차로 - 교차로안,승용,여,51세,상해없음,승합,남,54세,중상
2017033000100459,2017년 3월 30일 19시,목요일,경상남도 거제시 능포동,중상사고,0,1,0,0,차대차 - 정면충돌,직진우회전진행방해,건조,맑음,교차로 - 교차로안,승용,남,48세,상해없음,이륜,남,45세,중상
2017033000100460,2017년 3월 30일 19시,목요일,경상남도 창원시 의창구 소답동,중상사고,0,1,0,0,차대차 - 측면충돌,안전운전불이행,건조,맑음,단일로 - 기타,화물,남,50세,상해없음,자전거,남,61세,중상
2017033000100493,2017년 3월 30일 20시,목요일,경상남도 사천시 벌리동,중상사고,0,1,0,0,차대사람 - 기타,안전운전불이행,건조,맑음,단일로 - 기타,승용,남,51세,상해없음,보행자,남,36세,중상
2017033000100516,2017년 3월 30일 21시,목요일,경상남도 김해시 무계동,중상사고,0,1,0,0,차대차 - 측면충돌,안전운전불이행,건조,맑음,교차로 - 교차로안,승용,여,43세,상해없음,자전거,남,18세,중상
2017033000100547,2017년 3월 30일 22시,목요일,경상남도 진주시 초전동,중상사고,0,2,2,0,차대차 - 추돌,안전운전불이행,건조,맑음,단일로 - 기타,승용,남,44세,상해없음,승용,여,26세,중상
2017033000100568,2017년 3월 30일 23시,목요일,경상남도 창원시 의창구 삼동동,중상사고,0,1,0,0,차대사람 - 횡단중,안전운전불이행,건조,맑음,단일로 - 기타,이륜,남,35세,상해없음,보행자,남,43세,중상
2017033000100569,2017년 3월 30일 23시,목요일,경상남도 창원시 마산합포구 산호동,경상사고,0,0,1,0,차대차 - 측면충돌,신호위반,건조,맑음,교차로 - 교차로안,승용,남,23세,상해없음,승용,여,39세,경상
2017033000100570,2017년 3월 30일 23시,목요일,경상남도 창원시 의창구 동읍,경상사고,0,0,1,0,차대차 - 측면충돌,중앙선침범,건조,맑음,단일로 - 기타,승합,남,59세,상해없음,이륜,남,18세,경상
2017033100100019,2017년 3월 31일 00시,금요일,경상남도 창원시 마산합포구 신포동2가,경상사고,0,0,1,0,차대차 - 측면충돌,안전운전불이행,건조,맑음,단일로 - 기타,기타불명,기타불명,미분류,기타불명,승용,여,34세,경상
2017033100100037,2017년 3월 31일 01시,금요일,경상남도 창원시 의창구 명서동,중상사고,0,1,4,0,차대차 - 추돌,안전운전불이행,건조,맑음,단일로 - 기타,승용,여,44세,상해없음,승합,남,49세,경상
2017033100100038,2017년 3월 31일 01시,금요일,경상남도 창원시 의창구 팔용동,경상사고,0,0,1,0,차대차 - 측면충돌,안전운전불이행,건조,맑음,단일로 - 기타,승용,남,36세,상해없음,승용,남,26세,경상
2017033100100081,2017년 3월 31일 06시,금요일,경상남도 창원시 마산회원구 내서읍,중상사고,0,1,0,0,차대차 - 기타,안전운전불이행,젖음/습기,비,단일로 - 기타,화물,남,44세,상해없음,이륜,남,17세,중상
2017033100100100,2017년 3월 31일 07시,금요일,경상남도 거제시 장평동,경상사고,0,0,1,0,차대사람 - 횡단중,보행자보호의무위반,젖음/습기,비,단일로 - 기타,이륜,남,31세,상해없음,보행자,남,36세,경상
2017033100100145,2017년 3월 31일 08시,금요일,경상남도 의령군 의령읍,부상신고사고,0,0,0,1,차대차 - 측면충돌,안전운전불이행,젖음/습기,흐림,교차로 - 교차로안,이륜,남,72세,부상신고,승용,남,53세,기타불명
2017033100100194,2017년 3월 31일 09시,금요일,경상남도 사천시 선구동,경상사고,0,0,1,0,차대차 - 측면충돌,안전운전불이행,젖음/습기,흐림,교차로 - 교차로안,화물,남,69세,상해없음,승합,남,44세,경상
2017033100100195,2017년 3월 31일 09시,금요일,경상남도 양산시 동면,경상사고,0,0,1,0,차대차 - 추돌,안전거리미확보,건조,맑음,교차로 - 교차로부근,화물,남,52세,상해없음,승용,여,58세,경상
2017033100100196,2017년 3월 31일 09시,금요일,경상남도 거제시 수월동,경상사고,0,0,1,0,차대차 - 기타,안전운전불이행,젖음/습기,비,단일로 - 기타,승용,여,46세,상해없음,화물,남,65세,경상
2017033100100197,2017년 3월 31일 09시,금요일,경상남도 창원시 성산구 내동,중상사고,0,1,0,0,차대차 - 측면충돌,신호위반,건조,맑음,단일로 - 기타,화물,남,34세,상해없음,승용,남,57세,중상
2017033100100198,2017년 3월 31일 09시,금요일,경상남도 김해시 한림면,중상사고,0,1,1,0,차대차 - 기타,안전운전불이행,건조,맑음,단일로 - 기타,승용,남,23세,경상,승용,여,49세,상해없음
2017033100100227,2017년 3월 31일 10시,금요일,경상남도 창원시 마산합포구 덕동동,중상사고,0,1,0,0,차대차 - 정면충돌,안전운전불이행,건조,흐림,단일로 - 기타,승합,남,58세,상해없음,화물,남,44세,중상
2017033100100228,2017년 3월 31일 10시,금요일,경상남도 진주시 계동,경상사고,0,0,1,0,차대차 - 측면충돌,교차로운행방법위반,건조,맑음,교차로 - 교차로안,이륜,남,58세,경상,승용,여,51세,상해없음
2017033100100246,2017년 3월 31일 11시,금요일,경상남도 창원시 마산합포구 해운동,중상사고,0,1,0,0,차대사람 - 횡단중,신호위반,건조,맑음,단일로 - 기타,승용,남,64세,상해없음,보행자,여,82세,중상