사고번호,사고일시,요일,시군구,사고내용,사망자수,중상자수,경상자수,부상신고자수,사고유형,법규위반,노면상태,기상상태,도로형태,가해운전자 차종,가해운전자 성별,가해운전자 연령,가해운전자 상해정도,피해운전자 차종,피해운전자 성별,피해운전자 연령,피해운전자 상해정도
2017033100100247,2017년 3월 31일 11시,금요일,경상남도 창원시 마산합포구 오동동,경상사고,0,0,1,0,차대차 - 측면충돌,안전운전불이행,건조,맑음,교차로 - 교차로안,승용,남,52세,상해없음,승용,여,44세,경상
2017033100100248,2017년 3월 31일 11시,금요일,경상남도 창녕군 부곡면,중상사고,0,1,1,0,차대차 - 정면충돌,신호위반,건조,맑음,교차로 - 교차로안,승용,남,74세,상해없음,화물,남,62세,경상
2017033100100301,2017년 3월 31일 13시,금요일,경상남도 밀양시 내이동,중상사고,0,1,0,0,차대사람 - 차도통행중,안전운전불이행,건조,맑음,단일로 - 기타,승용,여,57세,상해없음,보행자,여,59세,중상
2017033100100330,2017년 3월 31일 15시,금요일,경상남도 양산시 산막동,경상사고,0,0,1,0,차대차 - 측면충돌,안전운전불이행,건조,맑음,단일로 - 기타,화물,남,32세,상해없음,승용,여,32세,경상
2017033100100346,2017년 3월 31일 15시,금요일,경상남도 합천군 합천읍,경상사고,0,0,1,0,차대차 - 측면충돌,안전운전불이행,건조,흐림,단일로 - 기타,승용,여,57세,상해없음,자전거,남,13세,경상
2017033100100347,2017년 3월 31일 15시,금요일,경상남도 양산시 북부동,중상사고,0,2,2,0,차대차 - 기타,기타,건조,맑음,교차로 - 교차로안,승용,남,48세,경상,화물,남,54세,경상
2017033100100348,2017년 3월 31일 15시,금요일,경상남도 창원시 의창구 봉곡동,경상사고,0,0,1,0,차대사람 - 횡단중,신호위반,건조,맑음,교차로 - 교차로횡단보도내,승용,여,29세,상해없음,보행자,남,67세,경상
2017033100100387,2017년 3월 31일 16시,금요일,경상남도 진주시 강남동,경상사고,0,0,1,0,차대사람 - 기타,안전운전불이행,건조,맑음,단일로 - 기타,승용,남,18세,상해없음,보행자,남,26세,경상
2017033100100388,2017년 3월 31일 16시,금요일,경상남도 사천시 사남면,중상사고,0,1,3,0,차대차 - 추돌,안전운전불이행,건조,맑음,단일로 - 기타,승용,여,53세,상해없음,화물,남,66세,중상
2017033100100389,2017년 3월 31일 16시,금요일,경상남도 창원시 의창구 북면,중상사고,0,1,2,0,차대차 - 측면충돌,신호위반,건조,맑음,교차로 - 교차로안,승용,여,35세,상해없음,승용,남,36세,경상
2017033100100420,2017년 3월 31일 17시,금요일,경상남도 창원시 진해구 송학동,중상사고,0,1,0,0,차대차 - 측면충돌,교차로운행방법위반,건조,맑음,교차로 - 교차로안,승용,여,24세,상해없음,원동기,남,69세,중상
2017033100100421,2017년 3월 31일 17시,금요일,경상남도 함안군 여항면,중상사고,0,1,0,0,차대사람 - 기타,기타,건조,맑음,단일로 - 기타,승용,여,61세,상해없음,보행자,남,59세,중상
2017033100100449,2017년 3월 31일 18시,금요일,경상남도 김해시 구산동,중상사고,0,1,0,0,차대사람 - 횡단중,안전운전불이행,건조,흐림,단일로 - 기타,승용,여,42세,상해없음,보행자,여,7세,중상
2017033100100450,2017년 3월 31일 18시,금요일,경상남도 양산시 북부동,경상사고,0,0,2,0,차대차 - 측면충돌,신호위반,건조,맑음,교차로 - 교차로안,승용,남,47세,상해없음,승용,남,64세,경상
2017033100100451,2017년 3월 31일 18시,금요일,경상남도 거제시 능포동,중상사고,0,2,0,0,차대차 - 기타,중앙선침범,건조,맑음,교차로 - 교차로안,승용,남,51세,상해없음,승용,남,59세,중상
2017033100100492,2017년 3월 31일 19시,금요일,경상남도 창원시 성산구 남산동,중상사고,0,1,0,0,차대사람 - 차도통행중,안전운전불이행,건조,맑음,단일로 - 기타,승용,남,53세,상해없음,보행자,남,29세,중상
2017033100100532,2017년 3월 31일 20시,금요일,경상남도 진주시 하대동,부상신고사고,0,0,0,1,차대차 - 측면충돌,안전운전불이행,젖음/습기,비,단일로 - 기타,기타불명,기타불명,미분류,기타불명,승용,여,32세,부상신고
2017033100100569,2017년 3월 31일 21시,금요일,경상남도 통영시 무전동,경상사고,0,0,1,0,차대차 - 추돌,안전운전불이행,젖음/습기,비,교차로 - 교차로부근,승용,남,42세,상해없음,승용,남,36세,경상
2017033100100570,2017년 3월 31일 21시,금요일,경상남도 양산시 물금읍,경상사고,0,0,2,0,차대차 - 측면충돌,신호위반,건조,맑음,교차로 - 교차로안,원동기,남,17세,상해없음,승용,남,44세,경상
2017033100100571,2017년 3월 31일 21시,금요일,경상남도 양산시 삼호동,경상사고,0,0,1,0,차대차 - 추돌,직진우회전진행방해,건조,맑음,교차로 - 교차로안,승용,여,40세,기타불명,승용,남,34세,경상
2017033100100611,2017년 3월 31일 22시,금요일,경상남도 창원시 마산합포구 교방동,경상사고,0,0,1,0,차대차 - 정면충돌,신호위반,젖음/습기,흐림,교차로 - 교차로안,화물,남,56세,상해없음,승용,여,55세,경상
2017033100100612,2017년 3월 31일 22시,금요일,경상남도 진주시 주약동,중상사고,0,1,2,0,차대차 - 추돌,안전운전불이행,젖음/습기,비,교차로 - 교차로부근,승용,남,46세,상해없음,승용,남,36세,경상
2017033100100638,2017년 3월 31일 23시,금요일,경상남도 창원시 진해구 용원동,경상사고,0,0,1,0,차대차 - 측면충돌,중앙선침범,건조,맑음,단일로 - 기타,승용,남,31세,상해없음,승용,남,34세,경상
2017040100100085,2017년 4월 1일 03시,토요일,경상남도 통영시 도산면,경상사고,0,0,1,0,차량단독 - 공작물충돌,안전운전불이행,건조,맑음,단일로 - 기타,승용,남,26세,상해없음,,,,
2017040100100144,2017년 4월 1일 07시,토요일,경상남도 양산시 물금읍,경상사고,0,0,1,0,차대차 - 기타,안전운전불이행,건조,맑음,교차로 - 교차로안,승합,남,61세,경상,승용,남,38세,상해없음
2017040100100160,2017년 4월 1일 08시,토요일,경상남도 통영시 광도면,경상사고,0,0,1,0,차대차 - 측면충돌,안전운전불이행,건조,맑음,교차로 - 교차로부근,승용,여,37세,상해없음,자전거,남,13세,경상
2017040100100161,2017년 4월 1일 08시,토요일,경상남도 김해시 한림면,중상사고,0,1,0,0,차대차 - 측면충돌,안전운전불이행,건조,맑음,교차로 - 교차로안,승용,여,57세,상해없음,승용,여,54세,중상
2017040100100173,2017년 4월 1일 09시,토요일,경상남도 사천시 죽림동,사망사고,1,0,0,0,차대차 - 측면충돌,안전운전불이행,건조,맑음,단일로 - 기타,화물,남,67세,상해없음,원동기,남,73세,사망
2017040100100188,2017년 4월 1일 10시,토요일,경상남도 창원시 진해구 경화동,중상사고,0,1,0,0,차대차 - 측면충돌,차로위반,젖음/습기,비,단일로 - 기타,특수,남,52세,상해없음,승용,여,44세,중상
2017040100100189,2017년 4월 1일 10시,토요일,경상남도 양산시 북부동,경상사고,0,0,1,0,차대차 - 측면충돌,안전거리미확보,젖음/습기,비,교차로 - 교차로부근,화물,남,68세,상해없음,승용,여,57세,경상
2017040100100190,2017년 4월 1일 10시,토요일,경상남도 김해시 주촌면,경상사고,0,0,1,0,차대차 - 측면충돌,중앙선침범,건조,맑음,단일로 - 기타,승용,남,43세,상해없음,승용,여,58세,경상
2017040100100214,2017년 4월 1일 11시,토요일,경상남도 창원시 진해구 여좌동,중상사고,0,3,0,0,차량단독 - 공작물충돌,안전운전불이행,건조,맑음,단일로 - 기타,승용,남,59세,중상,,,,
2017040100100215,2017년 4월 1일 11시,토요일,경상남도 창원시 진해구 용원동,중상사고,0,1,1,0,차대사람 - 횡단중,안전운전불이행,젖음/습기,비,교차로 - 교차로안,승용,남,46세,상해없음,보행자,남,64세,경상
2017040100100216,2017년 4월 1일 11시,토요일,경상남도 밀양시 상동면,경상사고,0,0,1,0,차대차 - 측면충돌,중앙선침범,젖음/습기,비,단일로 - 기타,승용,남,37세,상해없음,화물,남,33세,경상
2017040100100217,2017년 4월 1일 11시,토요일,경상남도 양산시 북정동,경상사고,0,0,1,0,차대차 - 측면충돌,교차로운행방법위반,젖음/습기,비,교차로 - 교차로안,승용,여,45세,상해없음,승합,남,54세,경상
2017040100100218,2017년 4월 1일 11시,토요일,경상남도 거제시 옥포동,경상사고,0,0,2,0,차대차 - 정면충돌,안전운전불이행,건조,맑음,단일로 - 기타,승용,남,61세,상해없음,승용,남,60세,상해없음
2017040100100238,2017년 4월 1일 12시,토요일,경상남도 하동군 화개면,경상사고,0,0,1,0,차대사람 - 차도통행중,안전운전불이행,건조,맑음,기타 - 기타,승용,남,28세,상해없음,보행자,남,61세,경상
2017040100100270,2017년 4월 1일 13시,토요일,경상남도 거제시 옥포동,경상사고,0,0,1,0,차대차 - 정면충돌,교차로운행방법위반,건조,맑음,단일로 - 기타,승용,남,25세,상해없음,이륜,남,60세,경상
2017040100100298,2017년 4월 1일 14시,토요일,경상남도 밀양시 무안면,사망사고,1,1,0,0,차량단독 - 공작물충돌,안전운전불이행,젖음/습기,비,단일로 - 기타,승용,남,82세,중상,,,,
2017040100100299,2017년 4월 1일 14시,토요일,경상남도 창원시 의창구 팔용동,경상사고,0,0,1,0,차대차 - 측면충돌,안전운전불이행,건조,맑음,교차로 - 교차로안,승용,여,27세,상해없음,승용,남,55세,경상
2017040100100335,2017년 4월 1일 15시,토요일,경상남도 창원시 진해구 경화동,중상사고,0,2,0,0,차대차 - 추돌,안전운전불이행,젖음/습기,비,단일로 - 기타,승용,남,27세,상해없음,승용,남,36세,중상
2017040100100336,2017년 4월 1일 15시,토요일,경상남도 창녕군 남지읍,경상사고,0,0,1,1,차대차 - 정면충돌,중앙선침범,젖음/습기,비,단일로 - 기타,승용,여,61세,부상신고,승용,남,55세,경상
2017040100100337,2017년 4월 1일 15시,토요일,경상남도 양산시 물금읍,경상사고,0,0,1,0,차대차 - 측면충돌,신호위반,젖음/습기,비,교차로 - 교차로안,승용,남,28세,상해없음,승용,여,62세,경상
2017040100100338,2017년 4월 1일 15시,토요일,경상남도 창원시 마산회원구 합성동,경상사고,0,0,1,0,차대사람 - 길가장자리구역통행중,안전운전불이행,젖음/습기,흐림,단일로 - 기타,승용,남,24세,상해없음,보행자,남,22세,경상
2017040100100373,2017년 4월 1일 16시,토요일,경상남도 양산시 평산동,경상사고,0,0,3,0,차대차 - 측면충돌,안전거리미확보,젖음/습기,비,단일로 - 기타,승용,남,74세,상해없음,승용,남,40세,경상
2017040100100411,2017년 4월 1일 17시,토요일,경상남도 양산시 삼호동,중상사고,0,1,0,0,차대차 - 측면충돌,신호위반,젖음/습기,비,교차로 - 교차로안,승용,여,45세,상해없음,승용,여,30세,중상
2017040100100412,2017년 4월 1일 17시,토요일,경상남도 창원시 성산구 상남동,중상사고,0,1,0,0,차대차 - 기타,안전운전불이행,건조,맑음,단일로 - 기타,승용,남,58세,상해없음,기타불명,기타불명,미분류,기타불명
2017040100100453,2017년 4월 1일 18시,토요일,경상남도 창원시 진해구 용원동,중상사고,0,1,0,0,차대차 - 측면충돌,중앙선침범,건조,맑음,단일로 - 기타,승용,남,28세,상해없음,승용,여,56세,중상
2017040100100466,2017년 4월 1일 19시,토요일,경상남도 김해시 진례면,중상사고,0,4,0,0,차대차 - 측면충돌,안전운전불이행,젖음/습기,흐림,단일로 - 기타,승용,남,74세,중상,승합,남,56세,상해없음
2017040100100485,2017년 4월 1일 19시,토요일,경상남도 양산시 물금읍,중상사고,0,1,0,0,차대차 - 측면충돌,신호위반,젖음/습기,비,교차로 - 교차로횡단보도내,승용,남,48세,상해없음,자전거,남,41세,중상
2017040100100509,2017년 4월 1일 20시,토요일,경상남도 거창군 거창읍,중상사고,0,1,0,0,차대차 - 측면충돌,교차로운행방법위반,젖음/습기,비,교차로 - 교차로안,화물,남,39세,상해없음,이륜,남,50세,중상
2017040100100536,2017년 4월 1일 21시,토요일,경상남도 밀양시 가곡동,중상사고,0,1,1,1,차대차 - 측면충돌,안전운전불이행,건조,맑음,단일로 - 기타,화물,남,52세,상해없음,승용,남,51세,부상신고
2017040100100537,2017년 4월 1일 21시,토요일,경상남도 창녕군 창녕읍,중상사고,0,2,1,0,차대차 - 측면충돌,신호위반,젖음/습기,흐림,교차로 - 교차로안,승용,남,46세,경상,승용,남,51세,중상
2017040100100562,2017년 4월 1일 22시,토요일,경상남도 창원시 진해구 중평동,중상사고,0,1,0,0,차대차 - 측면충돌,중앙선침범,젖음/습기,비,단일로 - 기타,승용,남,51세,상해없음,원동기,남,23세,중상
2017040200100035,2017년 4월 2일 00시,일요일,경상남도 창원시 의창구 사림동,중상사고,0,1,0,0,차대차 - 측면충돌,안전운전불이행,건조,맑음,단일로 - 기타,승용,남,22세,상해없음,이륜,남,32세,중상
2017040200100058,2017년 4월 2일 01시,일요일,경상남도 창원시 성산구 상남동,경상사고,0,0,1,0,차대사람 - 길가장자리구역통행중,안전운전불이행,건조,맑음,단일로 - 기타,승용,여,26세,상해없음,보행자,여,26세,경상
2017040200100077,2017년 4월 2일 03시,일요일,경상남도 창원시 진해구 자은동,중상사고,0,3,2,0,차대차 - 추돌,안전운전불이행,젖음/습기,흐림,단일로 - 기타,승용,남,46세,중상,승용,남,54세,경상
2017040200100119,2017년 4월 2일 07시,일요일,경상남도 거제시 장승포동,경상사고,0,0,1,0,차대차 - 기타,교차로운행방법위반,건조,맑음,교차로 - 교차로안,승용,남,59세,상해없음,승용,남,49세,경상
2017040200100130,2017년 4월 2일 08시,일요일,경상남도 창원시 의창구 팔용동,중상사고,0,2,0,0,차대차 - 추돌,안전운전불이행,건조,맑음,단일로 - 기타,승용,남,43세,상해없음,승용,여,44세,중상
2017040200100135,2017년 4월 2일 09시,일요일,경상남도 양산시 하북면,중상사고,0,1,0,0,차대차 - 기타,안전거리미확보,건조,맑음,단일로 - 기타,승용,남,45세,상해없음,승용,남,49세,중상
2017040200100211,2017년 4월 2일 12시,일요일,경상남도 고성군 동해면,경상사고,0,0,1,0,차대차 - 기타,안전운전불이행,건조,맑음,단일로 - 기타,승용,여,45세,상해없음,승용,남,35세,경상
2017040200100212,2017년 4월 2일 12시,일요일,경상남도 산청군 산청읍,중상사고,0,1,0,0,차량단독 - 전도전복,안전운전불이행,건조,맑음,단일로 - 기타,화물,남,82세,중상,미분류,미분류,미분류,미분류
2017040200100242,2017년 4월 2일 13시,일요일,경상남도 창원시 진해구 제덕동,경상사고,0,0,3,0,차대차 - 측면충돌,교차로운행방법위반,건조,맑음,교차로 - 교차로안,승용,여,60세,경상,승용,남,62세,경상
2017040200100243,2017년 4월 2일 13시,일요일,경상남도 함양군 지곡면,부상신고사고,0,0,0,1,차량단독 - 공작물충돌,안전운전불이행,건조,맑음,단일로 - 기타,승용,남,64세,부상신고,,,,
2017040200100273,2017년 4월 2일 14시,일요일,경상남도 양산시 물금읍,부상신고사고,0,0,0,1,차대차 - 측면충돌,안전운전불이행,건조,맑음,단일로 - 기타,승용,여,69세,부상신고,화물,남,44세,기타불명
2017040200100274,2017년 4월 2일 14시,일요일,경상남도 창원시 마산회원구 봉암동,중상사고,0,1,3,0,차대차 - 측면충돌,안전운전불이행,건조,맑음,교차로 - 교차로부근,승용,여,20세,상해없음,승용,남,47세,경상
2017040200100299,2017년 4월 2일 15시,일요일,경상남도 밀양시 삼문동,경상사고,0,0,1,0,차대차 - 측면충돌,안전운전불이행,건조,맑음,기타 - 기타,승용,남,55세,상해없음,자전거,남,12세,경상
2017040200100300,2017년 4월 2일 15시,일요일,경상남도 김해시 외동,중상사고,0,1,1,0,차대차 - 기타,직진우회전진행방해,건조,맑음,교차로 - 교차로부근,승용,남,50세,상해없음,원동기,남,34세,중상
2017040200100301,2017년 4월 2일 15시,일요일,경상남도 양산시 상북면,부상신고사고,0,0,0,3,차대차 - 측면충돌,안전거리미확보,건조,맑음,단일로 - 기타,승용,남,60세,상해없음,승용,남,50세,부상신고
2017040200100329,2017년 4월 2일 16시,일요일,경상남도 김해시 삼계동,경상사고,0,0,1,0,차대차 - 측면충돌,안전운전불이행,건조,맑음,교차로 - 교차로안,승합,남,34세,상해없음,승용,남,45세,경상
2017040200100330,2017년 4월 2일 16시,일요일,경상남도 산청군 신안면,경상사고,0,0,1,0,차대차 - 측면충돌,교차로운행방법위반,건조,맑음,교차로 - 교차로안,승용,여,28세,상해없음,승용,남,39세,상해없음
2017040200100331,2017년 4월 2일 16시,일요일,경상남도 창원시 의창구 서상동,중상사고,0,1,0,0,차대차 - 추돌,안전운전불이행,건조,맑음,단일로 - 기타,승용,남,63세,상해없음,이륜,남,37세,중상
2017040200100359,2017년 4월 2일 17시,일요일,경상남도 통영시 광도면,경상사고,0,0,1,0,차대차 - 측면충돌,직진우회전진행방해,건조,맑음,교차로 - 교차로안,승용,남,36세,상해없음,승용,남,47세,경상
2017040200100414,2017년 4월 2일 19시,일요일,경상남도 고성군 고성읍,경상사고,0,0,2,0,차대차 - 측면충돌,차로위반,건조,맑음,단일로 - 기타,화물,여,55세,상해없음,승용,여,53세,경상
2017040200100415,2017년 4월 2일 19시,일요일,경상남도 김해시 진례면,중상사고,0,1,0,0,차량단독 - 전도전복,안전운전불이행,건조,맑음,교차로 - 교차로안,화물,남,40세,중상,미분류,미분류,미분류,미분류
2017040200100433,2017년 4월 2일 20시,일요일,경상남도 김해시 내동,경상사고,0,0,3,0,차대차 - 기타,안전운전불이행,건조,맑음,단일로 - 기타,이륜,남,19세,경상,승용,남,56세,경상
2017040200100434,2017년 4월 2일 20시,일요일,경상남도 창원시 성산구 대방동,중상사고,0,1,0,0,차대사람 - 횡단중,보행자보호의무위반,건조,맑음,교차로 - 교차로횡단보도내,승용,남,47세,상해없음,보행자,여,56세,중상
2017040200100457,2017년 4월 2일 21시,일요일,경상남도 사천시 용현면,사망사고,1,0,0,0,차량단독 - 공작물충돌,안전운전불이행,건조,맑음,단일로 - 기타,원동기,남,53세,사망,,,,
2017040200100483,2017년 4월 2일 23시,일요일,경상남도 김해시 부곡동,경상사고,0,0,1,0,차대차 - 추돌,안전운전불이행,건조,맑음,단일로 - 기타,승용,여,27세,경상,승용,남,32세,기타불명
2017040300100028,2017년 4월 3일 00시,월요일,경상남도 창원시 마산회원구 구암동,중상사고,0,1,0,0,차대차 - 측면충돌,중앙선침범,건조,맑음,교차로 - 교차로부근,화물,남,48세,상해없음,화물,남,36세,상해없음
2017040300100094,2017년 4월 3일 07시,월요일,경상남도 사천시 벌리동,중상사고,0,1,0,0,차대차 - 측면충돌,신호위반,건조,맑음,교차로 - 교차로안,승용,여,52세,상해없음,승용,남,55세,중상
2017040300100095,2017년 4월 3일 07시,월요일,경상남도 김해시 한림면,중상사고,0,1,0,0,차대차 - 측면충돌,안전운전불이행,건조,맑음,단일로 - 기타,승용,남,33세,상해없음,승용,남,50세,중상
2017040300100129,2017년 4월 3일 08시,월요일,경상남도 진주시 동성동,중상사고,0,1,0,0,차대사람 - 횡단중,보행자보호의무위반,건조,맑음,교차로 - 교차로안,화물,남,40세,상해없음,보행자,여,80세,중상
2017040300100130,2017년 4월 3일 08시,월요일,경상남도 거창군 거창읍,중상사고,0,1,0,0,차대차 - 기타,안전운전불이행,건조,맑음,교차로 - 교차로안,승용,여,46세,상해없음,승용,여,33세,중상
2017040300100163,2017년 4월 3일 09시,월요일,경상남도 함안군 가야읍,경상사고,0,0,1,0,차대차 - 측면충돌,안전운전불이행,건조,맑음,단일로 - 기타,승용,여,52세,상해없음,원동기,남,85세,경상
2017040300100164,2017년 4월 3일 09시,월요일,경상남도 창원시 의창구 동읍,중상사고,0,1,0,0,차대차 - 추돌,안전운전불이행,건조,맑음,단일로 - 기타,승용,남,73세,상해없음,화물,남,74세,중상
2017040300100195,2017년 4월 3일 10시,월요일,경상남도 하동군 북천면,중상사고,0,1,1,0,차대차 - 추돌,안전운전불이행,건조,맑음,단일로 - 기타,화물,남,53세,상해없음,승합,남,52세,중상
2017040300100196,2017년 4월 3일 10시,월요일,경상남도 김해시 전하동,경상사고,0,0,2,0,차대차 - 추돌,안전거리미확보,건조,맑음,단일로 - 기타,화물,남,49세,상해없음,화물,남,29세,경상
2017040300100228,2017년 4월 3일 11시,월요일,경상남도 창원시 마산합포구 중앙동3가,중상사고,0,1,0,0,차대차 - 측면충돌,직진우회전진행방해,건조,맑음,교차로 - 교차로안,원동기,남,40세,중상,승용,여,31세,상해없음
2017040300100229,2017년 4월 3일 11시,월요일,경상남도 사천시 곤명면,중상사고,0,1,4,0,차대차 - 추돌,안전운전불이행,건조,맑음,단일로 - 기타,승용,남,75세,상해없음,승용,남,29세,경상
2017040300100256,2017년 4월 3일 12시,월요일,경상남도 양산시 북부동,경상사고,0,0,1,0,차대차 - 측면충돌,안전운전불이행,건조,맑음,교차로 - 교차로안,화물,여,38세,상해없음,이륜,남,59세,경상
2017040300100257,2017년 4월 3일 12시,월요일,경상남도 창원시 마산회원구 합성동,경상사고,0,0,1,0,차대차 - 측면충돌,안전운전불이행,건조,맑음,교차로 - 교차로부근,화물,여,34세,상해없음,승용,여,59세,경상
2017040300100283,2017년 4월 3일 13시,월요일,경상남도 통영시 광도면,경상사고,0,0,1,0,차대차 - 추돌,안전운전불이행,건조,맑음,주차장 - 주차장,승용,여,54세,상해없음,승용,남,34세,경상
2017040300100284,2017년 4월 3일 13시,월요일,경상남도 사천시 벌리동,경상사고,0,0,1,0,차대차 - 측면충돌,안전운전불이행,건조,맑음,단일로 - 기타,이륜,남,55세,경상,화물,남,35세,상해없음
2017040300100285,2017년 4월 3일 13시,월요일,경상남도 창녕군 창녕읍,부상신고사고,0,0,0,1,차대사람 - 기타,안전운전불이행,건조,맑음,교차로 - 교차로부근,기타불명,기타불명,미분류,기타불명,보행자,여,50세,부상신고
2017040300100286,2017년 4월 3일 13시,월요일,경상남도 남해군 미조면,경상사고,0,0,1,0,차대차 - 측면충돌,안전운전불이행,건조,맑음,단일로 - 기타,화물,여,57세,상해없음,화물,남,32세,경상
2017040300100320,2017년 4월 3일 14시,월요일,경상남도 김해시 부원동,경상사고,0,0,1,0,차대사람 - 보도통행중,기타,건조,맑음,단일로 - 기타,승용,남,66세,상해없음,보행자,남,59세,경상
2017040300100321,2017년 4월 3일 14시,월요일,경상남도 양산시 북부동,경상사고,0,0,1,0,차대차 - 측면충돌,중앙선침범,건조,맑음,단일로 - 기타,승용,여,19세,상해없음,화물,남,59세,경상
2017040300100383,2017년 4월 3일 16시,월요일,경상남도 김해시 내동,중상사고,0,1,0,0,차대차 - 측면충돌,신호위반,건조,맑음,교차로 - 교차로안,승용,여,56세,상해없음,이륜,남,17세,중상
2017040300100384,2017년 4월 3일 16시,월요일,경상남도 창원시 의창구 서상동,경상사고,0,0,1,0,차대차 - 추돌,안전운전불이행,건조,맑음,단일로 - 기타,화물,남,52세,상해없음,승용,남,60세,상해없음
2017040300100421,2017년 4월 3일 17시,월요일,경상남도 양산시 북정동,경상사고,0,0,1,0,차대차 - 측면충돌,신호위반,건조,맑음,교차로 - 교차로안,승용,남,80세,상해없음,승용,남,48세,경상
2017040300100422,2017년 4월 3일 17시,월요일,경상남도 거제시 고현동,중상사고,0,1,0,0,차대사람 - 횡단중,안전운전불이행,건조,맑음,교차로 - 교차로횡단보도내,승용,여,43세,상해없음,보행자,여,9세,중상
2017040300100461,2017년 4월 3일 18시,월요일,경상남도 창원시 의창구 소답동,경상사고,0,0,1,0,차대차 - 측면충돌,안전운전불이행,건조,맑음,단일로 - 기타,이륜,남,21세,경상,승용,남,43세,상해없음
2017040300100498,2017년 4월 3일 19시,월요일,경상남도 김해시 내동,경상사고,0,0,1,0,차대차 - 추돌,안전운전불이행,건조,맑음,단일로 - 기타,원동기,남,16세,경상,승용,여,49세,상해없음
2017040300100499,2017년 4월 3일 19시,월요일,경상남도 합천군 가야면,중상사고,0,2,2,0,차대차 - 측면충돌,교차로운행방법위반,건조,맑음,단일로 - 기타,화물,여,62세,상해없음,승용,여,49세,경상
2017040300100564,2017년 4월 3일 21시,월요일,경상남도 김해시 삼계동,중상사고,0,1,1,0,차대차 - 측면충돌,안전운전불이행,건조,맑음,단일로 - 기타,승용,남,39세,상해없음,원동기,남,30세,경상
2017040300100565,2017년 4월 3일 21시,월요일,경상남도 거제시 장평동,경상사고,0,0,1,0,차대차 - 추돌,안전운전불이행,건조,맑음,단일로 - 기타,이륜,남,45세,상해없음,자전거,남,42세,경상
2017040300100584,2017년 4월 3일 22시,월요일,경상남도 창원시 진해구 여좌동,중상사고,0,1,0,0,차대사람 - 횡단중,교차로운행방법위반,건조,맑음,교차로 - 교차로부근,승용,남,31세,상해없음,보행자,여,59세,중상
2017040300100585,2017년 4월 3일 22시,월요일,경상남도 통영시 봉평동,경상사고,0,0,1,0,차대차 - 추돌,기타,건조,맑음,단일로 - 기타,승용,남,68세,상해없음,이륜,남,17세,상해없음
2017040300100586,2017년 4월 3일 22시,월요일,경상남도 김해시 무계동,부상신고사고,0,0,0,1,차대차 - 측면충돌,안전운전불이행,건조,맑음,교차로 - 교차로부근,특수,남,31세,상해없음,승용,남,69세,상해없음
2017040400100078,2017년 4월 4일 07시,화요일,경상남도 창원시 진해구 석동,경상사고,0,0,1,0,차대차 - 기타,안전운전불이행,건조,맑음,교차로 - 교차로안,승용,남,32세,기타불명,자전거,남,35세,경상
2017040400100079,2017년 4월 4일 07시,화요일,경상남도 거제시 고현동,경상사고,0,0,1,0,차대차 - 측면충돌,안전운전불이행,건조,맑음,교차로 - 교차로안,승용,남,61세,상해없음,자전거,남,49세,경상
2017040400100080,2017년 4월 4일 07시,화요일,경상남도 거제시 고현동,경상사고,0,0,1,0,차대차 - 측면충돌,교차로운행방법위반,건조,맑음,교차로 - 교차로안,승용,남,49세,상해없음,자전거,남,48세,경상
2017040400100118,2017년 4월 4일 08시,화요일,경상남도 하동군 옥종면,중상사고,0,1,0,0,차대차 - 추돌,안전운전불이행,건조,맑음,단일로 - 기타,화물,남,62세,상해없음,승용,여,52세,중상
2017040400100119,2017년 4월 4일 08시,화요일,경상남도 창원시 의창구 북면,중상사고,0,1,0,0,차대차 - 측면충돌,안전운전불이행,건조,맑음,교차로 - 교차로부근,승용,여,52세,상해없음,승용,남,54세,중상
2017040400100149,2017년 4월 4일 09시,화요일,경상남도 통영시 항남동,경상사고,0,0,1,0,차대차 - 측면충돌,교차로운행방법위반,건조,맑음,교차로 - 교차로안,승용,남,57세,상해없음,승용,여,46세,경상
2017040400100150,2017년 4월 4일 09시,화요일,경상남도 김해시 내동,중상사고,0,15,3,1,차대차 - 기타,신호위반,건조,맑음,교차로 - 교차로안,승용,남,48세,상해없음,승용,남,53세,경상
2017040400100151,2017년 4월 4일 09시,화요일,경상남도 김해시 삼정동,중상사고,0,1,1,0,차대차 - 측면충돌,교차로운행방법위반,건조,맑음,교차로 - 교차로안,승용,여,49세,중상,승용,남,56세,경상
2017040400100176,2017년 4월 4일 10시,화요일,경상남도 통영시 도천동,경상사고,0,0,1,0,차대차 - 측면충돌,안전운전불이행,건조,맑음,교차로 - 교차로안,승합,남,63세,상해없음,자전거,남,68세,경상
2017040400100177,2017년 4월 4일 10시,화요일,경상남도 창원시 마산회원구 회성동,경상사고,0,0,1,0,차대사람 - 기타,안전운전불이행,건조,맑음,단일로 - 기타,승용,남,62세,상해없음,보행자,남,25세,경상
2017040400100195,2017년 4월 4일 11시,화요일,경상남도 진주시 동성동,중상사고,0,1,0,0,차대사람 - 횡단중,신호위반,건조,맑음,교차로 - 교차로횡단보도내,승합,남,68세,상해없음,보행자,남,31세,중상
2017040400100196,2017년 4월 4일 11시,화요일,경상남도 사천시 사천읍,경상사고,0,0,1,0,차대차 - 측면충돌,신호위반,건조,맑음,교차로 - 교차로안,이륜,남,83세,경상,승용,남,35세,상해없음
2017040400100197,2017년 4월 4일 11시,화요일,경상남도 김해시 삼방동,부상신고사고,0,0,0,1,차대차 - 측면충돌,안전운전불이행,건조,맑음,단일로 - 기타,승용,남,54세,부상신고,승용,남,54세,상해없음