사고번호,사고일시,요일,시군구,사고내용,사망자수,중상자수,경상자수,부상신고자수,사고유형,법규위반,노면상태,기상상태,도로형태,가해운전자 차종,가해운전자 성별,가해운전자 연령,가해운전자 상해정도,피해운전자 차종,피해운전자 성별,피해운전자 연령,피해운전자 상해정도
2017040400100198,2017년 4월 4일 11시,화요일,경상남도 김해시 내동,중상사고,0,1,0,0,차대사람 - 기타,안전운전불이행,건조,맑음,교차로 - 교차로안,승용,남,45세,상해없음,보행자,남,48세,중상
2017040400100225,2017년 4월 4일 12시,화요일,경상남도 창원시 마산합포구 신포동1가,경상사고,0,0,1,0,차대차 - 측면충돌,교차로운행방법위반,건조,맑음,교차로 - 교차로안,화물,남,66세,상해없음,승용,남,58세,경상
2017040400100226,2017년 4월 4일 12시,화요일,경상남도 김해시 내동,경상사고,0,0,1,0,차대차 - 측면충돌,안전운전불이행,건조,맑음,단일로 - 기타,원동기,남,81세,경상,화물,남,36세,상해없음
2017040400100227,2017년 4월 4일 12시,화요일,경상남도 하동군 금남면,경상사고,0,0,1,0,차대차 - 정면충돌,안전운전불이행,건조,맑음,단일로 - 기타,승용,남,57세,상해없음,승용,남,46세,상해없음
2017040400100257,2017년 4월 4일 13시,화요일,경상남도 하동군 금남면,중상사고,0,1,1,0,차대차 - 측면충돌,안전운전불이행,건조,맑음,단일로 - 기타,건설기계,남,44세,경상,건설기계,남,54세,중상
2017040400100258,2017년 4월 4일 13시,화요일,경상남도 김해시 주촌면,경상사고,0,0,2,0,차대차 - 정면충돌,중앙선침범,건조,맑음,단일로 - 기타,승용,남,74세,경상,화물,남,58세,경상
2017040400100307,2017년 4월 4일 15시,화요일,경상남도 김해시 불암동,중상사고,0,1,0,0,차대사람 - 길가장자리구역통행중,안전운전불이행,건조,맑음,단일로 - 기타,승용,남,56세,상해없음,보행자,여,35세,중상
2017040400100308,2017년 4월 4일 15시,화요일,경상남도 거제시 일운면,경상사고,0,0,5,0,차대차 - 측면충돌,중앙선침범,건조,맑음,기타 - 기타,승용,남,68세,상해없음,승용,여,56세,경상
2017040400100309,2017년 4월 4일 15시,화요일,경상남도 창원시 의창구 사림동,경상사고,0,0,1,0,차대차 - 후진중충돌,안전운전불이행,건조,맑음,단일로 - 기타,승용,여,61세,상해없음,승용,여,44세,경상
2017040400100344,2017년 4월 4일 16시,화요일,경상남도 창원시 진해구 광화동,중상사고,0,1,0,0,차대차 - 측면충돌,중앙선침범,건조,맑음,단일로 - 기타,자전거,남,14세,중상,승용,여,32세,상해없음
2017040400100345,2017년 4월 4일 16시,화요일,경상남도 창녕군 남지읍,중상사고,0,1,0,0,차대차 - 기타,신호위반,건조,맑음,교차로 - 교차로안,승용,여,44세,상해없음,자전거,여,57세,중상
2017040400100380,2017년 4월 4일 17시,화요일,경상남도 사천시 사천읍,경상사고,0,0,1,0,차대차 - 측면충돌,직진우회전진행방해,건조,맑음,교차로 - 교차로안,승용,남,49세,상해없음,승용,남,33세,경상
2017040400100381,2017년 4월 4일 17시,화요일,경상남도 김해시 어방동,경상사고,0,0,1,0,차대차 - 측면충돌,교차로운행방법위반,건조,맑음,교차로 - 교차로안,화물,남,43세,경상,화물,남,46세,상해없음
2017040400100382,2017년 4월 4일 17시,화요일,경상남도 거제시 연초면,경상사고,0,0,1,0,차대사람 - 횡단중,안전운전불이행,건조,맑음,기타 - 기타,승용,여,32세,상해없음,보행자,여,9세,경상
2017040400100423,2017년 4월 4일 19시,화요일,경상남도 하동군 옥종면,경상사고,0,0,1,0,차대차 - 측면충돌,교차로운행방법위반,건조,맑음,교차로 - 교차로안,화물,남,50세,상해없음,승용,여,48세,경상
2017040400100447,2017년 4월 4일 20시,화요일,경상남도 창녕군 성산면,부상신고사고,0,0,0,1,차량단독 - 전도전복,안전운전불이행,건조,맑음,교차로 - 교차로부근,승용,여,53세,부상신고,미분류,미분류,미분류,미분류
2017040400100448,2017년 4월 4일 20시,화요일,경상남도 거제시 고현동,경상사고,0,0,1,0,차대사람 - 횡단중,안전운전불이행,건조,맑음,교차로 - 교차로안,승용,남,39세,상해없음,보행자,남,58세,경상
2017040400100495,2017년 4월 4일 22시,화요일,경상남도 진주시 하대동,경상사고,0,0,1,0,차대차 - 기타,안전운전불이행,건조,맑음,교차로 - 교차로안,승용,남,52세,상해없음,승용,남,51세,경상
2017040400100517,2017년 4월 4일 23시,화요일,경상남도 양산시 물금읍,중상사고,0,3,0,0,차대차 - 추돌,신호위반,건조,흐림,교차로 - 교차로안,승용,남,31세,상해없음,승용,남,51세,중상
2017040500100055,2017년 4월 5일 03시,수요일,경상남도 양산시 어곡동,부상신고사고,0,0,0,1,차량단독 - 전도전복 - 전도,안전운전불이행,젖음/습기,흐림,단일로 - 기타,원동기,남,21세,부상신고,,,,
2017040500100062,2017년 4월 5일 04시,수요일,경상남도 하동군 금성면,경상사고,0,0,1,0,차대차 - 정면충돌,안전운전불이행,젖음/습기,비,단일로 - 기타,특수,남,51세,상해없음,특수,남,50세,경상
2017040500100075,2017년 4월 5일 05시,수요일,경상남도 사천시 서동,중상사고,0,1,0,0,차대사람 - 길가장자리구역통행중,안전운전불이행,건조,흐림,단일로 - 기타,승용,남,27세,상해없음,보행자,여,75세,중상
2017040500100124,2017년 4월 5일 08시,수요일,경상남도 남해군 남해읍,중상사고,0,1,0,0,차대사람 - 차도통행중,안전운전불이행,건조,맑음,단일로 - 기타,승용,여,53세,상해없음,보행자,여,43세,중상
2017040500100150,2017년 4월 5일 09시,수요일,경상남도 진주시 초전동,중상사고,0,1,0,0,차대차 - 추돌,안전운전불이행,건조,흐림,단일로 - 기타,승용,남,25세,상해없음,화물,기타불명,미분류,기타불명
2017040500100151,2017년 4월 5일 09시,수요일,경상남도 김해시 삼방동,경상사고,0,0,2,0,차대차 - 측면충돌,안전거리미확보,젖음/습기,비,단일로 - 기타,승용,여,58세,상해없음,승용,남,51세,경상
2017040500100152,2017년 4월 5일 09시,수요일,경상남도 양산시 물금읍,경상사고,0,0,1,0,차대차 - 측면충돌,신호위반,젖음/습기,비,교차로 - 교차로안,승용,여,51세,상해없음,승용,여,54세,경상
2017040500100153,2017년 4월 5일 09시,수요일,경상남도 창원시 성산구 사파동,중상사고,0,1,0,0,차대사람 - 횡단중,보행자보호의무위반,젖음/습기,비,단일로 - 기타,화물,남,59세,상해없음,보행자,남,59세,중상
2017040500100173,2017년 4월 5일 10시,수요일,경상남도 김해시 외동,중상사고,0,1,0,0,차대사람 - 기타,기타,젖음/습기,비,단일로 - 기타,화물,남,49세,상해없음,보행자,여,21세,중상
2017040500100174,2017년 4월 5일 10시,수요일,경상남도 양산시 삼호동,중상사고,0,1,0,0,차대차 - 측면충돌,직진우회전진행방해,젖음/습기,비,교차로 - 교차로안,화물,여,51세,상해없음,승용,남,53세,중상
2017040500100196,2017년 4월 5일 11시,수요일,경상남도 진주시 금곡면,사망사고,1,0,0,0,차량단독 - 전도전복,안전운전불이행,젖음/습기,비,단일로 - 기타,원동기,남,77세,사망,미분류,미분류,미분류,미분류
2017040500100197,2017년 4월 5일 11시,수요일,경상남도 밀양시 하남읍,중상사고,0,2,0,0,차대차 - 측면충돌,직진우회전진행방해,젖음/습기,비,교차로 - 교차로안,승용,남,66세,상해없음,원동기,남,80세,중상
2017040500100198,2017년 4월 5일 11시,수요일,경상남도 김해시 생림면,경상사고,0,0,2,0,차대차 - 추돌,안전거리미확보,젖음/습기,비,교차로 - 교차로부근,건설기계,남,52세,상해없음,승용,남,59세,경상
2017040500100199,2017년 4월 5일 11시,수요일,경상남도 김해시 삼정동,경상사고,0,0,1,0,차대차 - 추돌,안전거리미확보,젖음/습기,비,단일로 - 기타,승용,남,27세,상해없음,화물,남,66세,경상
2017040500100217,2017년 4월 5일 12시,수요일,경상남도 통영시 서호동,경상사고,0,0,1,0,차대차 - 측면충돌,직진우회전진행방해,젖음/습기,비,교차로 - 교차로안,승용,남,55세,상해없음,승용,여,57세,경상
2017040500100218,2017년 4월 5일 12시,수요일,경상남도 김해시 외동,부상신고사고,0,0,0,1,차대차 - 기타,안전운전불이행,젖음/습기,비,단일로 - 기타,화물,남,69세,상해없음,이륜,남,39세,부상신고
2017040500100249,2017년 4월 5일 13시,수요일,경상남도 합천군 합천읍,경상사고,0,0,1,0,차대차 - 기타,중앙선침범,건조,흐림,단일로 - 기타,승용,남,42세,상해없음,화물,남,56세,경상
2017040500100250,2017년 4월 5일 13시,수요일,경상남도 양산시 유산동,중상사고,0,1,0,0,차대차 - 측면충돌,신호위반,젖음/습기,비,교차로 - 교차로안,승용,남,62세,상해없음,이륜,남,62세,중상
2017040500100279,2017년 4월 5일 14시,수요일,경상남도 합천군 삼가면,중상사고,0,1,0,0,차대차 - 측면충돌,안전운전불이행,젖음/습기,비,교차로 - 교차로안,승용,여,64세,상해없음,자전거,여,66세,중상
2017040500100280,2017년 4월 5일 14시,수요일,경상남도 양산시 물금읍,경상사고,0,0,4,0,차대차 - 측면충돌,안전거리미확보,건조,맑음,단일로 - 기타,화물,남,72세,상해없음,승용,남,74세,경상
2017040500100309,2017년 4월 5일 15시,수요일,경상남도 김해시 동상동,중상사고,0,1,0,0,차대차 - 기타,교차로운행방법위반,젖음/습기,비,교차로 - 교차로안,화물,남,72세,상해없음,승용,여,24세,중상
2017040500100310,2017년 4월 5일 15시,수요일,경상남도 양산시 물금읍,중상사고,0,1,0,0,차대차 - 측면충돌,안전운전불이행,젖음/습기,비,단일로 - 기타,화물,남,29세,상해없음,승용,남,35세,중상
2017040500100347,2017년 4월 5일 16시,수요일,경상남도 창원시 진해구 안골동,경상사고,0,0,2,0,차대차 - 기타,중앙선침범,젖음/습기,비,단일로 - 기타,승용,남,58세,상해없음,승용,남,36세,경상
2017040500100348,2017년 4월 5일 16시,수요일,경상남도 통영시 미수동,중상사고,0,1,0,0,차대사람 - 횡단중,보행자보호의무위반,젖음/습기,비,교차로 - 교차로횡단보도내,화물,남,59세,상해없음,보행자,여,81세,중상
2017040500100349,2017년 4월 5일 16시,수요일,경상남도 김해시 내덕동,경상사고,0,0,3,0,차대차 - 추돌,안전운전불이행,건조,맑음,단일로 - 기타,승용,남,32세,상해없음,승용,남,33세,경상
2017040500100387,2017년 4월 5일 17시,수요일,경상남도 양산시 주진동,경상사고,0,0,1,0,차대차 - 추돌,안전거리미확보,젖음/습기,비,단일로 - 기타,승용,남,55세,상해없음,승합,남,39세,경상
2017040500100435,2017년 4월 5일 18시,수요일,경상남도 김해시 지내동,중상사고,0,1,0,0,차대차 - 측면충돌,신호위반,젖음/습기,비,교차로 - 교차로안,승용,남,53세,상해없음,원동기,남,52세,중상
2017040500100487,2017년 4월 5일 19시,수요일,경상남도 창원시 마산합포구 월남동3가,경상사고,0,0,1,0,차대사람 - 횡단중,신호위반,젖음/습기,비,기타 - 기타,승용,여,22세,상해없음,보행자,여,69세,경상
2017040500100541,2017년 4월 5일 20시,수요일,경상남도 진주시 하대동,중상사고,0,1,1,0,차대사람 - 횡단중,보행자보호의무위반,젖음/습기,비,교차로 - 교차로횡단보도내,승용,남,28세,상해없음,보행자,여,51세,경상
2017040500100542,2017년 4월 5일 20시,수요일,경상남도 창원시 진해구 자은동,경상사고,0,0,2,0,차대차 - 추돌,안전거리미확보,젖음/습기,비,교차로 - 교차로안,원동기,남,26세,상해없음,승용,여,43세,경상
2017040500100543,2017년 4월 5일 20시,수요일,경상남도 창원시 성산구 상남동,중상사고,0,1,0,0,차대사람 - 횡단중,신호위반,젖음/습기,맑음,교차로 - 교차로안,원동기,남,20세,상해없음,보행자,여,60세,중상
2017040500100586,2017년 4월 5일 21시,수요일,경상남도 진주시 문산읍,경상사고,0,0,2,0,차대차 - 측면충돌,안전운전불이행,젖음/습기,비,단일로 - 교량,승용,남,40세,상해없음,화물,남,41세,경상
2017040500100587,2017년 4월 5일 21시,수요일,경상남도 창원시 진해구 경화동,경상사고,0,0,1,0,차대사람 - 차도통행중,안전운전불이행,젖음/습기,비,단일로 - 기타,승용,남,56세,상해없음,보행자,남,62세,경상
2017040500100588,2017년 4월 5일 21시,수요일,경상남도 통영시 명정동,사망사고,1,0,1,0,차대차 - 정면충돌,중앙선침범,젖음/습기,비,단일로 - 기타,승용,남,48세,상해없음,이륜,남,17세,사망
2017040500100589,2017년 4월 5일 21시,수요일,경상남도 양산시 중부동,중상사고,0,1,0,0,차대사람 - 횡단중,중앙선침범,젖음/습기,비,단일로 - 기타,승용,남,37세,상해없음,보행자,남,55세,중상
2017040500100590,2017년 4월 5일 21시,수요일,경상남도 김해시 대청동,중상사고,0,1,0,0,차대차 - 추돌,안전운전불이행,젖음/습기,비,교차로 - 교차로부근,승용,남,38세,상해없음,이륜,남,24세,중상
2017040500100626,2017년 4월 5일 22시,수요일,경상남도 김해시 상동면,경상사고,0,0,1,0,차대차 - 측면충돌,안전운전불이행,젖음/습기,비,단일로 - 기타,화물,남,44세,상해없음,승용,남,29세,경상
2017040500100650,2017년 4월 5일 22시,수요일,경상남도 양산시 중부동,경상사고,0,0,1,0,차대차 - 측면충돌,안전운전불이행,젖음/습기,비,교차로 - 교차로부근,승용,남,31세,상해없음,승합,남,31세,경상
2017040500100696,2017년 4월 5일 23시,수요일,경상남도 창원시 성산구 반림동,경상사고,0,0,3,0,차대차 - 추돌,안전운전불이행,젖음/습기,비,단일로 - 기타,승용,남,30세,상해없음,승용,남,24세,경상
2017040500100697,2017년 4월 5일 23시,수요일,경상남도 창원시 의창구 봉곡동,경상사고,0,0,2,0,차대차 - 정면충돌,중앙선침범,젖음/습기,비,교차로 - 교차로안,승용,남,52세,상해없음,승용,남,33세,경상
2017040600100040,2017년 4월 6일 00시,목요일,경상남도 창원시 마산합포구 진동면,중상사고,0,1,0,0,차대사람 - 길가장자리구역통행중,안전운전불이행,젖음/습기,비,단일로 - 기타,승용,남,27세,상해없음,보행자,남,52세,중상
2017040600100064,2017년 4월 6일 01시,목요일,경상남도 창원시 마산합포구 중앙동3가,중상사고,0,1,0,0,차량단독 - 전도전복 - 전도,안전운전불이행,젖음/습기,비,교차로 - 교차로안,승용,남,29세,중상,,,,
2017040600100094,2017년 4월 6일 03시,목요일,경상남도 창원시 진해구 덕산동,경상사고,0,0,1,0,차대사람 - 횡단중,안전운전불이행,젖음/습기,비,교차로 - 교차로부근,화물,남,48세,기타불명,보행자,남,45세,경상
2017040600100104,2017년 4월 6일 04시,목요일,경상남도 창원시 의창구 신월동,경상사고,0,0,2,0,차대차 - 추돌,안전운전불이행,젖음/습기,비,교차로 - 교차로부근,기타불명,남,45세,기타불명,승용,남,61세,상해없음
2017040600100134,2017년 4월 6일 06시,목요일,경상남도 창원시 마산회원구 석전동,사망사고,1,0,0,0,차대사람 - 횡단중,안전운전불이행,젖음/습기,비,교차로 - 교차로안,승용,남,40세,상해없음,보행자,남,57세,사망
2017040600100155,2017년 4월 6일 07시,목요일,경상남도 양산시 물금읍,경상사고,0,0,1,0,차대사람 - 차도통행중,안전운전불이행,젖음/습기,비,교차로 - 교차로안,승용,남,41세,상해없음,보행자,여,15세,경상
2017040600100156,2017년 4월 6일 07시,목요일,경상남도 남해군 삼동면,중상사고,0,1,0,0,차량단독 - 도로외이탈 - 추락,안전운전불이행,젖음/습기,비,단일로 - 기타,원동기,남,44세,중상,,,,
2017040600100219,2017년 4월 6일 09시,목요일,경상남도 김해시 동상동,중상사고,0,2,0,0,차대차 - 추돌,안전거리미확보,젖음/습기,비,단일로 - 기타,승용,남,48세,상해없음,승용,여,33세,중상
2017040600100220,2017년 4월 6일 09시,목요일,경상남도 하동군 금성면,부상신고사고,0,0,0,1,차대차 - 측면충돌,안전거리미확보,건조,맑음,교차로 - 교차로부근,승용,남,69세,부상신고,화물,남,67세,상해없음
2017040600100246,2017년 4월 6일 10시,목요일,경상남도 통영시 무전동,중상사고,0,1,0,0,차대차 - 측면충돌,안전운전불이행,젖음/습기,흐림,교차로 - 교차로안,승용,여,70세,상해없음,승합,남,55세,상해없음
2017040600100247,2017년 4월 6일 10시,목요일,경상남도 김해시 생림면,경상사고,0,0,1,0,차대사람 - 기타,안전운전불이행,젖음/습기,비,교차로 - 교차로안,화물,남,66세,상해없음,보행자,남,77세,경상
2017040600100271,2017년 4월 6일 11시,목요일,경상남도 사천시 용현면,중상사고,0,1,0,0,차대차 - 추돌,안전운전불이행,젖음/습기,비,교차로 - 교차로안,화물,여,62세,상해없음,승용,남,65세,중상
2017040600100272,2017년 4월 6일 11시,목요일,경상남도 김해시 어방동,경상사고,0,0,3,0,차대차 - 기타,안전운전불이행,젖음/습기,비,교차로 - 교차로안,승용,여,45세,상해없음,승용,남,44세,경상
2017040600100273,2017년 4월 6일 11시,목요일,경상남도 양산시 매곡동,중상사고,0,1,1,0,차대차 - 측면충돌,중앙선침범,건조,맑음,단일로 - 기타,승용,여,54세,상해없음,승용,남,34세,중상
2017040600100291,2017년 4월 6일 12시,목요일,경상남도 김해시 외동,경상사고,0,0,1,0,차대차 - 기타,안전운전불이행,젖음/습기,비,단일로 - 기타,승용,남,24세,상해없음,승용,여,46세,경상
2017040600100292,2017년 4월 6일 12시,목요일,경상남도 고성군 거류면,경상사고,0,0,2,0,차대차 - 추돌,안전운전불이행,건조,맑음,단일로 - 기타,승용,남,50세,상해없음,화물,남,58세,상해없음
2017040600100293,2017년 4월 6일 12시,목요일,경상남도 거제시 수월동,중상사고,0,1,0,0,차대사람 - 횡단중,보행자보호의무위반,젖음/습기,비,교차로 - 교차로안,승용,여,45세,상해없음,보행자,여,67세,중상
2017040600100317,2017년 4월 6일 13시,목요일,경상남도 창원시 진해구 충무동,경상사고,0,0,1,0,차대차 - 측면충돌,차로위반,젖음/습기,흐림,단일로 - 기타,승합,남,55세,상해없음,승용,여,42세,경상
2017040600100318,2017년 4월 6일 13시,목요일,경상남도 거제시 연초면,경상사고,0,0,2,0,차대차 - 측면충돌,직진우회전진행방해,젖음/습기,비,교차로 - 교차로안,화물,남,69세,상해없음,승용,남,45세,경상
2017040600100348,2017년 4월 6일 14시,목요일,경상남도 김해시 어방동,경상사고,0,0,2,0,차대차 - 추돌,안전운전불이행,젖음/습기,흐림,단일로 - 기타,승용,남,21세,상해없음,승용,남,66세,경상
2017040600100349,2017년 4월 6일 14시,목요일,경상남도 거제시 아주동,경상사고,0,0,1,0,차대차 - 측면충돌,교차로운행방법위반,건조,맑음,교차로 - 교차로안,승합,남,41세,상해없음,승용,남,30세,경상
2017040600100350,2017년 4월 6일 14시,목요일,경상남도 거제시 상동동,경상사고,0,0,2,0,차대차 - 측면충돌,안전운전불이행,건조,맑음,단일로 - 기타,화물,남,30세,상해없음,승용,여,34세,경상
2017040600100351,2017년 4월 6일 14시,목요일,경상남도 의령군 지정면,경상사고,0,0,1,0,차대차 - 측면충돌,교차로운행방법위반,건조,맑음,교차로 - 교차로안,이륜,여,81세,경상,건설기계,남,55세,상해없음
2017040600100379,2017년 4월 6일 15시,목요일,경상남도 거제시 고현동,중상사고,0,1,0,0,차대사람 - 횡단중,신호위반,건조,맑음,교차로 - 교차로횡단보도내,승용,여,39세,상해없음,보행자,여,84세,중상
2017040600100440,2017년 4월 6일 17시,목요일,경상남도 창원시 성산구 상남동,경상사고,0,0,1,0,차대사람 - 차도통행중,안전운전불이행,건조,맑음,단일로 - 기타,승용,남,46세,상해없음,보행자,여,29세,경상
2017040600100474,2017년 4월 6일 18시,목요일,경상남도 김해시 내동,경상사고,0,0,1,0,차대사람 - 기타,안전운전불이행,건조,맑음,단일로 - 기타,승용,여,45세,상해없음,보행자,남,74세,경상
2017040600100510,2017년 4월 6일 19시,목요일,경상남도 김해시 관동동,중상사고,0,1,0,0,차대사람 - 횡단중,보행자보호의무위반,건조,맑음,교차로 - 교차로횡단보도내,승용,남,57세,상해없음,보행자,여,41세,중상
2017040600100546,2017년 4월 6일 20시,목요일,경상남도 함양군 서하면,중상사고,0,1,0,0,차대사람 - 횡단중,과속,건조,맑음,단일로 - 기타,승용,남,50세,상해없음,보행자,남,61세,중상
2017040600100570,2017년 4월 6일 21시,목요일,경상남도 거제시 옥포동,중상사고,0,1,0,0,차대사람 - 기타,교차로운행방법위반,건조,맑음,교차로 - 교차로부근,승용,여,42세,상해없음,보행자,남,49세,중상
2017040600100587,2017년 4월 6일 22시,목요일,경상남도 김해시 부곡동,중상사고,0,1,0,0,차대차 - 추돌,안전운전불이행,건조,맑음,단일로 - 기타,승용,여,43세,상해없음,원동기,남,16세,중상
2017040600100614,2017년 4월 6일 23시,목요일,경상남도 창원시 마산합포구 월영동,경상사고,0,0,1,0,차대차 - 기타,안전운전불이행,건조,흐림,교차로 - 교차로부근,승용,남,74세,상해없음,이륜,남,40세,경상
2017040700100027,2017년 4월 7일 00시,금요일,경상남도 거제시 아주동,중상사고,0,1,0,0,차대차 - 측면충돌,직진우회전진행방해,건조,맑음,교차로 - 교차로안,자전거,남,21세,중상,승용,남,68세,상해없음
2017040700100051,2017년 4월 7일 03시,금요일,경상남도 창원시 마산합포구 창동,경상사고,0,0,1,0,차량단독 - 공작물충돌,안전운전불이행,건조,맑음,교차로 - 교차로부근,승용,남,64세,경상,,,,
2017040700100058,2017년 4월 7일 04시,금요일,경상남도 김해시 내동,경상사고,0,0,1,0,차대차 - 측면충돌,신호위반,건조,맑음,교차로 - 교차로안,승용,남,27세,상해없음,승용,남,57세,상해없음
2017040700100059,2017년 4월 7일 04시,금요일,경상남도 거제시 장평동,경상사고,0,0,1,0,차대차 - 측면충돌,안전운전불이행,건조,맑음,단일로 - 기타,화물,남,50세,상해없음,승용,여,48세,경상
2017040700100067,2017년 4월 7일 05시,금요일,경상남도 하동군 진교면,중상사고,0,1,0,0,차대사람 - 길가장자리구역통행중,안전운전불이행,건조,맑음,단일로 - 기타,화물,남,68세,상해없음,보행자,남,85세,중상
2017040700100095,2017년 4월 7일 07시,금요일,경상남도 창원시 진해구 용원동,중상사고,0,1,2,0,차대차 - 측면충돌,신호위반,건조,맑음,교차로 - 교차로안,승용,남,35세,경상,승용,남,60세,경상
2017040700100096,2017년 4월 7일 07시,금요일,경상남도 창원시 성산구 반지동,경상사고,0,0,2,0,차대차 - 추돌,안전운전불이행,건조,맑음,단일로 - 기타,승용,남,34세,상해없음,승용,남,37세,경상
2017040700100124,2017년 4월 7일 08시,금요일,경상남도 창원시 마산합포구 현동,경상사고,0,0,3,0,차대차 - 기타,안전운전불이행,건조,맑음,교차로 - 교차로안,승용,여,48세,상해없음,승용,남,52세,경상
2017040700100125,2017년 4월 7일 08시,금요일,경상남도 고성군 거류면,중상사고,0,1,1,0,차대차 - 추돌,안전거리미확보,건조,맑음,단일로 - 기타,승용,남,67세,상해없음,승용,남,76세,중상
2017040700100126,2017년 4월 7일 08시,금요일,경상남도 창원시 성산구 상남동,중상사고,0,1,0,0,차대차 - 측면충돌,안전운전불이행,건조,맑음,교차로 - 교차로안,승용,남,62세,상해없음,승용,여,55세,중상
2017040700100127,2017년 4월 7일 08시,금요일,경상남도 창원시 의창구 중동,경상사고,0,0,1,0,차대차 - 측면충돌,안전거리미확보,건조,맑음,단일로 - 기타,화물,남,46세,상해없음,승용,남,31세,경상
2017040700100189,2017년 4월 7일 10시,금요일,경상남도 진주시 본성동,중상사고,0,1,0,0,차대차 - 측면충돌,직진우회전진행방해,건조,맑음,교차로 - 교차로안,화물,남,51세,상해없음,이륜,남,55세,중상
2017040700100190,2017년 4월 7일 10시,금요일,경상남도 김해시 내동,중상사고,0,1,0,0,차대차 - 기타,안전운전불이행,건조,맑음,단일로 - 기타,승용,여,32세,상해없음,자전거,남,60세,중상
2017040700100191,2017년 4월 7일 10시,금요일,경상남도 김해시 봉황동,경상사고,0,0,2,2,차대차 - 기타,안전거리미확보,건조,맑음,단일로 - 기타,승용,남,32세,경상,승합,남,65세,상해없음
2017040700100192,2017년 4월 7일 10시,금요일,경상남도 의령군 의령읍,경상사고,0,0,1,0,차대차 - 측면충돌,기타,건조,맑음,단일로 - 기타,이륜,남,65세,경상,승용,여,56세,상해없음
2017040700100220,2017년 4월 7일 11시,금요일,경상남도 김해시 삼문동,중상사고,0,1,0,0,차대차 - 측면충돌,안전운전불이행,건조,맑음,단일로 - 기타,승용,여,57세,상해없음,승용,여,45세,중상
2017040700100254,2017년 4월 7일 12시,금요일,경상남도 사천시 사천읍,중상사고,0,1,0,0,차대차 - 측면충돌,교차로운행방법위반,건조,맑음,교차로 - 교차로안,승용,여,55세,상해없음,이륜,남,76세,중상
2017040700100282,2017년 4월 7일 13시,금요일,경상남도 사천시 선구동,중상사고,0,1,2,0,차대차 - 추돌,안전거리미확보,건조,맑음,단일로 - 교량,건설기계,남,51세,상해없음,승용,여,40세,경상
2017040700100320,2017년 4월 7일 14시,금요일,경상남도 김해시 어방동,중상사고,0,1,0,0,차대차 - 기타,교차로운행방법위반,건조,맑음,교차로 - 교차로안,이륜,남,38세,중상,화물,남,52세,상해없음
2017040700100321,2017년 4월 7일 14시,금요일,경상남도 합천군 초계면,중상사고,0,1,0,0,차대사람 - 횡단중,안전운전불이행,건조,맑음,단일로 - 기타,화물,남,64세,상해없음,보행자,여,42세,중상
2017040700100358,2017년 4월 7일 15시,금요일,경상남도 진주시 봉곡동,중상사고,0,1,0,0,차대사람 - 횡단중,보행자보호의무위반,건조,맑음,교차로 - 교차로횡단보도내,승용,남,29세,상해없음,보행자,여,74세,중상
2017040700100359,2017년 4월 7일 15시,금요일,경상남도 창녕군 창녕읍,중상사고,0,1,1,0,차대사람 - 횡단중,안전운전불이행,건조,맑음,교차로 - 교차로안,승용,여,41세,상해없음,보행자,남,8세,경상
2017040700100360,2017년 4월 7일 15시,금요일,경상남도 거제시 장평동,경상사고,0,0,2,0,차대차 - 정면충돌,안전운전불이행,건조,맑음,단일로 - 기타,화물,남,69세,상해없음,이륜,남,36세,상해없음
2017040700100392,2017년 4월 7일 16시,금요일,경상남도 창원시 마산합포구 남성동,경상사고,0,0,1,0,차대차 - 측면충돌,안전운전불이행,건조,맑음,교차로 - 교차로안,승용,여,47세,상해없음,자전거,남,67세,경상
2017040700100429,2017년 4월 7일 17시,금요일,경상남도 김해시 구산동,경상사고,0,0,1,0,차대차 - 기타,신호위반,건조,맑음,단일로 - 기타,승용,여,55세,기타불명,자전거,여,6세,경상
2017040700100430,2017년 4월 7일 17시,금요일,경상남도 김해시 명법동,사망사고,1,0,0,0,차량단독 - 전도전복,안전운전불이행,건조,맑음,단일로 - 기타,화물,남,64세,상해없음,미분류,미분류,미분류,미분류
2017040700100464,2017년 4월 7일 18시,금요일,경상남도 사천시 서포면,중상사고,0,2,0,0,차대차 - 측면충돌,안전운전불이행,건조,맑음,교차로 - 교차로안,승용,남,51세,상해없음,승용,여,60세,중상
2017040700100465,2017년 4월 7일 18시,금요일,경상남도 함양군 함양읍,경상사고,0,0,2,0,차대차 - 측면충돌,교차로운행방법위반,건조,맑음,교차로 - 교차로안,승용,여,26세,경상,승용,남,43세,경상
2017040700100543,2017년 4월 7일 20시,금요일,경상남도 사천시 벌리동,중상사고,0,1,0,0,차대사람 - 횡단중,보행자보호의무위반,건조,맑음,교차로 - 교차로횡단보도내,승합,남,55세,상해없음,보행자,여,68세,중상
2017040700100544,2017년 4월 7일 20시,금요일,경상남도 사천시 사천읍,부상신고사고,0,0,0,2,차대차 - 추돌,안전운전불이행,건조,맑음,교차로 - 교차로부근,승용,여,46세,상해없음,승용,남,40세,부상신고
2017040700100545,2017년 4월 7일 20시,금요일,경상남도 창원시 성산구 반림동,경상사고,0,0,1,0,차대차 - 추돌,안전운전불이행,건조,맑음,단일로 - 기타,승용,여,40세,상해없음,승용,남,55세,경상
2017040700100575,2017년 4월 7일 21시,금요일,경상남도 창원시 진해구 경화동,경상사고,0,0,2,0,차대차 - 측면충돌,안전운전불이행,건조,맑음,단일로 - 기타,승용,남,56세,상해없음,승용,남,25세,상해없음