사고번호,사고일시,요일,시군구,사고내용,사망자수,중상자수,경상자수,부상신고자수,사고유형,법규위반,노면상태,기상상태,도로형태,가해운전자 차종,가해운전자 성별,가해운전자 연령,가해운전자 상해정도,피해운전자 차종,피해운전자 성별,피해운전자 연령,피해운전자 상해정도
2017041500100119,2017년 4월 15일 07시,토요일,경상남도 창원시 진해구 석동,경상사고,0,0,1,0,차대차 - 측면충돌,교차로운행방법위반,건조,맑음,교차로 - 교차로안,화물,남,57세,상해없음,승용,여,33세,경상
2017041500100145,2017년 4월 15일 08시,토요일,경상남도 창원시 진해구 태백동,경상사고,0,0,1,0,차대사람 - 기타,안전운전불이행,건조,맑음,교차로 - 교차로안,화물,남,34세,상해없음,보행자,남,70세,경상
2017041500100164,2017년 4월 15일 09시,토요일,경상남도 창원시 마산합포구 대내동,경상사고,0,0,1,1,차대차 - 측면충돌,신호위반,건조,맑음,교차로 - 교차로안,승합,여,47세,부상신고,승용,남,27세,경상
2017041500100165,2017년 4월 15일 09시,토요일,경상남도 거창군 거창읍,사망사고,1,0,0,0,차대사람 - 횡단중,신호위반,건조,맑음,교차로 - 교차로안,화물,남,34세,상해없음,보행자,남,72세,사망
2017041500100166,2017년 4월 15일 09시,토요일,경상남도 양산시 북부동,중상사고,0,1,0,0,차대차 - 기타,교차로운행방법위반,건조,맑음,교차로 - 교차로안,화물,남,69세,상해없음,원동기,남,69세,중상
2017041500100167,2017년 4월 15일 09시,토요일,경상남도 창원시 의창구 동읍,경상사고,0,0,2,0,차대차 - 추돌,안전운전불이행,건조,맑음,단일로 - 기타,승용,남,65세,상해없음,승용,남,54세,경상
2017041500100198,2017년 4월 15일 10시,토요일,경상남도 거제시 수월동,중상사고,0,1,0,0,차대사람 - 횡단중,보행자보호의무위반,건조,맑음,기타 - 기타,승용,여,38세,상해없음,보행자,남,6세,중상
2017041500100199,2017년 4월 15일 10시,토요일,경상남도 함안군 가야읍,경상사고,0,0,1,0,차대차 - 측면충돌,신호위반,건조,맑음,교차로 - 교차로안,화물,남,60세,상해없음,승용,남,66세,경상
2017041500100237,2017년 4월 15일 11시,토요일,경상남도 창원시 마산합포구 오동동,경상사고,0,0,2,0,차대차 - 측면충돌,안전운전불이행,건조,맑음,단일로 - 기타,승용,남,24세,상해없음,승용,남,57세,상해없음
2017041500100238,2017년 4월 15일 11시,토요일,경상남도 김해시 외동,중상사고,0,1,0,0,차대사람 - 기타,보행자보호의무위반,건조,맑음,교차로 - 교차로안,승용,여,52세,상해없음,보행자,여,44세,중상
2017041500100239,2017년 4월 15일 11시,토요일,경상남도 창녕군 남지읍,경상사고,0,0,3,0,차대차 - 측면충돌,신호위반,건조,맑음,교차로 - 교차로안,화물,남,52세,경상,승용,여,56세,경상
2017041500100240,2017년 4월 15일 11시,토요일,경상남도 창원시 성산구 중앙동,중상사고,0,1,0,0,차대사람 - 차도통행중,안전운전불이행,건조,맑음,교차로 - 교차로안,승용,남,55세,상해없음,보행자,여,78세,중상
2017041500100271,2017년 4월 15일 12시,토요일,경상남도 창녕군 남지읍,중상사고,0,1,1,0,차대차 - 정면충돌,안전운전불이행,건조,맑음,교차로 - 교차로횡단보도내,승용,남,26세,상해없음,승용,여,58세,중상
2017041500100272,2017년 4월 15일 12시,토요일,경상남도 김해시 풍유동,경상사고,0,0,1,0,차대차 - 측면충돌,안전운전불이행,건조,맑음,단일로 - 기타,이륜,남,38세,경상,화물,남,49세,상해없음
2017041500100314,2017년 4월 15일 13시,토요일,경상남도 창원시 마산합포구 신포동2가,경상사고,0,0,1,0,차대차 - 측면충돌,안전거리미확보,건조,맑음,교차로 - 교차로부근,승용,남,24세,상해없음,승용,여,31세,경상
2017041500100315,2017년 4월 15일 13시,토요일,경상남도 창원시 진해구 경화동,경상사고,0,0,3,0,차대차 - 측면충돌,교차로운행방법위반,건조,맑음,교차로 - 교차로안,승용,여,61세,경상,승용,여,40세,경상
2017041500100316,2017년 4월 15일 13시,토요일,경상남도 통영시 도남동,중상사고,0,1,0,0,차대사람 - 횡단중,보행자보호의무위반,건조,맑음,단일로 - 기타,승용,남,36세,상해없음,보행자,남,75세,중상
2017041500100317,2017년 4월 15일 13시,토요일,경상남도 거창군 거창읍,중상사고,0,1,0,0,차대차 - 측면충돌,안전운전불이행,건조,맑음,교차로 - 교차로안,화물,남,54세,상해없음,이륜,남,70세,중상
2017041500100354,2017년 4월 15일 14시,토요일,경상남도 김해시 외동,중상사고,0,1,0,0,차대사람 - 기타,안전운전불이행,건조,맑음,기타 - 기타,자전거,남,12세,상해없음,보행자,여,16세,중상
2017041500100355,2017년 4월 15일 14시,토요일,경상남도 김해시 부곡동,중상사고,0,2,0,0,차대차 - 측면충돌,안전운전불이행,건조,맑음,단일로 - 기타,화물,남,77세,상해없음,승용,여,48세,중상
2017041500100391,2017년 4월 15일 15시,토요일,경상남도 창원시 마산회원구 양덕동,중상사고,0,1,0,0,차대차 - 추돌,안전운전불이행,건조,맑음,교차로 - 교차로부근,화물,남,50세,상해없음,이륜,남,38세,중상
2017041500100392,2017년 4월 15일 15시,토요일,경상남도 김해시 삼문동,중상사고,0,1,0,0,차대사람 - 기타,안전운전불이행,건조,맑음,기타 - 기타,화물,남,31세,상해없음,보행자,남,75세,중상
2017041500100393,2017년 4월 15일 15시,토요일,경상남도 김해시 전하동,경상사고,0,0,1,0,차대사람 - 횡단중,안전운전불이행,건조,맑음,단일로 - 기타,승용,남,35세,상해없음,보행자,여,44세,경상
2017041500100427,2017년 4월 15일 16시,토요일,경상남도 김해시 외동,경상사고,0,0,1,0,차대차 - 기타,안전운전불이행,건조,맑음,단일로 - 기타,승용,여,23세,상해없음,자전거,남,12세,경상
2017041500100428,2017년 4월 15일 16시,토요일,경상남도 창녕군 남지읍,경상사고,0,0,3,0,차대차 - 측면충돌,직진우회전진행방해,건조,맑음,교차로 - 교차로안,승용,여,44세,경상,승용,남,30세,상해없음
2017041500100429,2017년 4월 15일 16시,토요일,경상남도 창녕군 남지읍,중상사고,0,1,0,0,차대사람 - 길가장자리구역통행중,안전운전불이행,건조,맑음,단일로 - 기타,승용,남,62세,상해없음,보행자,남,65세,중상
2017041500100430,2017년 4월 15일 16시,토요일,경상남도 남해군 남해읍,경상사고,0,0,1,0,차대사람 - 횡단중,보행자보호의무위반,건조,맑음,교차로 - 교차로횡단보도내,승용,남,55세,상해없음,보행자,여,8세,경상
2017041500100431,2017년 4월 15일 16시,토요일,경상남도 창원시 의창구 명서동,경상사고,0,0,1,0,차대차 - 정면충돌,안전운전불이행,건조,맑음,교차로 - 교차로안,승용,남,66세,상해없음,승용,남,50세,상해없음
2017041500100432,2017년 4월 15일 16시,토요일,경상남도 김해시 대청동,경상사고,0,0,4,0,차대차 - 추돌,안전운전불이행,건조,맑음,단일로 - 기타,승합,남,46세,상해없음,승용,여,34세,경상
2017041500100471,2017년 4월 15일 17시,토요일,경상남도 양산시 평산동,경상사고,0,0,1,0,차대차 - 정면충돌,신호위반,건조,맑음,교차로 - 교차로안,승용,남,43세,상해없음,승용,남,48세,경상
2017041500100472,2017년 4월 15일 17시,토요일,경상남도 의령군 가례면,중상사고,0,1,2,0,차량단독 - 전도전복 - 전도,안전운전불이행,건조,맑음,단일로 - 기타,승용,남,50세,경상,,,,
2017041500100473,2017년 4월 15일 17시,토요일,경상남도 창원시 의창구 동읍,경상사고,0,0,2,0,차대차 - 추돌,안전운전불이행,건조,맑음,단일로 - 기타,승용,남,26세,상해없음,승용,남,53세,경상
2017041500100511,2017년 4월 15일 18시,토요일,경상남도 의령군 지정면,중상사고,0,1,0,0,차대차 - 측면충돌,안전운전불이행,건조,맑음,단일로 - 기타,화물,남,46세,상해없음,이륜,여,63세,중상
2017041500100512,2017년 4월 15일 18시,토요일,경상남도 김해시 진례면,사망사고,1,0,0,0,차량단독 - 전도전복,안전운전불이행,건조,맑음,단일로 - 기타,이륜,남,45세,사망,미분류,미분류,미분류,미분류
2017041500100547,2017년 4월 15일 19시,토요일,경상남도 진주시 내동면,경상사고,0,0,1,0,차대사람 - 기타,안전운전불이행,건조,맑음,단일로 - 기타,화물,남,54세,상해없음,보행자,남,37세,경상
2017041500100548,2017년 4월 15일 19시,토요일,경상남도 사천시 실안동,중상사고,0,1,0,0,차대사람 - 길가장자리구역통행중,안전운전불이행,건조,맑음,단일로 - 기타,승용,남,70세,상해없음,보행자,여,83세,중상
2017041500100549,2017년 4월 15일 19시,토요일,경상남도 김해시 외동,중상사고,0,1,1,0,차대사람 - 횡단중,안전운전불이행,건조,맑음,단일로 - 기타,이륜,남,20세,경상,보행자,남,51세,중상
2017041500100550,2017년 4월 15일 19시,토요일,경상남도 김해시 대동면,중상사고,0,1,0,0,차대사람 - 횡단중,안전운전불이행,건조,맑음,단일로 - 기타,화물,남,48세,상해없음,보행자,남,61세,중상
2017041500100551,2017년 4월 15일 19시,토요일,경상남도 거제시 고현동,경상사고,0,0,1,0,차대차 - 기타,교차로운행방법위반,건조,맑음,교차로 - 교차로안,승용,여,40세,상해없음,이륜,남,35세,경상
2017041500100574,2017년 4월 15일 20시,토요일,경상남도 함양군 함양읍,경상사고,0,0,1,0,차대사람 - 횡단중,안전운전불이행,건조,맑음,단일로 - 기타,승용,여,45세,상해없음,보행자,남,16세,경상
2017041500100575,2017년 4월 15일 20시,토요일,경상남도 양산시 남부동,경상사고,0,0,2,0,차대차 - 정면충돌,안전운전불이행,건조,맑음,단일로 - 기타,승용,여,61세,기타불명,승용,남,54세,경상
2017041500100599,2017년 4월 15일 21시,토요일,경상남도 창원시 마산합포구 완월동,중상사고,0,1,0,0,차량단독 - 공작물충돌,안전운전불이행,건조,흐림,단일로 - 기타,이륜,남,55세,중상,,,,
2017041500100637,2017년 4월 15일 23시,토요일,경상남도 김해시 삼계동,중상사고,0,1,0,0,차대사람 - 횡단중,안전운전불이행,건조,맑음,교차로 - 교차로안,승용,남,62세,상해없음,보행자,여,26세,중상
2017041500100638,2017년 4월 15일 23시,토요일,경상남도 의령군 칠곡면,경상사고,0,0,2,0,차대차 - 측면충돌,안전거리미확보,건조,맑음,단일로 - 기타,화물,남,51세,경상,승용,여,48세,경상
2017041600100051,2017년 4월 16일 02시,일요일,경상남도 창원시 진해구 남양동,중상사고,0,1,1,0,차대차 - 추돌,과속,건조,맑음,단일로 - 교량,승용,여,50세,상해없음,승용,남,52세,중상
2017041600100052,2017년 4월 16일 02시,일요일,경상남도 김해시 삼방동,중상사고,0,1,0,0,차대사람 - 횡단중,안전운전불이행,건조,맑음,교차로 - 교차로부근,이륜,남,16세,상해없음,보행자,여,52세,중상
2017041600100076,2017년 4월 16일 04시,일요일,경상남도 사천시 동림동,중상사고,0,2,0,0,차대차 - 측면충돌,신호위반,젖음/습기,안개,교차로 - 교차로안,화물,남,41세,상해없음,승용,남,61세,중상
2017041600100110,2017년 4월 16일 08시,일요일,경상남도 창원시 진해구 석동,경상사고,0,0,2,0,차대차 - 측면충돌,교차로운행방법위반,건조,맑음,교차로 - 교차로안,승용,여,37세,경상,승용,여,53세,경상
2017041600100133,2017년 4월 16일 09시,일요일,경상남도 창원시 마산합포구 현동,중상사고,0,1,0,0,차대차 - 측면충돌,안전운전불이행,건조,맑음,교차로 - 교차로안,승용,남,30세,상해없음,승용,남,45세,중상
2017041600100134,2017년 4월 16일 09시,일요일,경상남도 하동군 하동읍,중상사고,0,1,0,0,차대차 - 정면충돌,안전운전불이행,건조,맑음,단일로 - 기타,승합,남,49세,상해없음,화물,남,53세,중상
2017041600100157,2017년 4월 16일 10시,일요일,경상남도 김해시 진영읍,경상사고,0,0,1,0,차대차 - 측면충돌,신호위반,건조,맑음,교차로 - 교차로안,승용,남,61세,상해없음,승용,여,23세,경상
2017041600100175,2017년 4월 16일 11시,일요일,경상남도 통영시 광도면,경상사고,0,0,1,0,차대차 - 측면충돌,교차로운행방법위반,건조,맑음,교차로 - 교차로안,승용,여,27세,상해없음,승용,남,60세,경상
2017041600100176,2017년 4월 16일 11시,일요일,경상남도 양산시 하북면,중상사고,0,1,0,0,차량단독 - 전도전복,안전운전불이행,건조,맑음,단일로 - 기타,승용,남,64세,상해없음,미분류,미분류,미분류,미분류
2017041600100177,2017년 4월 16일 11시,일요일,경상남도 김해시 진영읍,중상사고,0,1,0,0,차대차 - 측면충돌,신호위반,건조,맑음,교차로 - 교차로안,원동기,남,49세,중상,화물,남,64세,상해없음
2017041600100197,2017년 4월 16일 12시,일요일,경상남도 양산시 하북면,중상사고,0,1,2,0,차대차 - 정면충돌,안전운전불이행,건조,맑음,단일로 - 기타,승용,여,73세,경상,승용,남,22세,경상
2017041600100198,2017년 4월 16일 12시,일요일,경상남도 함안군 칠원읍,경상사고,0,0,1,0,차대차 - 측면충돌,안전운전불이행,건조,맑음,교차로 - 교차로부근,화물,남,60세,상해없음,승용,여,30세,상해없음
2017041600100199,2017년 4월 16일 12시,일요일,경상남도 함안군 칠서면,중상사고,0,2,0,0,차대차 - 측면충돌,안전운전불이행,건조,맑음,교차로 - 교차로안,승용,남,70세,상해없음,승합,남,51세,상해없음
2017041600100228,2017년 4월 16일 13시,일요일,경상남도 진주시 가좌동,중상사고,0,1,0,0,차대차 - 측면충돌,안전운전불이행,건조,맑음,교차로 - 교차로부근,승용,여,43세,상해없음,이륜,남,34세,중상
2017041600100312,2017년 4월 16일 15시,일요일,경상남도 창원시 진해구 석동,경상사고,0,0,1,0,차대차 - 측면충돌,안전운전불이행,건조,맑음,교차로 - 교차로부근,승용,남,28세,상해없음,승용,남,39세,경상
2017041600100313,2017년 4월 16일 15시,일요일,경상남도 김해시 삼방동,중상사고,0,1,0,0,차대사람 - 횡단중,안전운전불이행,건조,맑음,교차로 - 교차로부근,승용,남,30세,상해없음,보행자,여,51세,중상
2017041600100314,2017년 4월 16일 15시,일요일,경상남도 양산시 평산동,경상사고,0,0,1,0,차대차 - 측면충돌,안전운전불이행,건조,맑음,교차로 - 교차로부근,자전거,남,18세,경상,승용,여,56세,상해없음
2017041600100345,2017년 4월 16일 16시,일요일,경상남도 창원시 마산합포구 우산동,경상사고,0,0,1,0,차대차 - 추돌,안전거리미확보,건조,맑음,단일로 - 기타,승용,남,62세,상해없음,승용,남,66세,상해없음
2017041600100346,2017년 4월 16일 16시,일요일,경상남도 밀양시 가곡동,중상사고,0,1,0,0,차대사람 - 횡단중,보행자보호의무위반,건조,맑음,단일로 - 기타,원동기,남,14세,상해없음,보행자,여,47세,중상
2017041600100347,2017년 4월 16일 16시,일요일,경상남도 김해시 진영읍,경상사고,0,0,1,0,차대차 - 측면충돌,교차로운행방법위반,건조,맑음,교차로 - 교차로안,원동기,남,18세,경상,승용,남,36세,상해없음
2017041600100370,2017년 4월 16일 17시,일요일,경상남도 밀양시 가곡동,경상사고,0,0,1,0,차대차 - 추돌,안전거리미확보,건조,맑음,단일로 - 기타,승용,남,37세,상해없음,승용,여,26세,경상
2017041600100385,2017년 4월 16일 17시,일요일,경상남도 사천시 사천읍,중상사고,0,1,0,0,차대차 - 측면충돌,중앙선침범,건조,맑음,단일로 - 기타,승용,남,55세,상해없음,화물,남,64세,상해없음
2017041600100386,2017년 4월 16일 17시,일요일,경상남도 김해시 구산동,경상사고,0,0,1,0,차대차 - 기타,안전운전불이행,건조,맑음,단일로 - 기타,승용,남,28세,상해없음,자전거,남,47세,경상
2017041600100387,2017년 4월 16일 17시,일요일,경상남도 창원시 마산회원구 내서읍,경상사고,0,0,1,0,차대차 - 측면충돌,안전운전불이행,건조,맑음,단일로 - 기타,승용,남,66세,상해없음,승용,여,42세,경상
2017041600100388,2017년 4월 16일 17시,일요일,경상남도 김해시 관동동,경상사고,0,0,1,0,차대차 - 정면충돌,안전운전불이행,건조,맑음,단일로 - 기타,승용,남,34세,상해없음,자전거,남,13세,경상
2017041600100409,2017년 4월 16일 18시,일요일,경상남도 통영시 광도면,경상사고,0,0,1,0,차대차 - 측면충돌,안전운전불이행,건조,맑음,단일로 - 기타,승용,여,30세,상해없음,이륜,남,19세,경상
2017041600100410,2017년 4월 16일 18시,일요일,경상남도 함안군 칠서면,경상사고,0,0,1,0,차대차 - 측면충돌,안전거리미확보,건조,맑음,교차로 - 교차로부근,화물,남,77세,상해없음,승합,남,39세,경상
2017041600100436,2017년 4월 16일 19시,일요일,경상남도 통영시 산양읍,중상사고,0,1,2,0,차대차 - 추돌,안전운전불이행,건조,맑음,단일로 - 기타,승용,남,57세,상해없음,화물,남,51세,경상
2017041600100437,2017년 4월 16일 19시,일요일,경상남도 김해시 삼계동,경상사고,0,0,1,0,차대차 - 측면충돌,안전운전불이행,건조,맑음,교차로 - 교차로안,승용,남,55세,상해없음,원동기,남,30세,경상
2017041600100438,2017년 4월 16일 19시,일요일,경상남도 양산시 덕계동,중상사고,0,1,0,0,차대사람 - 횡단중,안전운전불이행,건조,맑음,교차로 - 교차로횡단보도내,승용,남,53세,상해없음,보행자,남,60세,중상
2017041600100439,2017년 4월 16일 19시,일요일,경상남도 양산시 다방동,중상사고,0,3,2,0,차대차 - 추돌,안전운전불이행,건조,맑음,단일로 - 기타,승용,남,65세,상해없음,승용,여,28세,중상
2017041600100466,2017년 4월 16일 20시,일요일,경상남도 남해군 고현면,중상사고,0,4,1,0,차대차 - 추돌,안전운전불이행,건조,흐림,교차로 - 교차로안,화물,남,60세,상해없음,승용,남,62세,중상
2017041600100489,2017년 4월 16일 21시,일요일,경상남도 창녕군 남지읍,경상사고,0,0,1,0,차대차 - 기타,안전운전불이행,건조,맑음,단일로 - 기타,승용,남,57세,상해없음,승용,남,52세,경상
2017041600100523,2017년 4월 16일 23시,일요일,경상남도 창원시 마산합포구 완월동,경상사고,0,0,1,0,차대사람 - 차도통행중,과속,건조,맑음,단일로 - 기타,승용,남,65세,상해없음,보행자,남,24세,경상
2017041700100023,2017년 4월 17일 00시,월요일,경상남도 거제시 장평동,경상사고,0,0,1,0,차대차 - 기타,신호위반,건조,맑음,교차로 - 교차로안,승용,남,33세,상해없음,승용,여,48세,경상
2017041700100024,2017년 4월 17일 00시,월요일,경상남도 창원시 성산구 가음정동,경상사고,0,0,1,0,차대차 - 추돌,안전운전불이행,건조,맑음,교차로 - 교차로부근,기타불명,기타불명,미분류,기타불명,승용,남,33세,경상
2017041700100059,2017년 4월 17일 06시,월요일,경상남도 창원시 의창구 명서동,중상사고,0,1,0,0,차대차 - 측면충돌,신호위반,젖음/습기,비,교차로 - 교차로안,승합,남,57세,상해없음,승합,남,43세,중상
2017041700100076,2017년 4월 17일 07시,월요일,경상남도 창원시 마산합포구 대성동1가,경상사고,0,0,1,0,차대사람 - 차도통행중,안전운전불이행,건조,맑음,교차로 - 교차로부근,승용,남,62세,상해없음,보행자,남,17세,경상
2017041700100077,2017년 4월 17일 07시,월요일,경상남도 사천시 향촌동,경상사고,0,0,3,0,차대차 - 측면충돌,안전운전불이행,젖음/습기,비,단일로 - 기타,승용,여,47세,상해없음,승용,여,45세,경상
2017041700100105,2017년 4월 17일 08시,월요일,경상남도 창원시 진해구 남양동,중상사고,0,1,1,0,차대차 - 추돌,안전운전불이행,젖음/습기,비,단일로 - 기타,승용,남,24세,상해없음,화물,남,59세,상해없음
2017041700100106,2017년 4월 17일 08시,월요일,경상남도 하동군 진교면,경상사고,0,0,1,0,차대차 - 정면충돌,안전운전불이행,젖음/습기,맑음,단일로 - 기타,화물,남,57세,상해없음,승용,남,37세,경상
2017041700100107,2017년 4월 17일 08시,월요일,경상남도 거제시 옥포동,경상사고,0,0,1,0,차대차 - 기타,안전운전불이행,젖음/습기,비,교차로 - 교차로부근,승용,남,34세,상해없음,승합,남,51세,경상
2017041700100108,2017년 4월 17일 08시,월요일,경상남도 거제시 고현동,경상사고,0,0,1,0,차대차 - 기타,안전운전불이행,젖음/습기,비,단일로 - 기타,승용,남,46세,상해없음,승용,여,27세,경상
2017041700100109,2017년 4월 17일 08시,월요일,경상남도 산청군 산청읍,경상사고,0,0,1,0,차량단독 - 공작물충돌,안전운전불이행,젖음/습기,비,단일로 - 기타,승용,남,34세,경상,,,,
2017041700100110,2017년 4월 17일 08시,월요일,경상남도 창원시 성산구 중앙동,사망사고,1,0,0,0,차대사람 - 횡단중,안전운전불이행,젖음/습기,맑음,단일로 - 기타,승용,남,63세,상해없음,보행자,남,70세,사망
2017041700100142,2017년 4월 17일 09시,월요일,경상남도 김해시 삼계동,중상사고,0,1,0,0,차대차 - 기타,중앙선침범,젖음/습기,비,단일로 - 기타,화물,남,57세,상해없음,승용,여,39세,중상
2017041700100143,2017년 4월 17일 09시,월요일,경상남도 김해시 진례면,경상사고,0,0,2,0,차대차 - 측면충돌,교차로운행방법위반,젖음/습기,비,교차로 - 교차로안,화물,남,54세,경상,화물,남,28세,경상
2017041700100153,2017년 4월 17일 10시,월요일,경상남도 김해시 신문동,경상사고,0,0,2,0,차대차 - 측면충돌,안전운전불이행,젖음/습기,비,단일로 - 기타,화물,남,46세,상해없음,승용,남,24세,상해없음
2017041700100168,2017년 4월 17일 10시,월요일,경상남도 사천시 사남면,경상사고,0,0,1,0,차대차 - 측면충돌,직진우회전진행방해,젖음/습기,비,교차로 - 교차로안,승합,남,53세,상해없음,승용,여,47세,경상
2017041700100169,2017년 4월 17일 10시,월요일,경상남도 합천군 대양면,중상사고,0,1,1,0,차대차 - 측면충돌,중앙선침범,젖음/습기,비,단일로 - 기타,화물,남,39세,경상,건설기계,남,44세,중상
2017041700100194,2017년 4월 17일 11시,월요일,경상남도 양산시 주남동,사망사고,1,0,0,0,차량단독 - 전도전복 - 전도,안전운전불이행,젖음/습기,비,단일로 - 기타,화물,남,53세,사망,,,,
2017041700100234,2017년 4월 17일 12시,월요일,경상남도 창원시 진해구 이동,중상사고,0,1,0,0,차대사람 - 횡단중,신호위반,젖음/습기,비,교차로 - 교차로안,원동기,남,55세,상해없음,보행자,여,80세,중상
2017041700100235,2017년 4월 17일 12시,월요일,경상남도 통영시 서호동,경상사고,0,0,1,0,차대사람 - 횡단중,보행자보호의무위반,젖음/습기,비,교차로 - 교차로횡단보도내,승용,남,40세,상해없음,보행자,여,52세,경상
2017041700100236,2017년 4월 17일 12시,월요일,경상남도 사천시 사천읍,중상사고,0,2,2,0,차량단독 - 공작물충돌,안전운전불이행,젖음/습기,비,단일로 - 기타,승용,여,33세,경상,,,,
2017041700100264,2017년 4월 17일 13시,월요일,경상남도 김해시 어방동,경상사고,0,0,2,0,차대차 - 추돌,안전운전불이행,건조,맑음,단일로 - 기타,승용,남,49세,상해없음,승용,남,31세,경상
2017041700100295,2017년 4월 17일 14시,월요일,경상남도 사천시 좌룡동,경상사고,0,0,1,0,차대차 - 측면충돌,안전운전불이행,젖음/습기,비,교차로 - 교차로부근,화물,남,50세,상해없음,승용,남,64세,경상
2017041700100296,2017년 4월 17일 14시,월요일,경상남도 양산시 명동,경상사고,0,0,1,0,차대차 - 측면충돌,안전운전불이행,건조,맑음,단일로 - 기타,승합,여,33세,상해없음,승용,여,62세,경상
2017041700100297,2017년 4월 17일 14시,월요일,경상남도 김해시 율하동,중상사고,0,2,0,0,차량단독 - 전도전복,안전운전불이행,젖음/습기,비,교차로 - 교차로부근,승용,남,57세,중상,미분류,미분류,미분류,미분류
2017041700100334,2017년 4월 17일 15시,월요일,경상남도 하동군 진교면,중상사고,0,1,0,0,차량단독 - 전도전복 - 전도,안전운전불이행,건조,맑음,기타 - 기타,사륜오토바이(ATV),남,79세,중상,,,,
2017041700100363,2017년 4월 17일 16시,월요일,경상남도 창원시 마산회원구 석전동,경상사고,0,0,1,0,차대차 - 측면충돌,안전운전불이행,젖음/습기,비,교차로 - 교차로부근,승용,남,41세,기타불명,이륜,남,24세,경상
2017041700100401,2017년 4월 17일 17시,월요일,경상남도 창녕군 남지읍,경상사고,0,0,1,0,차대사람 - 기타,안전운전불이행,건조,맑음,주차장 - 주차장,승용,남,52세,상해없음,보행자,남,37세,경상
2017041700100435,2017년 4월 17일 18시,월요일,경상남도 진주시 금산면,경상사고,0,0,1,0,차대차 - 측면충돌,중앙선침범,젖음/습기,흐림,단일로 - 기타,승용,남,75세,상해없음,이륜,남,41세,경상
2017041700100436,2017년 4월 17일 18시,월요일,경상남도 김해시 삼방동,중상사고,0,1,1,0,차대차 - 측면충돌,중앙선침범,젖음/습기,비,단일로 - 기타,승용,여,49세,상해없음,승용,여,36세,경상
2017041700100477,2017년 4월 17일 19시,월요일,경상남도 김해시 외동,중상사고,0,1,0,0,차대차 - 측면충돌,차로위반,젖음/습기,비,단일로 - 기타,승용,남,23세,상해없음,이륜,남,35세,중상
2017041700100478,2017년 4월 17일 19시,월요일,경상남도 양산시 남부동,경상사고,0,0,1,0,차대차 - 측면충돌,안전운전불이행,건조,흐림,단일로 - 기타,승용,남,50세,상해없음,승용,여,51세,경상
2017041700100479,2017년 4월 17일 19시,월요일,경상남도 창원시 의창구 사림동,중상사고,0,1,0,0,차대사람 - 횡단중,보행자보호의무위반,건조,맑음,교차로 - 교차로안,승용,남,61세,상해없음,보행자,남,57세,중상
2017041700100480,2017년 4월 17일 19시,월요일,경상남도 김해시 주촌면,중상사고,0,1,0,0,차대사람 - 길가장자리구역통행중,안전운전불이행,젖음/습기,흐림,단일로 - 기타,기타불명,기타불명,미분류,기타불명,보행자,여,34세,중상
2017041700100513,2017년 4월 17일 20시,월요일,경상남도 진주시 평거동,중상사고,0,1,0,0,차대차 - 측면충돌,안전거리미확보,건조,맑음,단일로 - 기타,승용,남,40세,상해없음,자전거,남,65세,중상
2017041700100514,2017년 4월 17일 20시,월요일,경상남도 창원시 의창구 소답동,중상사고,0,1,0,0,차대사람 - 길가장자리구역통행중,안전운전불이행,건조,맑음,교차로 - 교차로부근,화물,남,51세,상해없음,보행자,남,60세,중상
2017041700100568,2017년 4월 17일 22시,월요일,경상남도 김해시 내동,경상사고,0,0,3,0,차대차 - 기타,과속,젖음/습기,비,기타 - 기타,승용,남,29세,경상,승용,남,36세,경상
2017041700100569,2017년 4월 17일 22시,월요일,경상남도 창원시 의창구 도계동,경상사고,0,0,1,0,차대차 - 측면충돌,안전운전불이행,건조,맑음,교차로 - 교차로부근,승용,남,61세,상해없음,자전거,남,17세,경상
2017041700100592,2017년 4월 17일 23시,월요일,경상남도 김해시 대청동,경상사고,0,0,1,0,차대차 - 측면충돌,안전거리미확보,건조,맑음,단일로 - 기타,승용,남,72세,상해없음,승용,남,29세,경상
2017041800100083,2017년 4월 18일 06시,화요일,경상남도 거제시 상동동,경상사고,0,0,1,0,차대사람 - 횡단중,보행자보호의무위반,건조,맑음,교차로 - 교차로횡단보도내,승합,남,56세,상해없음,보행자,남,36세,경상
2017041800100124,2017년 4월 18일 08시,화요일,경상남도 진주시 충무공동,중상사고,0,1,0,0,차대차 - 추돌,안전운전불이행,건조,맑음,단일로 - 기타,승용,여,24세,상해없음,승용,남,40세,중상
2017041800100125,2017년 4월 18일 08시,화요일,경상남도 양산시 산막동,경상사고,0,0,1,0,차대차 - 측면충돌,안전거리미확보,건조,맑음,단일로 - 기타,승용,여,58세,상해없음,승용,여,48세,경상
2017041800100126,2017년 4월 18일 08시,화요일,경상남도 김해시 진영읍,중상사고,0,1,0,0,차대사람 - 기타,안전운전불이행,건조,맑음,단일로 - 기타,승용,남,77세,상해없음,보행자,여,77세,중상
2017041800100162,2017년 4월 18일 09시,화요일,경상남도 창원시 진해구 용원동,중상사고,0,1,0,0,차대사람 - 횡단중,안전운전불이행,건조,맑음,단일로 - 기타,특수,남,51세,상해없음,보행자,남,47세,중상