사고번호,사고일시,요일,시군구,사고내용,사망자수,중상자수,경상자수,부상신고자수,사고유형,법규위반,노면상태,기상상태,도로형태,가해운전자 차종,가해운전자 성별,가해운전자 연령,가해운전자 상해정도,피해운전자 차종,피해운전자 성별,피해운전자 연령,피해운전자 상해정도
2017041800100163,2017년 4월 18일 09시,화요일,경상남도 함양군 함양읍,경상사고,0,0,1,0,차대차 - 정면충돌,중앙선침범,건조,맑음,단일로 - 기타,승용,남,31세,상해없음,승용,여,46세,경상
2017041800100184,2017년 4월 18일 10시,화요일,경상남도 거창군 거창읍,중상사고,0,1,0,0,차대사람 - 횡단중,안전운전불이행,건조,맑음,교차로 - 교차로부근,건설기계,남,57세,상해없음,보행자,여,78세,중상
2017041800100215,2017년 4월 18일 11시,화요일,경상남도 거제시 장평동,중상사고,0,2,0,0,차대차 - 추돌,안전거리미확보,건조,맑음,교차로 - 교차로부근,승합,남,58세,상해없음,승용,남,59세,중상
2017041800100249,2017년 4월 18일 12시,화요일,경상남도 창원시 진해구 태백동,경상사고,0,0,4,0,차대차 - 측면충돌,신호위반,건조,맑음,교차로 - 교차로안,승용,남,58세,상해없음,승용,여,37세,경상
2017041800100278,2017년 4월 18일 13시,화요일,경상남도 통영시 무전동,중상사고,0,1,0,0,차대차 - 측면충돌,안전운전불이행,건조,맑음,교차로 - 교차로부근,승용,남,67세,상해없음,자전거,여,58세,중상
2017041800100279,2017년 4월 18일 13시,화요일,경상남도 함양군 휴천면,중상사고,0,3,2,0,차대차 - 정면충돌,중앙선침범,건조,맑음,단일로 - 기타,화물,남,64세,경상,승합,남,59세,중상
2017041800100280,2017년 4월 18일 13시,화요일,경상남도 남해군 삼동면,중상사고,0,1,0,0,차대사람 - 길가장자리구역통행중,안전운전불이행,건조,맑음,단일로 - 기타,화물,남,66세,상해없음,보행자,여,78세,중상
2017041800100312,2017년 4월 18일 14시,화요일,경상남도 창원시 마산합포구 월영동,경상사고,0,0,1,0,차대차 - 추돌,안전운전불이행,건조,맑음,교차로 - 교차로부근,이륜,남,25세,상해없음,이륜,남,18세,경상
2017041800100313,2017년 4월 18일 14시,화요일,경상남도 창녕군 이방면,중상사고,0,2,0,0,차대차 - 측면충돌,신호위반,건조,맑음,교차로 - 교차로안,승용,남,35세,상해없음,승용,남,52세,중상
2017041800100383,2017년 4월 18일 16시,화요일,경상남도 진주시 망경동,부상신고사고,0,0,0,1,차대사람 - 기타,안전운전불이행,건조,맑음,단일로 - 기타,승용,여,39세,상해없음,보행자,남,58세,부상신고
2017041800100384,2017년 4월 18일 16시,화요일,경상남도 김해시 외동,경상사고,0,0,1,0,차대차 - 기타,안전운전불이행,건조,맑음,단일로 - 기타,승합,남,22세,상해없음,자전거,남,73세,경상
2017041800100415,2017년 4월 18일 17시,화요일,경상남도 창원시 진해구 용원동,중상사고,0,1,3,0,차대차 - 추돌,안전운전불이행,건조,맑음,교차로 - 교차로부근,승용,남,68세,상해없음,승용,남,43세,경상
2017041800100461,2017년 4월 18일 18시,화요일,경상남도 창원시 마산합포구 창포동3가,경상사고,0,0,1,0,차대사람 - 기타,안전운전불이행,건조,맑음,교차로 - 교차로안,승용,남,50세,상해없음,보행자,남,37세,경상
2017041800100462,2017년 4월 18일 18시,화요일,경상남도 진주시 주약동,중상사고,0,1,0,0,차대사람 - 횡단중,안전운전불이행,건조,맑음,단일로 - 기타,승용,여,63세,상해없음,보행자,여,74세,중상
2017041800100501,2017년 4월 18일 19시,화요일,경상남도 창원시 의창구 북면,경상사고,0,0,1,0,차량단독 - 기타,안전운전불이행,건조,흐림,단일로 - 기타,이륜,남,24세,경상,,,,
2017041800100533,2017년 4월 18일 20시,화요일,경상남도 김해시 진영읍,중상사고,0,3,1,0,차대차 - 정면충돌,신호위반,젖음/습기,비,교차로 - 교차로안,승용,남,29세,경상,승용,남,28세,중상
2017041800100562,2017년 4월 18일 21시,화요일,경상남도 창원시 성산구 남산동,경상사고,0,0,1,0,차대차 - 추돌,안전운전불이행,건조,맑음,단일로 - 기타,승용,여,64세,상해없음,승용,여,42세,경상
2017041800100588,2017년 4월 18일 22시,화요일,경상남도 김해시 지내동,경상사고,0,0,1,0,차대사람 - 횡단중,신호위반,건조,흐림,단일로 - 기타,이륜,남,48세,상해없음,보행자,여,52세,경상
2017041800100589,2017년 4월 18일 22시,화요일,경상남도 창원시 의창구 팔용동,경상사고,0,0,1,0,차대사람 - 횡단중,안전운전불이행,젖음/습기,흐림,단일로 - 기타,이륜,남,19세,상해없음,보행자,남,45세,경상
2017041900100049,2017년 4월 19일 02시,수요일,경상남도 창원시 마산회원구 합성동,중상사고,0,1,0,0,차대사람 - 횡단중,보행자보호의무위반,건조,맑음,교차로 - 교차로횡단보도내,승용,남,55세,상해없음,보행자,남,42세,중상
2017041900100055,2017년 4월 19일 03시,수요일,경상남도 의령군 정곡면,사망사고,1,0,0,0,차대사람 - 차도통행중,안전운전불이행,건조,맑음,단일로 - 기타,승용,남,64세,상해없음,보행자,여,66세,사망
2017041900100066,2017년 4월 19일 05시,수요일,경상남도 통영시 용남면,사망사고,1,0,0,0,차대차 - 추돌,안전운전불이행,건조,맑음,단일로 - 기타,승용,남,36세,사망,건설기계,남,49세,상해없음
2017041900100067,2017년 4월 19일 05시,수요일,경상남도 김해시 외동,경상사고,0,0,1,0,차대차 - 측면충돌,안전운전불이행,건조,맑음,단일로 - 기타,승용,남,24세,상해없음,승용,남,67세,경상
2017041900100068,2017년 4월 19일 05시,수요일,경상남도 거제시 문동동,중상사고,0,1,0,0,차대차 - 기타,차로위반,건조,맑음,교차로 - 교차로안,화물,남,64세,상해없음,자전거,남,34세,중상
2017041900100069,2017년 4월 19일 05시,수요일,경상남도 창원시 마산회원구 내서읍,경상사고,0,0,1,0,차대차 - 측면충돌,안전운전불이행,건조,맑음,교차로 - 교차로부근,승용,남,54세,상해없음,화물,남,53세,경상
2017041900100151,2017년 4월 19일 08시,수요일,경상남도 진주시 망경동,중상사고,0,1,0,0,차대차 - 측면충돌,안전거리미확보,건조,맑음,단일로 - 기타,원동기,남,77세,중상,승용,남,51세,상해없음
2017041900100152,2017년 4월 19일 08시,수요일,경상남도 양산시 남부동,중상사고,0,1,0,0,차대사람 - 횡단중,신호위반,건조,맑음,교차로 - 교차로횡단보도내,화물,남,44세,상해없음,보행자,남,54세,중상
2017041900100153,2017년 4월 19일 08시,수요일,경상남도 고성군 고성읍,중상사고,0,1,0,0,차대사람 - 횡단중,보행자보호의무위반,건조,맑음,단일로 - 기타,승합,남,50세,상해없음,보행자,여,14세,중상
2017041900100154,2017년 4월 19일 08시,수요일,경상남도 고성군 하이면,중상사고,0,2,0,0,차대차 - 측면충돌,안전거리미확보,건조,맑음,단일로 - 기타,화물,남,46세,상해없음,승합,남,58세,중상
2017041900100155,2017년 4월 19일 08시,수요일,경상남도 김해시 진영읍,중상사고,0,1,0,0,차대차 - 정면충돌,안전운전불이행,건조,맑음,교차로 - 교차로부근,자전거,여,61세,중상,화물,남,31세,기타불명
2017041900100197,2017년 4월 19일 09시,수요일,경상남도 진주시 금산면,경상사고,0,0,1,0,차대차 - 기타,안전운전불이행,건조,맑음,교차로 - 교차로안,승용,남,67세,상해없음,자전거,남,80세,경상
2017041900100198,2017년 4월 19일 09시,수요일,경상남도 통영시 도산면,경상사고,0,0,1,0,차대사람 - 기타,기타,건조,맑음,기타 - 기타,건설기계,남,37세,상해없음,보행자,남,39세,경상
2017041900100199,2017년 4월 19일 09시,수요일,경상남도 창녕군 영산면,중상사고,0,1,2,0,차대차 - 측면충돌,신호위반,건조,맑음,교차로 - 교차로안,승용,남,65세,경상,승용,여,51세,경상
2017041900100230,2017년 4월 19일 10시,수요일,경상남도 김해시 대동면,사망사고,1,0,0,0,차대차 - 기타,과속,건조,맑음,단일로 - 기타,화물,남,23세,상해없음,화물,남,44세,상해없음
2017041900100231,2017년 4월 19일 10시,수요일,경상남도 창원시 의창구 봉곡동,중상사고,0,1,0,0,차대차 - 측면충돌,안전운전불이행,건조,맑음,단일로 - 기타,승용,남,57세,상해없음,자전거,남,63세,중상
2017041900100263,2017년 4월 19일 11시,수요일,경상남도 진주시 일반성면,경상사고,0,0,1,0,차대사람 - 차도통행중,안전운전불이행,건조,맑음,단일로 - 기타,화물,남,61세,상해없음,보행자,여,54세,경상
2017041900100264,2017년 4월 19일 11시,수요일,경상남도 양산시 물금읍,중상사고,0,1,2,0,차대차 - 정면충돌,신호위반,건조,맑음,교차로 - 교차로안,화물,남,57세,상해없음,승용,여,46세,중상
2017041900100265,2017년 4월 19일 11시,수요일,경상남도 김해시 주촌면,경상사고,0,0,1,0,차대차 - 측면충돌,중앙선침범,건조,맑음,단일로 - 기타,승용,남,71세,경상,화물,남,65세,상해없음
2017041900100287,2017년 4월 19일 12시,수요일,경상남도 창원시 마산합포구 신포동2가,부상신고사고,0,0,0,1,차대차 - 측면충돌,직진우회전진행방해,건조,맑음,교차로 - 교차로안,원동기,남,77세,부상신고,승용,여,51세,상해없음
2017041900100288,2017년 4월 19일 12시,수요일,경상남도 양산시 남부동,중상사고,0,1,0,0,차대차 - 정면충돌,안전운전불이행,건조,맑음,교차로 - 교차로안,승용,여,45세,상해없음,이륜,남,45세,중상
2017041900100289,2017년 4월 19일 12시,수요일,경상남도 거제시 고현동,부상신고사고,0,0,0,1,차대차 - 측면충돌,교차로운행방법위반,건조,맑음,교차로 - 교차로안,이륜,남,24세,부상신고,승용,여,53세,상해없음
2017041900100290,2017년 4월 19일 12시,수요일,경상남도 거제시 고현동,중상사고,0,1,0,0,차대차 - 기타,안전운전불이행,건조,맑음,단일로 - 기타,승용,여,35세,상해없음,승용,여,35세,중상
2017041900100291,2017년 4월 19일 12시,수요일,경상남도 남해군 설천면,중상사고,0,9,0,0,차대차 - 측면충돌,중앙선침범,건조,맑음,단일로 - 기타,승용,여,50세,상해없음,승용,남,73세,중상
2017041900100315,2017년 4월 19일 13시,수요일,경상남도 진주시 문산읍,중상사고,0,1,0,0,차대차 - 추돌,안전운전불이행,건조,맑음,단일로 - 기타,이륜,남,70세,중상,승용,남,59세,기타불명
2017041900100351,2017년 4월 19일 14시,수요일,경상남도 사천시 동금동,부상신고사고,0,0,0,1,차대차 - 측면충돌,안전운전불이행,건조,맑음,교차로 - 교차로안,승용,남,50세,상해없음,승용,남,37세,상해없음
2017041900100352,2017년 4월 19일 14시,수요일,경상남도 김해시 삼방동,중상사고,0,3,1,0,차대차 - 측면충돌,안전운전불이행,건조,맑음,교차로 - 교차로부근,승용,남,69세,중상,화물,남,76세,중상
2017041900100353,2017년 4월 19일 14시,수요일,경상남도 함양군 서상면,중상사고,0,1,0,0,차대차 - 측면충돌,안전운전불이행,건조,맑음,단일로 - 기타,화물,남,72세,상해없음,자전거,남,62세,중상
2017041900100354,2017년 4월 19일 14시,수요일,경상남도 김해시 흥동,경상사고,0,0,2,0,차대차 - 측면충돌,안전운전불이행,건조,맑음,교차로 - 교차로안,승용,남,45세,경상,승용,남,40세,경상
2017041900100389,2017년 4월 19일 15시,수요일,경상남도 거제시 장평동,중상사고,0,2,0,0,차대차 - 측면충돌,안전운전불이행,건조,맑음,단일로 - 기타,화물,남,42세,상해없음,이륜,남,33세,중상
2017041900100390,2017년 4월 19일 15시,수요일,경상남도 창원시 성산구 성주동,중상사고,0,2,0,0,차대차 - 추돌,안전운전불이행,건조,맑음,단일로 - 기타,화물,남,40세,상해없음,화물,남,57세,중상
2017041900100391,2017년 4월 19일 15시,수요일,경상남도 창원시 의창구 사림동,경상사고,0,0,1,0,차대차 - 측면충돌,안전운전불이행,건조,맑음,단일로 - 기타,기타불명,기타불명,미분류,기타불명,승용,여,41세,경상
2017041900100473,2017년 4월 19일 17시,수요일,경상남도 남해군 남해읍,중상사고,0,1,0,0,차대차 - 측면충돌,안전운전불이행,건조,맑음,단일로 - 기타,승용,남,46세,상해없음,이륜,남,72세,중상
2017041900100510,2017년 4월 19일 18시,수요일,경상남도 통영시 정량동,경상사고,0,0,3,0,차대차 - 정면충돌,안전운전불이행,건조,맑음,교차로 - 교차로부근,승용,남,38세,상해없음,승용,남,46세,경상
2017041900100511,2017년 4월 19일 18시,수요일,경상남도 창원시 의창구 봉곡동,중상사고,0,1,0,0,차대차 - 기타,안전운전불이행,건조,맑음,단일로 - 기타,승용,남,54세,상해없음,이륜,남,18세,중상
2017041900100512,2017년 4월 19일 18시,수요일,경상남도 김해시 신문동,경상사고,0,0,1,0,차대차 - 후진중충돌,안전운전불이행,건조,맑음,교차로 - 교차로부근,승용,남,59세,상해없음,승용,남,22세,경상
2017041900100551,2017년 4월 19일 19시,수요일,경상남도 창원시 마산합포구 동성동,중상사고,0,1,0,0,차대차 - 측면충돌,신호위반,건조,맑음,교차로 - 교차로안,승용,남,30세,상해없음,승용,남,66세,중상
2017041900100552,2017년 4월 19일 19시,수요일,경상남도 김해시 무계동,경상사고,0,0,1,0,차대사람 - 횡단중,신호위반,건조,맑음,교차로 - 교차로횡단보도내,원동기,남,19세,상해없음,보행자,여,9세,상해없음
2017041900100578,2017년 4월 19일 20시,수요일,경상남도 통영시 무전동,중상사고,0,1,1,0,차대차 - 추돌,교차로운행방법위반,건조,맑음,교차로 - 교차로안,승용,여,39세,상해없음,승용,여,53세,경상
2017041900100579,2017년 4월 19일 20시,수요일,경상남도 거제시 장평동,경상사고,0,0,1,0,차대사람 - 보도통행중,안전운전불이행,건조,맑음,단일로 - 기타,기타불명,기타불명,미분류,기타불명,보행자,여,24세,경상
2017041900100610,2017년 4월 19일 21시,수요일,경상남도 거제시 장평동,중상사고,0,1,0,0,차대차 - 측면충돌,안전운전불이행,건조,맑음,단일로 - 기타,이륜,남,36세,상해없음,자전거,남,23세,중상
2017041900100611,2017년 4월 19일 21시,수요일,경상남도 창원시 성산구 상남동,경상사고,0,0,1,0,차대차 - 추돌,안전운전불이행,건조,맑음,교차로 - 교차로부근,승용,남,53세,상해없음,승용,여,47세,경상
2017041900100645,2017년 4월 19일 22시,수요일,경상남도 창원시 의창구 봉곡동,중상사고,0,1,0,0,차대사람 - 횡단중,신호위반,건조,맑음,교차로 - 교차로횡단보도내,승합,남,45세,상해없음,보행자,남,17세,중상
2017042000100025,2017년 4월 20일 00시,목요일,경상남도 양산시 물금읍,경상사고,0,0,1,0,차대차 - 정면충돌,안전운전불이행,건조,맑음,교차로 - 교차로횡단보도내,승용,여,44세,상해없음,자전거,남,62세,경상
2017042000100026,2017년 4월 20일 00시,목요일,경상남도 거제시 장평동,경상사고,0,0,1,0,차대차 - 측면충돌,안전거리미확보,건조,맑음,교차로 - 교차로부근,이륜,남,51세,경상,승용,남,56세,상해없음
2017042000100040,2017년 4월 20일 01시,목요일,경상남도 김해시 어방동,중상사고,0,1,1,0,차대차 - 측면충돌,신호위반,건조,맑음,교차로 - 교차로안,승용,여,46세,중상,승용,남,41세,경상
2017042000100124,2017년 4월 20일 08시,목요일,경상남도 진주시 중안동,경상사고,0,0,1,0,차대차 - 기타,안전운전불이행,건조,맑음,단일로 - 기타,화물,남,45세,상해없음,원동기,여,70세,경상
2017042000100125,2017년 4월 20일 08시,목요일,경상남도 김해시 주촌면,경상사고,0,0,1,0,차대차 - 정면충돌,중앙선침범,건조,맑음,교차로 - 교차로부근,화물,남,65세,경상,화물,남,34세,상해없음
2017042000100154,2017년 4월 20일 09시,목요일,경상남도 함안군 칠서면,중상사고,0,1,0,0,차대차 - 측면충돌,교차로운행방법위반,건조,맑음,교차로 - 교차로안,화물,남,53세,상해없음,승용,여,51세,중상
2017042000100155,2017년 4월 20일 09시,목요일,경상남도 거창군 남상면,중상사고,0,2,0,0,차대차 - 추돌,안전운전불이행,건조,흐림,단일로 - 기타,화물,남,49세,상해없음,화물,남,52세,중상
2017042000100195,2017년 4월 20일 11시,목요일,경상남도 창원시 마산합포구 월남동3가,중상사고,0,1,0,0,차대사람 - 기타,안전운전불이행,건조,맑음,교차로 - 교차로부근,화물,남,51세,상해없음,보행자,남,72세,중상
2017042000100196,2017년 4월 20일 11시,목요일,경상남도 통영시 산양읍,경상사고,0,0,1,0,차대사람 - 차도통행중,안전운전불이행,건조,맑음,단일로 - 기타,승용,남,25세,상해없음,보행자,여,50세,경상
2017042000100197,2017년 4월 20일 11시,목요일,경상남도 사천시 송포동,중상사고,0,1,0,0,차대차 - 측면충돌,신호위반,건조,맑음,교차로 - 교차로안,화물,남,67세,상해없음,화물,남,69세,중상
2017042000100198,2017년 4월 20일 11시,목요일,경상남도 밀양시 삼문동,경상사고,0,0,1,0,차대차 - 측면충돌,안전운전불이행,건조,맑음,교차로 - 교차로안,승용,남,70세,상해없음,이륜,여,39세,경상
2017042000100199,2017년 4월 20일 11시,목요일,경상남도 거제시 연초면,부상신고사고,0,0,0,1,차대차 - 기타,안전운전불이행,건조,맑음,기타 - 기타,이륜,남,28세,부상신고,승용,남,57세,상해없음
2017042000100200,2017년 4월 20일 11시,목요일,경상남도 거제시 고현동,경상사고,0,0,1,0,차대차 - 측면충돌,신호위반,건조,흐림,교차로 - 교차로안,승용,여,30세,상해없음,승용,여,35세,경상
2017042000100219,2017년 4월 20일 12시,목요일,경상남도 김해시 내동,중상사고,0,1,0,0,차대차 - 기타,신호위반,건조,맑음,교차로 - 교차로안,원동기,남,19세,중상,승용,남,35세,상해없음
2017042000100220,2017년 4월 20일 12시,목요일,경상남도 창원시 의창구 동읍,경상사고,0,0,1,0,차대사람 - 차도통행중,안전운전불이행,건조,맑음,교차로 - 교차로안,승용,여,71세,상해없음,보행자,남,88세,경상
2017042000100243,2017년 4월 20일 13시,목요일,경상남도 통영시 서호동,부상신고사고,0,0,0,1,차대차 - 기타,안전거리미확보,건조,맑음,단일로 - 기타,승용,남,55세,상해없음,승합,남,45세,상해없음
2017042000100244,2017년 4월 20일 13시,목요일,경상남도 거창군 거창읍,경상사고,0,0,1,0,차대차 - 측면충돌,안전운전불이행,건조,맑음,단일로 - 기타,원동기,남,78세,경상,화물,남,67세,상해없음
2017042000100271,2017년 4월 20일 14시,목요일,경상남도 진주시 초전동,중상사고,0,1,0,0,차대차 - 측면충돌,안전운전불이행,건조,맑음,교차로 - 교차로안,승용,남,70세,상해없음,자전거,남,57세,중상
2017042000100304,2017년 4월 20일 15시,목요일,경상남도 밀양시 내이동,경상사고,0,0,1,0,차대차 - 측면충돌,교차로운행방법위반,건조,맑음,교차로 - 교차로안,승용,여,63세,상해없음,이륜,남,74세,경상
2017042000100326,2017년 4월 20일 16시,목요일,경상남도 고성군 고성읍,중상사고,0,1,0,0,차대사람 - 차도통행중,신호위반,건조,맑음,교차로 - 교차로안,승합,남,70세,상해없음,보행자,여,64세,중상
2017042000100357,2017년 4월 20일 17시,목요일,경상남도 양산시 상북면,중상사고,0,1,0,0,차대사람 - 길가장자리구역통행중,안전운전불이행,건조,맑음,단일로 - 기타,화물,남,55세,상해없음,보행자,여,65세,중상
2017042000100358,2017년 4월 20일 17시,목요일,경상남도 양산시 하북면,중상사고,0,2,0,0,차대차 - 측면충돌,신호위반,건조,맑음,교차로 - 교차로안,화물,남,57세,상해없음,승용,여,24세,중상
2017042000100359,2017년 4월 20일 17시,목요일,경상남도 거제시 수월동,경상사고,0,0,1,0,차대사람 - 횡단중,신호위반,건조,맑음,교차로 - 교차로부근,화물,남,56세,상해없음,보행자,남,7세,경상
2017042000100393,2017년 4월 20일 18시,목요일,경상남도 사천시 사천읍,경상사고,0,0,1,0,차대차 - 추돌,안전운전불이행,건조,맑음,단일로 - 기타,화물,남,47세,상해없음,승용,여,47세,경상
2017042000100394,2017년 4월 20일 18시,목요일,경상남도 김해시 서상동,중상사고,0,1,0,0,차대차 - 기타,안전운전불이행,건조,맑음,교차로 - 교차로안,승용,남,51세,상해없음,자전거,남,10세,중상
2017042000100395,2017년 4월 20일 18시,목요일,경상남도 창녕군 도천면,중상사고,0,1,2,0,차대차 - 추돌,안전운전불이행,건조,맑음,단일로 - 기타,화물,남,41세,상해없음,화물,남,69세,상해없음
2017042000100396,2017년 4월 20일 18시,목요일,경상남도 양산시 삼호동,경상사고,0,0,1,0,차대차 - 정면충돌,신호위반,건조,맑음,교차로 - 교차로안,기타불명,기타불명,미분류,기타불명,승용,남,34세,경상
2017042000100397,2017년 4월 20일 18시,목요일,경상남도 김해시 신문동,경상사고,0,0,1,0,차대차 - 측면충돌,안전운전불이행,건조,맑음,단일로 - 기타,승용,남,46세,상해없음,승용,여,43세,경상
2017042000100426,2017년 4월 20일 19시,목요일,경상남도 창원시 마산합포구 상남동,중상사고,0,1,0,0,차대차 - 기타,안전거리미확보,젖음/습기,비,교차로 - 교차로부근,승용,남,41세,상해없음,원동기,남,64세,중상
2017042000100427,2017년 4월 20일 19시,목요일,경상남도 양산시 동면,경상사고,0,0,1,0,차대차 - 기타,직진우회전진행방해,건조,맑음,교차로 - 교차로안,승용,여,60세,상해없음,이륜,남,47세,경상
2017042000100428,2017년 4월 20일 19시,목요일,경상남도 거제시 고현동,중상사고,0,1,0,0,차대사람 - 횡단중,안전운전불이행,젖음/습기,비,기타 - 기타,승합,남,57세,상해없음,보행자,남,60세,중상
2017042000100459,2017년 4월 20일 20시,목요일,경상남도 창원시 의창구 동읍,중상사고,0,1,1,0,차대사람 - 횡단중,안전운전불이행,건조,맑음,단일로 - 기타,이륜,남,26세,경상,보행자,남,50세,상해없음
2017042000100460,2017년 4월 20일 20시,목요일,경상남도 창원시 의창구 도계동,경상사고,0,0,2,0,차대차 - 기타,안전운전불이행,건조,맑음,교차로 - 교차로안,승용,남,21세,상해없음,승용,남,44세,경상
2017042000100489,2017년 4월 20일 21시,목요일,경상남도 하동군 고전면,사망사고,1,0,0,0,차대차 - 추돌,안전운전불이행,건조,맑음,단일로 - 기타,승용,여,33세,상해없음,원동기,여,54세,사망
2017042000100490,2017년 4월 20일 21시,목요일,경상남도 거제시 수월동,경상사고,0,0,3,0,차대차 - 측면충돌,신호위반,건조,맑음,교차로 - 교차로안,승용,남,45세,경상,승용,여,19세,경상
2017042000100532,2017년 4월 20일 23시,목요일,경상남도 양산시 동면,경상사고,0,0,1,0,차대차 - 측면충돌,안전운전불이행,건조,맑음,단일로 - 기타,승용,여,34세,상해없음,승용,여,44세,경상
2017042100100029,2017년 4월 21일 00시,금요일,경상남도 김해시 내동,부상신고사고,0,0,0,1,차대사람 - 횡단중,안전운전불이행,건조,맑음,단일로 - 기타,화물,남,37세,상해없음,보행자,여,24세,부상신고
2017042100100078,2017년 4월 21일 06시,금요일,경상남도 창원시 마산합포구 월영동,경상사고,0,0,1,0,차대차 - 추돌,안전운전불이행,건조,맑음,교차로 - 교차로부근,화물,남,59세,상해없음,승용,남,67세,경상
2017042100100079,2017년 4월 21일 06시,금요일,경상남도 김해시 대동면,경상사고,0,0,1,0,차대차 - 기타,중앙선침범,건조,맑음,단일로 - 기타,기타불명,기타불명,미분류,기타불명,승용,여,61세,경상
2017042100100080,2017년 4월 21일 06시,금요일,경상남도 양산시 덕계동,경상사고,0,0,2,0,차대차 - 측면충돌,안전거리미확보,건조,맑음,단일로 - 기타,건설기계,남,36세,상해없음,승용,남,74세,경상
2017042100100081,2017년 4월 21일 06시,금요일,경상남도 김해시 화목동,경상사고,0,0,1,0,차량단독 - 전도전복 - 전도,안전운전불이행,건조,맑음,단일로 - 기타,화물,남,61세,경상,,,,
2017042100100101,2017년 4월 21일 07시,금요일,경상남도 김해시 풍유동,경상사고,0,0,1,0,차대차 - 정면충돌,중앙선침범,건조,맑음,단일로 - 기타,화물,남,55세,상해없음,승용,남,70세,경상
2017042100100149,2017년 4월 21일 08시,금요일,경상남도 창원시 진해구 자은동,중상사고,0,1,0,0,차대사람 - 보도통행중,안전운전불이행,건조,맑음,단일로 - 기타,승용,여,43세,상해없음,보행자,여,70세,중상
2017042100100150,2017년 4월 21일 08시,금요일,경상남도 밀양시 내이동,경상사고,0,0,1,0,차대차 - 추돌,안전거리미확보,건조,맑음,교차로 - 교차로부근,건설기계,남,58세,상해없음,승용,여,28세,경상
2017042100100151,2017년 4월 21일 08시,금요일,경상남도 김해시 지내동,경상사고,0,0,1,0,차대사람 - 기타,안전운전불이행,건조,맑음,교차로 - 교차로부근,승용,남,32세,상해없음,보행자,남,76세,경상
2017042100100152,2017년 4월 21일 08시,금요일,경상남도 김해시 주촌면,경상사고,0,0,1,0,차대차 - 추돌,안전운전불이행,건조,맑음,단일로 - 기타,승용,남,27세,상해없음,승용,남,53세,경상
2017042100100194,2017년 4월 21일 09시,금요일,경상남도 김해시 외동,경상사고,0,0,1,0,차대사람 - 차도통행중,안전운전불이행,건조,맑음,교차로 - 교차로안,승용,여,52세,상해없음,보행자,남,59세,경상
2017042100100195,2017년 4월 21일 09시,금요일,경상남도 김해시 한림면,중상사고,0,1,0,0,차대차 - 측면충돌,안전운전불이행,건조,맑음,교차로 - 교차로안,화물,남,47세,상해없음,승용,여,57세,중상
2017042100100220,2017년 4월 21일 10시,금요일,경상남도 김해시 외동,중상사고,0,1,1,0,차대차 - 기타,교차로운행방법위반,건조,맑음,교차로 - 교차로부근,승합,남,40세,상해없음,승용,여,46세,경상
2017042100100221,2017년 4월 21일 10시,금요일,경상남도 거제시 사등면,중상사고,0,1,0,0,차대차 - 추돌,안전거리미확보,건조,맑음,단일로 - 기타,화물,남,56세,상해없음,승용,남,57세,상해없음
2017042100100255,2017년 4월 21일 11시,금요일,경상남도 양산시 덕계동,경상사고,0,0,1,0,차대사람 - 차도통행중,보행자보호의무위반,건조,맑음,교차로 - 교차로횡단보도내,기타불명,기타불명,미분류,기타불명,보행자,여,48세,경상
2017042100100285,2017년 4월 21일 12시,금요일,경상남도 하동군 옥종면,중상사고,0,1,0,0,차대차 - 측면충돌,중앙선침범,건조,맑음,기타 - 기타,화물,남,57세,상해없음,원동기,남,76세,중상
2017042100100310,2017년 4월 21일 13시,금요일,경상남도 창원시 마산합포구 해운동,경상사고,0,0,1,0,차대차 - 측면충돌,안전운전불이행,건조,맑음,기타 - 기타,승용,여,62세,상해없음,승용,여,41세,경상
2017042100100340,2017년 4월 21일 14시,금요일,경상남도 김해시 흥동,경상사고,0,0,1,0,차대차 - 측면충돌,안전운전불이행,건조,맑음,교차로 - 교차로안,승용,남,59세,상해없음,자전거,여,64세,경상
2017042100100414,2017년 4월 21일 16시,금요일,경상남도 거창군 거창읍,부상신고사고,0,0,0,1,차대차 - 기타,교차로운행방법위반,건조,맑음,교차로 - 교차로안,이륜,여,73세,부상신고,화물,남,58세,상해없음
2017042100100415,2017년 4월 21일 16시,금요일,경상남도 창녕군 창녕읍,중상사고,0,1,0,0,차대차 - 기타,안전운전불이행,건조,맑음,교차로 - 교차로부근,승용,남,59세,상해없음,원동기,남,80세,중상
2017042100100446,2017년 4월 21일 17시,금요일,경상남도 밀양시 가곡동,중상사고,0,1,0,0,차대차 - 기타,안전운전불이행,건조,맑음,단일로 - 기타,승용,여,39세,상해없음,자전거,남,68세,중상
2017042100100447,2017년 4월 21일 17시,금요일,경상남도 김해시 주촌면,중상사고,0,1,0,0,차대차 - 기타,안전운전불이행,건조,맑음,교차로 - 교차로안,승용,남,55세,상해없음,이륜,남,23세,중상
2017042100100490,2017년 4월 21일 18시,금요일,경상남도 창원시 마산합포구 해운동,부상신고사고,0,0,0,1,차대사람 - 횡단중,안전운전불이행,건조,맑음,기타 - 기타,이륜,남,33세,상해없음,보행자,남,50세,부상신고
2017042100100491,2017년 4월 21일 18시,금요일,경상남도 산청군 신안면,중상사고,0,2,0,0,차대차 - 측면충돌,중앙선침범,건조,맑음,단일로 - 기타,화물,남,49세,중상,화물,남,40세,중상
2017042100100519,2017년 4월 21일 19시,금요일,경상남도 사천시 서포면,중상사고,0,1,0,0,차대차 - 측면충돌,중앙선침범,건조,맑음,단일로 - 기타,승용,여,50세,상해없음,화물,남,60세,상해없음