사고번호,사고일시,요일,시군구,사고내용,사망자수,중상자수,경상자수,부상신고자수,사고유형,법규위반,노면상태,기상상태,도로형태,가해운전자 차종,가해운전자 성별,가해운전자 연령,가해운전자 상해정도,피해운전자 차종,피해운전자 성별,피해운전자 연령,피해운전자 상해정도
2017042100100566,2017년 4월 21일 21시,금요일,경상남도 김해시 대동면,중상사고,0,2,1,0,차대차 - 측면충돌,안전거리미확보,건조,맑음,단일로 - 기타,승용,남,35세,상해없음,승용,남,60세,경상
2017042100100583,2017년 4월 21일 21시,금요일,경상남도 창원시 마산합포구 우산동,경상사고,0,0,1,1,차대차 - 측면충돌,안전운전불이행,건조,맑음,교차로 - 교차로안,승용,여,55세,부상신고,승용,남,24세,경상
2017042100100584,2017년 4월 21일 21시,금요일,경상남도 고성군 고성읍,중상사고,0,4,0,0,차대차 - 추돌,안전거리미확보,건조,맑음,교차로 - 교차로부근,화물,남,42세,상해없음,승용,남,41세,중상
2017042100100607,2017년 4월 21일 22시,금요일,경상남도 창원시 마산합포구 중앙동3가,경상사고,0,0,2,0,차대차 - 기타,안전운전불이행,건조,맑음,기타 - 기타,승합,남,38세,상해없음,승용,남,27세,경상
2017042100100636,2017년 4월 21일 23시,금요일,경상남도 거제시 동부면,중상사고,0,1,0,0,차량단독 - 전도전복 - 전도,안전운전불이행,건조,기타,기타 - 기타,승용,남,62세,상해없음,,,,
2017042200100027,2017년 4월 22일 00시,토요일,경상남도 창원시 진해구 안골동,중상사고,0,2,0,0,차대차 - 기타,안전운전불이행,건조,맑음,단일로 - 기타,승용,남,37세,중상,승용,남,80세,중상
2017042200100041,2017년 4월 22일 01시,토요일,경상남도 통영시 명정동,중상사고,0,2,0,0,차대차 - 측면충돌,안전운전불이행,건조,맑음,교차로 - 교차로안,화물,남,56세,중상,승용,남,28세,중상
2017042200100055,2017년 4월 22일 02시,토요일,경상남도 김해시 신문동,경상사고,0,0,1,0,차대차 - 측면충돌,안전운전불이행,건조,맑음,단일로 - 기타,특수,남,46세,상해없음,특수,남,57세,경상
2017042200100062,2017년 4월 22일 02시,토요일,경상남도 김해시 삼계동,경상사고,0,0,1,0,차대차 - 측면충돌,신호위반,건조,맑음,교차로 - 교차로안,승용,남,26세,상해없음,화물,남,26세,경상
2017042200100083,2017년 4월 22일 04시,토요일,경상남도 거제시 연초면,경상사고,0,0,1,0,차대차 - 측면충돌,안전운전불이행,건조,맑음,기타 - 기타,승용,남,39세,상해없음,특수,여,50세,기타불명
2017042200100116,2017년 4월 22일 07시,토요일,경상남도 창원시 마산합포구 월영동,부상신고사고,0,0,0,3,차대차 - 추돌,안전운전불이행,건조,맑음,기타 - 기타,화물,남,56세,상해없음,화물,남,40세,부상신고
2017042200100117,2017년 4월 22일 07시,토요일,경상남도 창원시 성산구 웅남동,중상사고,0,1,0,0,차대차 - 측면충돌,안전운전불이행,건조,맑음,교차로 - 교차로안,화물,남,30세,상해없음,자전거,남,60세,중상
2017042200100118,2017년 4월 22일 07시,토요일,경상남도 창원시 의창구 대산면,경상사고,0,0,1,0,차대차 - 측면충돌,안전운전불이행,건조,맑음,교차로 - 교차로안,승합,남,53세,상해없음,자전거,여,18세,경상
2017042200100140,2017년 4월 22일 08시,토요일,경상남도 김해시 내덕동,경상사고,0,0,1,0,차대사람 - 보도통행중,신호위반,건조,맑음,교차로 - 교차로횡단보도내,건설기계,남,40세,상해없음,보행자,여,25세,경상
2017042200100167,2017년 4월 22일 09시,토요일,경상남도 함안군 대산면,중상사고,0,1,0,0,차대차 - 측면충돌,직진우회전진행방해,건조,맑음,교차로 - 교차로안,화물,남,44세,상해없음,원동기,남,78세,중상
2017042200100183,2017년 4월 22일 10시,토요일,경상남도 김해시 풍유동,경상사고,0,0,6,3,차대차 - 추돌,안전운전불이행,건조,맑음,단일로 - 기타,승합,여,42세,상해없음,승합,남,40세,경상
2017042200100194,2017년 4월 22일 10시,토요일,경상남도 통영시 북신동,경상사고,0,0,4,0,차대차 - 측면충돌,신호위반,건조,맑음,교차로 - 교차로안,승합,남,63세,상해없음,승용,남,59세,경상
2017042200100195,2017년 4월 22일 10시,토요일,경상남도 양산시 북부동,부상신고사고,0,0,0,1,차대차 - 정면충돌,안전거리미확보,건조,맑음,교차로 - 교차로부근,이륜,남,72세,부상신고,승용,남,41세,상해없음
2017042200100196,2017년 4월 22일 10시,토요일,경상남도 창원시 의창구 동읍,경상사고,0,0,6,0,차대차 - 추돌,안전운전불이행,건조,맑음,단일로 - 기타,승용,남,56세,상해없음,승용,남,61세,경상
2017042200100235,2017년 4월 22일 11시,토요일,경상남도 창원시 진해구 장천동,경상사고,0,0,1,0,차대차 - 측면충돌,안전운전불이행,건조,맑음,교차로 - 교차로부근,승용,여,36세,상해없음,자전거,남,48세,경상
2017042200100269,2017년 4월 22일 12시,토요일,경상남도 양산시 명동,부상신고사고,0,0,0,1,차대차 - 기타,안전운전불이행,건조,맑음,단일로 - 기타,이륜,남,70세,부상신고,승용,여,53세,상해없음
2017042200100307,2017년 4월 22일 13시,토요일,경상남도 창녕군 남지읍,경상사고,0,0,1,0,차대사람 - 기타,안전운전불이행,건조,맑음,단일로 - 기타,승용,여,61세,상해없음,보행자,여,5세,경상
2017042200100308,2017년 4월 22일 13시,토요일,경상남도 고성군 고성읍,경상사고,0,0,1,0,차대차 - 기타,직진우회전진행방해,건조,맑음,교차로 - 교차로안,승용,남,46세,상해없음,이륜,남,49세,경상
2017042200100309,2017년 4월 22일 13시,토요일,경상남도 함안군 가야읍,경상사고,0,0,1,0,차대사람 - 차도통행중,안전운전불이행,건조,맑음,단일로 - 기타,승용,여,51세,상해없음,보행자,여,59세,경상
2017042200100375,2017년 4월 22일 15시,토요일,경상남도 사천시 곤명면,경상사고,0,0,2,0,차대차 - 측면충돌,중앙선침범,젖음/습기,맑음,단일로 - 기타,승용,남,59세,경상,화물,남,43세,경상
2017042200100409,2017년 4월 22일 16시,토요일,경상남도 통영시 무전동,중상사고,0,1,0,0,차대차 - 기타,안전운전불이행,건조,맑음,단일로 - 기타,승용,남,65세,상해없음,이륜,남,82세,중상
2017042200100410,2017년 4월 22일 16시,토요일,경상남도 산청군 단성면,부상신고사고,0,0,0,1,차대차 - 측면충돌,안전운전불이행,건조,맑음,단일로 - 기타,원동기,남,90세 이상,부상신고,승용,남,51세,상해없음
2017042200100441,2017년 4월 22일 17시,토요일,경상남도 사천시 벌리동,중상사고,0,1,3,0,차대차 - 측면충돌,직진우회전진행방해,건조,맑음,교차로 - 교차로안,승용,남,48세,상해없음,승용,남,42세,경상
2017042200100442,2017년 4월 22일 17시,토요일,경상남도 김해시 서상동,경상사고,0,0,1,0,차대차 - 기타,안전운전불이행,건조,맑음,교차로 - 교차로부근,이륜,남,36세,경상,승용,남,22세,상해없음
2017042200100575,2017년 4월 22일 21시,토요일,경상남도 양산시 물금읍,경상사고,0,0,1,0,차대차 - 정면충돌,신호위반,건조,맑음,교차로 - 교차로횡단보도내,승용,남,52세,상해없음,자전거,남,26세,경상
2017042200100608,2017년 4월 22일 22시,토요일,경상남도 밀양시 산외면,경상사고,0,0,2,0,차대차 - 측면충돌,신호위반,건조,흐림,교차로 - 교차로안,승용,여,35세,상해없음,승용,남,57세,경상
2017042200100609,2017년 4월 22일 22시,토요일,경상남도 김해시 서상동,경상사고,0,0,1,0,차대차 - 측면충돌,안전운전불이행,건조,맑음,교차로 - 교차로안,승용,남,59세,상해없음,원동기,남,37세,경상
2017042200100629,2017년 4월 22일 23시,토요일,경상남도 창원시 진해구 남양동,경상사고,0,0,3,0,차량단독 - 기타,안전운전불이행,건조,맑음,단일로 - 기타,승용,남,58세,상해없음,,,,
2017042300100055,2017년 4월 23일 02시,일요일,경상남도 김해시 외동,경상사고,0,0,4,0,차대차 - 기타,안전운전불이행,건조,맑음,교차로 - 교차로부근,승용,남,62세,상해없음,승용,남,53세,상해없음
2017042300100056,2017년 4월 23일 02시,일요일,경상남도 양산시 중부동,부상신고사고,0,0,0,1,차대차 - 정면충돌,직진우회전진행방해,건조,맑음,교차로 - 교차로안,승용,남,28세,상해없음,이륜,남,43세,부상신고
2017042300100083,2017년 4월 23일 05시,일요일,경상남도 창원시 마산회원구 양덕동,경상사고,0,0,3,0,차대차 - 추돌,안전운전불이행,건조,맑음,기타 - 기타,승용,남,64세,상해없음,승용,남,41세,경상
2017042300100141,2017년 4월 23일 09시,일요일,경상남도 창원시 마산합포구 월영동,경상사고,0,0,2,0,차대차 - 추돌,안전운전불이행,건조,맑음,단일로 - 기타,승용,여,37세,상해없음,승용,여,50세,경상
2017042300100142,2017년 4월 23일 09시,일요일,경상남도 고성군 고성읍,중상사고,0,1,0,0,차대차 - 추돌,안전거리미확보,건조,맑음,단일로 - 기타,승용,여,50세,상해없음,승용,여,48세,중상
2017042300100143,2017년 4월 23일 09시,일요일,경상남도 의령군 용덕면,중상사고,0,1,0,0,차대차 - 측면충돌,안전운전불이행,건조,맑음,교차로 - 교차로안,화물,남,48세,상해없음,이륜,남,19세,중상
2017042300100160,2017년 4월 23일 10시,일요일,경상남도 창원시 마산합포구 자산동,중상사고,0,1,1,0,차대차 - 추돌,안전운전불이행,건조,맑음,단일로 - 기타,승용,남,57세,상해없음,승용,남,26세,경상
2017042300100161,2017년 4월 23일 10시,일요일,경상남도 창녕군 창녕읍,중상사고,0,1,0,0,차대차 - 측면충돌,안전운전불이행,건조,맑음,교차로 - 교차로부근,원동기,남,81세,중상,화물,남,43세,기타불명
2017042300100162,2017년 4월 23일 10시,일요일,경상남도 남해군 이동면,중상사고,0,1,0,0,차대차 - 측면충돌,안전운전불이행,건조,맑음,교차로 - 교차로안,승합,남,75세,상해없음,이륜,남,44세,중상
2017042300100163,2017년 4월 23일 10시,일요일,경상남도 김해시 진영읍,중상사고,0,1,0,0,차대차 - 추돌,안전운전불이행,건조,맑음,단일로 - 기타,이륜,남,42세,중상,승용,남,71세,상해없음
2017042300100186,2017년 4월 23일 11시,일요일,경상남도 밀양시 무안면,중상사고,0,1,0,0,차량단독 - 공작물충돌,안전운전불이행,건조,맑음,단일로 - 기타,이륜,남,38세,중상,,,,
2017042300100187,2017년 4월 23일 11시,일요일,경상남도 김해시 내동,경상사고,0,0,1,0,차대차 - 기타,안전운전불이행,건조,맑음,교차로 - 교차로안,승용,남,24세,상해없음,승용,여,32세,경상
2017042300100216,2017년 4월 23일 12시,일요일,경상남도 창원시 마산합포구 예곡동,경상사고,0,0,1,0,차대차 - 측면충돌,안전운전불이행,건조,맑음,교차로 - 교차로안,승용,여,64세,상해없음,승용,남,33세,경상
2017042300100217,2017년 4월 23일 12시,일요일,경상남도 창원시 성산구 상남동,경상사고,0,0,1,0,차대차 - 측면충돌,안전운전불이행,건조,맑음,교차로 - 교차로안,승용,남,60세,상해없음,승용,남,37세,경상
2017042300100243,2017년 4월 23일 13시,일요일,경상남도 밀양시 부북면,중상사고,0,1,2,0,차대차 - 측면충돌,안전운전불이행,건조,맑음,단일로 - 기타,승용,남,43세,상해없음,화물,남,60세,상해없음
2017042300100272,2017년 4월 23일 14시,일요일,경상남도 창원시 진해구 청안동,경상사고,0,0,1,0,차대사람 - 횡단중,보행자보호의무위반,건조,맑음,교차로 - 교차로횡단보도내,원동기,남,24세,상해없음,보행자,여,12세,경상
2017042300100273,2017년 4월 23일 14시,일요일,경상남도 사천시 동금동,부상신고사고,0,0,0,1,차대사람 - 횡단중,안전운전불이행,건조,맑음,단일로 - 기타,승용,여,39세,상해없음,보행자,여,11세,부상신고
2017042300100274,2017년 4월 23일 14시,일요일,경상남도 김해시 상동면,중상사고,0,1,0,0,차대차 - 기타,안전운전불이행,건조,맑음,단일로 - 교량,승용,남,68세,상해없음,이륜,남,69세,중상
2017042300100275,2017년 4월 23일 14시,일요일,경상남도 함안군 가야읍,경상사고,0,0,1,0,차대차 - 측면충돌,안전운전불이행,건조,맑음,교차로 - 교차로부근,이륜,남,18세,상해없음,승용,남,75세,경상
2017042300100314,2017년 4월 23일 15시,일요일,경상남도 창원시 마산합포구 구산면,경상사고,0,0,1,0,차대사람 - 길가장자리구역통행중,안전운전불이행,건조,맑음,단일로 - 기타,기타불명,기타불명,미분류,기타불명,보행자,남,39세,경상
2017042300100315,2017년 4월 23일 15시,일요일,경상남도 김해시 신문동,중상사고,0,1,0,0,차대차 - 측면충돌,안전운전불이행,건조,맑음,단일로 - 기타,이륜,남,21세,중상,승용,남,29세,상해없음
2017042300100332,2017년 4월 23일 16시,일요일,경상남도 김해시 대동면,경상사고,0,0,1,0,차대차 - 기타,안전운전불이행,건조,맑음,단일로 - 기타,승용,남,57세,상해없음,승용,여,41세,경상
2017042300100350,2017년 4월 23일 16시,일요일,경상남도 통영시 용남면,경상사고,0,0,3,0,차대차 - 추돌,안전운전불이행,건조,맑음,단일로 - 기타,승용,남,52세,상해없음,승용,남,35세,경상
2017042300100449,2017년 4월 23일 19시,일요일,경상남도 사천시 사천읍,중상사고,0,1,0,0,차대차 - 후진중충돌,안전운전불이행,건조,맑음,단일로 - 기타,승용,남,60세,중상,승용,여,50세,상해없음
2017042300100450,2017년 4월 23일 19시,일요일,경상남도 밀양시 삼랑진읍,중상사고,0,1,0,0,차대차 - 추돌,안전거리미확보,건조,맑음,단일로 - 기타,자전거,여,73세,중상,자전거,남,65세,상해없음
2017042300100502,2017년 4월 23일 21시,일요일,경상남도 창원시 마산회원구 회원동,경상사고,0,0,1,0,차대차 - 측면충돌,신호위반,건조,맑음,교차로 - 교차로안,승용,여,18세,상해없음,승용,남,30세,경상
2017042300100543,2017년 4월 23일 23시,일요일,경상남도 창원시 마산합포구 남성동,경상사고,0,0,3,0,차대차 - 측면충돌,신호위반,건조,맑음,교차로 - 교차로안,승용,남,54세,상해없음,승용,남,37세,경상
2017042400100064,2017년 4월 24일 06시,월요일,경상남도 창원시 성산구 상남동,중상사고,0,1,0,0,차대사람 - 횡단중,보행자보호의무위반,건조,맑음,교차로 - 교차로부근,승용,남,30세,상해없음,보행자,여,75세,중상
2017042400100230,2017년 4월 24일 10시,월요일,경상남도 창원시 진해구 풍호동,경상사고,0,0,1,0,차대차 - 측면충돌,안전운전불이행,건조,맑음,단일로 - 기타,승용,여,58세,상해없음,이륜,남,80세,경상
2017042400100231,2017년 4월 24일 10시,월요일,경상남도 통영시 인평동,중상사고,0,1,0,0,차대차 - 추돌,안전운전불이행,건조,맑음,단일로 - 기타,승용,여,43세,상해없음,승용,남,77세,중상
2017042400100232,2017년 4월 24일 10시,월요일,경상남도 양산시 물금읍,경상사고,0,0,1,0,차대차 - 기타,안전운전불이행,건조,맑음,기타 - 기타,기타불명,기타불명,미분류,기타불명,자전거,남,17세,경상
2017042400100268,2017년 4월 24일 11시,월요일,경상남도 진주시 가좌동,중상사고,0,1,1,0,차대차 - 측면충돌,신호위반,건조,맑음,교차로 - 교차로안,승용,남,54세,상해없음,승용,남,43세,중상
2017042400100269,2017년 4월 24일 11시,월요일,경상남도 통영시 광도면,중상사고,0,1,0,0,차대사람 - 길가장자리구역통행중,안전운전불이행,건조,맑음,단일로 - 기타,화물,남,36세,상해없음,보행자,여,55세,중상
2017042400100270,2017년 4월 24일 11시,월요일,경상남도 합천군 적중면,사망사고,1,0,0,0,차량단독 - 전도전복,안전운전불이행,건조,맑음,단일로 - 기타,이륜,남,71세,사망,미분류,미분류,미분류,미분류
2017042400100271,2017년 4월 24일 11시,월요일,경상남도 창녕군 고암면,경상사고,0,0,1,0,차대사람 - 보도통행중,직진우회전진행방해,건조,맑음,교차로 - 교차로안,화물,남,67세,상해없음,보행자,여,79세,경상
2017042400100272,2017년 4월 24일 11시,월요일,경상남도 창원시 마산회원구 석전동,중상사고,0,1,0,0,차대사람 - 횡단중,안전운전불이행,건조,맑음,교차로 - 교차로안,승용,남,28세,상해없음,보행자,여,70세,중상
2017042400100282,2017년 4월 24일 12시,월요일,경상남도 진주시 대평면,중상사고,0,1,1,0,차대차 - 측면충돌,중앙선침범,건조,맑음,단일로 - 기타,화물,남,39세,상해없음,승합,남,62세,경상
2017042400100283,2017년 4월 24일 12시,월요일,경상남도 거제시 장목면,경상사고,0,0,1,0,차대차 - 기타,안전운전불이행,건조,맑음,교차로 - 교차로안,화물,남,70세,기타불명,승용,남,37세,경상
2017042400100314,2017년 4월 24일 13시,월요일,경상남도 창원시 마산합포구 동성동,경상사고,0,0,3,0,차대차 - 추돌,안전운전불이행,건조,맑음,단일로 - 기타,승용,남,69세,상해없음,승용,여,29세,경상
2017042400100315,2017년 4월 24일 13시,월요일,경상남도 양산시 물금읍,중상사고,0,2,0,0,차대차 - 측면충돌,신호위반,건조,맑음,교차로 - 교차로안,승용,여,43세,상해없음,승용,여,52세,중상
2017042400100413,2017년 4월 24일 16시,월요일,경상남도 김해시 삼정동,경상사고,0,0,1,0,차대차 - 기타,안전운전불이행,건조,맑음,단일로 - 기타,승용,남,63세,상해없음,승용,남,51세,경상
2017042400100414,2017년 4월 24일 16시,월요일,경상남도 거제시 고현동,중상사고,0,4,0,0,차대차 - 추돌,안전운전불이행,건조,맑음,단일로 - 기타,승합,남,56세,상해없음,승합,남,44세,중상
2017042400100450,2017년 4월 24일 17시,월요일,경상남도 창원시 진해구 여좌동,경상사고,0,0,1,0,차대차 - 측면충돌,교차로운행방법위반,건조,맑음,교차로 - 교차로부근,승용,여,57세,상해없음,원동기,남,81세,경상
2017042400100451,2017년 4월 24일 17시,월요일,경상남도 사천시 용현면,중상사고,0,1,0,0,차대사람 - 횡단중,안전운전불이행,건조,맑음,단일로 - 기타,승합,여,50세,상해없음,보행자,남,4세,중상
2017042400100452,2017년 4월 24일 17시,월요일,경상남도 고성군 회화면,경상사고,0,0,1,0,차대차 - 측면충돌,신호위반,건조,맑음,교차로 - 교차로안,승용,여,66세,상해없음,승용,여,38세,경상
2017042400100453,2017년 4월 24일 17시,월요일,경상남도 거제시 연초면,경상사고,0,0,1,0,차대차 - 기타,안전운전불이행,건조,맑음,교차로 - 교차로안,승용,남,39세,상해없음,승용,남,21세,경상
2017042400100454,2017년 4월 24일 17시,월요일,경상남도 남해군 창선면,경상사고,0,0,1,0,차대차 - 측면충돌,안전운전불이행,건조,맑음,단일로 - 기타,화물,남,67세,상해없음,승용,여,35세,경상
2017042400100455,2017년 4월 24일 17시,월요일,경상남도 함안군 가야읍,중상사고,0,1,0,0,차대차 - 측면충돌,안전운전불이행,건조,맑음,교차로 - 교차로안,승용,남,44세,상해없음,승용,남,59세,중상
2017042400100490,2017년 4월 24일 18시,월요일,경상남도 함안군 가야읍,경상사고,0,0,1,0,차대차 - 기타,안전운전불이행,건조,맑음,교차로 - 교차로부근,승용,남,42세,상해없음,승용,남,31세,경상
2017042400100491,2017년 4월 24일 18시,월요일,경상남도 창원시 의창구 동읍,경상사고,0,0,1,0,차대차 - 측면충돌,중앙선침범,건조,맑음,단일로 - 기타,승용,여,57세,상해없음,화물,남,59세,경상
2017042400100529,2017년 4월 24일 19시,월요일,경상남도 김해시 대동면,중상사고,0,1,0,0,차대차 - 정면충돌,중앙선침범,건조,맑음,단일로 - 기타,승용,남,45세,상해없음,승용,남,45세,중상
2017042400100530,2017년 4월 24일 19시,월요일,경상남도 거제시 고현동,경상사고,0,0,1,0,차대차 - 기타,안전운전불이행,건조,맑음,교차로 - 교차로부근,승합,남,46세,상해없음,자전거,남,18세,경상
2017042400100531,2017년 4월 24일 19시,월요일,경상남도 남해군 이동면,중상사고,0,1,0,0,차대차 - 측면충돌,안전운전불이행,건조,맑음,단일로 - 기타,화물,남,59세,상해없음,화물,남,62세,중상
2017042400100532,2017년 4월 24일 19시,월요일,경상남도 창원시 마산회원구 합성동,중상사고,0,1,0,0,차대차 - 기타,안전운전불이행,건조,맑음,단일로 - 기타,승용,남,48세,상해없음,이륜,남,74세,중상
2017042400100562,2017년 4월 24일 20시,월요일,경상남도 창원시 마산합포구 서성동,중상사고,0,1,0,0,차대차 - 측면충돌,신호위반,건조,맑음,단일로 - 기타,승용,여,33세,상해없음,이륜,남,34세,중상
2017042400100563,2017년 4월 24일 20시,월요일,경상남도 김해시 부원동,경상사고,0,0,1,0,차대차 - 추돌,안전운전불이행,건조,맑음,단일로 - 기타,승용,여,57세,상해없음,승용,남,57세,경상
2017042400100564,2017년 4월 24일 20시,월요일,경상남도 김해시 구산동,경상사고,0,0,1,0,차대차 - 측면충돌,안전운전불이행,건조,맑음,단일로 - 기타,승용,여,61세,상해없음,승용,남,47세,상해없음
2017042400100565,2017년 4월 24일 20시,월요일,경상남도 김해시 신문동,중상사고,0,1,0,0,차대차 - 측면충돌,직진우회전진행방해,건조,맑음,교차로 - 교차로안,이륜,남,24세,상해없음,이륜,남,22세,중상
2017042400100590,2017년 4월 24일 21시,월요일,경상남도 창원시 마산합포구 진전면,중상사고,0,1,0,0,차대차 - 기타,안전운전불이행,건조,맑음,단일로 - 기타,승용,여,45세,상해없음,승용,여,32세,중상
2017042400100591,2017년 4월 24일 21시,월요일,경상남도 김해시 진영읍,중상사고,0,1,0,0,차대차 - 측면충돌,신호위반,건조,맑음,교차로 - 교차로안,승용,남,38세,상해없음,승용,여,39세,중상
2017042400100607,2017년 4월 24일 22시,월요일,경상남도 양산시 중부동,경상사고,0,0,1,0,차대차 - 측면충돌,안전운전불이행,건조,맑음,교차로 - 교차로안,승용,여,50세,상해없음,이륜,남,15세,경상
2017042400100624,2017년 4월 24일 23시,월요일,경상남도 합천군,경상사고,0,0,1,0,차대차 - 정면충돌,중앙선침범,건조,맑음,단일로 - 기타,승용,남,62세,상해없음,승용,여,53세,경상
2017042500100080,2017년 4월 25일 07시,화요일,경상남도 진주시 내동면,중상사고,0,1,0,0,차대사람 - 차도통행중,안전운전불이행,건조,맑음,기타 - 기타,승용,여,56세,상해없음,보행자,여,59세,중상
2017042500100081,2017년 4월 25일 07시,화요일,경상남도 사천시 사천읍,중상사고,0,1,0,0,차대사람 - 횡단중,신호위반,건조,맑음,교차로 - 교차로횡단보도내,승용,여,57세,상해없음,보행자,여,39세,중상
2017042500100082,2017년 4월 25일 07시,화요일,경상남도 김해시 삼계동,중상사고,0,1,0,0,차대사람 - 횡단중,안전운전불이행,건조,맑음,단일로 - 기타,화물,남,56세,상해없음,보행자,여,52세,중상
2017042500100083,2017년 4월 25일 07시,화요일,경상남도 김해시 내동,중상사고,0,1,0,0,차대차 - 기타,안전운전불이행,건조,맑음,교차로 - 교차로안,승용,여,52세,상해없음,자전거,여,18세,중상
2017042500100116,2017년 4월 25일 08시,화요일,경상남도 김해시 삼방동,경상사고,0,0,2,0,차대차 - 추돌,안전운전불이행,건조,맑음,단일로 - 기타,승용,남,42세,경상,승용,남,68세,경상
2017042500100152,2017년 4월 25일 09시,화요일,경상남도 창원시 의창구 북면,경상사고,0,0,1,0,차대차 - 측면충돌,차로위반,건조,맑음,단일로 - 기타,승용,남,76세,상해없음,승용,여,36세,경상
2017042500100178,2017년 4월 25일 10시,화요일,경상남도 함안군 칠원읍,중상사고,0,1,0,0,차대차 - 측면충돌,안전운전불이행,건조,맑음,교차로 - 교차로부근,원동기,남,63세,중상,승용,여,39세,상해없음
2017042500100179,2017년 4월 25일 10시,화요일,경상남도 창원시 성산구 웅남동,중상사고,0,1,0,0,차대차 - 측면충돌,신호위반,건조,맑음,교차로 - 교차로안,승용,여,31세,상해없음,승용,남,41세,중상
2017042500100196,2017년 4월 25일 11시,화요일,경상남도 통영시 항남동,중상사고,0,1,0,0,차대사람 - 횡단중,안전운전불이행,건조,맑음,교차로 - 교차로부근,이륜,남,23세,상해없음,보행자,여,74세,중상
2017042500100197,2017년 4월 25일 11시,화요일,경상남도 김해시 부원동,경상사고,0,0,1,0,차대사람 - 횡단중,안전운전불이행,건조,맑음,단일로 - 기타,승용,여,59세,상해없음,보행자,여,54세,경상
2017042500100198,2017년 4월 25일 11시,화요일,경상남도 의령군 용덕면,중상사고,0,1,0,0,차량단독 - 전도전복 - 전도,안전운전불이행,건조,맑음,단일로 - 기타,사륜오토바이(ATV),남,80세,상해없음,,,,
2017042500100262,2017년 4월 25일 13시,화요일,경상남도 양산시 덕계동,중상사고,0,1,0,0,차대사람 - 길가장자리구역통행중,안전운전불이행,건조,맑음,단일로 - 기타,화물,남,57세,상해없음,보행자,여,85세,중상
2017042500100293,2017년 4월 25일 14시,화요일,경상남도 창원시 진해구 자은동,중상사고,0,1,0,0,차대사람 - 횡단중,안전운전불이행,건조,맑음,단일로 - 기타,화물,남,31세,상해없음,보행자,여,61세,중상
2017042500100294,2017년 4월 25일 14시,화요일,경상남도 통영시 인평동,경상사고,0,0,1,0,차대차 - 정면충돌,중앙선침범,건조,흐림,단일로 - 기타,승용,여,51세,상해없음,화물,남,31세,경상
2017042500100295,2017년 4월 25일 14시,화요일,경상남도 통영시 문화동,경상사고,0,0,1,0,차대차 - 측면충돌,교차로운행방법위반,건조,맑음,교차로 - 교차로안,승용,남,57세,상해없음,이륜,남,63세,경상
2017042500100296,2017년 4월 25일 14시,화요일,경상남도 김해시 외동,경상사고,0,0,2,0,차대차 - 기타,안전운전불이행,건조,맑음,단일로 - 기타,이륜,남,16세,경상,승용,남,46세,상해없음
2017042500100297,2017년 4월 25일 14시,화요일,경상남도 양산시 남부동,중상사고,0,1,1,0,차대차 - 측면충돌,안전운전불이행,건조,흐림,단일로 - 교량,승용,남,23세,상해없음,승용,남,23세,경상
2017042500100330,2017년 4월 25일 15시,화요일,경상남도 진주시 평거동,경상사고,0,0,2,0,차대차 - 측면충돌,안전운전불이행,건조,맑음,단일로 - 기타,화물,남,54세,상해없음,승용,여,24세,경상
2017042500100365,2017년 4월 25일 16시,화요일,경상남도 김해시 한림면,경상사고,0,0,1,0,차대차 - 측면충돌,직진우회전진행방해,건조,맑음,교차로 - 교차로안,화물,남,51세,상해없음,화물,남,63세,경상
2017042500100392,2017년 4월 25일 17시,화요일,경상남도 김해시 안동,중상사고,0,1,0,0,차대사람 - 횡단중,안전운전불이행,건조,맑음,단일로 - 기타,승용,남,57세,상해없음,보행자,여,80세,중상
2017042500100393,2017년 4월 25일 17시,화요일,경상남도 창원시 성산구 성주동,부상신고사고,0,0,0,1,차대사람 - 보도통행중,안전운전불이행,건조,맑음,교차로 - 교차로부근,자전거,남,37세,상해없음,보행자,여,46세,부상신고
2017042500100394,2017년 4월 25일 17시,화요일,경상남도 창원시 의창구 팔용동,경상사고,0,0,1,0,차대사람 - 보도통행중,기타,건조,맑음,단일로 - 기타,화물,남,35세,상해없음,보행자,여,49세,경상
2017042500100395,2017년 4월 25일 17시,화요일,경상남도 창원시 의창구 북면,경상사고,0,0,2,0,차대차 - 기타,중앙선침범,건조,맑음,단일로 - 기타,승용,남,63세,상해없음,승용,여,35세,경상
2017042500100428,2017년 4월 25일 18시,화요일,경상남도 창원시 진해구 이동,중상사고,0,1,0,0,차대차 - 측면충돌,교차로운행방법위반,건조,맑음,교차로 - 교차로안,승용,남,58세,상해없음,원동기,남,39세,중상
2017042500100458,2017년 4월 25일 19시,화요일,경상남도 하동군 진교면,경상사고,0,0,2,0,차대차 - 추돌,안전운전불이행,건조,맑음,기타 - 기타,승용,남,75세,상해없음,승용,여,47세,경상
2017042500100459,2017년 4월 25일 19시,화요일,경상남도 창원시 마산회원구 구암동,경상사고,0,0,1,0,차대차 - 후진중충돌,안전운전불이행,건조,맑음,단일로 - 기타,승용,여,51세,상해없음,승용,남,34세,경상
2017042500100482,2017년 4월 25일 20시,화요일,경상남도 진주시 주약동,중상사고,0,1,0,0,차대사람 - 횡단중,안전운전불이행,건조,맑음,교차로 - 교차로안,승용,남,28세,상해없음,보행자,남,67세,중상