사고번호,사고일시,요일,시군구,사고내용,사망자수,중상자수,경상자수,부상신고자수,사고유형,법규위반,노면상태,기상상태,도로형태,가해운전자 차종,가해운전자 성별,가해운전자 연령,가해운전자 상해정도,피해운전자 차종,피해운전자 성별,피해운전자 연령,피해운전자 상해정도
2017042900100116,2017년 4월 29일 06시,토요일,경상남도 하동군 금남면,중상사고,0,2,0,0,차대차 - 측면충돌,신호위반,건조,맑음,교차로 - 교차로안,승용,남,23세,상해없음,화물,여,67세,상해없음
2017042900100117,2017년 4월 29일 06시,토요일,경상남도 창원시 성산구 성주동,중상사고,0,1,0,0,차대차 - 측면충돌,안전운전불이행,건조,맑음,단일로 - 기타,화물,여,50세,상해없음,자전거,남,46세,중상
2017042900100162,2017년 4월 29일 08시,토요일,경상남도 사천시 좌룡동,경상사고,0,0,1,0,차대차 - 측면충돌,안전운전불이행,건조,맑음,단일로 - 기타,승용,남,37세,상해없음,원동기,남,68세,경상
2017042900100194,2017년 4월 29일 09시,토요일,경상남도 진주시 상대동,중상사고,0,1,1,0,차대차 - 측면충돌,신호위반,건조,맑음,교차로 - 교차로안,승용,남,54세,상해없음,승용,남,56세,경상
2017042900100195,2017년 4월 29일 09시,토요일,경상남도 통영시 광도면,중상사고,0,1,0,0,차대차 - 측면충돌,직진우회전진행방해,건조,맑음,교차로 - 교차로안,화물,남,50세,상해없음,이륜,남,40세,중상
2017042900100196,2017년 4월 29일 09시,토요일,경상남도 밀양시 내이동,경상사고,0,0,2,0,차대차 - 측면충돌,교차로운행방법위반,건조,맑음,교차로 - 교차로안,승용,여,49세,상해없음,승용,남,77세,경상
2017042900100197,2017년 4월 29일 09시,토요일,경상남도 김해시 어방동,경상사고,0,0,1,0,차대차 - 측면충돌,안전거리미확보,건조,맑음,교차로 - 교차로안,승용,여,44세,상해없음,승용,남,51세,경상
2017042900100229,2017년 4월 29일 10시,토요일,경상남도 남해군 삼동면,중상사고,0,1,0,0,차대차 - 측면충돌,안전운전불이행,건조,맑음,교차로 - 교차로부근,사륜오토바이(ATV),여,56세,중상,승용,남,67세,상해없음
2017042900100258,2017년 4월 29일 11시,토요일,경상남도 진주시 문산읍,중상사고,0,1,0,0,차대차 - 기타,안전운전불이행,건조,맑음,단일로 - 기타,이륜,남,73세,중상,화물,남,52세,상해없음
2017042900100259,2017년 4월 29일 11시,토요일,경상남도 창원시 진해구 용원동,중상사고,0,1,0,0,차대사람 - 횡단중,보행자보호의무위반,건조,맑음,교차로 - 교차로안,화물,남,58세,상해없음,보행자,남,68세,중상
2017042900100260,2017년 4월 29일 11시,토요일,경상남도 통영시 용남면,경상사고,0,0,2,0,차대차 - 추돌,안전거리미확보,건조,맑음,교차로 - 교차로부근,화물,남,69세,상해없음,승용,남,42세,경상
2017042900100261,2017년 4월 29일 11시,토요일,경상남도 창원시 의창구 팔용동,경상사고,0,0,2,0,차대차 - 측면충돌,안전운전불이행,건조,맑음,단일로 - 기타,승용,남,32세,상해없음,승용,남,36세,상해없음
2017042900100262,2017년 4월 29일 11시,토요일,경상남도 진주시 내동면,경상사고,0,0,3,0,차대차 - 기타,안전운전불이행,건조,맑음,단일로 - 터널,승용,남,25세,상해없음,승용,여,24세,경상
2017042900100294,2017년 4월 29일 12시,토요일,경상남도 거제시 고현동,중상사고,0,1,2,0,차대차 - 추돌,안전운전불이행,건조,맑음,교차로 - 교차로부근,승용,여,44세,상해없음,승용,여,37세,경상
2017042900100337,2017년 4월 29일 13시,토요일,경상남도 사천시 용현면,경상사고,0,0,1,0,차대차 - 기타,안전운전불이행,건조,맑음,단일로 - 기타,기타불명,기타불명,미분류,기타불명,이륜,남,20세,경상
2017042900100374,2017년 4월 29일 14시,토요일,경상남도 밀양시 상남면,경상사고,0,0,1,0,차대차 - 측면충돌,안전운전불이행,건조,맑음,교차로 - 교차로안,특수,남,52세,상해없음,승용,남,33세,경상
2017042900100375,2017년 4월 29일 14시,토요일,경상남도 창원시 마산합포구 산호동,중상사고,0,1,4,0,차대차 - 추돌,안전운전불이행,건조,맑음,단일로 - 기타,승용,남,47세,상해없음,승용,남,34세,경상
2017042900100410,2017년 4월 29일 15시,토요일,경상남도 거제시 고현동,중상사고,0,1,0,0,차대사람 - 횡단중,안전운전불이행,건조,맑음,기타 - 기타,승용,여,52세,상해없음,보행자,남,47세,중상
2017042900100411,2017년 4월 29일 15시,토요일,경상남도 창원시 성산구 중앙동,중상사고,0,1,1,0,차대차 - 추돌,안전운전불이행,건조,맑음,단일로 - 기타,화물,남,53세,상해없음,승용,여,34세,중상
2017042900100462,2017년 4월 29일 16시,토요일,경상남도 창원시 마산합포구 진전면,중상사고,0,1,0,0,차대차 - 추돌,안전운전불이행,건조,맑음,기타 - 기타,이륜,남,54세,중상,승용,남,44세,상해없음
2017042900100463,2017년 4월 29일 16시,토요일,경상남도 김해시 봉황동,경상사고,0,0,1,0,차대사람 - 길가장자리구역통행중,안전운전불이행,건조,맑음,단일로 - 기타,승용,남,51세,상해없음,보행자,남,25세,경상
2017042900100464,2017년 4월 29일 16시,토요일,경상남도 김해시 삼정동,경상사고,0,0,1,0,차대사람 - 기타,안전운전불이행,건조,맑음,교차로 - 교차로안,승용,여,39세,상해없음,보행자,남,56세,경상
2017042900100465,2017년 4월 29일 16시,토요일,경상남도 하동군 화개면,경상사고,0,0,1,0,차대사람 - 차도통행중,안전운전불이행,건조,맑음,주차장 - 주차장,승용,남,64세,상해없음,보행자,남,54세,경상
2017042900100504,2017년 4월 29일 17시,토요일,경상남도 통영시 미수동,중상사고,0,1,0,0,차대사람 - 횡단중,보행자보호의무위반,건조,맑음,단일로 - 기타,승용,남,35세,상해없음,보행자,남,58세,중상
2017042900100505,2017년 4월 29일 17시,토요일,경상남도 거제시 둔덕면,경상사고,0,0,5,0,차대차 - 기타,안전운전불이행,건조,맑음,기타 - 기타,화물,남,56세,상해없음,승용,여,32세,경상
2017042900100506,2017년 4월 29일 17시,토요일,경상남도 의령군 부림면,중상사고,0,2,0,0,차대차 - 측면충돌,중앙선침범,건조,맑음,단일로 - 기타,사륜오토바이(ATV),남,72세,중상,승용,남,64세,상해없음
2017042900100507,2017년 4월 29일 17시,토요일,경상남도 김해시 삼문동,경상사고,0,0,1,0,차대차 - 측면충돌,안전운전불이행,건조,맑음,단일로 - 기타,승용,여,36세,상해없음,이륜,남,39세,경상
2017042900100548,2017년 4월 29일 18시,토요일,경상남도 창원시 진해구 용원동,경상사고,0,0,2,0,차대차 - 측면충돌,중앙선침범,건조,맑음,단일로 - 기타,승용,남,60세,상해없음,승용,남,38세,경상
2017042900100549,2017년 4월 29일 18시,토요일,경상남도 창녕군 창녕읍,부상신고사고,0,0,0,1,차량단독 - 전도전복,안전운전불이행,건조,맑음,교차로 - 교차로부근,이륜,남,68세,부상신고,미분류,미분류,미분류,미분류
2017042900100578,2017년 4월 29일 19시,토요일,경상남도 김해시 율하동,중상사고,0,1,0,0,차대차 - 측면충돌,안전운전불이행,건조,맑음,단일로 - 기타,화물,남,66세,상해없음,이륜,남,18세,중상
2017042900100611,2017년 4월 29일 20시,토요일,경상남도 창원시 마산합포구 월남동3가,경상사고,0,0,2,0,차대차 - 추돌,안전운전불이행,건조,맑음,교차로 - 교차로부근,승용,남,46세,상해없음,승용,남,26세,경상
2017042900100612,2017년 4월 29일 20시,토요일,경상남도 진주시 금산면,중상사고,0,1,1,0,차대사람 - 횡단중,보행자보호의무위반,건조,맑음,교차로 - 교차로횡단보도내,승용,여,59세,상해없음,보행자,여,60세,중상
2017042900100613,2017년 4월 29일 20시,토요일,경상남도 밀양시 가곡동,중상사고,0,1,0,0,차대차 - 추돌,안전운전불이행,건조,맑음,교차로 - 교차로부근,승용,남,24세,상해없음,승용,여,62세,중상
2017042900100614,2017년 4월 29일 20시,토요일,경상남도 양산시 덕계동,중상사고,0,1,0,0,차대사람 - 길가장자리구역통행중,안전운전불이행,건조,맑음,교차로 - 교차로부근,승용,남,30세,상해없음,보행자,여,70세,중상
2017042900100615,2017년 4월 29일 20시,토요일,경상남도 하동군 하동읍,사망사고,1,0,0,0,차대사람 - 횡단중,안전운전불이행,건조,맑음,기타 - 기타,화물,남,72세,상해없음,보행자,여,57세,사망
2017042900100616,2017년 4월 29일 20시,토요일,경상남도 창원시 성산구 가음동,경상사고,0,0,1,0,차대차 - 측면충돌,안전운전불이행,건조,맑음,교차로 - 교차로부근,승용,남,28세,상해없음,이륜,남,20세,경상
2017042900100643,2017년 4월 29일 21시,토요일,경상남도 양산시 물금읍,중상사고,0,1,0,0,차대차 - 측면충돌,교차로운행방법위반,건조,맑음,교차로 - 교차로안,승용,남,68세,상해없음,이륜,남,27세,중상
2017042900100644,2017년 4월 29일 21시,토요일,경상남도 거제시 옥포동,중상사고,0,1,0,0,차대차 - 기타,안전운전불이행,건조,맑음,주차장 - 주차장,승용,여,44세,상해없음,승용,여,48세,중상
2017042900100645,2017년 4월 29일 21시,토요일,경상남도 김해시 풍유동,경상사고,0,0,2,0,차대차 - 추돌,안전운전불이행,건조,맑음,교차로 - 교차로안,승용,여,64세,경상,승용,여,45세,경상
2017042900100666,2017년 4월 29일 22시,토요일,경상남도 양산시 남부동,경상사고,0,0,1,0,차대차 - 측면충돌,안전운전불이행,건조,맑음,단일로 - 기타,승용,남,57세,상해없음,이륜,남,23세,경상
2017043000100042,2017년 4월 30일 01시,일요일,경상남도 창원시 성산구 상남동,중상사고,0,1,0,0,차대차 - 측면충돌,안전운전불이행,건조,맑음,단일로 - 기타,승용,남,31세,상해없음,이륜,남,18세,중상
2017043000100087,2017년 4월 30일 06시,일요일,경상남도 거창군 주상면,중상사고,0,6,0,0,차대차 - 기타,기타,건조,맑음,단일로 - 기타,화물,남,54세,상해없음,화물,남,69세,중상
2017043000100095,2017년 4월 30일 07시,일요일,경상남도 산청군 시천면,경상사고,0,0,1,0,차대차 - 추돌,안전운전불이행,건조,맑음,단일로 - 기타,승용,남,29세,상해없음,승용,남,45세,경상
2017043000100110,2017년 4월 30일 08시,일요일,경상남도 김해시 대청동,중상사고,0,1,0,0,차대차 - 측면충돌,안전운전불이행,건조,맑음,단일로 - 기타,승합,남,55세,상해없음,자전거,남,47세,중상
2017043000100127,2017년 4월 30일 09시,일요일,경상남도 밀양시 삼랑진읍,중상사고,0,1,2,0,차대차 - 측면충돌,중앙선침범,건조,맑음,단일로 - 기타,승용,남,67세,상해없음,승용,남,53세,경상
2017043000100128,2017년 4월 30일 09시,일요일,경상남도 창녕군 이방면,중상사고,0,1,0,0,차량단독 - 전도전복,안전운전불이행,건조,맑음,단일로 - 기타,자전거,여,77세,중상,미분류,미분류,미분류,미분류
2017043000100129,2017년 4월 30일 09시,일요일,경상남도 남해군 설천면,중상사고,0,1,0,0,차대차 - 측면충돌,안전운전불이행,건조,맑음,교차로 - 교차로부근,승합,남,55세,상해없음,승용,남,32세,중상
2017043000100173,2017년 4월 30일 11시,일요일,경상남도 사천시 서포면,중상사고,0,1,1,0,차대차 - 측면충돌,중앙선침범,건조,맑음,단일로 - 기타,승용,여,59세,중상,화물,남,61세,경상
2017043000100174,2017년 4월 30일 11시,일요일,경상남도 양산시 물금읍,부상신고사고,0,0,0,1,차대차 - 기타,기타,건조,맑음,단일로 - 기타,승용,여,32세,상해없음,승용,남,69세,부상신고
2017043000100175,2017년 4월 30일 11시,일요일,경상남도 창원시 마산회원구 내서읍,경상사고,0,0,2,0,차대차 - 측면충돌,안전운전불이행,건조,맑음,기타 - 기타,승용,남,63세,상해없음,승용,여,46세,경상
2017043000100176,2017년 4월 30일 11시,일요일,경상남도 김해시 부곡동,경상사고,0,0,2,0,차대차 - 측면충돌,신호위반,건조,맑음,교차로 - 교차로안,승용,남,20세,경상,승용,남,52세,경상
2017043000100203,2017년 4월 30일 12시,일요일,경상남도 진주시 하대동,중상사고,0,1,0,0,차대차 - 측면충돌,안전운전불이행,건조,맑음,교차로 - 교차로부근,화물,남,54세,상해없음,이륜,남,26세,중상
2017043000100204,2017년 4월 30일 12시,일요일,경상남도 김해시 대청동,중상사고,0,1,0,0,차대차 - 측면충돌,안전운전불이행,건조,맑음,단일로 - 기타,승용,남,48세,상해없음,원동기,남,38세,중상
2017043000100265,2017년 4월 30일 14시,일요일,경상남도 진주시 상대동,중상사고,0,1,0,0,차대차 - 기타,안전운전불이행,건조,맑음,단일로 - 기타,화물,여,55세,상해없음,자전거,남,81세,중상
2017043000100266,2017년 4월 30일 14시,일요일,경상남도 사천시 사천읍,부상신고사고,0,0,0,1,차대차 - 추돌,안전운전불이행,건조,맑음,교차로 - 교차로안,사륜오토바이(ATV),남,50세,부상신고,승용,여,56세,상해없음
2017043000100267,2017년 4월 30일 14시,일요일,경상남도 남해군 남면,중상사고,0,1,0,0,차대차 - 측면충돌,안전운전불이행,건조,맑음,단일로 - 기타,승용,남,42세,상해없음,승용,남,38세,중상
2017043000100296,2017년 4월 30일 15시,일요일,경상남도 창원시 마산합포구 진북면,중상사고,0,1,0,0,차대차 - 추돌,안전운전불이행,건조,맑음,교차로 - 교차로부근,승용,남,47세,상해없음,승용,남,36세,중상
2017043000100332,2017년 4월 30일 16시,일요일,경상남도 통영시 미수동,경상사고,0,0,1,0,차대차 - 측면충돌,신호위반,건조,맑음,교차로 - 교차로횡단보도내,승용,남,64세,상해없음,자전거,남,10세,경상
2017043000100333,2017년 4월 30일 16시,일요일,경상남도 통영시 도천동,경상사고,0,0,3,0,차대차 - 추돌,안전운전불이행,건조,맑음,단일로 - 기타,화물,남,51세,상해없음,승용,남,37세,경상
2017043000100334,2017년 4월 30일 16시,일요일,경상남도 남해군 창선면,경상사고,0,0,3,0,차대차 - 추돌,안전운전불이행,건조,맑음,단일로 - 기타,승용,여,55세,상해없음,승용,남,55세,경상
2017043000100367,2017년 4월 30일 17시,일요일,경상남도 고성군 고성읍,중상사고,0,1,0,0,차대차 - 기타,차로위반,건조,맑음,단일로 - 기타,이륜,남,52세,중상,승용,남,54세,상해없음
2017043000100368,2017년 4월 30일 17시,일요일,경상남도 거제시 사등면,경상사고,0,0,3,0,차대차 - 측면충돌,안전운전불이행,건조,맑음,단일로 - 기타,승용,남,43세,경상,승용,남,51세,상해없음
2017043000100388,2017년 4월 30일 18시,일요일,경상남도 창원시 마산합포구 진동면,경상사고,0,0,2,0,차대차 - 추돌,안전운전불이행,건조,맑음,단일로 - 기타,승용,남,18세,상해없음,승용,남,34세,상해없음
2017043000100415,2017년 4월 30일 19시,일요일,경상남도 양산시 북부동,경상사고,0,0,1,0,차대차 - 정면충돌,기타,건조,맑음,교차로 - 교차로안,승용,남,64세,상해없음,이륜,남,35세,경상
2017043000100448,2017년 4월 30일 20시,일요일,경상남도 김해시 내동,중상사고,0,1,0,0,차대사람 - 횡단중,안전운전불이행,건조,맑음,교차로 - 교차로부근,승용,남,41세,상해없음,보행자,남,55세,중상
2017043000100470,2017년 4월 30일 21시,일요일,경상남도 창원시 의창구 용동,경상사고,0,0,3,0,차대차 - 측면충돌,신호위반,건조,맑음,교차로 - 교차로안,승용,남,61세,상해없음,승용,남,23세,경상
2017043000100496,2017년 4월 30일 23시,일요일,경상남도 밀양시 산외면,중상사고,0,3,0,0,차대차 - 추돌,안전거리미확보,건조,맑음,단일로 - 기타,승용,남,40세,상해없음,승용,남,45세,중상
2017050100100029,2017년 5월 1일 01시,월요일,경상남도 고성군 고성읍,중상사고,0,2,0,0,차대차 - 측면충돌,신호위반,건조,맑음,교차로 - 교차로안,승용,남,22세,상해없음,승용,여,36세,중상
2017050100100039,2017년 5월 1일 02시,월요일,경상남도 김해시 관동동,중상사고,0,1,0,0,차대차 - 측면충돌,신호위반,건조,맑음,교차로 - 교차로안,화물,남,29세,상해없음,승용,남,48세,중상
2017050100100082,2017년 5월 1일 07시,월요일,경상남도 김해시 외동,경상사고,0,0,1,0,차대차 - 측면충돌,안전운전불이행,건조,맑음,교차로 - 교차로부근,승용,남,27세,상해없음,이륜,남,22세,경상
2017050100100083,2017년 5월 1일 07시,월요일,경상남도 거제시 고현동,경상사고,0,0,1,0,차대차 - 측면충돌,중앙선침범,건조,맑음,단일로 - 기타,승용,남,45세,상해없음,이륜,남,36세,경상
2017050100100110,2017년 5월 1일 08시,월요일,경상남도 합천군 합천읍,중상사고,0,1,0,0,차대사람 - 횡단중,안전운전불이행,건조,맑음,단일로 - 기타,이륜,남,74세,상해없음,보행자,여,86세,중상
2017050100100132,2017년 5월 1일 09시,월요일,경상남도 사천시 좌룡동,중상사고,0,2,3,0,차대차 - 측면충돌,신호위반,건조,맑음,교차로 - 교차로안,승용,여,51세,중상,화물,남,42세,경상
2017050100100133,2017년 5월 1일 09시,월요일,경상남도 양산시 원동면,경상사고,0,0,1,0,차대차 - 추돌,안전운전불이행,건조,맑음,단일로 - 기타,원동기,남,41세,경상,화물,남,57세,상해없음
2017050100100134,2017년 5월 1일 09시,월요일,경상남도 함안군 가야읍,중상사고,0,2,0,0,차대차 - 측면충돌,신호위반,건조,맑음,교차로 - 교차로안,승용,남,42세,상해없음,승용,여,57세,중상
2017050100100155,2017년 5월 1일 10시,월요일,경상남도 김해시 동상동,중상사고,0,1,1,0,차대차 - 측면충돌,안전운전불이행,건조,맑음,교차로 - 교차로안,승용,여,47세,상해없음,승용,남,73세,경상
2017050100100156,2017년 5월 1일 10시,월요일,경상남도 합천군 가회면,경상사고,0,0,1,0,차대차 - 측면충돌,교차로운행방법위반,건조,맑음,교차로 - 교차로안,화물,남,71세,상해없음,승용,남,31세,경상
2017050100100157,2017년 5월 1일 10시,월요일,경상남도 창녕군 고암면,중상사고,0,1,0,0,차대차 - 측면충돌,직진우회전진행방해,건조,맑음,교차로 - 교차로안,화물,남,47세,상해없음,원동기,남,20세,중상
2017050100100158,2017년 5월 1일 10시,월요일,경상남도 남해군 창선면,부상신고사고,0,0,0,1,차대차 - 추돌,안전운전불이행,건조,맑음,단일로 - 기타,원동기,남,84세,부상신고,화물,여,43세,상해없음
2017050100100159,2017년 5월 1일 10시,월요일,경상남도 창원시 의창구 팔용동,경상사고,0,0,1,0,차대차 - 측면충돌,안전운전불이행,건조,맑음,교차로 - 교차로부근,승용,남,50세,상해없음,자전거,남,78세,경상
2017050100100182,2017년 5월 1일 11시,월요일,경상남도 밀양시 내이동,중상사고,0,1,0,0,차대차 - 추돌,안전운전불이행,건조,맑음,단일로 - 기타,승용,여,67세,상해없음,자전거,남,76세,중상
2017050100100183,2017년 5월 1일 11시,월요일,경상남도 창녕군 대합면,경상사고,0,0,1,0,차대차 - 추돌,안전운전불이행,건조,맑음,단일로 - 기타,승용,남,77세,상해없음,농기계,남,65세,상해없음
2017050100100184,2017년 5월 1일 11시,월요일,경상남도 함양군 함양읍,부상신고사고,0,0,0,1,차대사람 - 횡단중,안전운전불이행,건조,맑음,단일로 - 기타,원동기,여,59세,상해없음,보행자,여,12세,부상신고
2017050100100185,2017년 5월 1일 11시,월요일,경상남도 거제시 고현동,중상사고,0,1,0,0,차대사람 - 횡단중,보행자보호의무위반,건조,맑음,교차로 - 교차로횡단보도내,화물,남,37세,상해없음,보행자,여,65세,중상
2017050100100186,2017년 5월 1일 11시,월요일,경상남도 거제시 일운면,중상사고,0,1,0,0,차대차 - 측면충돌,안전운전불이행,건조,맑음,단일로 - 기타,건설기계,남,23세,상해없음,이륜,남,51세,중상
2017050100100187,2017년 5월 1일 11시,월요일,경상남도 김해시 삼문동,경상사고,0,0,1,0,차대차 - 측면충돌,신호위반,건조,맑음,교차로 - 교차로안,승용,남,57세,상해없음,승용,남,35세,경상
2017050100100219,2017년 5월 1일 12시,월요일,경상남도 진주시 봉곡동,중상사고,0,1,0,0,차대사람 - 횡단중,보행자보호의무위반,건조,맑음,교차로 - 교차로횡단보도내,승용,남,74세,상해없음,보행자,여,65세,중상
2017050100100220,2017년 5월 1일 12시,월요일,경상남도 양산시 중부동,경상사고,0,0,1,0,차대차 - 정면충돌,중앙선침범,건조,맑음,단일로 - 기타,승용,남,50세,상해없음,승용,여,33세,경상
2017050100100221,2017년 5월 1일 12시,월요일,경상남도 산청군 산청읍,중상사고,0,1,0,0,차대사람 - 기타,안전운전불이행,건조,맑음,단일로 - 기타,화물,남,60세,상해없음,보행자,여,58세,중상
2017050100100222,2017년 5월 1일 12시,월요일,경상남도 김해시 진영읍,경상사고,0,0,1,0,차대차 - 정면충돌,중앙선침범,건조,맑음,단일로 - 기타,승용,남,51세,상해없음,승용,여,34세,경상
2017050100100332,2017년 5월 1일 15시,월요일,경상남도 창원시 진해구 경화동,중상사고,0,2,2,0,차대차 - 추돌,안전거리미확보,건조,맑음,교차로 - 교차로부근,승용,여,57세,중상,승용,남,63세,상해없음
2017050100100333,2017년 5월 1일 15시,월요일,경상남도 통영시 항남동,경상사고,0,0,4,0,차대차 - 추돌,안전운전불이행,건조,맑음,단일로 - 기타,승용,남,26세,상해없음,승용,남,52세,경상
2017050100100334,2017년 5월 1일 15시,월요일,경상남도 통영시 광도면,중상사고,0,1,0,0,차대사람 - 횡단중,보행자보호의무위반,건조,맑음,단일로 - 기타,승용,여,35세,상해없음,보행자,여,10세,중상
2017050100100335,2017년 5월 1일 15시,월요일,경상남도 김해시 내동,경상사고,0,0,1,0,차대차 - 측면충돌,안전운전불이행,건조,맑음,단일로 - 기타,승용,여,53세,상해없음,승용,여,42세,경상
2017050100100336,2017년 5월 1일 15시,월요일,경상남도 창원시 의창구 소계동,경상사고,0,0,2,0,차대차 - 기타,안전운전불이행,건조,맑음,단일로 - 기타,승용,여,47세,상해없음,승용,여,64세,경상
2017050100100380,2017년 5월 1일 16시,월요일,경상남도 통영시 북신동,경상사고,0,0,1,0,차량단독 - 기타,안전운전불이행,건조,맑음,단일로 - 기타,승합,남,55세,상해없음,,,,
2017050100100381,2017년 5월 1일 16시,월요일,경상남도 김해시 삼방동,경상사고,0,0,1,0,차대사람 - 횡단중,신호위반,건조,맑음,단일로 - 기타,승용,남,60세,상해없음,보행자,여,44세,경상
2017050100100382,2017년 5월 1일 16시,월요일,경상남도 김해시 삼계동,경상사고,0,0,1,0,차대사람 - 횡단중,안전운전불이행,건조,맑음,단일로 - 기타,승용,남,49세,기타불명,보행자,여,7세,경상
2017050100100410,2017년 5월 1일 17시,월요일,경상남도 김해시 삼계동,경상사고,0,0,1,1,차대차 - 정면충돌,안전운전불이행,건조,맑음,교차로 - 교차로안,승용,남,35세,부상신고,승용,남,70세,경상
2017050100100411,2017년 5월 1일 17시,월요일,경상남도 창녕군 유어면,경상사고,0,0,1,0,차대차 - 추돌,안전운전불이행,건조,맑음,단일로 - 기타,이륜,남,48세,경상,농기계,남,72세,기타불명
2017050100100412,2017년 5월 1일 17시,월요일,경상남도 거제시 장승포동,중상사고,0,1,1,0,차대차 - 측면충돌,안전거리미확보,건조,맑음,단일로 - 기타,승용,남,44세,상해없음,이륜,남,32세,중상
2017050100100413,2017년 5월 1일 17시,월요일,경상남도 김해시 부곡동,경상사고,0,0,1,0,차대차 - 측면충돌,안전운전불이행,건조,맑음,단일로 - 기타,자전거,남,21세,경상,승용,여,52세,상해없음
2017050100100486,2017년 5월 1일 19시,월요일,경상남도 밀양시 하남읍,경상사고,0,0,1,0,차대사람 - 길가장자리구역통행중,안전운전불이행,건조,맑음,기타 - 기타,기타불명,기타불명,미분류,기타불명,보행자,여,54세,경상
2017050100100517,2017년 5월 1일 20시,월요일,경상남도 김해시 어방동,경상사고,0,0,1,0,차대사람 - 횡단중,안전운전불이행,건조,맑음,교차로 - 교차로안,승용,남,43세,상해없음,보행자,남,32세,경상
2017050100100518,2017년 5월 1일 20시,월요일,경상남도 양산시 물금읍,중상사고,0,1,0,0,차대차 - 기타,신호위반,건조,맑음,교차로 - 교차로안,승용,여,53세,상해없음,이륜,남,33세,중상
2017050100100563,2017년 5월 1일 22시,월요일,경상남도 창원시 진해구 청안동,중상사고,0,1,0,0,차대차 - 측면충돌,안전운전불이행,건조,맑음,단일로 - 기타,승용,남,49세,상해없음,원동기,남,43세,중상
2017050200100033,2017년 5월 2일 01시,화요일,경상남도 김해시 내동,경상사고,0,0,1,1,차대차 - 추돌,안전운전불이행,건조,맑음,교차로 - 교차로부근,승용,남,62세,부상신고,승용,남,61세,경상
2017050200100034,2017년 5월 2일 01시,화요일,경상남도 창녕군 이방면,중상사고,0,1,0,0,차량단독 - 공작물충돌,안전운전불이행,건조,맑음,단일로 - 기타,화물,남,59세,중상,,,,
2017050200100057,2017년 5월 2일 04시,화요일,경상남도 창원시 의창구 동읍,경상사고,0,0,1,0,차대차 - 정면충돌,안전운전불이행,건조,맑음,단일로 - 기타,승용,남,37세,상해없음,승용,남,28세,경상
2017050200100066,2017년 5월 2일 05시,화요일,경상남도 창원시 마산합포구 장군동4가,부상신고사고,0,0,0,1,차대차 - 측면충돌,안전운전불이행,건조,맑음,교차로 - 교차로안,승용,남,57세,상해없음,자전거,남,73세,부상신고
2017050200100095,2017년 5월 2일 07시,화요일,경상남도 창원시 진해구 석동,경상사고,0,0,1,0,차대차 - 기타,안전운전불이행,건조,맑음,교차로 - 교차로안,승용,여,47세,경상,화물,남,45세,상해없음
2017050200100096,2017년 5월 2일 07시,화요일,경상남도 양산시 동면,중상사고,0,1,0,0,차대사람 - 기타,기타,건조,맑음,기타 - 기타,승용,여,56세,상해없음,보행자,여,56세,중상
2017050200100097,2017년 5월 2일 07시,화요일,경상남도 거제시 고현동,중상사고,0,1,0,0,차대차 - 측면충돌,안전거리미확보,건조,맑음,단일로 - 기타,이륜,남,30세,상해없음,자전거,남,15세,중상
2017050200100098,2017년 5월 2일 07시,화요일,경상남도 창원시 의창구 대원동,중상사고,0,1,1,0,차대차 - 정면충돌,중앙선침범,건조,맑음,단일로 - 기타,승용,여,50세,상해없음,승용,여,47세,중상
2017050200100099,2017년 5월 2일 07시,화요일,경상남도 창원시 의창구 대산면,중상사고,0,1,0,0,차대차 - 추돌,안전운전불이행,건조,맑음,단일로 - 기타,화물,남,40세,상해없음,화물,남,58세,기타불명
2017050200100133,2017년 5월 2일 08시,화요일,경상남도 통영시 서호동,경상사고,0,0,2,0,차대차 - 측면충돌,안전운전불이행,건조,맑음,단일로 - 기타,승용,여,60세,상해없음,승용,여,50세,경상
2017050200100134,2017년 5월 2일 08시,화요일,경상남도 양산시 동면,경상사고,0,0,1,0,차대사람 - 기타,기타,건조,맑음,단일로 - 기타,승합,남,57세,상해없음,보행자,여,56세,경상
2017050200100175,2017년 5월 2일 09시,화요일,경상남도 김해시 생림면,중상사고,0,1,4,0,차대차 - 기타,안전운전불이행,건조,맑음,단일로 - 기타,승용,남,69세,경상,화물,남,48세,경상
2017050200100176,2017년 5월 2일 09시,화요일,경상남도 김해시 주촌면,경상사고,0,0,1,0,차대차 - 측면충돌,직진우회전진행방해,건조,맑음,교차로 - 교차로안,승용,남,72세,상해없음,승용,남,39세,경상
2017050200100177,2017년 5월 2일 09시,화요일,경상남도 창원시 의창구 동읍,중상사고,0,1,0,0,차대사람 - 기타,기타,건조,맑음,기타 - 기타,특수,남,53세,상해없음,보행자,남,52세,중상
2017050200100197,2017년 5월 2일 10시,화요일,경상남도 창원시 마산합포구 산호동,경상사고,0,0,1,0,차대차 - 측면충돌,중앙선침범,건조,맑음,단일로 - 기타,승용,남,47세,상해없음,이륜,여,34세,경상
2017050200100198,2017년 5월 2일 10시,화요일,경상남도 창원시 의창구 봉곡동,경상사고,0,0,1,0,차대차 - 측면충돌,안전운전불이행,건조,맑음,교차로 - 교차로횡단보도내,승용,남,51세,상해없음,자전거,남,63세,경상
2017050200100199,2017년 5월 2일 10시,화요일,경상남도 김해시 삼문동,중상사고,0,1,0,0,차대차 - 측면충돌,안전거리미확보,건조,맑음,단일로 - 기타,건설기계,남,50세,상해없음,승용,남,36세,중상