사고번호,사고일시,요일,시군구,사고내용,사망자수,중상자수,경상자수,부상신고자수,사고유형,법규위반,노면상태,기상상태,도로형태,가해운전자 차종,가해운전자 성별,가해운전자 연령,가해운전자 상해정도,피해운전자 차종,피해운전자 성별,피해운전자 연령,피해운전자 상해정도
2017050200100216,2017년 5월 2일 11시,화요일,경상남도 진주시 상대동,중상사고,0,1,0,0,차대사람 - 횡단중,안전운전불이행,건조,맑음,단일로 - 기타,화물,남,36세,상해없음,보행자,남,18세,중상
2017050200100217,2017년 5월 2일 11시,화요일,경상남도 통영시 욕지면,경상사고,0,0,1,0,차대차 - 측면충돌,중앙선침범,건조,맑음,단일로 - 기타,이륜,남,55세,상해없음,화물,남,47세,상해없음
2017050200100218,2017년 5월 2일 11시,화요일,경상남도 양산시 물금읍,부상신고사고,0,0,0,1,차대사람 - 횡단중,안전운전불이행,건조,맑음,단일로 - 기타,승용,남,59세,상해없음,보행자,여,48세,부상신고
2017050200100219,2017년 5월 2일 11시,화요일,경상남도 김해시 흥동,중상사고,0,1,1,0,차대차 - 추돌,안전운전불이행,건조,맑음,단일로 - 기타,화물,남,53세,중상,화물,남,47세,경상
2017050200100257,2017년 5월 2일 12시,화요일,경상남도 김해시 신문동,경상사고,0,0,1,0,차대차 - 측면충돌,직진우회전진행방해,건조,맑음,교차로 - 교차로안,승용,여,33세,상해없음,이륜,남,38세,경상
2017050200100285,2017년 5월 2일 13시,화요일,경상남도 남해군 남면,중상사고,0,1,0,0,차대차 - 측면충돌,안전운전불이행,건조,맑음,교차로 - 교차로부근,승용,남,42세,상해없음,농기계,남,60세,상해없음
2017050200100312,2017년 5월 2일 14시,화요일,경상남도 창녕군 영산면,경상사고,0,0,1,0,차대차 - 측면충돌,안전운전불이행,건조,맑음,교차로 - 교차로안,승용,남,30세,상해없음,화물,남,73세,경상
2017050200100336,2017년 5월 2일 15시,화요일,경상남도 창원시 마산합포구 해운동,경상사고,0,0,3,0,차대차 - 기타,안전운전불이행,건조,맑음,단일로 - 기타,승용,여,58세,경상,화물,남,32세,상해없음
2017050200100337,2017년 5월 2일 15시,화요일,경상남도 사천시 용현면,중상사고,0,1,0,1,차대차 - 측면충돌,교차로운행방법위반,건조,맑음,교차로 - 교차로안,승용,여,36세,부상신고,승용,여,52세,중상
2017050200100338,2017년 5월 2일 15시,화요일,경상남도 거제시 상동동,경상사고,0,0,1,0,차대차 - 기타,신호위반,건조,맑음,교차로 - 교차로안,승용,남,59세,상해없음,승용,여,29세,경상
2017050200100339,2017년 5월 2일 15시,화요일,경상남도 함안군 대산면,중상사고,0,1,0,0,차대차 - 측면충돌,안전운전불이행,건조,맑음,교차로 - 교차로안,화물,남,39세,상해없음,이륜,남,84세,중상
2017050200100383,2017년 5월 2일 16시,화요일,경상남도 통영시 무전동,경상사고,0,0,2,0,차대차 - 추돌,안전운전불이행,건조,맑음,단일로 - 기타,승용,여,48세,상해없음,승용,여,54세,경상
2017050200100384,2017년 5월 2일 16시,화요일,경상남도 남해군 남해읍,경상사고,0,0,1,0,차대차 - 측면충돌,안전운전불이행,건조,맑음,교차로 - 교차로안,승용,남,60세,상해없음,원동기,여,24세,경상
2017050200100430,2017년 5월 2일 17시,화요일,경상남도 사천시 선구동,중상사고,0,1,0,0,차대차 - 측면충돌,안전운전불이행,건조,맑음,교차로 - 교차로안,자전거,남,70세,중상,승용,여,50세,상해없음
2017050200100431,2017년 5월 2일 17시,화요일,경상남도 사천시 사천읍,부상신고사고,0,0,0,1,차대차 - 측면충돌,안전운전불이행,건조,맑음,단일로 - 기타,승합,남,38세,상해없음,승용,남,43세,부상신고
2017050200100432,2017년 5월 2일 17시,화요일,경상남도 창녕군 대지면,중상사고,0,1,0,0,차대사람 - 길가장자리구역통행중,안전운전불이행,건조,맑음,교차로 - 교차로안,승합,남,54세,상해없음,보행자,여,75세,중상
2017050200100433,2017년 5월 2일 17시,화요일,경상남도 산청군 산청읍,부상신고사고,0,0,0,1,차대차 - 측면충돌,안전운전불이행,건조,맑음,단일로 - 기타,농기계,남,76세,부상신고,특수,남,46세,상해없음
2017050200100434,2017년 5월 2일 17시,화요일,경상남도 김해시 한림면,경상사고,0,0,2,0,차대차 - 측면충돌,안전운전불이행,건조,맑음,교차로 - 교차로부근,화물,남,52세,경상,승용,여,40세,경상
2017050200100481,2017년 5월 2일 18시,화요일,경상남도 양산시 삼호동,부상신고사고,0,0,0,1,차대차 - 기타,안전운전불이행,건조,맑음,기타 - 기타,자전거,남,12세,부상신고,승용,남,23세,상해없음
2017050200100498,2017년 5월 2일 19시,화요일,경상남도 김해시 대동면,중상사고,0,2,4,0,차대차 - 측면충돌,안전운전불이행,건조,맑음,단일로 - 터널,화물,남,37세,상해없음,승용,남,28세,중상
2017050200100514,2017년 5월 2일 19시,화요일,경상남도 양산시 물금읍,경상사고,0,0,1,0,차대차 - 측면충돌,신호위반,건조,맑음,교차로 - 교차로안,원동기,남,40세,경상,승용,남,31세,상해없음
2017050200100515,2017년 5월 2일 19시,화요일,경상남도 거제시 하청면,중상사고,0,1,0,0,차대차 - 기타,기타,건조,맑음,교차로 - 교차로안,승용,남,30세,상해없음,화물,남,46세,중상
2017050200100553,2017년 5월 2일 20시,화요일,경상남도 거창군 주상면,중상사고,0,1,1,0,차대차 - 기타,안전운전불이행,건조,맑음,단일로 - 기타,승용,남,57세,상해없음,농기계,남,38세,중상
2017050200100577,2017년 5월 2일 21시,화요일,경상남도 창원시 진해구 용원동,경상사고,0,0,1,0,차대차 - 측면충돌,신호위반,건조,맑음,교차로 - 교차로안,승용,남,39세,상해없음,특수,남,42세,경상
2017050200100578,2017년 5월 2일 21시,화요일,경상남도 통영시 광도면,경상사고,0,0,1,0,차대차 - 측면충돌,안전운전불이행,건조,맑음,교차로 - 교차로부근,승용,남,47세,상해없음,승용,남,47세,경상
2017050200100579,2017년 5월 2일 21시,화요일,경상남도 김해시 어방동,경상사고,0,0,1,0,차대차 - 추돌,안전운전불이행,건조,맑음,단일로 - 기타,이륜,남,22세,경상,승용,남,33세,상해없음
2017050200100580,2017년 5월 2일 21시,화요일,경상남도 거제시 고현동,경상사고,0,0,1,0,차대차 - 추돌,안전운전불이행,건조,맑음,교차로 - 교차로안,승용,남,63세,상해없음,승용,남,38세,경상
2017050200100601,2017년 5월 2일 22시,화요일,경상남도 창원시 마산합포구 월영동,경상사고,0,0,1,0,차대차 - 정면충돌,신호위반,건조,맑음,교차로 - 교차로안,승용,남,48세,상해없음,승용,남,58세,상해없음
2017050300100023,2017년 5월 3일 00시,수요일,경상남도 창원시 진해구 풍호동,중상사고,0,1,0,0,차대사람 - 횡단중,안전운전불이행,건조,맑음,단일로 - 기타,승용,남,43세,상해없음,보행자,남,47세,중상
2017050300100096,2017년 5월 3일 06시,수요일,경상남도 김해시 상동면,경상사고,0,0,1,0,차대차 - 기타,중앙선침범,건조,맑음,단일로 - 기타,승용,남,35세,상해없음,승용,남,62세,경상
2017050300100126,2017년 5월 3일 08시,수요일,경상남도 진주시 상대동,중상사고,0,2,1,0,차대차 - 측면충돌,안전운전불이행,건조,맑음,교차로 - 교차로안,승용,여,58세,상해없음,승용,남,60세,중상
2017050300100127,2017년 5월 3일 08시,수요일,경상남도 밀양시 삼문동,중상사고,0,2,1,0,차대차 - 측면충돌,교차로운행방법위반,건조,맑음,교차로 - 교차로안,승용,남,52세,상해없음,승용,남,49세,경상
2017050300100128,2017년 5월 3일 08시,수요일,경상남도 창원시 마산회원구 내서읍,경상사고,0,0,2,0,차대차 - 측면충돌,안전운전불이행,건조,맑음,단일로 - 기타,승용,남,41세,상해없음,승용,남,54세,경상
2017050300100153,2017년 5월 3일 09시,수요일,경상남도 김해시 진례면,중상사고,0,1,1,0,차대차 - 측면충돌,안전운전불이행,건조,맑음,교차로 - 교차로안,화물,남,50세,경상,승용,남,60세,중상
2017050300100171,2017년 5월 3일 10시,수요일,경상남도 사천시 사남면,중상사고,0,1,0,0,차대사람 - 횡단중,보행자보호의무위반,건조,맑음,교차로 - 교차로부근,화물,남,56세,상해없음,보행자,남,9세,중상
2017050300100172,2017년 5월 3일 10시,수요일,경상남도 밀양시 부북면,중상사고,0,1,0,0,차량단독 - 전도전복 - 전도,안전운전불이행,건조,맑음,교차로 - 교차로안,원동기,남,86세,중상,,,,
2017050300100173,2017년 5월 3일 10시,수요일,경상남도 의령군 용덕면,중상사고,0,1,0,0,차량단독 - 전도전복 - 전도,안전운전불이행,건조,맑음,단일로 - 기타,원동기,남,74세,상해없음,,,,
2017050300100202,2017년 5월 3일 11시,수요일,경상남도 창원시 성산구 남양동,경상사고,0,0,2,0,차대차 - 측면충돌,안전운전불이행,건조,맑음,교차로 - 교차로안,승용,여,62세,상해없음,승용,남,66세,경상
2017050300100231,2017년 5월 3일 12시,수요일,경상남도 통영시 봉평동,경상사고,0,0,1,0,차대사람 - 차도통행중,안전운전불이행,건조,맑음,단일로 - 기타,승용,여,57세,상해없음,보행자,여,36세,경상
2017050300100232,2017년 5월 3일 12시,수요일,경상남도 거제시 능포동,경상사고,0,0,1,0,차대차 - 정면충돌,교차로운행방법위반,건조,맑음,단일로 - 기타,승합,남,56세,상해없음,승용,남,34세,경상
2017050300100297,2017년 5월 3일 14시,수요일,경상남도 양산시 북부동,중상사고,0,2,0,0,차대차 - 기타,교차로운행방법위반,건조,맑음,교차로 - 교차로안,승용,남,55세,상해없음,승용,남,59세,중상
2017050300100298,2017년 5월 3일 14시,수요일,경상남도 하동군 화개면,경상사고,0,0,4,0,차대차 - 추돌,안전운전불이행,건조,맑음,기타 - 기타,승용,남,49세,상해없음,승용,남,55세,경상
2017050300100299,2017년 5월 3일 14시,수요일,경상남도 남해군 창선면,경상사고,0,0,1,0,차대차 - 추돌,안전운전불이행,건조,맑음,단일로 - 기타,승용,남,39세,상해없음,승용,여,51세,경상
2017050300100335,2017년 5월 3일 15시,수요일,경상남도 사천시 동동,부상신고사고,0,0,0,1,차대사람 - 횡단중,안전운전불이행,건조,맑음,주차장 - 주차장,승용,남,35세,상해없음,보행자,남,65세,부상신고
2017050300100336,2017년 5월 3일 15시,수요일,경상남도 김해시 생림면,경상사고,0,0,6,0,차대차 - 측면충돌,안전운전불이행,건조,맑음,교차로 - 교차로안,승용,여,43세,경상,승용,여,50세,경상
2017050300100337,2017년 5월 3일 15시,수요일,경상남도 함양군 서하면,중상사고,0,1,0,0,차대사람 - 횡단중,안전운전불이행,건조,맑음,단일로 - 기타,승용,남,52세,상해없음,보행자,여,8세,중상
2017050300100338,2017년 5월 3일 15시,수요일,경상남도 거제시 아주동,경상사고,0,0,1,0,차대차 - 추돌,안전거리미확보,건조,맑음,단일로 - 기타,승용,남,52세,상해없음,승용,남,67세,경상
2017050300100368,2017년 5월 3일 16시,수요일,경상남도 진주시 평거동,중상사고,0,1,0,0,차대차 - 측면충돌,차로위반,건조,맑음,단일로 - 기타,승용,여,55세,상해없음,원동기,남,45세,중상
2017050300100369,2017년 5월 3일 16시,수요일,경상남도 진주시 명석면,경상사고,0,0,1,0,차대차 - 측면충돌,중앙선침범,건조,맑음,단일로 - 기타,화물,남,39세,상해없음,승용,남,63세,경상
2017050300100370,2017년 5월 3일 16시,수요일,경상남도 양산시 동면,중상사고,0,2,0,1,차대차 - 측면충돌,신호위반,건조,맑음,교차로 - 교차로안,승용,남,46세,상해없음,승용,남,45세,중상
2017050300100388,2017년 5월 3일 17시,수요일,경상남도 밀양시 삼랑진읍,중상사고,0,2,1,0,차대차 - 측면충돌,안전운전불이행,건조,맑음,단일로 - 교량,승용,남,56세,상해없음,승용,여,43세,중상
2017050300100415,2017년 5월 3일 17시,수요일,경상남도 통영시 광도면,경상사고,0,0,2,0,차대사람 - 횡단중,안전운전불이행,건조,맑음,교차로 - 교차로부근,승합,남,52세,상해없음,보행자,남,11세,경상
2017050300100416,2017년 5월 3일 17시,수요일,경상남도 김해시 한림면,중상사고,0,1,0,0,차량단독 - 전도전복 - 전복,안전운전불이행,건조,맑음,단일로 - 기타,승용,남,64세,중상,,,,
2017050300100439,2017년 5월 3일 18시,수요일,경상남도 밀양시 초동면,중상사고,0,1,0,0,차대차 - 측면충돌,신호위반,건조,맑음,교차로 - 교차로안,승합,남,71세,상해없음,승용,남,52세,중상
2017050300100440,2017년 5월 3일 18시,수요일,경상남도 합천군 야로면,경상사고,0,0,1,0,차대차 - 측면충돌,중앙선침범,건조,맑음,단일로 - 기타,원동기,남,60세,경상,승용,남,42세,상해없음
2017050300100469,2017년 5월 3일 19시,수요일,경상남도 함양군 마천면,부상신고사고,0,0,0,1,차량단독 - 기타,안전운전불이행,건조,맑음,단일로 - 기타,승용,남,40세,부상신고,,,,
2017050300100470,2017년 5월 3일 19시,수요일,경상남도 창원시 마산회원구 회성동,중상사고,0,1,0,0,차대사람 - 횡단중,안전운전불이행,건조,맑음,단일로 - 기타,승용,남,68세,상해없음,보행자,여,69세,중상
2017050300100500,2017년 5월 3일 20시,수요일,경상남도 통영시 무전동,경상사고,0,0,1,0,차대사람 - 차도통행중,안전운전불이행,건조,맑음,단일로 - 기타,화물,남,55세,상해없음,보행자,남,73세,경상
2017050300100501,2017년 5월 3일 20시,수요일,경상남도 양산시 교동,중상사고,0,1,0,0,차대차 - 측면충돌,신호위반,건조,맑음,교차로 - 교차로안,승용,여,28세,상해없음,원동기,남,35세,중상
2017050300100502,2017년 5월 3일 20시,수요일,경상남도 양산시 평산동,경상사고,0,0,1,0,차대사람 - 기타,안전운전불이행,건조,맑음,단일로 - 기타,승용,남,65세,상해없음,보행자,남,47세,경상
2017050300100546,2017년 5월 3일 22시,수요일,경상남도 진주시 내동면,중상사고,0,1,0,0,차대사람 - 횡단중,보행자보호의무위반,건조,맑음,교차로 - 교차로부근,승용,남,32세,상해없음,보행자,남,47세,중상
2017050300100547,2017년 5월 3일 22시,수요일,경상남도 진주시 옥봉동,중상사고,0,1,0,0,차대차 - 추돌,차로위반,건조,맑음,단일로 - 기타,원동기,남,15세,중상,승용,남,31세,상해없음
2017050300100548,2017년 5월 3일 22시,수요일,경상남도 창원시 마산회원구 구암동,경상사고,0,0,1,0,차대차 - 측면충돌,신호위반,건조,맑음,교차로 - 교차로안,승용,남,25세,상해없음,승용,남,53세,경상
2017050300100565,2017년 5월 3일 23시,수요일,경상남도 창원시 마산합포구 신포동2가,경상사고,0,0,1,0,차대차 - 측면충돌,교차로운행방법위반,건조,맑음,교차로 - 교차로안,승용,남,38세,상해없음,승용,남,42세,경상
2017050400100021,2017년 5월 4일 00시,목요일,경상남도 통영시 태평동,중상사고,0,1,1,0,차대차 - 정면충돌,중앙선침범,건조,맑음,교차로 - 교차로부근,승용,남,52세,상해없음,자전거,남,19세,중상
2017050400100022,2017년 5월 4일 00시,목요일,경상남도 양산시 물금읍,경상사고,0,0,1,0,차대차 - 기타,안전운전불이행,건조,맑음,교차로 - 교차로횡단보도내,승용,남,25세,상해없음,자전거,여,37세,경상
2017050400100033,2017년 5월 4일 01시,목요일,경상남도 창원시 의창구 명서동,중상사고,0,1,0,0,차대차 - 측면충돌,신호위반,건조,맑음,교차로 - 교차로안,승용,남,46세,상해없음,승용,남,37세,중상
2017050400100034,2017년 5월 4일 01시,목요일,경상남도 김해시 진영읍,경상사고,0,0,1,0,차량단독 - 전도전복 - 전도,안전운전불이행,건조,맑음,단일로 - 기타,승합,남,35세,경상,,,,
2017050400100063,2017년 5월 4일 04시,목요일,경상남도 창원시 성산구 가음동,경상사고,0,0,1,0,차대차 - 측면충돌,중앙선침범,건조,맑음,단일로 - 기타,승용,남,38세,상해없음,승용,남,52세,경상
2017050400100071,2017년 5월 4일 05시,목요일,경상남도 김해시 내동,경상사고,0,0,2,0,차대차 - 기타,안전운전불이행,건조,맑음,단일로 - 기타,승용,남,36세,상해없음,승용,남,48세,경상
2017050400100088,2017년 5월 4일 06시,목요일,경상남도 함안군 대산면,중상사고,0,1,0,0,차대차 - 측면충돌,교차로운행방법위반,건조,맑음,교차로 - 교차로안,승용,여,57세,상해없음,자전거,남,79세,중상
2017050400100165,2017년 5월 4일 09시,목요일,경상남도 김해시 구산동,경상사고,0,0,1,0,차대차 - 측면충돌,신호위반,건조,맑음,교차로 - 교차로안,승용,여,50세,상해없음,승용,남,65세,경상
2017050400100166,2017년 5월 4일 09시,목요일,경상남도 창원시 의창구 소답동,중상사고,0,1,0,0,차대사람 - 횡단중,보행자보호의무위반,건조,맑음,교차로 - 교차로안,승합,남,56세,상해없음,보행자,남,49세,중상
2017050400100203,2017년 5월 4일 10시,목요일,경상남도 진주시 유곡동,중상사고,0,2,0,0,차대차 - 측면충돌,안전운전불이행,건조,맑음,교차로 - 교차로안,승용,남,43세,상해없음,승용,남,50세,중상
2017050400100204,2017년 5월 4일 10시,목요일,경상남도 고성군 고성읍,중상사고,0,1,0,0,차대사람 - 기타,안전운전불이행,건조,맑음,단일로 - 기타,승용,남,65세,상해없음,보행자,여,65세,중상
2017050400100205,2017년 5월 4일 10시,목요일,경상남도 하동군 악양면,경상사고,0,0,1,0,차대차 - 측면충돌,안전운전불이행,건조,맑음,교차로 - 교차로안,사륜오토바이(ATV),여,70세,경상,승용,여,23세,상해없음
2017050400100236,2017년 5월 4일 11시,목요일,경상남도 창녕군 대지면,중상사고,0,1,1,0,차대차 - 추돌,안전운전불이행,건조,맑음,교차로 - 교차로부근,승용,남,34세,상해없음,승용,여,54세,경상
2017050400100237,2017년 5월 4일 11시,목요일,경상남도 거제시 연초면,경상사고,0,0,1,0,차대차 - 기타,안전거리미확보,건조,맑음,교차로 - 교차로부근,승용,여,39세,상해없음,이륜,남,42세,경상
2017050400100302,2017년 5월 4일 13시,목요일,경상남도 거창군 거창읍,사망사고,1,0,0,0,차대차 - 기타,안전거리미확보,건조,맑음,교차로 - 교차로부근,자전거,남,88세,사망,화물,남,25세,상해없음
2017050400100303,2017년 5월 4일 13시,목요일,경상남도 양산시 삼호동,부상신고사고,0,0,0,1,차대사람 - 기타,안전운전불이행,건조,맑음,단일로 - 기타,승합,남,45세,상해없음,보행자,남,85세,부상신고
2017050400100345,2017년 5월 4일 14시,목요일,경상남도 고성군 고성읍,경상사고,0,0,1,0,차대사람 - 횡단중,안전운전불이행,건조,맑음,교차로 - 교차로안,화물,남,70세,상해없음,보행자,여,63세,경상
2017050400100380,2017년 5월 4일 15시,목요일,경상남도 통영시 항남동,중상사고,0,1,0,0,차대사람 - 횡단중,보행자보호의무위반,건조,맑음,단일로 - 기타,승용,여,55세,상해없음,보행자,여,56세,중상
2017050400100417,2017년 5월 4일 16시,목요일,경상남도 창원시 마산합포구 진동면,중상사고,0,1,0,0,차량단독 - 기타,기타,건조,맑음,단일로 - 기타,승합,남,56세,상해없음,,,,
2017050400100418,2017년 5월 4일 16시,목요일,경상남도 진주시 강남동,중상사고,0,1,0,0,차대사람 - 기타,기타,건조,맑음,단일로 - 기타,승용,남,37세,상해없음,보행자,남,43세,중상
2017050400100419,2017년 5월 4일 16시,목요일,경상남도 김해시 대청동,중상사고,0,1,1,1,차대차 - 측면충돌,교차로운행방법위반,건조,맑음,교차로 - 교차로안,승용,남,35세,부상신고,승용,여,41세,경상
2017050400100491,2017년 5월 4일 18시,목요일,경상남도 창원시 마산합포구 상남동,경상사고,0,0,1,0,차대차 - 측면충돌,안전거리미확보,건조,맑음,교차로 - 교차로부근,승용,남,50세,상해없음,승용,남,30세,경상
2017050400100492,2017년 5월 4일 18시,목요일,경상남도 남해군 삼동면,중상사고,0,1,0,0,차대사람 - 기타,안전운전불이행,건조,맑음,단일로 - 기타,승용,여,58세,상해없음,보행자,남,71세,중상
2017050400100529,2017년 5월 4일 19시,목요일,경상남도 거제시 아주동,중상사고,0,1,0,0,차대차 - 기타,안전운전불이행,건조,맑음,교차로 - 교차로안,승용,남,25세,상해없음,이륜,남,21세,중상
2017050400100530,2017년 5월 4일 19시,목요일,경상남도 창원시 마산합포구 산호동,경상사고,0,0,2,0,차대차 - 추돌,안전운전불이행,건조,맑음,교차로 - 교차로부근,승용,남,51세,상해없음,승용,남,35세,경상
2017050400100531,2017년 5월 4일 19시,목요일,경상남도 김해시 한림면,중상사고,0,1,0,0,차대차 - 추돌,안전운전불이행,건조,맑음,교차로 - 교차로부근,화물,남,64세,중상,화물,남,39세,기타불명
2017050400100590,2017년 5월 4일 21시,목요일,경상남도 진주시 내동면,중상사고,0,2,0,0,차대차 - 정면충돌,중앙선침범,젖음/습기,맑음,단일로 - 기타,승용,여,61세,상해없음,화물,남,51세,상해없음
2017050400100591,2017년 5월 4일 21시,목요일,경상남도 창녕군 대지면,중상사고,0,1,0,0,차대사람 - 횡단중,안전운전불이행,건조,맑음,단일로 - 기타,승용,남,21세,상해없음,보행자,남,55세,중상
2017050400100592,2017년 5월 4일 21시,목요일,경상남도 거제시 연초면,경상사고,0,0,4,0,차대차 - 추돌,안전거리미확보,건조,맑음,단일로 - 기타,승용,여,49세,상해없음,승용,남,57세,경상
2017050400100630,2017년 5월 4일 23시,목요일,경상남도 김해시 장유동,경상사고,0,0,1,0,차대차 - 측면충돌,안전거리미확보,젖음/습기,비,단일로 - 기타,승용,여,44세,상해없음,승용,여,41세,경상
2017050400100641,2017년 5월 4일 23시,목요일,경상남도 거제시 고현동,경상사고,0,0,1,0,차대차 - 추돌,안전거리미확보,건조,맑음,교차로 - 교차로부근,승용,여,43세,상해없음,승용,여,54세,경상
2017050500100025,2017년 5월 5일 00시,금요일,경상남도 김해시 외동,경상사고,0,0,1,0,차대사람 - 횡단중,불법유턴,건조,맑음,교차로 - 교차로안,승용,남,43세,상해없음,보행자,남,28세,경상
2017050500100081,2017년 5월 5일 05시,금요일,경상남도 양산시 삼호동,중상사고,0,1,2,1,차대차 - 측면충돌,교차로운행방법위반,건조,맑음,교차로 - 교차로안,승용,남,36세,상해없음,승용,남,39세,경상
2017050500100094,2017년 5월 5일 06시,금요일,경상남도 통영시 항남동,경상사고,0,0,1,0,차대차 - 추돌,안전운전불이행,젖음/습기,비,단일로 - 기타,승용,남,15세,상해없음,화물,남,47세,상해없음
2017050500100106,2017년 5월 5일 07시,금요일,경상남도 거제시 상동동,경상사고,0,0,2,0,차대차 - 기타,안전운전불이행,건조,맑음,교차로 - 교차로부근,승용,남,46세,상해없음,승용,남,49세,경상
2017050500100136,2017년 5월 5일 09시,금요일,경상남도 김해시 대동면,경상사고,0,0,1,0,차대차 - 기타,안전운전불이행,건조,맑음,단일로 - 기타,승용,남,65세,상해없음,승용,여,43세,경상
2017050500100149,2017년 5월 5일 09시,금요일,경상남도 창원시 성산구 성주동,경상사고,0,0,2,0,차대차 - 측면충돌,안전운전불이행,젖음/습기,비,교차로 - 교차로부근,화물,남,33세,기타불명,승용,여,63세,상해없음
2017050500100168,2017년 5월 5일 10시,금요일,경상남도 거제시 양정동,중상사고,0,1,1,0,차대차 - 추돌,안전운전불이행,건조,맑음,단일로 - 기타,화물,남,67세,중상,화물,남,53세,경상
2017050500100169,2017년 5월 5일 10시,금요일,경상남도 김해시 흥동,중상사고,0,1,1,0,차대차 - 추돌,안전운전불이행,젖음/습기,맑음,교차로 - 교차로부근,화물,남,44세,상해없음,승용,남,61세,경상
2017050500100175,2017년 5월 5일 11시,금요일,경상남도 김해시 대동면,경상사고,0,0,1,0,차대차 - 추돌,안전운전불이행,건조,맑음,단일로 - 기타,화물,남,60세,상해없음,화물,남,36세,경상
2017050500100223,2017년 5월 5일 12시,금요일,경상남도 진주시 가좌동,사망사고,1,1,0,0,차대차 - 추돌,안전운전불이행,젖음/습기,비,단일로 - 기타,화물,여,52세,사망,승합,남,53세,상해없음
2017050500100224,2017년 5월 5일 12시,금요일,경상남도 양산시 북정동,중상사고,0,1,0,1,차대차 - 정면충돌,신호위반,젖음/습기,흐림,교차로 - 교차로안,승용,남,36세,상해없음,승용,여,35세,중상
2017050500100225,2017년 5월 5일 12시,금요일,경상남도 거제시 동부면,경상사고,0,0,1,0,차대차 - 기타,중앙선침범,건조,맑음,단일로 - 기타,승용,남,42세,기타불명,승용,남,29세,경상
2017050500100226,2017년 5월 5일 12시,금요일,경상남도 창원시 마산회원구 구암동,경상사고,0,0,2,0,차대차 - 측면충돌,신호위반,건조,맑음,교차로 - 교차로안,승용,남,19세,상해없음,승용,남,33세,경상
2017050500100255,2017년 5월 5일 13시,금요일,경상남도 양산시 하북면,경상사고,0,0,2,0,차대차 - 정면충돌,중앙선침범,건조,맑음,단일로 - 기타,승용,남,56세,상해없음,승용,여,54세,경상
2017050500100284,2017년 5월 5일 14시,금요일,경상남도 통영시 광도면,경상사고,0,0,1,0,차대사람 - 기타,기타,건조,맑음,기타 - 기타,화물,남,45세,상해없음,보행자,여,39세,경상
2017050500100285,2017년 5월 5일 14시,금요일,경상남도 밀양시 단장면,중상사고,0,1,0,0,차대사람 - 횡단중,안전운전불이행,건조,맑음,단일로 - 기타,승용,남,61세,상해없음,보행자,여,70세,중상
2017050500100315,2017년 5월 5일 15시,금요일,경상남도 창원시 진해구 여좌동,부상신고사고,0,0,0,1,차량단독 - 기타,안전운전불이행,건조,맑음,단일로 - 기타,승용,남,59세,부상신고,,,,
2017050500100316,2017년 5월 5일 15시,금요일,경상남도 밀양시 삼문동,중상사고,0,1,0,0,차대사람 - 횡단중,보행자보호의무위반,젖음/습기,비,교차로 - 교차로횡단보도내,승용,남,67세,상해없음,보행자,여,17세,중상
2017050500100317,2017년 5월 5일 15시,금요일,경상남도 김해시 불암동,경상사고,0,0,6,0,차대차 - 추돌,안전운전불이행,건조,맑음,단일로 - 기타,승용,남,44세,경상,승용,남,40세,경상
2017050500100318,2017년 5월 5일 15시,금요일,경상남도 양산시 교동,부상신고사고,0,0,0,2,차대차 - 추돌,안전운전불이행,건조,맑음,교차로 - 교차로안,승용,남,78세,상해없음,승용,남,35세,부상신고
2017050500100355,2017년 5월 5일 16시,금요일,경상남도 고성군 하일면,경상사고,0,0,2,0,차대차 - 측면충돌,기타,젖음/습기,비,교차로 - 교차로안,승용,남,62세,상해없음,승용,남,35세,경상
2017050500100356,2017년 5월 5일 16시,금요일,경상남도 산청군 산청읍,중상사고,0,1,0,0,차대차 - 측면충돌,교차로운행방법위반,건조,맑음,교차로 - 교차로안,화물,남,65세,상해없음,농기계,남,74세,중상
2017050500100396,2017년 5월 5일 17시,금요일,경상남도 고성군 마암면,중상사고,0,1,0,0,차대차 - 추돌,안전운전불이행,젖음/습기,비,교차로 - 교차로부근,승용,남,70세,상해없음,승용,남,39세,상해없음
2017050500100426,2017년 5월 5일 18시,금요일,경상남도 진주시 호탄동,중상사고,0,1,1,0,차대차 - 측면충돌,직진우회전진행방해,젖음/습기,비,교차로 - 교차로안,승용,남,48세,상해없음,이륜,남,47세,중상
2017050500100427,2017년 5월 5일 18시,금요일,경상남도 밀양시 상남면,경상사고,0,0,1,0,차대차 - 측면충돌,교차로운행방법위반,젖음/습기,비,교차로 - 교차로안,기타불명,기타불명,미분류,기타불명,승용,여,51세,경상
2017050500100428,2017년 5월 5일 18시,금요일,경상남도 김해시 대성동,경상사고,0,0,1,0,차대차 - 기타,교차로운행방법위반,젖음/습기,비,교차로 - 교차로안,승용,남,27세,상해없음,승용,남,41세,경상
2017050500100429,2017년 5월 5일 18시,금요일,경상남도 함양군 함양읍,부상신고사고,0,0,0,1,차대차 - 측면충돌,교차로운행방법위반,젖음/습기,비,교차로 - 교차로안,승용,남,29세,부상신고,승합,남,59세,상해없음
2017050500100430,2017년 5월 5일 18시,금요일,경상남도 창원시 성산구 상남동,중상사고,0,1,0,0,차대차 - 기타,안전운전불이행,젖음/습기,흐림,단일로 - 기타,승용,남,54세,상해없음,원동기,남,38세,중상