사고번호,사고일시,요일,시군구,사고내용,사망자수,중상자수,경상자수,부상신고자수,사고유형,법규위반,노면상태,기상상태,도로형태,가해운전자 차종,가해운전자 성별,가해운전자 연령,가해운전자 상해정도,피해운전자 차종,피해운전자 성별,피해운전자 연령,피해운전자 상해정도
2017050500100455,2017년 5월 5일 19시,금요일,경상남도 양산시 북정동,경상사고,0,0,1,0,차대사람 - 횡단중,중앙선침범,젖음/습기,비,단일로 - 기타,승용,남,51세,상해없음,보행자,남,47세,경상
2017050500100456,2017년 5월 5일 19시,금요일,경상남도 거제시 연초면,경상사고,0,0,1,0,차대차 - 추돌,안전운전불이행,젖음/습기,비,교차로 - 교차로부근,화물,남,46세,상해없음,승용,여,27세,경상
2017050500100457,2017년 5월 5일 19시,금요일,경상남도 창원시 성산구 상남동,경상사고,0,0,1,0,차대사람 - 횡단중,안전운전불이행,젖음/습기,비,교차로 - 교차로부근,이륜,남,19세,상해없음,보행자,남,18세,경상
2017050500100458,2017년 5월 5일 19시,금요일,경상남도 창원시 의창구 도계동,경상사고,0,0,1,0,차대사람 - 횡단중,안전운전불이행,건조,맑음,단일로 - 기타,이륜,남,29세,상해없음,보행자,남,55세,경상
2017050500100459,2017년 5월 5일 19시,금요일,경상남도 창원시 의창구 봉곡동,부상신고사고,0,0,0,1,차대사람 - 횡단중,안전운전불이행,건조,맑음,단일로 - 기타,이륜,남,49세,부상신고,보행자,기타불명,미분류,기타불명
2017050500100493,2017년 5월 5일 20시,금요일,경상남도 사천시 용현면,경상사고,0,0,1,0,차대차 - 추돌,안전운전불이행,젖음/습기,비,기타 - 기타,승용,여,45세,상해없음,승용,여,31세,경상
2017050500100494,2017년 5월 5일 20시,금요일,경상남도 거제시 수월동,중상사고,0,1,1,0,차대차 - 추돌,안전운전불이행,젖음/습기,흐림,단일로 - 기타,승용,남,55세,상해없음,승용,여,24세,경상
2017050500100495,2017년 5월 5일 20시,금요일,경상남도 거제시 고현동,경상사고,0,0,1,0,차대차 - 추돌,안전운전불이행,건조,맑음,단일로 - 기타,승용,남,33세,상해없음,승용,여,58세,경상
2017050500100496,2017년 5월 5일 20시,금요일,경상남도 남해군 창선면,부상신고사고,0,0,0,1,차대차 - 추돌,안전운전불이행,건조,맑음,단일로 - 교량,승용,남,39세,상해없음,승용,남,56세,부상신고
2017050500100560,2017년 5월 5일 23시,금요일,경상남도 함안군 칠원읍,중상사고,0,1,0,0,차대차 - 정면충돌,신호위반,젖음/습기,흐림,단일로 - 기타,원동기,남,39세,중상,승용,여,48세,상해없음
2017050500100561,2017년 5월 5일 23시,금요일,경상남도 창원시 의창구 명서동,경상사고,0,0,1,0,차대차 - 측면충돌,안전운전불이행,건조,맑음,단일로 - 기타,승용,여,34세,상해없음,이륜,남,37세,경상
2017050600100013,2017년 5월 6일 00시,토요일,경상남도 김해시 삼계동,중상사고,0,1,0,0,차대사람 - 횡단중,안전운전불이행,젖음/습기,흐림,교차로 - 교차로부근,승용,여,42세,상해없음,보행자,남,47세,중상
2017050600100070,2017년 5월 6일 06시,토요일,경상남도 밀양시 내이동,경상사고,0,0,1,0,차대차 - 측면충돌,신호위반,건조,맑음,교차로 - 교차로안,화물,남,63세,상해없음,승용,남,44세,경상
2017050600100071,2017년 5월 6일 06시,토요일,경상남도 양산시 물금읍,경상사고,0,0,1,0,차량단독 - 전도전복 - 전도,안전운전불이행,건조,맑음,교차로 - 교차로안,이륜,남,17세,경상,,,,
2017050600100072,2017년 5월 6일 06시,토요일,경상남도 김해시 한림면,중상사고,0,1,0,0,차대차 - 정면충돌,안전운전불이행,건조,맑음,단일로 - 기타,승용,남,26세,상해없음,농기계,남,86세,중상
2017050600100087,2017년 5월 6일 07시,토요일,경상남도 양산시 신기동,중상사고,0,1,0,0,차대차 - 정면충돌,안전운전불이행,건조,맑음,단일로 - 기타,화물,남,50세,상해없음,이륜,남,22세,중상
2017050600100088,2017년 5월 6일 07시,토요일,경상남도 창원시 의창구 명서동,중상사고,0,1,0,0,차대차 - 측면충돌,신호위반,건조,맑음,교차로 - 교차로안,승용,남,66세,상해없음,승용,여,46세,중상
2017050600100108,2017년 5월 6일 08시,토요일,경상남도 진주시 상대동,중상사고,0,1,0,0,차대사람 - 횡단중,보행자보호의무위반,건조,맑음,교차로 - 교차로횡단보도내,승용,여,43세,상해없음,보행자,여,71세,중상
2017050600100109,2017년 5월 6일 08시,토요일,경상남도 김해시 유하동,경상사고,0,0,1,0,차대사람 - 차도통행중,안전운전불이행,건조,맑음,단일로 - 지하차도(도로)내,특수,남,52세,상해없음,보행자,여,67세,경상
2017050600100132,2017년 5월 6일 09시,토요일,경상남도 사천시 사남면,경상사고,0,0,2,0,차대차 - 측면충돌,안전운전불이행,건조,맑음,교차로 - 교차로안,화물,남,50세,경상,승용,남,35세,상해없음
2017050600100133,2017년 5월 6일 09시,토요일,경상남도 사천시 송포동,경상사고,0,0,1,3,차대차 - 측면충돌,안전운전불이행,건조,맑음,교차로 - 교차로안,승용,남,50세,상해없음,화물,남,50세,경상
2017050600100134,2017년 5월 6일 09시,토요일,경상남도 산청군 산청읍,중상사고,0,1,0,0,차대사람 - 차도통행중,안전운전불이행,건조,맑음,단일로 - 기타,승용,여,61세,상해없음,보행자,남,71세,중상
2017050600100158,2017년 5월 6일 10시,토요일,경상남도 김해시 구산동,경상사고,0,0,8,0,차대차 - 측면충돌,신호위반,건조,맑음,교차로 - 교차로안,승용,여,30세,경상,승합,남,64세,경상
2017050600100159,2017년 5월 6일 10시,토요일,경상남도 합천군 삼가면,경상사고,0,0,1,0,차대차 - 측면충돌,중앙선침범,건조,맑음,단일로 - 기타,이륜,남,63세,경상,이륜,남,48세,상해없음
2017050600100160,2017년 5월 6일 10시,토요일,경상남도 함안군 법수면,중상사고,0,2,0,0,차대차 - 측면충돌,직진우회전진행방해,건조,맑음,교차로 - 교차로안,승용,여,62세,중상,승용,남,64세,상해없음
2017050600100161,2017년 5월 6일 10시,토요일,경상남도 사천시 곤양면,중상사고,0,3,3,0,차대차 - 추돌,안전운전불이행,건조,맑음,단일로 - 기타,승용,여,30세,상해없음,승용,남,67세,경상
2017050600100193,2017년 5월 6일 11시,토요일,경상남도 함안군 가야읍,중상사고,0,1,0,0,차대사람 - 횡단중,보행자보호의무위반,건조,맑음,교차로 - 교차로횡단보도내,승용,남,47세,상해없음,보행자,여,87세,중상
2017050600100194,2017년 5월 6일 11시,토요일,경상남도 창원시 성산구 귀곡동,중상사고,0,2,3,0,차대차 - 추돌,안전운전불이행,건조,맑음,단일로 - 터널,승용,여,28세,상해없음,승용,남,50세,상해없음
2017050600100217,2017년 5월 6일 12시,토요일,경상남도 양산시 원동면,부상신고사고,0,0,0,1,차대차 - 기타,안전운전불이행,건조,맑음,교차로 - 교차로안,자전거,남,25세,부상신고,승용,남,26세,상해없음
2017050600100218,2017년 5월 6일 12시,토요일,경상남도 남해군 이동면,경상사고,0,0,5,0,차대차 - 측면충돌,안전운전불이행,건조,맑음,단일로 - 기타,승용,여,56세,상해없음,승용,남,44세,경상
2017050600100247,2017년 5월 6일 13시,토요일,경상남도 양산시 중부동,부상신고사고,0,0,0,1,차대차 - 정면충돌,안전운전불이행,건조,맑음,단일로 - 기타,이륜,남,27세,부상신고,승용,남,23세,상해없음
2017050600100290,2017년 5월 6일 14시,토요일,경상남도 양산시 동면,경상사고,0,0,1,4,차대차 - 측면충돌,신호위반,건조,맑음,교차로 - 교차로안,승용,남,64세,상해없음,승합,남,48세,상해없음
2017050600100291,2017년 5월 6일 14시,토요일,경상남도 창원시 의창구 팔용동,부상신고사고,0,0,0,1,차대차 - 측면충돌,신호위반,건조,맑음,교차로 - 교차로횡단보도내,자전거,남,63세,부상신고,승용,남,71세,상해없음
2017050600100322,2017년 5월 6일 15시,토요일,경상남도 창원시 진해구 부흥동,경상사고,0,0,4,0,차대차 - 측면충돌,안전운전불이행,건조,맑음,단일로 - 기타,승용,남,28세,상해없음,승용,남,36세,경상
2017050600100323,2017년 5월 6일 15시,토요일,경상남도 김해시 서상동,경상사고,0,0,3,0,차대차 - 추돌,안전거리미확보,건조,맑음,교차로 - 교차로안,승용,남,64세,상해없음,승용,남,35세,경상
2017050600100324,2017년 5월 6일 15시,토요일,경상남도 의령군 정곡면,중상사고,0,3,1,0,차대차 - 측면충돌,교차로운행방법위반,건조,맑음,교차로 - 교차로안,승용,여,52세,중상,승용,남,36세,상해없음
2017050600100325,2017년 5월 6일 15시,토요일,경상남도 창원시 의창구 명서동,경상사고,0,0,1,0,차대차 - 측면충돌,교차로운행방법위반,건조,맑음,교차로 - 교차로안,이륜,남,58세,경상,승용,남,34세,상해없음
2017050600100367,2017년 5월 6일 16시,토요일,경상남도 창원시 마산합포구 신포동2가,중상사고,0,1,0,0,차대사람 - 횡단중,안전운전불이행,건조,맑음,단일로 - 기타,승용,남,38세,상해없음,보행자,여,6세,중상
2017050600100368,2017년 5월 6일 16시,토요일,경상남도 창원시 성산구 천선동,경상사고,0,0,3,0,차대차 - 측면충돌,안전운전불이행,건조,맑음,교차로 - 교차로안,승용,남,64세,경상,승용,남,24세,경상
2017050600100394,2017년 5월 6일 17시,토요일,경상남도 창원시 진해구 석동,경상사고,0,0,2,0,차대차 - 측면충돌,안전운전불이행,건조,맑음,단일로 - 기타,승용,여,31세,경상,화물,남,60세,경상
2017050600100395,2017년 5월 6일 17시,토요일,경상남도 함안군 칠원읍,중상사고,0,4,2,0,차대차 - 기타,안전운전불이행,건조,맑음,단일로 - 기타,화물,남,31세,상해없음,승용,남,65세,경상
2017050600100423,2017년 5월 6일 18시,토요일,경상남도 창원시 마산합포구 중앙동3가,경상사고,0,0,1,0,차대사람 - 기타,안전운전불이행,건조,맑음,교차로 - 교차로부근,승용,남,51세,상해없음,보행자,남,76세,경상
2017050600100424,2017년 5월 6일 18시,토요일,경상남도 사천시 동동,중상사고,0,2,0,0,차대차 - 후진중충돌,안전운전불이행,건조,맑음,단일로 - 기타,승용,남,35세,상해없음,승용,남,45세,중상
2017050600100425,2017년 5월 6일 18시,토요일,경상남도 김해시 외동,경상사고,0,0,1,0,차대차 - 기타,안전운전불이행,건조,맑음,교차로 - 교차로횡단보도내,자전거,남,12세,경상,승용,여,44세,상해없음
2017050600100456,2017년 5월 6일 19시,토요일,경상남도 통영시 무전동,부상신고사고,0,0,0,1,차대차 - 측면충돌,안전거리미확보,건조,맑음,단일로 - 기타,화물,남,27세,상해없음,승용,여,55세,부상신고
2017050600100457,2017년 5월 6일 19시,토요일,경상남도 창녕군 남지읍,경상사고,0,0,1,0,차대차 - 기타,안전운전불이행,건조,맑음,교차로 - 교차로안,화물,남,60세,상해없음,승용,여,59세,경상
2017050600100487,2017년 5월 6일 20시,토요일,경상남도 남해군 삼동면,중상사고,0,2,2,0,차대차 - 측면충돌,안전운전불이행,건조,맑음,주차장 - 주차장,승용,여,50세,상해없음,승합,남,43세,중상
2017050600100488,2017년 5월 6일 20시,토요일,경상남도 창원시 의창구 도계동,경상사고,0,0,2,0,차대차 - 측면충돌,기타,건조,맑음,교차로 - 교차로안,이륜,남,28세,경상,승용,남,22세,경상
2017050600100515,2017년 5월 6일 21시,토요일,경상남도 거제시 동부면,경상사고,0,0,1,0,차대사람 - 길가장자리구역통행중,중앙선침범,건조,맑음,단일로 - 기타,화물,남,64세,상해없음,보행자,남,19세,경상
2017050700100064,2017년 5월 7일 04시,일요일,경상남도 김해시 동상동,사망사고,1,0,0,0,차대사람 - 횡단중,안전운전불이행,건조,맑음,단일로 - 기타,승용,남,31세,상해없음,보행자,여,72세,사망
2017050700100096,2017년 5월 7일 08시,일요일,경상남도 김해시 대동면,중상사고,0,1,0,0,차대차 - 기타,안전운전불이행,건조,맑음,단일로 - 기타,화물,남,60세,상해없음,원동기,여,70세,중상
2017050700100154,2017년 5월 7일 11시,일요일,경상남도 통영시 사량면,중상사고,0,1,1,0,차대사람 - 횡단중,안전운전불이행,건조,맑음,단일로 - 기타,승합,남,48세,상해없음,보행자,남,7세,중상
2017050700100155,2017년 5월 7일 11시,일요일,경상남도 밀양시 가곡동,중상사고,0,1,0,0,차대사람 - 횡단중,안전운전불이행,건조,맑음,교차로 - 교차로안,승용,남,76세,상해없음,보행자,여,40세,중상
2017050700100172,2017년 5월 7일 12시,일요일,경상남도 양산시 원동면,경상사고,0,0,1,0,차대차 - 기타,안전운전불이행,건조,맑음,단일로 - 기타,자전거,남,32세,경상,승용,남,48세,상해없음
2017050700100193,2017년 5월 7일 13시,일요일,경상남도 밀양시 내일동,경상사고,0,0,1,0,차대차 - 측면충돌,기타,건조,맑음,단일로 - 기타,승용,여,47세,상해없음,승용,여,52세,경상
2017050700100194,2017년 5월 7일 13시,일요일,경상남도 창원시 의창구 팔용동,경상사고,0,0,1,0,차대차 - 측면충돌,교차로운행방법위반,건조,맑음,교차로 - 교차로안,승용,남,53세,상해없음,승용,여,45세,경상
2017050700100220,2017년 5월 7일 14시,일요일,경상남도 밀양시 부북면,중상사고,0,1,1,0,차대차 - 측면충돌,안전운전불이행,건조,맑음,교차로 - 교차로안,승용,여,33세,상해없음,승용,여,42세,중상
2017050700100250,2017년 5월 7일 15시,일요일,경상남도 창원시 진해구 석동,경상사고,0,0,2,0,차대차 - 추돌,안전운전불이행,건조,맑음,단일로 - 기타,승용,남,59세,상해없음,승용,남,43세,경상
2017050700100251,2017년 5월 7일 15시,일요일,경상남도 사천시 사천읍,경상사고,0,0,1,0,차대차 - 측면충돌,직진우회전진행방해,건조,맑음,교차로 - 교차로안,원동기,남,80세,경상,승용,남,50세,상해없음
2017050700100252,2017년 5월 7일 15시,일요일,경상남도 양산시 물금읍,중상사고,0,1,0,0,차대사람 - 횡단중,안전운전불이행,건조,맑음,단일로 - 기타,승용,여,53세,상해없음,보행자,여,68세,중상
2017050700100253,2017년 5월 7일 15시,일요일,경상남도 창원시 의창구 북면,중상사고,0,2,0,0,차대차 - 측면충돌,신호위반,건조,맑음,교차로 - 교차로안,승용,남,43세,상해없음,승용,남,41세,중상
2017050700100276,2017년 5월 7일 16시,일요일,경상남도 거창군 거창읍,중상사고,0,1,0,0,차대차 - 기타,안전운전불이행,건조,맑음,단일로 - 기타,특수,남,50세,상해없음,승용,남,33세,중상
2017050700100277,2017년 5월 7일 16시,일요일,경상남도 고성군 회화면,중상사고,0,3,3,0,차대차 - 추돌,안전거리미확보,건조,맑음,단일로 - 기타,승용,여,54세,상해없음,승용,남,49세,경상
2017050700100278,2017년 5월 7일 16시,일요일,경상남도 창원시 성산구 남양동,경상사고,0,0,1,0,차대차 - 추돌,안전운전불이행,건조,맑음,단일로 - 기타,승용,남,53세,상해없음,이륜,남,33세,경상
2017050700100307,2017년 5월 7일 17시,일요일,경상남도 함양군 휴천면,중상사고,0,1,0,0,차대사람 - 기타,안전운전불이행,건조,맑음,단일로 - 기타,화물,남,67세,상해없음,보행자,여,81세,중상
2017050700100308,2017년 5월 7일 17시,일요일,경상남도 양산시 중부동,부상신고사고,0,0,0,1,차대차 - 측면충돌,보행자보호의무위반,건조,맑음,교차로 - 교차로안,승용,남,39세,상해없음,자전거,남,5세,부상신고
2017050700100333,2017년 5월 7일 18시,일요일,경상남도 창원시 마산회원구 석전동,경상사고,0,0,1,0,차대사람 - 횡단중,중앙선침범,건조,맑음,단일로 - 기타,승용,남,66세,상해없음,보행자,여,45세,경상
2017050700100359,2017년 5월 7일 19시,일요일,경상남도 거제시 아주동,경상사고,0,0,1,0,차대사람 - 기타,안전운전불이행,건조,맑음,기타 - 기타,승용,남,56세,상해없음,보행자,여,56세,경상
2017050700100383,2017년 5월 7일 20시,일요일,경상남도 거제시 고현동,중상사고,0,1,0,0,차대차 - 기타,교차로운행방법위반,건조,맑음,교차로 - 교차로안,승합,남,61세,상해없음,승용,남,56세,중상
2017050700100408,2017년 5월 7일 21시,일요일,경상남도 함안군 가야읍,경상사고,0,0,1,0,차대차 - 추돌,안전운전불이행,건조,맑음,단일로 - 기타,승용,남,48세,상해없음,이륜,남,26세,경상
2017050700100409,2017년 5월 7일 21시,일요일,경상남도 창원시 성산구 가음동,경상사고,0,0,6,0,차대차 - 측면충돌,안전운전불이행,건조,맑음,단일로 - 기타,승용,남,72세,상해없음,승합,남,20세,경상
2017050700100410,2017년 5월 7일 21시,일요일,경상남도 창원시 의창구 팔용동,경상사고,0,0,2,0,차대차 - 측면충돌,신호위반,건조,맑음,교차로 - 교차로안,승용,여,45세,상해없음,승용,남,27세,경상
2017050700100432,2017년 5월 7일 22시,일요일,경상남도 창원시 마산합포구 월영동,경상사고,0,0,1,0,차대차 - 측면충돌,안전운전불이행,건조,맑음,교차로 - 교차로안,이륜,남,54세,경상,승용,여,20세,상해없음
2017050700100433,2017년 5월 7일 22시,일요일,경상남도 남해군 창선면,경상사고,0,0,1,0,차량단독 - 기타,안전운전불이행,건조,맑음,단일로 - 기타,승용,여,36세,경상,,,,
2017050700100434,2017년 5월 7일 22시,일요일,경상남도 창원시 마산회원구 합성동,경상사고,0,0,1,0,차대사람 - 차도통행중,안전운전불이행,건조,맑음,단일로 - 기타,승용,남,18세,상해없음,보행자,여,33세,경상
2017050700100444,2017년 5월 7일 23시,일요일,경상남도 양산시 하북면,경상사고,0,0,1,0,차대차 - 측면충돌,안전거리미확보,건조,맑음,단일로 - 기타,승용,남,61세,상해없음,승용,남,31세,경상
2017050800100048,2017년 5월 8일 04시,월요일,경상남도 통영시 태평동,중상사고,0,1,0,0,차대차 - 측면충돌,신호위반,건조,맑음,교차로 - 교차로안,승합,여,54세,상해없음,자전거,남,59세,중상
2017050800100081,2017년 5월 8일 07시,월요일,경상남도 창원시 마산합포구 남성동,중상사고,0,1,0,0,차대사람 - 횡단중,안전운전불이행,건조,맑음,기타 - 기타,승합,남,45세,상해없음,보행자,남,75세,중상
2017050800100082,2017년 5월 8일 07시,월요일,경상남도 창원시 진해구 장천동,중상사고,0,1,1,0,차대차 - 추돌,안전거리미확보,건조,맑음,단일로 - 기타,화물,남,69세,상해없음,승용,남,42세,상해없음
2017050800100083,2017년 5월 8일 07시,월요일,경상남도 양산시 동면,중상사고,0,2,0,0,차대차 - 측면충돌,안전운전불이행,건조,맑음,교차로 - 교차로안,승용,남,32세,상해없음,승용,남,38세,중상
2017050800100173,2017년 5월 8일 09시,월요일,경상남도 밀양시 산외면,경상사고,0,0,1,0,차대사람 - 길가장자리구역통행중,안전운전불이행,건조,맑음,단일로 - 기타,화물,남,30세,상해없음,보행자,남,65세,경상
2017050800100174,2017년 5월 8일 09시,월요일,경상남도 합천군 용주면,중상사고,0,1,0,0,차량단독 - 전도전복 - 전도,안전운전불이행,건조,맑음,단일로 - 기타,승용,남,25세,상해없음,,,,
2017050800100209,2017년 5월 8일 10시,월요일,경상남도 양산시 북정동,경상사고,0,0,1,1,차대차 - 정면충돌,안전거리미확보,건조,맑음,교차로 - 교차로부근,화물,여,51세,부상신고,승용,여,56세,경상
2017050800100210,2017년 5월 8일 10시,월요일,경상남도 창원시 의창구 명서동,경상사고,0,0,2,0,차대차 - 측면충돌,안전운전불이행,건조,맑음,단일로 - 기타,건설기계,남,52세,상해없음,승용,여,61세,경상
2017050800100239,2017년 5월 8일 11시,월요일,경상남도 창원시 의창구 도계동,중상사고,0,1,0,0,차대사람 - 길가장자리구역통행중,안전운전불이행,건조,맑음,교차로 - 교차로안,화물,남,39세,상해없음,보행자,여,66세,중상
2017050800100263,2017년 5월 8일 12시,월요일,경상남도 합천군 삼가면,경상사고,0,0,2,0,차대차 - 측면충돌,신호위반,건조,맑음,교차로 - 교차로안,승용,남,75세,상해없음,승용,남,45세,경상
2017050800100264,2017년 5월 8일 12시,월요일,경상남도 남해군 창선면,중상사고,0,1,0,0,차량단독 - 기타,안전운전불이행,건조,맑음,교차로 - 교차로부근,승용,여,54세,상해없음,,,,
2017050800100265,2017년 5월 8일 12시,월요일,경상남도 산청군 신안면,중상사고,0,4,4,0,차대차 - 측면충돌,교차로운행방법위반,건조,맑음,교차로 - 교차로안,승용,여,51세,경상,승용,남,53세,경상
2017050800100322,2017년 5월 8일 14시,월요일,경상남도 창원시 진해구 태백동,경상사고,0,0,1,0,차대차 - 측면충돌,안전운전불이행,건조,맑음,교차로 - 교차로부근,승용,남,23세,상해없음,화물,남,46세,경상
2017050800100323,2017년 5월 8일 14시,월요일,경상남도 양산시 삼호동,중상사고,0,1,0,0,차량단독 - 기타,교차로운행방법위반,건조,맑음,교차로 - 교차로안,승용,남,33세,상해없음,,,,
2017050800100350,2017년 5월 8일 15시,월요일,경상남도 양산시 동면,중상사고,0,1,0,0,차대차 - 측면충돌,안전거리미확보,건조,맑음,단일로 - 기타,승용,여,56세,상해없음,승용,남,46세,중상
2017050800100363,2017년 5월 8일 15시,월요일,경상남도 김해시 부원동,경상사고,0,0,1,0,차대차 - 측면충돌,신호위반,건조,맑음,교차로 - 교차로안,이륜,남,80세,경상,승용,남,37세,상해없음
2017050800100364,2017년 5월 8일 15시,월요일,경상남도 창원시 마산회원구 양덕동,경상사고,0,0,2,0,차대차 - 측면충돌,안전운전불이행,건조,맑음,단일로 - 기타,화물,남,61세,상해없음,승용,남,43세,경상
2017050800100365,2017년 5월 8일 15시,월요일,경상남도 창원시 의창구 북동,경상사고,0,0,1,0,차대차 - 기타,안전운전불이행,건조,맑음,단일로 - 기타,자전거,남,72세,경상,승용,남,81세,상해없음
2017050800100366,2017년 5월 8일 15시,월요일,경상남도 김해시 명법동,중상사고,0,1,0,0,차량단독 - 전도전복,안전운전불이행,건조,맑음,단일로 - 기타,원동기,남,64세,중상,미분류,미분류,미분류,미분류
2017050800100407,2017년 5월 8일 16시,월요일,경상남도 창원시 진해구 제황산동,경상사고,0,0,1,0,차대사람 - 횡단중,안전운전불이행,건조,맑음,교차로 - 교차로부근,승용,남,63세,상해없음,보행자,남,7세,경상
2017050800100408,2017년 5월 8일 16시,월요일,경상남도 사천시 축동면,중상사고,0,2,0,0,차대차 - 측면충돌,안전운전불이행,건조,맑음,단일로 - 기타,화물,남,62세,상해없음,승용,남,35세,중상
2017050800100409,2017년 5월 8일 16시,월요일,경상남도 김해시 외동,경상사고,0,0,1,0,차대차 - 기타,안전거리미확보,건조,맑음,단일로 - 기타,화물,남,55세,상해없음,승용,남,41세,경상
2017050800100448,2017년 5월 8일 17시,월요일,경상남도 진주시 초전동,중상사고,0,1,0,0,차대사람 - 횡단중,보행자보호의무위반,건조,맑음,단일로 - 기타,승용,남,61세,상해없음,보행자,남,14세,중상
2017050800100449,2017년 5월 8일 17시,월요일,경상남도 고성군 마암면,중상사고,0,1,0,0,차대차 - 추돌,안전거리미확보,건조,맑음,단일로 - 기타,화물,남,33세,상해없음,승용,여,61세,중상
2017050800100450,2017년 5월 8일 17시,월요일,경상남도 함안군 대산면,중상사고,0,1,0,0,차대차 - 정면충돌,중앙선침범,건조,맑음,교차로 - 교차로안,화물,남,36세,상해없음,이륜,남,76세,중상
2017050800100489,2017년 5월 8일 18시,월요일,경상남도 함양군 지곡면,부상신고사고,0,0,0,1,차량단독 - 공작물충돌,안전운전불이행,건조,맑음,단일로 - 기타,화물,남,46세,부상신고,,,,
2017050800100490,2017년 5월 8일 18시,월요일,경상남도 산청군 오부면,중상사고,0,2,2,0,차량단독 - 공작물충돌,안전운전불이행,건조,맑음,단일로 - 기타,승용,남,37세,중상,,,,
2017050800100523,2017년 5월 8일 19시,월요일,경상남도 김해시 부원동,경상사고,0,0,1,0,차대사람 - 보도통행중,기타,건조,맑음,단일로 - 기타,이륜,기타불명,미분류,기타불명,보행자,여,74세,경상
2017050800100563,2017년 5월 8일 20시,월요일,경상남도 거제시 고현동,중상사고,0,1,0,0,차대사람 - 횡단중,안전운전불이행,건조,맑음,교차로 - 교차로횡단보도내,승용,남,31세,상해없음,보행자,남,51세,중상
2017050800100594,2017년 5월 8일 21시,월요일,경상남도 창원시 마산합포구 홍문동,경상사고,0,0,1,0,차대차 - 측면충돌,직진우회전진행방해,건조,흐림,교차로 - 교차로안,승용,여,39세,상해없음,승용,남,65세,경상
2017050800100618,2017년 5월 8일 22시,월요일,경상남도 창원시 마산합포구 월영동,경상사고,0,0,2,0,차대차 - 기타,불법유턴,건조,맑음,교차로 - 교차로안,승용,남,69세,경상,승합,남,48세,상해없음
2017050800100619,2017년 5월 8일 22시,월요일,경상남도 진주시 가좌동,중상사고,0,1,1,0,차대차 - 측면충돌,신호위반,건조,맑음,교차로 - 교차로안,승용,여,48세,상해없음,승용,남,23세,중상
2017050800100620,2017년 5월 8일 22시,월요일,경상남도 진주시 평거동,경상사고,0,0,1,0,차대사람 - 기타,안전운전불이행,건조,맑음,단일로 - 기타,승합,남,51세,상해없음,보행자,여,17세,경상
2017050800100621,2017년 5월 8일 22시,월요일,경상남도 김해시 부곡동,경상사고,0,0,1,0,차대차 - 추돌,안전운전불이행,건조,맑음,교차로 - 교차로부근,이륜,남,17세,경상,승합,남,49세,상해없음
2017050800100634,2017년 5월 8일 23시,월요일,경상남도 김해시 어방동,경상사고,0,0,1,0,차대차 - 기타,안전운전불이행,건조,맑음,교차로 - 교차로안,승용,남,21세,상해없음,원동기,남,48세,경상
2017050900100025,2017년 5월 9일 00시,화요일,경상남도 양산시 중부동,경상사고,0,0,1,1,차대차 - 측면충돌,교차로운행방법위반,건조,맑음,교차로 - 교차로안,승용,여,59세,상해없음,승용,남,51세,상해없음
2017050900100049,2017년 5월 9일 02시,화요일,경상남도 진주시 호탄동,경상사고,0,0,1,0,차대사람 - 횡단중,안전운전불이행,젖음/습기,비,교차로 - 교차로안,승용,남,34세,상해없음,보행자,남,65세,경상
2017050900100130,2017년 5월 9일 08시,화요일,경상남도 사천시 사남면,중상사고,0,1,0,0,차대사람 - 보도통행중,기타,건조,맑음,기타 - 기타,특수,남,41세,상해없음,보행자,여,26세,중상
2017050900100131,2017년 5월 9일 08시,화요일,경상남도 양산시 물금읍,경상사고,0,0,1,0,차대차 - 기타,신호위반,젖음/습기,비,교차로 - 교차로안,승용,여,33세,상해없음,승용,여,38세,경상
2017050900100132,2017년 5월 9일 08시,화요일,경상남도 양산시 다방동,부상신고사고,0,0,0,2,차대차 - 측면충돌,안전운전불이행,건조,맑음,교차로 - 교차로안,건설기계,남,55세,상해없음,승용,남,54세,부상신고
2017050900100149,2017년 5월 9일 09시,화요일,경상남도 김해시 지내동,경상사고,0,0,2,0,차대차 - 추돌,안전거리미확보,젖음/습기,비,단일로 - 기타,화물,남,51세,상해없음,화물,남,59세,상해없음
2017050900100150,2017년 5월 9일 09시,화요일,경상남도 김해시 대동면,경상사고,0,0,1,0,차대차 - 측면충돌,교차로운행방법위반,젖음/습기,비,교차로 - 교차로안,건설기계,남,26세,상해없음,화물,남,47세,경상
2017050900100151,2017년 5월 9일 09시,화요일,경상남도 거제시 상동동,경상사고,0,0,1,0,차대차 - 추돌,안전거리미확보,젖음/습기,비,교차로 - 교차로안,화물,남,42세,상해없음,이륜,남,32세,경상
2017050900100152,2017년 5월 9일 09시,화요일,경상남도 김해시 흥동,경상사고,0,0,1,0,차대차 - 측면충돌,안전운전불이행,젖음/습기,비,단일로 - 기타,화물,남,59세,상해없음,승용,남,62세,경상
2017050900100153,2017년 5월 9일 09시,화요일,경상남도 김해시 율하동,경상사고,0,0,1,0,차대차 - 측면충돌,교차로운행방법위반,젖음/습기,비,교차로 - 교차로안,승용,남,66세,상해없음,승용,여,61세,경상
2017050900100174,2017년 5월 9일 10시,화요일,경상남도 통영시 당동,경상사고,0,0,1,0,차대차 - 추돌,안전운전불이행,건조,맑음,단일로 - 기타,승용,남,61세,상해없음,화물,남,44세,상해없음
2017050900100198,2017년 5월 9일 11시,화요일,경상남도 창원시 마산회원구 합성동,경상사고,0,0,1,0,차대사람 - 차도통행중,안전운전불이행,젖음/습기,비,단일로 - 기타,승용,남,30세,상해없음,보행자,남,13세,경상