사고번호,사고일시,요일,시군구,사고내용,사망자수,중상자수,경상자수,부상신고자수,사고유형,법규위반,노면상태,기상상태,도로형태,가해운전자 차종,가해운전자 성별,가해운전자 연령,가해운전자 상해정도,피해운전자 차종,피해운전자 성별,피해운전자 연령,피해운전자 상해정도
2017050900100252,2017년 5월 9일 13시,화요일,경상남도 김해시 관동동,중상사고,0,1,0,0,차대차 - 측면충돌,안전운전불이행,젖음/습기,비,단일로 - 기타,승용,남,36세,상해없음,이륜,남,48세,중상
2017050900100283,2017년 5월 9일 14시,화요일,경상남도 김해시 삼방동,경상사고,0,0,1,0,차량단독 - 공작물충돌,안전운전불이행,젖음/습기,비,기타 - 기타,화물,여,43세,경상,,,,
2017050900100311,2017년 5월 9일 15시,화요일,경상남도 밀양시 내이동,중상사고,0,1,0,0,차대차 - 측면충돌,교차로운행방법위반,건조,맑음,교차로 - 교차로안,승용,여,49세,상해없음,원동기,남,45세,중상
2017050900100341,2017년 5월 9일 16시,화요일,경상남도 김해시 한림면,중상사고,0,1,1,0,차대차 - 측면충돌,교차로운행방법위반,건조,맑음,교차로 - 교차로안,승용,여,60세,중상,승용,남,72세,경상
2017050900100374,2017년 5월 9일 17시,화요일,경상남도 양산시 중부동,경상사고,0,0,1,0,차대차 - 정면충돌,교차로운행방법위반,젖음/습기,비,교차로 - 교차로안,승용,남,39세,상해없음,원동기,남,44세,경상
2017050900100375,2017년 5월 9일 17시,화요일,경상남도 함안군 대산면,경상사고,0,0,1,0,차대차 - 측면충돌,안전운전불이행,젖음/습기,비,단일로 - 기타,승용,남,53세,상해없음,자전거,여,11세,경상
2017050900100404,2017년 5월 9일 18시,화요일,경상남도 김해시 삼계동,경상사고,0,0,1,0,차대차 - 추돌,안전거리미확보,건조,맑음,단일로 - 기타,승용,여,65세,상해없음,승용,남,53세,경상
2017050900100436,2017년 5월 9일 19시,화요일,경상남도 거창군 거창읍,중상사고,0,1,0,0,차대사람 - 횡단중,안전운전불이행,젖음/습기,비,교차로 - 교차로안,승용,남,41세,상해없음,보행자,여,64세,중상
2017050900100480,2017년 5월 9일 20시,화요일,경상남도 창원시 마산회원구 양덕동,중상사고,0,1,0,0,차대사람 - 횡단중,안전운전불이행,건조,맑음,단일로 - 기타,승용,남,58세,상해없음,보행자,남,58세,중상
2017050900100546,2017년 5월 9일 22시,화요일,경상남도 진주시 하대동,중상사고,0,1,0,1,차대차 - 측면충돌,중앙선침범,젖음/습기,비,단일로 - 기타,원동기,남,58세,부상신고,원동기,남,48세,중상
2017050900100563,2017년 5월 9일 23시,화요일,경상남도 창원시 의창구 봉곡동,경상사고,0,0,1,0,차대사람 - 횡단중,안전운전불이행,젖음/습기,흐림,단일로 - 기타,승용,여,25세,상해없음,보행자,남,48세,경상
2017051000100020,2017년 5월 10일 00시,수요일,경상남도 창원시 마산합포구 홍문동,경상사고,0,0,1,0,차대차 - 측면충돌,직진우회전진행방해,젖음/습기,흐림,교차로 - 교차로안,승용,남,19세,상해없음,승용,남,57세,경상
2017051000100031,2017년 5월 10일 01시,수요일,경상남도 거제시 옥포동,경상사고,0,0,2,0,차대차 - 추돌,안전운전불이행,건조,기타,교차로 - 교차로부근,승용,여,59세,상해없음,승용,남,60세,상해없음
2017051000100032,2017년 5월 10일 01시,수요일,경상남도 김해시 진영읍,중상사고,0,1,0,0,차량단독 - 공작물충돌,안전운전불이행,젖음/습기,비,단일로 - 기타,승용,남,53세,중상,,,,
2017051000100113,2017년 5월 10일 08시,수요일,경상남도 창원시 진해구 성내동,경상사고,0,0,1,0,차대차 - 기타,안전거리미확보,건조,맑음,단일로 - 기타,특수,남,52세,상해없음,승용,여,38세,경상
2017051000100114,2017년 5월 10일 08시,수요일,경상남도 창원시 의창구 도계동,중상사고,0,1,0,0,차대차 - 기타,안전운전불이행,건조,맑음,교차로 - 교차로안,승용,여,38세,상해없음,자전거,남,13세,중상
2017051000100150,2017년 5월 10일 09시,수요일,경상남도 진주시 하대동,중상사고,0,1,0,0,차대사람 - 횡단중,안전운전불이행,건조,맑음,단일로 - 기타,화물,남,45세,상해없음,보행자,여,5세,중상
2017051000100151,2017년 5월 10일 09시,수요일,경상남도 김해시 내덕동,중상사고,0,1,0,0,차대차 - 후진중충돌,안전운전불이행,건조,맑음,단일로 - 기타,특수,남,25세,상해없음,특수,남,33세,중상
2017051000100185,2017년 5월 10일 10시,수요일,경상남도 밀양시 무안면,중상사고,0,1,0,0,차대차 - 측면충돌,교차로운행방법위반,건조,맑음,교차로 - 교차로안,화물,남,37세,상해없음,승용,여,65세,중상
2017051000100186,2017년 5월 10일 10시,수요일,경상남도 합천군 가야면,경상사고,0,0,1,0,차대차 - 추돌,안전운전불이행,건조,흐림,단일로 - 기타,이륜,남,73세,경상,화물,남,50세,상해없음
2017051000100187,2017년 5월 10일 10시,수요일,경상남도 창녕군 부곡면,경상사고,0,0,2,0,차대차 - 기타,신호위반,건조,맑음,교차로 - 교차로안,화물,남,68세,상해없음,화물,남,57세,경상
2017051000100213,2017년 5월 10일 11시,수요일,경상남도 창원시 진해구 충무동,경상사고,0,0,1,0,차대사람 - 횡단중,신호위반,건조,맑음,교차로 - 교차로횡단보도내,원동기,남,69세,상해없음,보행자,여,69세,경상
2017051000100214,2017년 5월 10일 11시,수요일,경상남도 양산시 명동,중상사고,0,1,0,0,차대사람 - 기타,안전운전불이행,건조,맑음,기타 - 기타,승용,남,46세,상해없음,보행자,남,68세,중상
2017051000100242,2017년 5월 10일 12시,수요일,경상남도 김해시 구산동,경상사고,0,0,1,0,차대사람 - 횡단중,안전운전불이행,건조,흐림,단일로 - 기타,승용,남,48세,상해없음,보행자,남,68세,경상
2017051000100243,2017년 5월 10일 12시,수요일,경상남도 창원시 성산구 성주동,경상사고,0,0,2,0,차대차 - 측면충돌,신호위반,건조,맑음,교차로 - 교차로안,승용,여,46세,상해없음,승용,남,35세,경상
2017051000100264,2017년 5월 10일 13시,수요일,경상남도 고성군 마암면,경상사고,0,0,1,0,차대차 - 측면충돌,안전거리미확보,건조,맑음,단일로 - 기타,화물,남,56세,상해없음,화물,남,30세,상해없음
2017051000100278,2017년 5월 10일 14시,수요일,경상남도 양산시 평산동,중상사고,0,4,1,0,차대차 - 측면충돌,안전운전불이행,건조,맑음,단일로 - 기타,특수,남,42세,상해없음,승합,남,55세,중상
2017051000100327,2017년 5월 10일 16시,수요일,경상남도 창원시 마산회원구 석전동,중상사고,0,1,0,0,차대차 - 측면충돌,신호위반,건조,맑음,교차로 - 교차로안,승합,남,57세,상해없음,승용,여,52세,중상
2017051000100359,2017년 5월 10일 17시,수요일,경상남도 창원시 마산합포구 오동동,중상사고,0,1,0,0,차대차 - 정면충돌,안전운전불이행,건조,맑음,단일로 - 기타,승용,여,56세,상해없음,자전거,남,83세,중상
2017051000100360,2017년 5월 10일 17시,수요일,경상남도 창원시 진해구 풍호동,경상사고,0,0,1,0,차대차 - 측면충돌,안전거리미확보,건조,맑음,단일로 - 기타,화물,남,54세,상해없음,원동기,남,37세,경상
2017051000100361,2017년 5월 10일 17시,수요일,경상남도 창원시 마산회원구 내서읍,경상사고,0,0,2,0,차대차 - 측면충돌,신호위반,건조,맑음,교차로 - 교차로안,승용,여,32세,상해없음,승용,남,33세,경상
2017051000100362,2017년 5월 10일 17시,수요일,경상남도 창원시 의창구 봉곡동,중상사고,0,1,0,0,차대차 - 추돌,안전운전불이행,건조,맑음,교차로 - 교차로안,화물,남,61세,기타불명,승용,여,62세,중상
2017051000100400,2017년 5월 10일 18시,수요일,경상남도 창녕군 장마면,경상사고,0,0,1,1,차대차 - 기타,중앙선침범,건조,맑음,단일로 - 기타,승용,남,84세,부상신고,승용,여,57세,경상
2017051000100401,2017년 5월 10일 18시,수요일,경상남도 양산시 덕계동,부상신고사고,0,0,0,1,차대차 - 측면충돌,안전운전불이행,건조,맑음,교차로 - 교차로부근,기타불명,기타불명,미분류,기타불명,자전거,남,13세,부상신고
2017051000100402,2017년 5월 10일 18시,수요일,경상남도 창원시 성산구 신촌동,경상사고,0,0,1,0,차대사람 - 횡단중,보행자보호의무위반,건조,맑음,단일로 - 기타,승용,남,60세,상해없음,보행자,여,11세,경상
2017051000100403,2017년 5월 10일 18시,수요일,경상남도 김해시 진영읍,중상사고,0,1,0,0,차대차 - 측면충돌,신호위반,건조,맑음,교차로 - 교차로안,이륜,남,19세,중상,승용,남,41세,상해없음
2017051000100433,2017년 5월 10일 19시,수요일,경상남도 창원시 마산합포구 오동동,중상사고,0,1,0,0,차대차 - 측면충돌,안전운전불이행,건조,맑음,단일로 - 기타,승용,여,52세,상해없음,이륜,남,58세,중상
2017051000100434,2017년 5월 10일 19시,수요일,경상남도 김해시 삼문동,부상신고사고,0,0,0,1,차대차 - 기타,교차로운행방법위반,건조,맑음,교차로 - 교차로부근,이륜,남,17세,부상신고,승용,여,47세,상해없음
2017051000100520,2017년 5월 10일 23시,수요일,경상남도 김해시 내덕동,중상사고,0,1,1,0,차대차 - 측면충돌,안전거리미확보,건조,맑음,단일로 - 터널,승용,남,54세,중상,승용,남,45세,경상
2017051100100096,2017년 5월 11일 06시,목요일,경상남도 창원시 의창구 북면,중상사고,0,1,0,0,차대차 - 측면충돌,신호위반,건조,맑음,교차로 - 교차로안,화물,남,45세,상해없음,화물,남,48세,중상
2017051100100117,2017년 5월 11일 07시,목요일,경상남도 창원시 마산회원구 양덕동,중상사고,0,1,3,0,차대차 - 측면충돌,신호위반,건조,맑음,교차로 - 교차로안,승합,남,42세,기타불명,승용,남,62세,경상
2017051100100150,2017년 5월 11일 08시,목요일,경상남도 양산시 주진동,경상사고,0,0,1,0,차대차 - 측면충돌,안전거리미확보,건조,맑음,단일로 - 기타,승용,남,53세,상해없음,승용,남,36세,상해없음
2017051100100151,2017년 5월 11일 08시,목요일,경상남도 하동군 진교면,중상사고,0,1,0,0,차대사람 - 길가장자리구역통행중,안전운전불이행,건조,맑음,단일로 - 기타,승용,여,79세,상해없음,보행자,여,76세,중상
2017051100100152,2017년 5월 11일 08시,목요일,경상남도 창원시 성산구 중앙동,경상사고,0,0,1,0,차대차 - 측면충돌,안전운전불이행,건조,맑음,교차로 - 교차로횡단보도내,승용,여,56세,상해없음,자전거,여,28세,경상
2017051100100153,2017년 5월 11일 08시,목요일,경상남도 창원시 의창구 서상동,중상사고,0,1,0,0,차대차 - 추돌,안전운전불이행,건조,맑음,교차로 - 교차로횡단보도내,화물,남,27세,상해없음,자전거,여,36세,중상
2017051100100184,2017년 5월 11일 09시,목요일,경상남도 김해시 삼방동,경상사고,0,0,1,0,차대사람 - 기타,안전운전불이행,건조,맑음,단일로 - 기타,승용,남,24세,상해없음,보행자,여,25세,경상
2017051100100185,2017년 5월 11일 09시,목요일,경상남도 양산시 물금읍,경상사고,0,0,1,0,차대차 - 측면충돌,안전운전불이행,건조,맑음,단일로 - 기타,기타불명,기타불명,미분류,기타불명,승용,여,59세,상해없음
2017051100100186,2017년 5월 11일 09시,목요일,경상남도 함안군 산인면,중상사고,0,1,0,0,차대차 - 측면충돌,신호위반,건조,맑음,교차로 - 교차로안,승용,남,32세,상해없음,이륜,남,74세,중상
2017051100100251,2017년 5월 11일 12시,목요일,경상남도 하동군 고전면,경상사고,0,0,1,0,차대차 - 정면충돌,안전운전불이행,건조,맑음,교차로 - 교차로안,농기계,남,53세,경상,승용,남,77세,상해없음
2017051100100281,2017년 5월 11일 13시,목요일,경상남도 밀양시 내이동,경상사고,0,0,2,0,차대차 - 측면충돌,신호위반,건조,맑음,교차로 - 교차로안,승용,남,54세,상해없음,승용,남,32세,경상
2017051100100317,2017년 5월 11일 14시,목요일,경상남도 남해군 삼동면,중상사고,0,1,0,0,차대사람 - 차도통행중,안전운전불이행,건조,맑음,단일로 - 기타,화물,남,55세,상해없음,보행자,여,90세 이상,중상
2017051100100372,2017년 5월 11일 16시,목요일,경상남도 고성군 고성읍,중상사고,0,1,0,0,차대차 - 측면충돌,직진우회전진행방해,건조,맑음,교차로 - 교차로안,승용,여,40세,상해없음,이륜,남,65세,중상
2017051100100403,2017년 5월 11일 17시,목요일,경상남도 통영시 무전동,경상사고,0,0,1,0,차대차 - 측면충돌,직진우회전진행방해,건조,맑음,교차로 - 교차로안,승용,남,64세,상해없음,승용,남,39세,경상
2017051100100404,2017년 5월 11일 17시,목요일,경상남도 통영시 무전동,경상사고,0,0,1,0,차대차 - 측면충돌,직진우회전진행방해,건조,맑음,교차로 - 교차로안,승용,남,37세,상해없음,승용,남,28세,경상
2017051100100405,2017년 5월 11일 17시,목요일,경상남도 창원시 의창구 사림동,중상사고,0,2,0,0,차대차 - 측면충돌,안전운전불이행,건조,맑음,교차로 - 교차로안,승합,여,50세,상해없음,이륜,남,18세,중상
2017051100100437,2017년 5월 11일 18시,목요일,경상남도 사천시 정동면,경상사고,0,0,1,0,차대차 - 기타,안전거리미확보,건조,맑음,단일로 - 기타,승용,남,62세,상해없음,승용,남,57세,상해없음
2017051100100510,2017년 5월 11일 20시,목요일,경상남도 김해시 삼방동,중상사고,0,1,1,0,차대차 - 측면충돌,차로위반,건조,맑음,단일로 - 기타,승용,남,47세,상해없음,승용,남,45세,중상
2017051100100542,2017년 5월 11일 21시,목요일,경상남도 거제시 장평동,경상사고,0,0,1,0,차대차 - 정면충돌,교차로운행방법위반,건조,맑음,교차로 - 교차로안,승용,여,44세,상해없음,이륜,남,30세,경상
2017051100100543,2017년 5월 11일 21시,목요일,경상남도 창원시 의창구 동읍,중상사고,0,1,0,0,차대사람 - 횡단중,안전운전불이행,건조,맑음,단일로 - 기타,승용,남,28세,상해없음,보행자,남,79세,중상
2017051100100602,2017년 5월 11일 23시,목요일,경상남도 진주시 이현동,중상사고,0,1,0,0,차대사람 - 횡단중,과속,건조,맑음,단일로 - 기타,승합,남,56세,상해없음,보행자,남,57세,중상
2017051200100047,2017년 5월 12일 01시,금요일,경상남도 창원시 진해구 석동,중상사고,0,2,0,0,차량단독 - 기타,과속,건조,맑음,단일로 - 터널,승용,남,57세,중상,,,,
2017051200100061,2017년 5월 12일 02시,금요일,경상남도 창원시 진해구 풍호동,사망사고,1,0,0,0,차대사람 - 차도통행중,안전운전불이행,건조,맑음,단일로 - 기타,화물,남,65세,상해없음,보행자,남,53세,사망
2017051200100092,2017년 5월 12일 06시,금요일,경상남도 창원시 진해구 용원동,중상사고,0,2,0,0,차대차 - 측면충돌,신호위반,건조,맑음,교차로 - 교차로안,화물,남,58세,상해없음,화물,남,26세,중상
2017051200100093,2017년 5월 12일 06시,금요일,경상남도 김해시 삼방동,경상사고,0,0,1,0,차대차 - 기타,안전운전불이행,건조,맑음,교차로 - 교차로안,이륜,남,43세,경상,승용,남,53세,상해없음
2017051200100113,2017년 5월 12일 07시,금요일,경상남도 거제시 사등면,경상사고,0,0,1,0,차대차 - 정면충돌,교차로운행방법위반,건조,맑음,단일로 - 기타,승합,여,44세,상해없음,승용,여,33세,경상
2017051200100114,2017년 5월 12일 07시,금요일,경상남도 함안군 칠서면,경상사고,0,0,1,0,차대차 - 측면충돌,신호위반,건조,맑음,교차로 - 교차로안,화물,남,26세,상해없음,승용,남,67세,경상
2017051200100145,2017년 5월 12일 08시,금요일,경상남도 밀양시 내이동,중상사고,0,1,0,0,차대차 - 측면충돌,교차로운행방법위반,건조,맑음,교차로 - 교차로안,화물,남,39세,상해없음,자전거,남,49세,중상
2017051200100175,2017년 5월 12일 09시,금요일,경상남도 창원시 의창구 대산면,중상사고,0,1,2,0,차대차 - 추돌,안전운전불이행,젖음/습기,비,교차로 - 교차로안,건설기계,남,54세,상해없음,화물,여,45세,경상
2017051200100211,2017년 5월 12일 10시,금요일,경상남도 김해시 부원동,중상사고,0,1,0,0,차대사람 - 횡단중,안전운전불이행,건조,맑음,교차로 - 교차로횡단보도내,승용,남,54세,상해없음,보행자,남,66세,중상
2017051200100212,2017년 5월 12일 10시,금요일,경상남도 김해시 삼정동,경상사고,0,0,1,0,차대차 - 기타,신호위반,젖음/습기,비,교차로 - 교차로안,승용,여,43세,상해없음,승용,남,54세,경상
2017051200100213,2017년 5월 12일 10시,금요일,경상남도 김해시 주촌면,중상사고,0,1,0,0,차대차 - 측면충돌,신호위반,젖음/습기,비,교차로 - 교차로안,화물,남,76세,상해없음,승용,여,49세,중상
2017051200100232,2017년 5월 12일 11시,금요일,경상남도 사천시 사남면,중상사고,0,1,0,0,차대사람 - 횡단중,보행자보호의무위반,젖음/습기,비,교차로 - 교차로부근,승용,여,40세,상해없음,보행자,여,78세,중상
2017051200100233,2017년 5월 12일 11시,금요일,경상남도 남해군 남해읍,중상사고,0,2,0,0,차대차 - 측면충돌,안전운전불이행,건조,맑음,단일로 - 기타,승용,여,51세,상해없음,승용,여,36세,중상
2017051200100253,2017년 5월 12일 12시,금요일,경상남도 양산시 북부동,중상사고,0,1,0,0,차대사람 - 횡단중,안전운전불이행,젖음/습기,비,교차로 - 교차로안,승용,남,68세,상해없음,보행자,남,75세,중상
2017051200100325,2017년 5월 12일 14시,금요일,경상남도 사천시 사천읍,경상사고,0,0,1,0,차량단독 - 전도전복,안전운전불이행,젖음/습기,비,단일로 - 기타,화물,남,54세,경상,미분류,미분류,미분류,미분류
2017051200100326,2017년 5월 12일 14시,금요일,경상남도 함안군 군북면,경상사고,0,0,1,0,차대차 - 측면충돌,신호위반,젖음/습기,비,교차로 - 교차로안,화물,남,68세,상해없음,승용,남,26세,경상
2017051200100353,2017년 5월 12일 15시,금요일,경상남도 진주시 명석면,중상사고,0,12,3,0,차량단독 - 공작물충돌,안전운전불이행,젖음/습기,비,단일로 - 교량,승합,남,56세,중상,,,,
2017051200100354,2017년 5월 12일 15시,금요일,경상남도 김해시 상동면,경상사고,0,0,1,0,차대차 - 기타,안전운전불이행,젖음/습기,비,교차로 - 교차로안,화물,남,63세,상해없음,화물,남,44세,경상
2017051200100355,2017년 5월 12일 15시,금요일,경상남도 창원시 성산구 남산동,중상사고,0,1,0,0,차대차 - 측면충돌,안전운전불이행,건조,맑음,단일로 - 기타,승용,여,46세,상해없음,자전거,남,13세,중상
2017051200100356,2017년 5월 12일 15시,금요일,경상남도 김해시 진영읍,중상사고,0,1,0,0,차대사람 - 횡단중,안전운전불이행,건조,맑음,단일로 - 기타,승합,남,39세,상해없음,보행자,남,55세,중상
2017051200100384,2017년 5월 12일 16시,금요일,경상남도 창원시 진해구 석동,경상사고,0,0,1,0,차대차 - 기타,안전운전불이행,젖음/습기,비,단일로 - 기타,승용,남,62세,상해없음,승합,남,41세,상해없음
2017051200100428,2017년 5월 12일 17시,금요일,경상남도 산청군 단성면,중상사고,0,1,0,0,차대사람 - 차도통행중,안전운전불이행,건조,맑음,단일로 - 기타,화물,남,67세,상해없음,보행자,여,65세,중상
2017051200100470,2017년 5월 12일 18시,금요일,경상남도 양산시 북정동,경상사고,0,0,1,0,차대차 - 측면충돌,기타,건조,맑음,교차로 - 교차로안,승용,남,54세,상해없음,이륜,남,40세,경상
2017051200100471,2017년 5월 12일 18시,금요일,경상남도 거제시 장평동,경상사고,0,0,1,0,차대차 - 기타,교차로운행방법위반,젖음/습기,흐림,교차로 - 교차로안,승용,남,55세,상해없음,원동기,여,45세,경상
2017051200100496,2017년 5월 12일 19시,금요일,경상남도 창녕군 창녕읍,중상사고,0,1,0,0,차대사람 - 기타,안전운전불이행,건조,맑음,단일로 - 기타,승용,남,58세,상해없음,보행자,남,60세,중상
2017051200100529,2017년 5월 12일 20시,금요일,경상남도 창원시 의창구 도계동,경상사고,0,0,1,0,차대차 - 기타,안전운전불이행,건조,맑음,교차로 - 교차로안,승용,남,41세,상해없음,승합,남,48세,경상
2017051200100530,2017년 5월 12일 20시,금요일,경상남도 창원시 의창구 도계동,경상사고,0,0,1,0,차대차 - 기타,안전거리미확보,건조,맑음,단일로 - 기타,원동기,남,34세,경상,승용,남,55세,상해없음
2017051200100564,2017년 5월 12일 21시,금요일,경상남도 창원시 진해구 여좌동,중상사고,0,1,0,0,차대사람 - 횡단중,신호위반,건조,맑음,교차로 - 교차로횡단보도내,승용,남,26세,상해없음,보행자,여,58세,중상
2017051200100565,2017년 5월 12일 21시,금요일,경상남도 김해시 부원동,경상사고,0,0,1,0,차대사람 - 횡단중,안전운전불이행,건조,맑음,단일로 - 기타,승용,여,61세,상해없음,보행자,남,60세,경상
2017051200100593,2017년 5월 12일 22시,금요일,경상남도 사천시 축동면,경상사고,0,0,1,0,차대차 - 측면충돌,안전운전불이행,건조,맑음,단일로 - 기타,승용,여,53세,경상,승용,남,51세,상해없음
2017051300100059,2017년 5월 13일 01시,토요일,경상남도 창원시 진해구 석동,경상사고,0,0,1,0,차대사람 - 차도통행중,안전운전불이행,건조,맑음,단일로 - 기타,승용,남,25세,상해없음,보행자,남,20세,경상
2017051300100077,2017년 5월 13일 02시,토요일,경상남도 밀양시 하남읍,사망사고,1,0,0,0,차대사람 - 차도통행중,안전운전불이행,건조,흐림,단일로 - 기타,승용,남,47세,상해없음,보행자,남,30세,사망
2017051300100078,2017년 5월 13일 02시,토요일,경상남도 창원시 의창구 소답동,중상사고,0,1,0,0,차대사람 - 횡단중,안전운전불이행,건조,맑음,단일로 - 기타,승용,남,59세,상해없음,보행자,여,54세,중상
2017051300100094,2017년 5월 13일 03시,토요일,경상남도 창원시 진해구 청안동,경상사고,0,0,1,0,차대차 - 측면충돌,교차로운행방법위반,건조,맑음,교차로 - 교차로안,승용,여,30세,상해없음,이륜,남,15세,경상
2017051300100095,2017년 5월 13일 03시,토요일,경상남도 김해시 삼계동,중상사고,0,1,2,0,차대차 - 기타,안전운전불이행,건조,맑음,교차로 - 교차로안,승용,남,27세,상해없음,승용,남,46세,경상
2017051300100112,2017년 5월 13일 04시,토요일,경상남도 김해시 대청동,중상사고,0,1,0,0,차대차 - 추돌,안전운전불이행,건조,맑음,단일로 - 기타,승용,남,30세,상해없음,승용,여,30세,중상
2017051300100172,2017년 5월 13일 08시,토요일,경상남도 김해시 생림면,중상사고,0,1,0,0,차대차 - 기타,안전운전불이행,건조,맑음,교차로 - 교차로안,승용,여,58세,상해없음,화물,남,38세,상해없음
2017051300100208,2017년 5월 13일 09시,토요일,경상남도 통영시 무전동,경상사고,0,0,5,0,차대차 - 정면충돌,안전운전불이행,건조,맑음,교차로 - 교차로안,승용,여,64세,상해없음,승용,여,38세,경상
2017051300100209,2017년 5월 13일 09시,토요일,경상남도 양산시 신기동,부상신고사고,0,0,0,1,차대차 - 측면충돌,안전운전불이행,건조,맑음,교차로 - 교차로안,이륜,남,75세,부상신고,승용,남,62세,상해없음
2017051300100210,2017년 5월 13일 09시,토요일,경상남도 하동군 진교면,중상사고,0,1,1,0,차대차 - 정면충돌,교차로운행방법위반,건조,맑음,교차로 - 교차로안,화물,남,74세,경상,화물,남,54세,중상
2017051300100236,2017년 5월 13일 10시,토요일,경상남도 창원시 마산합포구 신포동2가,경상사고,0,0,1,0,차대차 - 측면충돌,신호위반,건조,맑음,교차로 - 교차로안,원동기,남,27세,경상,승용,여,43세,상해없음
2017051300100266,2017년 5월 13일 11시,토요일,경상남도 통영시 미수동,경상사고,0,0,1,0,차대차 - 추돌,신호위반,건조,맑음,교차로 - 교차로부근,승용,남,52세,상해없음,자전거,여,52세,경상
2017051300100267,2017년 5월 13일 11시,토요일,경상남도 함양군 마천면,사망사고,1,0,1,0,차량단독 - 전도전복 - 전복,안전운전불이행,건조,맑음,단일로 - 기타,승용,남,52세,경상,,,,
2017051300100268,2017년 5월 13일 11시,토요일,경상남도 양산시 평산동,경상사고,0,0,1,0,차대차 - 측면충돌,안전운전불이행,건조,맑음,교차로 - 교차로안,승용,남,74세,상해없음,승합,여,59세,경상
2017051300100295,2017년 5월 13일 12시,토요일,경상남도 거제시 장평동,경상사고,0,0,3,0,차대차 - 추돌,안전거리미확보,건조,맑음,단일로 - 고가도로위,승용,남,36세,상해없음,승용,남,22세,경상
2017051300100296,2017년 5월 13일 12시,토요일,경상남도 함안군 가야읍,중상사고,0,1,0,0,차대차 - 기타,직진우회전진행방해,건조,맑음,교차로 - 교차로안,승용,남,31세,상해없음,승용,남,53세,중상
2017051300100297,2017년 5월 13일 12시,토요일,경상남도 창원시 의창구 팔용동,경상사고,0,0,1,0,차대차 - 측면충돌,안전운전불이행,건조,맑음,교차로 - 교차로안,승용,남,70세,상해없음,승용,남,59세,경상
2017051300100331,2017년 5월 13일 13시,토요일,경상남도 통영시 항남동,중상사고,0,1,0,0,차대차 - 기타,직진우회전진행방해,건조,맑음,교차로 - 교차로안,승용,남,38세,상해없음,승합,남,51세,상해없음
2017051300100332,2017년 5월 13일 13시,토요일,경상남도 함양군 함양읍,경상사고,0,0,1,0,차대차 - 측면충돌,안전운전불이행,건조,맑음,단일로 - 기타,승용,남,62세,상해없음,자전거,여,48세,경상
2017051300100333,2017년 5월 13일 13시,토요일,경상남도 양산시 남부동,경상사고,0,0,1,0,차대차 - 정면충돌,안전운전불이행,건조,맑음,단일로 - 기타,승용,여,49세,기타불명,자전거,남,72세,경상
2017051300100372,2017년 5월 13일 14시,토요일,경상남도 창원시 의창구 팔용동,경상사고,0,0,1,0,차대사람 - 기타,안전운전불이행,건조,맑음,교차로 - 교차로안,승용,여,45세,상해없음,보행자,남,74세,경상
2017051300100410,2017년 5월 13일 15시,토요일,경상남도 김해시 무계동,중상사고,0,1,0,0,차대차 - 측면충돌,안전운전불이행,건조,맑음,단일로 - 기타,승용,남,55세,상해없음,이륜,남,47세,중상
2017051300100446,2017년 5월 13일 16시,토요일,경상남도 창원시 진해구 이동,중상사고,0,1,0,0,차대사람 - 기타,신호위반,건조,맑음,단일로 - 기타,승용,남,78세,상해없음,보행자,여,4세,중상
2017051300100447,2017년 5월 13일 16시,토요일,경상남도 하동군 금성면,중상사고,0,1,0,0,차대차 - 측면충돌,교차로운행방법위반,건조,맑음,교차로 - 교차로안,화물,남,58세,상해없음,원동기,남,65세,중상
2017051300100448,2017년 5월 13일 16시,토요일,경상남도 창원시 성산구 중앙동,경상사고,0,0,1,0,차대사람 - 횡단중,보행자보호의무위반,건조,맑음,교차로 - 교차로안,화물,남,43세,상해없음,보행자,남,62세,경상
2017051300100480,2017년 5월 13일 17시,토요일,경상남도 합천군 합천읍,중상사고,0,1,0,0,차대차 - 정면충돌,중앙선침범,건조,맑음,단일로 - 기타,승합,남,29세,상해없음,이륜,남,53세,중상
2017051300100516,2017년 5월 13일 18시,토요일,경상남도 합천군 삼가면,중상사고,0,1,1,0,차대차 - 측면충돌,교차로운행방법위반,건조,맑음,단일로 - 기타,화물,여,65세,상해없음,승용,남,71세,경상
2017051300100545,2017년 5월 13일 19시,토요일,경상남도 창원시 진해구 용원동,중상사고,0,1,0,0,차대사람 - 횡단중,보행자보호의무위반,건조,맑음,교차로 - 교차로횡단보도내,승용,남,48세,상해없음,보행자,남,47세,중상
2017051300100568,2017년 5월 13일 20시,토요일,경상남도 양산시 북정동,경상사고,0,0,1,0,차대사람 - 횡단중,안전운전불이행,건조,맑음,기타 - 기타,승용,남,59세,상해없음,보행자,남,48세,경상
2017051300100584,2017년 5월 13일 21시,토요일,경상남도 사천시 대방동,부상신고사고,0,0,0,4,차대차 - 측면충돌,직진우회전진행방해,건조,맑음,교차로 - 교차로안,승용,남,25세,상해없음,승용,남,37세,상해없음
2017051300100585,2017년 5월 13일 21시,토요일,경상남도 김해시 삼계동,경상사고,0,0,1,0,차대차 - 측면충돌,교차로운행방법위반,건조,맑음,교차로 - 교차로안,이륜,남,17세,경상,승용,남,23세,상해없음
2017051300100611,2017년 5월 13일 22시,토요일,경상남도 김해시 구산동,경상사고,0,0,1,0,차량단독 - 전도전복 - 전도,안전운전불이행,건조,맑음,단일로 - 기타,승용,남,32세,경상,,,,