사고번호,사고일시,요일,시군구,사고내용,사망자수,중상자수,경상자수,부상신고자수,사고유형,법규위반,노면상태,기상상태,도로형태,가해운전자 차종,가해운전자 성별,가해운전자 연령,가해운전자 상해정도,피해운전자 차종,피해운전자 성별,피해운전자 연령,피해운전자 상해정도
2017051800100067,2017년 5월 18일 05시,목요일,경상남도 김해시 삼계동,경상사고,0,0,2,0,차대차 - 측면충돌,불법유턴,건조,맑음,단일로 - 기타,승용,남,52세,경상,승용,여,43세,경상
2017051800100105,2017년 5월 18일 07시,목요일,경상남도 김해시 구산동,중상사고,0,1,0,0,차대차 - 추돌,안전운전불이행,건조,맑음,단일로 - 기타,자전거,남,16세,중상,승합,여,39세,상해없음
2017051800100106,2017년 5월 18일 07시,목요일,경상남도 김해시 구산동,경상사고,0,0,2,0,차대차 - 기타,교차로운행방법위반,건조,맑음,교차로 - 교차로안,승용,남,52세,경상,승용,남,66세,경상
2017051800100107,2017년 5월 18일 07시,목요일,경상남도 함양군 함양읍,중상사고,0,1,0,0,차대차 - 측면충돌,교차로운행방법위반,건조,맑음,교차로 - 교차로안,승용,여,54세,상해없음,승용,남,54세,중상
2017051800100148,2017년 5월 18일 08시,목요일,경상남도 창원시 진해구 자은동,중상사고,0,1,0,0,차대사람 - 횡단중,안전운전불이행,건조,맑음,단일로 - 기타,승용,남,73세,상해없음,보행자,여,7세,중상
2017051800100149,2017년 5월 18일 08시,목요일,경상남도 합천군 가야면,경상사고,0,0,1,0,차대차 - 측면충돌,교차로운행방법위반,건조,맑음,교차로 - 교차로안,승용,여,56세,상해없음,이륜,남,62세,상해없음
2017051800100150,2017년 5월 18일 08시,목요일,경상남도 창녕군 영산면,경상사고,0,0,1,0,차대차 - 측면충돌,안전운전불이행,건조,맑음,교차로 - 교차로안,승용,여,42세,상해없음,승용,남,26세,경상
2017051800100151,2017년 5월 18일 08시,목요일,경상남도 양산시 동면,경상사고,0,0,2,0,차대차 - 측면충돌,안전운전불이행,건조,맑음,단일로 - 기타,승용,남,22세,상해없음,승용,여,26세,경상
2017051800100152,2017년 5월 18일 08시,목요일,경상남도 남해군 고현면,중상사고,0,1,0,0,차대차 - 추돌,안전운전불이행,건조,맑음,단일로 - 기타,화물,남,55세,상해없음,승용,여,59세,중상
2017051800100153,2017년 5월 18일 08시,목요일,경상남도 창원시 의창구 용호동,경상사고,0,0,1,0,차대차 - 측면충돌,안전운전불이행,건조,맑음,교차로 - 교차로안,화물,남,44세,상해없음,승용,여,40세,경상
2017051800100215,2017년 5월 18일 10시,목요일,경상남도 남해군 남해읍,중상사고,0,1,0,0,차대사람 - 횡단중,안전운전불이행,건조,맑음,단일로 - 기타,승용,여,40세,상해없음,보행자,남,59세,중상
2017051800100274,2017년 5월 18일 12시,목요일,경상남도 남해군 설천면,부상신고사고,0,0,0,1,차량단독 - 전도전복 - 전도,안전운전불이행,건조,맑음,단일로 - 기타,농기계,남,75세,부상신고,,,,
2017051800100300,2017년 5월 18일 13시,목요일,경상남도 창원시 마산합포구 월영동,중상사고,0,1,0,0,차대차 - 기타,안전운전불이행,건조,맑음,단일로 - 기타,승용,여,41세,상해없음,승합,여,50세,기타불명
2017051800100301,2017년 5월 18일 13시,목요일,경상남도 창원시 의창구 봉곡동,중상사고,0,1,0,0,차대차 - 기타,안전운전불이행,건조,맑음,단일로 - 기타,승용,여,51세,상해없음,자전거,남,59세,중상
2017051800100333,2017년 5월 18일 14시,목요일,경상남도 김해시 삼계동,중상사고,0,1,0,0,차대사람 - 횡단중,보행자보호의무위반,건조,맑음,단일로 - 기타,승용,여,36세,상해없음,보행자,남,10세,중상
2017051800100334,2017년 5월 18일 14시,목요일,경상남도 창녕군 창녕읍,중상사고,0,1,0,0,차대사람 - 기타,안전운전불이행,건조,맑음,교차로 - 교차로부근,화물,남,64세,상해없음,보행자,여,68세,중상
2017051800100335,2017년 5월 18일 14시,목요일,경상남도 산청군 시천면,경상사고,0,0,2,0,차대차 - 측면충돌,교차로운행방법위반,건조,맑음,교차로 - 교차로안,승용,남,75세,경상,화물,남,71세,경상
2017051800100365,2017년 5월 18일 15시,목요일,경상남도 통영시 평림동,중상사고,0,1,0,0,차량단독 - 도로외이탈 - 기타,안전운전불이행,건조,맑음,단일로 - 기타,승용,남,18세,상해없음,,,,
2017051800100366,2017년 5월 18일 15시,목요일,경상남도 거창군 신원면,경상사고,0,0,1,0,차대차 - 기타,안전운전불이행,건조,맑음,교차로 - 교차로안,농기계,남,71세,경상,승용,남,69세,상해없음
2017051800100403,2017년 5월 18일 16시,목요일,경상남도 밀양시 하남읍,경상사고,0,0,1,0,차대차 - 추돌,안전운전불이행,건조,맑음,단일로 - 기타,화물,남,62세,상해없음,승용,여,36세,경상
2017051800100442,2017년 5월 18일 17시,목요일,경상남도 사천시 벌리동,경상사고,0,0,1,0,차대차 - 측면충돌,안전운전불이행,건조,맑음,교차로 - 교차로안,자전거,남,10세,경상,승용,여,37세,상해없음
2017051800100490,2017년 5월 18일 18시,목요일,경상남도 창원시 진해구 자은동,사망사고,1,0,0,0,차대차 - 측면충돌,신호위반,건조,맑음,교차로 - 교차로안,승용,남,58세,상해없음,이륜,여,62세,사망
2017051800100491,2017년 5월 18일 18시,목요일,경상남도 김해시 부원동,중상사고,0,1,0,0,차대차 - 측면충돌,교차로운행방법위반,건조,맑음,교차로 - 교차로안,승용,남,61세,상해없음,이륜,남,60세,중상
2017051800100492,2017년 5월 18일 18시,목요일,경상남도 양산시 물금읍,경상사고,0,0,1,0,차대차 - 측면충돌,안전거리미확보,건조,맑음,단일로 - 기타,화물,남,74세,상해없음,승용,여,41세,경상
2017051800100529,2017년 5월 18일 19시,목요일,경상남도 김해시 외동,중상사고,0,2,0,0,차대사람 - 횡단중,보행자보호의무위반,건조,맑음,단일로 - 기타,원동기,남,21세,상해없음,보행자,남,37세,중상
2017051800100530,2017년 5월 18일 19시,목요일,경상남도 거제시 상동동,중상사고,0,1,0,0,차대차 - 정면충돌,안전운전불이행,건조,맑음,기타 - 기타,승용,여,26세,상해없음,이륜,남,51세,중상
2017051800100561,2017년 5월 18일 20시,목요일,경상남도 창원시 마산합포구 중앙동2가,중상사고,0,1,0,0,차대차 - 측면충돌,안전거리미확보,건조,맑음,단일로 - 기타,승용,남,56세,상해없음,이륜,남,59세,중상
2017051800100562,2017년 5월 18일 20시,목요일,경상남도 창원시 의창구 팔용동,중상사고,0,1,0,0,차대사람 - 횡단중,신호위반,건조,맑음,교차로 - 교차로안,승용,여,23세,상해없음,보행자,남,62세,중상
2017051800100659,2017년 5월 18일 23시,목요일,경상남도 진주시 장재동,경상사고,0,0,1,0,차대차 - 측면충돌,신호위반,건조,맑음,교차로 - 교차로안,승용,남,27세,상해없음,승용,남,53세,경상
2017051900100027,2017년 5월 19일 00시,금요일,경상남도 사천시 동금동,경상사고,0,0,2,0,차대차 - 측면충돌,신호위반,건조,맑음,교차로 - 교차로안,이륜,남,19세,상해없음,승용,남,60세,경상
2017051900100028,2017년 5월 19일 00시,금요일,경상남도 창원시 의창구 팔용동,중상사고,0,2,0,0,차대차 - 추돌,안전운전불이행,건조,맑음,교차로 - 교차로부근,화물,남,28세,상해없음,승용,남,25세,상해없음
2017051900100159,2017년 5월 19일 08시,금요일,경상남도 사천시 용현면,경상사고,0,0,1,0,차대차 - 추돌,안전운전불이행,건조,맑음,교차로 - 교차로부근,화물,남,33세,상해없음,승용,여,37세,경상
2017051900100160,2017년 5월 19일 08시,금요일,경상남도 함양군 함양읍,경상사고,0,0,1,0,차량단독 - 전도전복 - 전도,안전운전불이행,건조,맑음,단일로 - 기타,원동기,여,58세,경상,,,,
2017051900100161,2017년 5월 19일 08시,금요일,경상남도 양산시 북정동,경상사고,0,0,1,0,차대차 - 기타,직진우회전진행방해,건조,맑음,교차로 - 교차로안,승용,남,29세,상해없음,승용,여,29세,경상
2017051900100208,2017년 5월 19일 09시,금요일,경상남도 양산시 물금읍,경상사고,0,0,1,0,차대차 - 측면충돌,교차로운행방법위반,건조,맑음,교차로 - 교차로안,승용,남,28세,상해없음,승용,여,68세,경상
2017051900100209,2017년 5월 19일 09시,금요일,경상남도 창원시 성산구 웅남동,경상사고,0,0,1,0,차대차 - 측면충돌,신호위반,건조,맑음,교차로 - 교차로안,화물,남,51세,상해없음,승용,여,30세,경상
2017051900100210,2017년 5월 19일 09시,금요일,경상남도 김해시 대청동,경상사고,0,0,1,0,차대차 - 후진중충돌,안전운전불이행,건조,맑음,주차장 - 주차장,승용,여,41세,상해없음,승용,여,41세,경상
2017051900100240,2017년 5월 19일 10시,금요일,경상남도 진주시 정촌면,경상사고,0,0,1,0,차대차 - 측면충돌,신호위반,건조,맑음,교차로 - 교차로안,승용,여,21세,상해없음,승용,여,53세,경상
2017051900100241,2017년 5월 19일 10시,금요일,경상남도 밀양시 내일동,경상사고,0,0,1,0,차대사람 - 횡단중,안전운전불이행,건조,맑음,단일로 - 기타,화물,남,81세,상해없음,보행자,남,42세,경상
2017051900100242,2017년 5월 19일 10시,금요일,경상남도 거창군 거창읍,중상사고,0,1,1,0,차대차 - 측면충돌,신호위반,건조,맑음,교차로 - 교차로안,이륜,남,83세,중상,승용,여,34세,경상
2017051900100243,2017년 5월 19일 10시,금요일,경상남도 하동군 하동읍,경상사고,0,0,1,0,차대차 - 추돌,안전운전불이행,건조,맑음,단일로 - 기타,화물,남,32세,상해없음,화물,남,26세,경상
2017051900100244,2017년 5월 19일 10시,금요일,경상남도 창원시 의창구 명서동,경상사고,0,0,1,0,차대사람 - 횡단중,안전운전불이행,건조,맑음,단일로 - 기타,승용,여,56세,상해없음,보행자,남,46세,경상
2017051900100281,2017년 5월 19일 11시,금요일,경상남도 밀양시 내일동,중상사고,0,1,0,0,차대사람 - 횡단중,보행자보호의무위반,건조,맑음,교차로 - 교차로횡단보도내,승용,남,69세,상해없음,보행자,여,75세,중상
2017051900100313,2017년 5월 19일 12시,금요일,경상남도 창원시 진해구 남문동,경상사고,0,0,2,0,차대차 - 측면충돌,안전운전불이행,건조,맑음,단일로 - 기타,승용,여,51세,경상,특수,남,30세,경상
2017051900100314,2017년 5월 19일 12시,금요일,경상남도 의령군 유곡면,사망사고,1,0,0,0,차대차 - 측면충돌,중앙선침범,건조,맑음,단일로 - 기타,사륜오토바이(ATV),남,78세,사망,건설기계,남,56세,상해없음
2017051900100333,2017년 5월 19일 13시,금요일,경상남도 양산시 다방동,경상사고,0,0,1,0,차대차 - 정면충돌,안전거리미확보,건조,맑음,단일로 - 기타,화물,남,42세,상해없음,화물,남,59세,경상
2017051900100353,2017년 5월 19일 13시,금요일,경상남도 창원시 마산합포구 진동면,중상사고,0,3,1,0,차대차 - 기타,안전운전불이행,건조,맑음,단일로 - 기타,화물,남,47세,상해없음,승용,여,28세,경상
2017051900100354,2017년 5월 19일 13시,금요일,경상남도 김해시 삼방동,중상사고,0,1,0,0,차대사람 - 기타,안전운전불이행,건조,맑음,단일로 - 기타,승용,여,59세,상해없음,보행자,여,37세,중상
2017051900100355,2017년 5월 19일 13시,금요일,경상남도 고성군 고성읍,경상사고,0,0,1,0,차대사람 - 횡단중,안전운전불이행,건조,맑음,단일로 - 기타,화물,남,47세,상해없음,보행자,남,50세,경상
2017051900100384,2017년 5월 19일 14시,금요일,경상남도 합천군 가회면,중상사고,0,1,0,0,차대사람 - 기타,안전운전불이행,건조,맑음,단일로 - 기타,화물,남,78세,상해없음,보행자,남,55세,중상
2017051900100385,2017년 5월 19일 14시,금요일,경상남도 창녕군 창녕읍,경상사고,0,0,1,1,차대차 - 측면충돌,중앙선침범,건조,맑음,단일로 - 기타,이륜,남,68세,부상신고,승용,여,45세,경상
2017051900100419,2017년 5월 19일 15시,금요일,경상남도 고성군 고성읍,경상사고,0,0,1,0,차대차 - 측면충돌,안전운전불이행,건조,맑음,단일로 - 기타,승용,남,60세,상해없음,승용,남,38세,경상
2017051900100481,2017년 5월 19일 16시,금요일,경상남도 창원시 진해구 풍호동,경상사고,0,0,1,0,차대차 - 추돌,안전거리미확보,건조,맑음,단일로 - 기타,승용,남,32세,상해없음,승용,여,38세,경상
2017051900100482,2017년 5월 19일 16시,금요일,경상남도 사천시 좌룡동,중상사고,0,1,0,0,차대차 - 측면충돌,안전운전불이행,건조,맑음,단일로 - 기타,승용,여,54세,상해없음,원동기,남,62세,중상
2017051900100483,2017년 5월 19일 16시,금요일,경상남도 창녕군 부곡면,중상사고,0,1,0,0,차대차 - 기타,안전운전불이행,건조,맑음,단일로 - 기타,승용,남,33세,상해없음,승용,남,74세,중상
2017051900100484,2017년 5월 19일 16시,금요일,경상남도 창원시 성산구 가음정동,중상사고,0,1,0,0,차대차 - 기타,기타,건조,맑음,단일로 - 기타,승용,남,55세,상해없음,자전거,남,50세,중상
2017051900100513,2017년 5월 19일 17시,금요일,경상남도 통영시 광도면,중상사고,0,1,0,0,차대사람 - 횡단중,안전운전불이행,건조,맑음,교차로 - 교차로부근,화물,남,37세,상해없음,보행자,여,77세,중상
2017051900100514,2017년 5월 19일 17시,금요일,경상남도 함양군 함양읍,경상사고,0,0,1,0,차대차 - 측면충돌,교차로운행방법위반,건조,맑음,교차로 - 교차로안,승용,여,47세,상해없음,이륜,남,62세,경상
2017051900100515,2017년 5월 19일 17시,금요일,경상남도 양산시 삼호동,중상사고,0,1,0,0,차대사람 - 횡단중,안전운전불이행,건조,맑음,단일로 - 기타,화물,남,76세,상해없음,보행자,남,4세,중상
2017051900100547,2017년 5월 19일 18시,금요일,경상남도 양산시 유산동,경상사고,0,0,1,4,차대차 - 측면충돌,교차로운행방법위반,건조,맑음,교차로 - 교차로안,승용,남,20세,상해없음,승합,남,45세,상해없음
2017051900100587,2017년 5월 19일 19시,금요일,경상남도 창원시 성산구 사파동,경상사고,0,0,1,0,차대차 - 측면충돌,신호위반,건조,맑음,교차로 - 교차로안,승용,여,70세,상해없음,승용,여,47세,경상
2017051900100588,2017년 5월 19일 19시,금요일,경상남도 창원시 마산합포구 산호동,부상신고사고,0,0,0,1,차대사람 - 길가장자리구역통행중,안전운전불이행,건조,맑음,단일로 - 기타,기타불명,기타불명,미분류,기타불명,보행자,여,49세,부상신고
2017051900100589,2017년 5월 19일 19시,금요일,경상남도 김해시 무계동,중상사고,0,1,0,0,차대차 - 기타,안전운전불이행,건조,맑음,교차로 - 교차로안,화물,남,60세,상해없음,이륜,남,35세,중상
2017051900100633,2017년 5월 19일 20시,금요일,경상남도 김해시 불암동,경상사고,0,0,1,0,차대차 - 추돌,안전운전불이행,건조,맑음,단일로 - 기타,승용,남,42세,상해없음,승용,남,41세,경상
2017051900100634,2017년 5월 19일 20시,금요일,경상남도 거제시 장승포동,경상사고,0,0,1,0,차대사람 - 횡단중,안전운전불이행,건조,맑음,단일로 - 기타,승용,남,27세,상해없음,보행자,남,27세,경상
2017051900100675,2017년 5월 19일 21시,금요일,경상남도 거제시 능포동,경상사고,0,0,1,0,차대차 - 정면충돌,안전거리미확보,건조,맑음,단일로 - 기타,승용,남,46세,상해없음,화물,남,58세,경상
2017051900100676,2017년 5월 19일 21시,금요일,경상남도 함안군 군북면,중상사고,0,1,0,0,차량단독 - 기타,안전운전불이행,건조,맑음,단일로 - 기타,이륜,남,19세,상해없음,,,,
2017051900100677,2017년 5월 19일 21시,금요일,경상남도 창원시 의창구 대산면,중상사고,0,2,0,0,차대차 - 기타,안전운전불이행,건조,맑음,단일로 - 기타,승용,남,31세,상해없음,자전거,남,22세,중상
2017051900100712,2017년 5월 19일 22시,금요일,경상남도 창원시 마산합포구 우산동,경상사고,0,0,5,1,차대차 - 추돌,안전운전불이행,건조,맑음,교차로 - 교차로부근,승용,남,21세,상해없음,승용,남,34세,경상
2017052000100080,2017년 5월 20일 03시,토요일,경상남도 김해시 내동,중상사고,0,1,1,0,차대차 - 측면충돌,안전거리미확보,건조,맑음,교차로 - 교차로부근,승용,남,37세,상해없음,승용,남,42세,경상
2017052000100094,2017년 5월 20일 04시,토요일,경상남도 창원시 성산구 사파동,경상사고,0,0,1,0,차대차 - 측면충돌,안전운전불이행,건조,맑음,교차로 - 교차로부근,승용,남,32세,상해없음,승용,여,37세,경상
2017052000100182,2017년 5월 20일 09시,토요일,경상남도 김해시 봉황동,중상사고,0,1,0,0,차대차 - 기타,안전운전불이행,건조,맑음,교차로 - 교차로부근,자전거,남,12세,중상,승용,여,54세,상해없음
2017052000100204,2017년 5월 20일 10시,토요일,경상남도 김해시 내동,경상사고,0,0,1,0,차대차 - 기타,안전운전불이행,건조,맑음,단일로 - 기타,승용,남,54세,상해없음,승용,남,56세,경상
2017052000100205,2017년 5월 20일 10시,토요일,경상남도 김해시 부원동,중상사고,0,1,0,0,차대사람 - 횡단중,보행자보호의무위반,건조,맑음,단일로 - 기타,화물,남,37세,상해없음,보행자,여,76세,중상
2017052000100206,2017년 5월 20일 10시,토요일,경상남도 창원시 마산회원구 내서읍,경상사고,0,0,2,0,차대차 - 측면충돌,안전운전불이행,건조,맑음,교차로 - 교차로부근,승용,남,57세,상해없음,화물,남,50세,경상
2017052000100241,2017년 5월 20일 11시,토요일,경상남도 고성군 마암면,중상사고,0,1,0,0,차대차 - 정면충돌,직진우회전진행방해,건조,맑음,교차로 - 교차로안,화물,남,56세,상해없음,이륜,남,41세,중상
2017052000100242,2017년 5월 20일 11시,토요일,경상남도 하동군 하동읍,중상사고,0,1,0,0,차대차 - 측면충돌,교차로운행방법위반,건조,맑음,교차로 - 교차로안,승용,남,64세,상해없음,원동기,남,58세,중상
2017052000100269,2017년 5월 20일 12시,토요일,경상남도 사천시 용강동,경상사고,0,0,1,0,차대차 - 측면충돌,안전운전불이행,건조,맑음,단일로 - 기타,원동기,남,77세,경상,승용,여,45세,상해없음
2017052000100270,2017년 5월 20일 12시,토요일,경상남도 김해시 외동,중상사고,0,1,0,0,차대사람 - 횡단중,안전운전불이행,건조,맑음,단일로 - 기타,승용,남,54세,상해없음,보행자,여,60세,중상
2017052000100271,2017년 5월 20일 12시,토요일,경상남도 남해군 이동면,중상사고,0,1,1,0,차량단독 - 공작물충돌,안전운전불이행,건조,맑음,교차로 - 교차로부근,승용,남,86세,경상,,,,
2017052000100343,2017년 5월 20일 14시,토요일,경상남도 양산시 삼호동,부상신고사고,0,0,0,1,차대차 - 정면충돌,직진우회전진행방해,건조,맑음,교차로 - 교차로안,이륜,남,55세,부상신고,승용,여,53세,상해없음
2017052000100383,2017년 5월 20일 15시,토요일,경상남도 통영시 북신동,경상사고,0,0,1,0,차량단독 - 전도전복,안전운전불이행,건조,맑음,단일로 - 기타,이륜,남,32세,경상,미분류,미분류,미분류,미분류
2017052000100384,2017년 5월 20일 15시,토요일,경상남도 김해시 구산동,경상사고,0,0,1,0,차대차 - 기타,안전운전불이행,건조,맑음,단일로 - 기타,화물,남,39세,상해없음,승용,여,50세,경상
2017052000100385,2017년 5월 20일 15시,토요일,경상남도 양산시 물금읍,경상사고,0,0,1,0,차대차 - 추돌,안전거리미확보,건조,맑음,단일로 - 기타,승용,남,42세,상해없음,승용,남,68세,경상
2017052000100386,2017년 5월 20일 15시,토요일,경상남도 남해군 창선면,중상사고,0,1,1,0,차대차 - 측면충돌,중앙선침범,건조,맑음,단일로 - 기타,화물,남,58세,상해없음,승용,남,32세,경상
2017052000100420,2017년 5월 20일 16시,토요일,경상남도 창원시 의창구 도계동,중상사고,0,1,0,0,차대사람 - 횡단중,안전운전불이행,건조,맑음,단일로 - 기타,승용,남,33세,상해없음,보행자,남,62세,중상
2017052000100453,2017년 5월 20일 17시,토요일,경상남도 창원시 마산합포구 진북면,중상사고,0,1,5,0,차대차 - 정면충돌,안전운전불이행,건조,맑음,단일로 - 기타,승용,여,28세,상해없음,승용,여,45세,경상
2017052000100454,2017년 5월 20일 17시,토요일,경상남도 창원시 마산합포구 월영동,경상사고,0,0,1,0,차대차 - 추돌,안전운전불이행,건조,맑음,단일로 - 기타,승용,남,38세,상해없음,승용,남,62세,경상
2017052000100455,2017년 5월 20일 17시,토요일,경상남도 하동군 진교면,중상사고,0,1,3,0,차대차 - 정면충돌,교차로운행방법위반,건조,맑음,교차로 - 교차로안,화물,남,35세,상해없음,승용,남,40세,경상
2017052000100495,2017년 5월 20일 18시,토요일,경상남도 거제시 연초면,중상사고,0,1,0,0,차대차 - 기타,직진우회전진행방해,건조,맑음,교차로 - 교차로안,이륜,남,51세,상해없음,승용,여,54세,중상
2017052000100528,2017년 5월 20일 19시,토요일,경상남도 양산시 북부동,경상사고,0,0,1,0,차량단독 - 기타,안전운전불이행,건조,맑음,단일로 - 터널,이륜,남,18세,경상,,,,
2017052000100565,2017년 5월 20일 20시,토요일,경상남도 사천시 벌리동,경상사고,0,0,1,0,차대차 - 추돌,안전운전불이행,건조,맑음,단일로 - 기타,화물,남,43세,상해없음,승용,남,28세,경상
2017052000100566,2017년 5월 20일 20시,토요일,경상남도 함양군 마천면,부상신고사고,0,0,0,1,차량단독 - 전도전복 - 전도,안전운전불이행,건조,맑음,교차로 - 교차로안,화물,남,46세,부상신고,,,,
2017052000100629,2017년 5월 20일 23시,토요일,경상남도 밀양시 단장면,경상사고,0,0,4,0,차대차 - 기타,기타,건조,맑음,단일로 - 기타,특수,남,43세,상해없음,승용,남,64세,상해없음
2017052100100025,2017년 5월 21일 00시,일요일,경상남도 밀양시 삼문동,중상사고,0,1,0,0,차대사람 - 횡단중,안전운전불이행,건조,맑음,교차로 - 교차로횡단보도내,승용,남,20세,상해없음,보행자,여,51세,중상
2017052100100042,2017년 5월 21일 01시,일요일,경상남도 양산시 신기동,중상사고,0,1,0,0,차대사람 - 횡단중,안전운전불이행,건조,맑음,주차장 - 주차장,승용,남,21세,상해없음,보행자,남,42세,중상
2017052100100057,2017년 5월 21일 02시,일요일,경상남도 거제시 연초면,경상사고,0,0,1,0,차대차 - 추돌,안전거리미확보,건조,맑음,교차로 - 교차로안,승용,남,47세,상해없음,승용,남,57세,경상
2017052100100084,2017년 5월 21일 04시,일요일,경상남도 사천시 선구동,중상사고,0,1,1,0,차대차 - 측면충돌,교차로운행방법위반,건조,맑음,교차로 - 교차로안,이륜,남,15세,경상,화물,남,65세,상해없음
2017052100100094,2017년 5월 21일 05시,일요일,경상남도 김해시 삼문동,경상사고,0,0,1,0,차대사람 - 횡단중,신호위반,건조,맑음,교차로 - 교차로안,승용,여,64세,상해없음,보행자,여,34세,경상
2017052100100124,2017년 5월 21일 07시,일요일,경상남도 양산시 신기동,경상사고,0,0,1,0,차대차 - 측면충돌,신호위반,건조,맑음,교차로 - 교차로안,승용,남,57세,상해없음,승용,여,47세,경상
2017052100100125,2017년 5월 21일 07시,일요일,경상남도 거제시 장목면,중상사고,0,1,0,0,차대차 - 기타,과속,건조,맑음,단일로 - 기타,승용,남,27세,상해없음,승용,남,70세,중상
2017052100100159,2017년 5월 21일 09시,일요일,경상남도 합천군 가야면,중상사고,0,1,0,0,차대차 - 측면충돌,안전운전불이행,건조,맑음,단일로 - 기타,승용,남,49세,상해없음,이륜,남,76세,중상
2017052100100177,2017년 5월 21일 10시,일요일,경상남도 김해시 흥동,경상사고,0,0,1,0,차량단독 - 전도전복 - 전도,안전운전불이행,건조,맑음,단일로 - 기타,승용,남,57세,경상,,,,
2017052100100203,2017년 5월 21일 11시,일요일,경상남도 사천시 사천읍,경상사고,0,0,2,0,차대차 - 측면충돌,직진우회전진행방해,건조,맑음,교차로 - 교차로안,승용,여,42세,상해없음,승용,남,33세,경상
2017052100100239,2017년 5월 21일 12시,일요일,경상남도 진주시 수정동,경상사고,0,0,1,0,차대사람 - 기타,안전운전불이행,건조,맑음,단일로 - 기타,기타불명,기타불명,미분류,기타불명,보행자,남,61세,경상
2017052100100240,2017년 5월 21일 12시,일요일,경상남도 남해군 고현면,중상사고,0,1,1,0,차대차 - 측면충돌,안전운전불이행,건조,맑음,교차로 - 교차로안,화물,남,56세,상해없음,이륜,남,72세,중상
2017052100100268,2017년 5월 21일 13시,일요일,경상남도 창원시 성산구 가음동,경상사고,0,0,1,0,차대차 - 측면충돌,신호위반,건조,맑음,교차로 - 교차로안,승용,여,29세,상해없음,승용,남,56세,경상
2017052100100300,2017년 5월 21일 14시,일요일,경상남도 남해군 삼동면,경상사고,0,0,1,0,차대사람 - 기타,안전운전불이행,건조,맑음,주차장 - 주차장,승용,여,52세,상해없음,보행자,남,66세,경상
2017052100100335,2017년 5월 21일 15시,일요일,경상남도 거제시 고현동,경상사고,0,0,3,0,차대차 - 측면충돌,교차로운행방법위반,건조,맑음,교차로 - 교차로안,이륜,남,53세,경상,승용,남,52세,경상
2017052100100336,2017년 5월 21일 15시,일요일,경상남도 김해시 진례면,경상사고,0,0,1,0,차대차 - 측면충돌,안전운전불이행,건조,맑음,교차로 - 교차로안,승용,기타불명,미분류,기타불명,승용,남,30세,경상
2017052100100361,2017년 5월 21일 16시,일요일,경상남도 사천시 벌리동,경상사고,0,0,1,0,차대차 - 측면충돌,직진우회전진행방해,건조,맑음,교차로 - 교차로안,승용,남,39세,상해없음,승용,남,49세,경상
2017052100100362,2017년 5월 21일 16시,일요일,경상남도 창녕군 부곡면,중상사고,0,1,0,0,차대사람 - 기타,안전운전불이행,건조,맑음,교차로 - 교차로안,승용,남,57세,상해없음,보행자,남,76세,중상
2017052100100392,2017년 5월 21일 17시,일요일,경상남도 김해시 한림면,중상사고,0,1,0,0,차대사람 - 기타,안전운전불이행,건조,맑음,단일로 - 기타,승용,남,38세,상해없음,보행자,남,66세,중상
2017052100100422,2017년 5월 21일 18시,일요일,경상남도 통영시 북신동,경상사고,0,0,1,0,차대차 - 기타,교차로운행방법위반,건조,맑음,교차로 - 교차로안,승용,남,19세,상해없음,승용,남,51세,상해없음
2017052100100450,2017년 5월 21일 19시,일요일,경상남도 밀양시 삼문동,중상사고,0,1,0,0,차대차 - 측면충돌,불법유턴,건조,맑음,단일로 - 기타,화물,남,74세,상해없음,승용,남,28세,중상
2017052100100467,2017년 5월 21일 20시,일요일,경상남도 창원시 마산합포구 신포동2가,경상사고,0,0,1,0,차대차 - 정면충돌,안전운전불이행,건조,맑음,기타 - 기타,승용,남,49세,상해없음,승용,여,65세,경상
2017052100100495,2017년 5월 21일 21시,일요일,경상남도 김해시 구산동,경상사고,0,0,1,0,차대차 - 기타,안전운전불이행,건조,맑음,교차로 - 교차로안,화물,남,48세,상해없음,원동기,남,16세,경상
2017052100100510,2017년 5월 21일 22시,일요일,경상남도 밀양시 삼문동,경상사고,0,0,1,0,차대차 - 측면충돌,교차로운행방법위반,건조,맑음,교차로 - 교차로안,승용,남,52세,상해없음,원동기,남,22세,경상
2017052100100537,2017년 5월 21일 23시,일요일,경상남도 양산시 다방동,부상신고사고,0,0,0,1,차대차 - 정면충돌,신호위반,건조,맑음,교차로 - 교차로안,자전거,남,67세,부상신고,승용,남,36세,상해없음
2017052200100020,2017년 5월 22일 00시,월요일,경상남도 사천시 사남면,경상사고,0,0,1,0,차대차 - 측면충돌,안전운전불이행,건조,맑음,단일로 - 기타,이륜,남,32세,경상,승용,남,55세,기타불명
2017052200100021,2017년 5월 22일 00시,월요일,경상남도 김해시 구산동,중상사고,0,1,1,0,차대차 - 정면충돌,신호위반,건조,맑음,교차로 - 교차로안,승용,남,53세,상해없음,승용,남,56세,중상
2017052200100046,2017년 5월 22일 03시,월요일,경상남도 창원시 성산구 가음정동,경상사고,0,0,2,0,차대차 - 추돌,안전운전불이행,건조,맑음,교차로 - 교차로부근,승용,여,22세,상해없음,승용,남,25세,경상
2017052200100049,2017년 5월 22일 04시,월요일,경상남도 사천시 동금동,중상사고,0,1,2,0,차대차 - 측면충돌,안전운전불이행,건조,맑음,교차로 - 교차로안,승용,남,42세,중상,화물,남,48세,경상