사고번호,사고일시,요일,시군구,사고내용,사망자수,중상자수,경상자수,부상신고자수,사고유형,법규위반,노면상태,기상상태,도로형태,가해운전자 차종,가해운전자 성별,가해운전자 연령,가해운전자 상해정도,피해운전자 차종,피해운전자 성별,피해운전자 연령,피해운전자 상해정도
2017052500100213,2017년 5월 25일 10시,목요일,경상남도 창녕군 창녕읍,중상사고,0,1,1,0,차대차 - 기타,중앙선침범,건조,맑음,교차로 - 교차로부근,승용,남,84세,상해없음,승용,남,60세,경상
2017052500100250,2017년 5월 25일 11시,목요일,경상남도 창원시 의창구 서상동,경상사고,0,0,2,0,차대차 - 추돌,안전운전불이행,건조,맑음,교차로 - 교차로부근,화물,남,57세,상해없음,화물,남,41세,경상
2017052500100285,2017년 5월 25일 12시,목요일,경상남도 창원시 진해구 성내동,부상신고사고,0,0,0,1,차대차 - 측면충돌,안전운전불이행,건조,맑음,기타 - 기타,자전거,남,57세,부상신고,승용,남,30세,기타불명
2017052500100286,2017년 5월 25일 12시,목요일,경상남도 김해시 부원동,경상사고,0,0,1,0,차대사람 - 횡단중,안전운전불이행,건조,맑음,단일로 - 기타,자전거,여,48세,상해없음,보행자,여,78세,경상
2017052500100287,2017년 5월 25일 12시,목요일,경상남도 김해시 삼정동,중상사고,0,3,0,0,차대차 - 측면충돌,안전운전불이행,건조,맑음,교차로 - 교차로안,승용,남,46세,상해없음,화물,남,27세,중상
2017052500100288,2017년 5월 25일 12시,목요일,경상남도 거제시 고현동,경상사고,0,0,3,0,차대차 - 측면충돌,안전거리미확보,건조,맑음,단일로 - 기타,승용,남,73세,상해없음,승용,여,24세,경상
2017052500100289,2017년 5월 25일 12시,목요일,경상남도 김해시 진례면,경상사고,0,0,1,0,차대차 - 측면충돌,신호위반,건조,맑음,교차로 - 교차로안,승용,남,64세,상해없음,승용,남,75세,상해없음
2017052500100316,2017년 5월 25일 13시,목요일,경상남도 창원시 진해구 충무동,중상사고,0,1,0,0,차대사람 - 횡단중,중앙선침범,건조,맑음,단일로 - 기타,원동기,남,41세,상해없음,보행자,여,40세,중상
2017052500100317,2017년 5월 25일 13시,목요일,경상남도 창원시 의창구 동읍,중상사고,0,1,0,0,차대차 - 기타,안전운전불이행,건조,맑음,단일로 - 기타,화물,남,64세,상해없음,승용,남,44세,중상
2017052500100348,2017년 5월 25일 14시,목요일,경상남도 김해시 어방동,경상사고,0,0,2,0,차대차 - 측면충돌,교차로운행방법위반,건조,맑음,교차로 - 교차로안,승용,남,52세,상해없음,승용,남,49세,경상
2017052500100349,2017년 5월 25일 14시,목요일,경상남도 김해시 한림면,경상사고,0,0,1,0,차대차 - 추돌,안전운전불이행,건조,맑음,단일로 - 기타,승합,남,38세,상해없음,승용,남,49세,상해없음
2017052500100377,2017년 5월 25일 15시,목요일,경상남도 함양군 함양읍,경상사고,0,0,1,0,차대사람 - 횡단중,안전운전불이행,건조,맑음,단일로 - 기타,승용,여,56세,상해없음,보행자,남,7세,경상
2017052500100378,2017년 5월 25일 15시,목요일,경상남도 창원시 의창구 용호동,경상사고,0,0,1,0,차대차 - 기타,신호위반,건조,맑음,교차로 - 교차로횡단보도내,승용,남,18세,상해없음,자전거,남,60세,경상
2017052500100417,2017년 5월 25일 16시,목요일,경상남도 김해시 동상동,경상사고,0,0,1,0,차대차 - 측면충돌,차로위반,건조,맑음,단일로 - 기타,승용,남,37세,상해없음,승용,여,53세,상해없음
2017052500100464,2017년 5월 25일 17시,목요일,경상남도 창녕군 남지읍,경상사고,0,0,1,0,차대차 - 측면충돌,직진우회전진행방해,건조,맑음,교차로 - 교차로안,승용,여,60세,상해없음,이륜,여,64세,경상
2017052500100465,2017년 5월 25일 17시,목요일,경상남도 양산시 명곡동,경상사고,0,0,1,0,차대차 - 정면충돌,안전운전불이행,건조,맑음,단일로 - 기타,화물,남,67세,상해없음,승용,여,30세,경상
2017052500100503,2017년 5월 25일 18시,목요일,경상남도 창녕군 도천면,중상사고,0,2,3,0,차대차 - 정면충돌,중앙선침범,건조,맑음,단일로 - 기타,승합,여,58세,경상,승용,남,30세,경상
2017052500100504,2017년 5월 25일 18시,목요일,경상남도 창원시 의창구 동읍,부상신고사고,0,0,0,1,차대차 - 정면충돌,안전운전불이행,건조,맑음,단일로 - 기타,원동기,남,46세,부상신고,화물,남,46세,상해없음
2017052500100534,2017년 5월 25일 19시,목요일,경상남도 산청군 단성면,중상사고,0,1,0,0,차량단독 - 공작물충돌,안전운전불이행,건조,맑음,단일로 - 기타,승용,여,62세,상해없음,,,,
2017052500100561,2017년 5월 25일 20시,목요일,경상남도 창원시 마산합포구 월영동,경상사고,0,0,1,0,차대차 - 측면충돌,안전운전불이행,건조,맑음,교차로 - 교차로안,승용,남,46세,상해없음,이륜,남,19세,경상
2017052500100562,2017년 5월 25일 20시,목요일,경상남도 진주시 문산읍,경상사고,0,0,1,0,차대차 - 측면충돌,안전운전불이행,건조,맑음,단일로 - 기타,이륜,남,51세,경상,승용,남,55세,상해없음
2017052500100563,2017년 5월 25일 20시,목요일,경상남도 창원시 진해구 자은동,중상사고,0,1,1,0,차대차 - 추돌,안전운전불이행,건조,맑음,단일로 - 기타,승용,남,46세,상해없음,승용,남,41세,중상
2017052500100564,2017년 5월 25일 20시,목요일,경상남도 사천시 곤명면,경상사고,0,0,1,1,차대차 - 추돌,안전운전불이행,건조,맑음,단일로 - 기타,승용,여,42세,부상신고,농기계,남,57세,경상
2017052500100587,2017년 5월 25일 21시,목요일,경상남도 창원시 마산합포구 오동동,중상사고,0,1,0,0,차대사람 - 기타,안전운전불이행,건조,맑음,교차로 - 교차로안,승용,남,57세,상해없음,보행자,여,53세,중상
2017052500100588,2017년 5월 25일 21시,목요일,경상남도 남해군 설천면,중상사고,0,1,0,0,차량단독 - 전도전복 - 전도,안전운전불이행,건조,맑음,단일로 - 기타,화물,남,33세,중상,,,,
2017052500100615,2017년 5월 25일 22시,목요일,경상남도 통영시 북신동,중상사고,0,1,0,0,차대차 - 측면충돌,신호위반,건조,맑음,교차로 - 교차로안,승용,남,21세,상해없음,승용,남,41세,중상
2017052500100616,2017년 5월 25일 22시,목요일,경상남도 밀양시 초동면,중상사고,0,2,0,0,차대차 - 측면충돌,신호위반,건조,흐림,교차로 - 교차로안,승합,남,50세,중상,승용,여,54세,중상
2017052500100633,2017년 5월 25일 23시,목요일,경상남도 창원시 마산합포구 월포동,중상사고,0,1,0,0,차대차 - 측면충돌,교차로운행방법위반,건조,맑음,교차로 - 교차로안,화물,남,56세,상해없음,이륜,남,18세,중상
2017052500100634,2017년 5월 25일 23시,목요일,경상남도 통영시 북신동,경상사고,0,0,1,0,차대차 - 측면충돌,안전운전불이행,건조,맑음,교차로 - 교차로안,승용,여,45세,상해없음,이륜,남,60세,경상
2017052500100635,2017년 5월 25일 23시,목요일,경상남도 거제시 덕포동,사망사고,2,0,0,0,차량단독 - 전도전복 - 전도,안전운전불이행,건조,맑음,단일로 - 기타,승합,남,52세,사망,,,,
2017052600100124,2017년 5월 26일 07시,금요일,경상남도 김해시 대동면,경상사고,0,0,1,0,차대차 - 기타,안전운전불이행,건조,맑음,단일로 - 기타,농기계,남,64세,경상,승용,남,61세,상해없음
2017052600100125,2017년 5월 26일 07시,금요일,경상남도 거제시 장평동,경상사고,0,0,2,0,차대차 - 측면충돌,안전운전불이행,건조,맑음,단일로 - 기타,자전거,남,31세,상해없음,자전거,여,23세,경상
2017052600100175,2017년 5월 26일 08시,금요일,경상남도 사천시 사천읍,중상사고,0,1,0,0,차대사람 - 횡단중,신호위반,건조,맑음,단일로 - 기타,승용,남,82세,상해없음,보행자,여,46세,중상
2017052600100176,2017년 5월 26일 08시,금요일,경상남도 김해시 삼정동,경상사고,0,0,2,0,차대차 - 기타,안전운전불이행,건조,맑음,교차로 - 교차로부근,화물,남,22세,상해없음,승용,남,42세,경상
2017052600100221,2017년 5월 26일 09시,금요일,경상남도 하동군 횡천면,중상사고,0,1,0,0,차대차 - 측면충돌,안전운전불이행,건조,맑음,기타 - 기타,화물,남,50세,상해없음,원동기,여,76세,중상
2017052600100222,2017년 5월 26일 09시,금요일,경상남도 거제시 고현동,경상사고,0,0,1,0,차대사람 - 횡단중,보행자보호의무위반,건조,맑음,단일로 - 기타,화물,남,53세,상해없음,보행자,여,54세,경상
2017052600100223,2017년 5월 26일 09시,금요일,경상남도 거제시 장승포동,중상사고,0,1,0,0,차대차 - 추돌,안전거리미확보,건조,맑음,교차로 - 교차로부근,승용,남,30세,상해없음,승용,여,50세,중상
2017052600100293,2017년 5월 26일 11시,금요일,경상남도 창원시 진해구 풍호동,경상사고,0,0,2,0,차대차 - 측면충돌,안전거리미확보,건조,맑음,교차로 - 교차로부근,승용,남,60세,상해없음,승용,남,70세,경상
2017052600100294,2017년 5월 26일 11시,금요일,경상남도 김해시 외동,중상사고,0,1,0,0,차대차 - 기타,기타,건조,맑음,단일로 - 기타,승합,남,38세,상해없음,승합,남,38세,기타불명
2017052600100295,2017년 5월 26일 11시,금요일,경상남도 창원시 의창구 용호동,경상사고,0,0,2,0,차대차 - 추돌,안전운전불이행,건조,맑음,교차로 - 교차로안,승용,남,27세,상해없음,승용,남,56세,경상
2017052600100330,2017년 5월 26일 12시,금요일,경상남도 거제시 일운면,중상사고,0,1,0,0,차대차 - 측면충돌,신호위반,건조,맑음,교차로 - 교차로안,승용,남,62세,기타불명,승용,남,44세,중상
2017052600100331,2017년 5월 26일 12시,금요일,경상남도 김해시 부곡동,중상사고,0,3,1,0,차대차 - 측면충돌,안전운전불이행,건조,맑음,단일로 - 기타,승용,남,28세,경상,승용,여,56세,중상
2017052600100357,2017년 5월 26일 13시,금요일,경상남도 사천시 서포면,중상사고,0,1,0,0,차대차 - 측면충돌,중앙선침범,건조,맑음,단일로 - 기타,화물,남,84세,상해없음,화물,남,64세,중상
2017052600100358,2017년 5월 26일 13시,금요일,경상남도 거창군 남상면,경상사고,0,0,1,0,차량단독 - 전도전복 - 전도,안전운전불이행,건조,맑음,단일로 - 기타,원동기,남,74세,경상,,,,
2017052600100359,2017년 5월 26일 13시,금요일,경상남도 창녕군 영산면,중상사고,0,2,0,0,차대차 - 기타,신호위반,건조,맑음,교차로 - 교차로안,건설기계,남,51세,상해없음,승용,남,75세,중상
2017052600100386,2017년 5월 26일 14시,금요일,경상남도 사천시 선구동,중상사고,0,1,0,0,차대사람 - 횡단중,보행자보호의무위반,건조,맑음,교차로 - 교차로횡단보도내,승용,여,47세,상해없음,보행자,여,60세,중상
2017052600100387,2017년 5월 26일 14시,금요일,경상남도 양산시 중부동,경상사고,0,0,1,0,차대사람 - 횡단중,안전운전불이행,건조,맑음,단일로 - 기타,승용,남,73세,상해없음,보행자,남,60세,경상
2017052600100421,2017년 5월 26일 15시,금요일,경상남도 밀양시 초동면,경상사고,0,0,1,0,차대차 - 기타,직진우회전진행방해,건조,맑음,교차로 - 교차로안,승용,남,73세,상해없음,승용,남,25세,경상
2017052600100422,2017년 5월 26일 15시,금요일,경상남도 산청군 단성면,경상사고,0,0,1,0,차대차 - 측면충돌,교차로운행방법위반,건조,맑음,교차로 - 교차로안,화물,남,66세,경상,화물,남,55세,상해없음
2017052600100459,2017년 5월 26일 16시,금요일,경상남도 창녕군 도천면,중상사고,0,1,0,0,차대차 - 기타,안전운전불이행,건조,맑음,교차로 - 교차로안,화물,남,28세,상해없음,승용,여,59세,중상
2017052600100460,2017년 5월 26일 16시,금요일,경상남도 창녕군 장마면,경상사고,0,0,1,0,차대차 - 기타,안전운전불이행,건조,맑음,교차로 - 교차로안,화물,남,64세,상해없음,승용,남,70세,경상
2017052600100497,2017년 5월 26일 17시,금요일,경상남도 진주시 인사동,경상사고,0,0,1,0,차대차 - 추돌,안전운전불이행,건조,맑음,단일로 - 기타,승용,여,43세,상해없음,승용,여,28세,경상
2017052600100498,2017년 5월 26일 17시,금요일,경상남도 창원시 진해구 두동,중상사고,0,1,2,0,차대차 - 추돌,안전거리미확보,건조,맑음,단일로 - 기타,승용,남,29세,상해없음,승용,여,61세,경상
2017052600100499,2017년 5월 26일 17시,금요일,경상남도 하동군 금성면,중상사고,0,1,3,0,차대차 - 정면충돌,안전운전불이행,건조,맑음,기타 - 기타,화물,남,71세,경상,승용,남,37세,경상
2017052600100500,2017년 5월 26일 17시,금요일,경상남도 남해군 남해읍,중상사고,0,3,0,0,차대차 - 측면충돌,안전운전불이행,건조,맑음,교차로 - 교차로부근,화물,남,73세,상해없음,농기계,남,77세,중상
2017052600100501,2017년 5월 26일 17시,금요일,경상남도 남해군 삼동면,중상사고,0,1,0,0,차대차 - 측면충돌,안전운전불이행,건조,맑음,교차로 - 교차로부근,화물,남,54세,상해없음,화물,남,68세,중상
2017052600100552,2017년 5월 26일 18시,금요일,경상남도 창원시 의창구 소답동,중상사고,0,1,0,0,차대사람 - 횡단중,안전운전불이행,건조,맑음,단일로 - 기타,승용,여,48세,상해없음,보행자,남,52세,중상
2017052600100553,2017년 5월 26일 18시,금요일,경상남도 김해시 진례면,중상사고,0,1,0,0,차대차 - 측면충돌,안전운전불이행,건조,맑음,단일로 - 기타,승용,남,23세,상해없음,승용,남,29세,중상
2017052600100596,2017년 5월 26일 19시,금요일,경상남도 통영시 무전동,중상사고,0,1,2,0,차대차 - 측면충돌,안전운전불이행,건조,맑음,교차로 - 교차로안,승용,여,40세,상해없음,승용,남,30세,경상
2017052600100597,2017년 5월 26일 19시,금요일,경상남도 김해시 율하동,중상사고,0,1,0,0,차량단독 - 전도전복,신호위반,건조,맑음,교차로 - 교차로부근,이륜,남,46세,중상,미분류,미분류,미분류,미분류
2017052600100640,2017년 5월 26일 20시,금요일,경상남도 창원시 진해구 이동,경상사고,0,0,1,0,차대차 - 기타,교차로운행방법위반,건조,맑음,교차로 - 교차로안,이륜,남,41세,상해없음,승용,남,41세,경상
2017052600100641,2017년 5월 26일 20시,금요일,경상남도 창원시 진해구 안골동,중상사고,0,1,0,0,차대차 - 측면충돌,교차로운행방법위반,건조,맑음,교차로 - 교차로부근,승용,남,56세,상해없음,자전거,남,33세,중상
2017052600100642,2017년 5월 26일 20시,금요일,경상남도 창녕군 대합면,경상사고,0,0,1,0,차량단독 - 공작물충돌,안전운전불이행,건조,맑음,단일로 - 기타,승용,여,43세,경상,,,,
2017052600100677,2017년 5월 26일 21시,금요일,경상남도 양산시 평산동,중상사고,0,1,0,0,차량단독 - 기타,안전운전불이행,건조,맑음,교차로 - 교차로안,이륜,남,26세,중상,,,,
2017052600100678,2017년 5월 26일 21시,금요일,경상남도 김해시 진영읍,중상사고,0,1,0,0,차대사람 - 횡단중,안전운전불이행,건조,맑음,교차로 - 교차로안,화물,남,56세,상해없음,보행자,여,53세,중상
2017052600100707,2017년 5월 26일 22시,금요일,경상남도 진주시 진성면,사망사고,1,0,0,0,차대사람 - 기타,안전운전불이행,건조,맑음,단일로 - 기타,승용,여,48세,상해없음,보행자,남,62세,사망
2017052700100040,2017년 5월 27일 00시,토요일,경상남도 김해시 삼방동,경상사고,0,0,1,0,차대차 - 측면충돌,안전운전불이행,건조,맑음,단일로 - 기타,승용,남,40세,상해없음,승용,남,35세,경상
2017052700100041,2017년 5월 27일 00시,토요일,경상남도 김해시 동상동,경상사고,0,0,5,0,차대차 - 측면충돌,불법유턴,건조,맑음,단일로 - 기타,승용,남,55세,상해없음,승용,남,52세,경상
2017052700100062,2017년 5월 27일 01시,토요일,경상남도 거제시 상동동,중상사고,0,1,0,0,차대사람 - 기타,기타,건조,맑음,단일로 - 기타,승용,남,47세,상해없음,보행자,남,36세,중상
2017052700100096,2017년 5월 27일 04시,토요일,경상남도 창원시 의창구 봉곡동,중상사고,0,1,0,0,차대사람 - 횡단중,안전운전불이행,건조,맑음,교차로 - 교차로안,승용,남,68세,상해없음,보행자,여,78세,중상
2017052700100109,2017년 5월 27일 05시,토요일,경상남도 양산시 주진동,경상사고,0,0,1,0,차대차 - 측면충돌,안전운전불이행,건조,맑음,단일로 - 기타,승용,남,63세,상해없음,승용,여,26세,경상
2017052700100135,2017년 5월 27일 07시,토요일,경상남도 김해시 수가동,중상사고,0,2,0,2,차량단독 - 전도전복 - 전도,안전운전불이행,건조,맑음,단일로 - 기타,승용,남,60세,상해없음,,,,
2017052700100145,2017년 5월 27일 07시,토요일,경상남도 창녕군 부곡면,중상사고,0,1,1,0,차대차 - 기타,안전운전불이행,건조,맑음,교차로 - 교차로부근,승용,여,67세,경상,승용,남,38세,중상
2017052700100163,2017년 5월 27일 08시,토요일,경상남도 사천시 서포면,중상사고,0,1,0,5,차대차 - 측면충돌,교차로운행방법위반,건조,맑음,교차로 - 교차로안,승합,남,55세,부상신고,화물,남,43세,중상
2017052700100164,2017년 5월 27일 08시,토요일,경상남도 고성군 회화면,경상사고,0,0,1,0,차대차 - 기타,안전거리미확보,건조,맑음,단일로 - 기타,화물,남,60세,상해없음,화물,남,57세,경상
2017052700100198,2017년 5월 27일 09시,토요일,경상남도 사천시 사천읍,경상사고,0,0,1,0,차대차 - 측면충돌,교차로운행방법위반,건조,맑음,교차로 - 교차로안,승용,남,62세,상해없음,자전거,남,61세,경상
2017052700100199,2017년 5월 27일 09시,토요일,경상남도 창녕군 남지읍,중상사고,0,1,0,0,차대차 - 기타,안전운전불이행,건조,맑음,교차로 - 교차로안,화물,남,59세,상해없음,자전거,여,74세,중상
2017052700100234,2017년 5월 27일 10시,토요일,경상남도 진주시 주약동,중상사고,0,2,7,1,차대차 - 측면충돌,차로위반,건조,맑음,단일로 - 기타,승합,남,56세,상해없음,승합,남,58세,상해없음
2017052700100235,2017년 5월 27일 10시,토요일,경상남도 통영시 태평동,경상사고,0,0,1,0,차대차 - 측면충돌,안전운전불이행,건조,맑음,단일로 - 기타,승용,남,64세,상해없음,승용,남,27세,경상
2017052700100269,2017년 5월 27일 11시,토요일,경상남도 김해시 대청동,경상사고,0,0,1,1,차대차 - 추돌,안전운전불이행,건조,맑음,단일로 - 기타,승용,남,26세,부상신고,화물,남,49세,경상
2017052700100301,2017년 5월 27일 12시,토요일,경상남도 창원시 마산합포구 서성동,경상사고,0,0,5,0,차대차 - 기타,안전운전불이행,건조,맑음,단일로 - 기타,승용,남,68세,상해없음,승용,여,59세,경상
2017052700100302,2017년 5월 27일 12시,토요일,경상남도 창원시 의창구 사림동,경상사고,0,0,2,0,차대차 - 추돌,안전운전불이행,건조,맑음,단일로 - 기타,승용,남,23세,상해없음,승용,남,52세,경상
2017052700100345,2017년 5월 27일 13시,토요일,경상남도 사천시 사천읍,경상사고,0,0,1,0,차대차 - 기타,교차로운행방법위반,건조,맑음,교차로 - 교차로안,기타불명,기타불명,미분류,기타불명,원동기,남,42세,경상
2017052700100346,2017년 5월 27일 13시,토요일,경상남도 합천군 야로면,경상사고,0,0,1,0,차량단독 - 전도전복 - 전도,안전운전불이행,건조,맑음,단일로 - 기타,원동기,남,80세,경상,,,,
2017052700100388,2017년 5월 27일 14시,토요일,경상남도 진주시 문산읍,중상사고,0,1,0,0,차대사람 - 보도통행중,기타,건조,맑음,단일로 - 기타,원동기,여,56세,상해없음,보행자,남,3세,중상
2017052700100477,2017년 5월 27일 16시,토요일,경상남도 양산시 물금읍,경상사고,0,0,1,0,차대차 - 측면충돌,안전운전불이행,건조,맑음,주차장 - 주차장,승용,남,37세,상해없음,자전거,남,66세,경상
2017052700100525,2017년 5월 27일 17시,토요일,경상남도 거제시 두모동,경상사고,0,0,1,0,차대사람 - 기타,보행자보호의무위반,건조,맑음,단일로 - 기타,승용,남,27세,상해없음,보행자,남,55세,경상
2017052700100526,2017년 5월 27일 17시,토요일,경상남도 창원시 마산회원구 구암동,경상사고,0,0,1,0,차대차 - 추돌,안전운전불이행,건조,맑음,단일로 - 기타,승용,남,44세,상해없음,승용,남,65세,경상
2017052700100527,2017년 5월 27일 17시,토요일,경상남도 김해시 진영읍,중상사고,0,1,1,0,차대차 - 측면충돌,신호위반,건조,맑음,교차로 - 교차로안,승용,남,66세,기타불명,승용,남,32세,상해없음
2017052700100564,2017년 5월 27일 18시,토요일,경상남도 창원시 마산합포구 남성동,중상사고,0,2,2,0,차대차 - 측면충돌,중앙선침범,건조,맑음,단일로 - 기타,승용,남,75세,상해없음,승용,여,25세,중상
2017052700100565,2017년 5월 27일 18시,토요일,경상남도 창원시 진해구 석동,경상사고,0,0,1,0,차대차 - 측면충돌,교차로운행방법위반,건조,맑음,교차로 - 교차로안,승용,여,29세,상해없음,이륜,남,19세,경상
2017052700100566,2017년 5월 27일 18시,토요일,경상남도 거제시 고현동,중상사고,0,1,0,0,차대차 - 정면충돌,교차로운행방법위반,건조,맑음,교차로 - 교차로안,승용,남,59세,상해없음,자전거,남,68세,중상
2017052700100649,2017년 5월 27일 21시,토요일,경상남도 창원시 진해구 두동,사망사고,1,0,0,0,차대차 - 추돌,안전운전불이행,건조,맑음,단일로 - 기타,승용,남,69세,상해없음,승용,남,27세,상해없음
2017052700100667,2017년 5월 27일 22시,토요일,경상남도 창원시 마산합포구 중앙동2가,경상사고,0,0,1,0,차대차 - 기타,안전운전불이행,건조,맑음,단일로 - 기타,화물,남,36세,상해없음,이륜,남,33세,경상
2017052700100668,2017년 5월 27일 22시,토요일,경상남도 창원시 마산합포구 진동면,중상사고,0,1,0,0,차량단독 - 전도전복 - 전도,안전운전불이행,건조,맑음,단일로 - 기타,이륜,남,35세,상해없음,,,,
2017052700100669,2017년 5월 27일 22시,토요일,경상남도 창원시 진해구 경화동,중상사고,0,1,0,0,차대사람 - 횡단중,안전운전불이행,건조,맑음,단일로 - 기타,승용,남,72세,상해없음,보행자,남,69세,중상
2017052800100121,2017년 5월 28일 08시,일요일,경상남도 김해시 내동,경상사고,0,0,1,0,차량단독 - 공작물충돌,안전운전불이행,건조,맑음,단일로 - 기타,승용,여,47세,경상,,,,
2017052800100122,2017년 5월 28일 08시,일요일,경상남도 함양군 휴천면,경상사고,0,0,1,0,차대차 - 측면충돌,안전운전불이행,건조,맑음,단일로 - 기타,승용,여,47세,상해없음,농기계,남,83세,경상
2017052800100164,2017년 5월 28일 10시,일요일,경상남도 통영시 미수동,중상사고,0,2,5,0,차대차 - 기타,중앙선침범,건조,맑음,단일로 - 기타,승용,남,55세,상해없음,승용,남,37세,경상
2017052800100165,2017년 5월 28일 10시,일요일,경상남도 밀양시 내이동,중상사고,0,1,0,0,차대차 - 측면충돌,신호위반,건조,맑음,교차로 - 교차로부근,화물,남,52세,상해없음,승용,여,67세,중상
2017052800100231,2017년 5월 28일 13시,일요일,경상남도 진주시 금산면,중상사고,0,1,0,0,차대차 - 측면충돌,신호위반,건조,맑음,교차로 - 교차로안,승용,남,18세,상해없음,승용,여,34세,중상
2017052800100232,2017년 5월 28일 13시,일요일,경상남도 김해시 어방동,경상사고,0,0,1,0,차대차 - 측면충돌,안전운전불이행,건조,맑음,단일로 - 기타,화물,남,28세,상해없음,원동기,남,18세,경상
2017052800100276,2017년 5월 28일 14시,일요일,경상남도 밀양시 삼랑진읍,중상사고,0,1,0,0,차대차 - 측면충돌,안전운전불이행,건조,맑음,단일로 - 기타,자전거,여,49세,상해없음,자전거,여,53세,중상
2017052800100277,2017년 5월 28일 14시,일요일,경상남도 남해군 창선면,중상사고,0,3,0,0,차대차 - 측면충돌,중앙선침범,건조,맑음,단일로 - 기타,승용,남,61세,중상,승용,남,52세,중상
2017052800100300,2017년 5월 28일 15시,일요일,경상남도 양산시 원동면,경상사고,0,0,1,0,차대차 - 측면충돌,안전거리미확보,건조,맑음,단일로 - 기타,승용,남,56세,상해없음,자전거,남,39세,경상
2017052800100301,2017년 5월 28일 15시,일요일,경상남도 고성군 마암면,중상사고,0,1,1,0,차대차 - 추돌,안전거리미확보,건조,맑음,단일로 - 기타,화물,남,46세,상해없음,승합,남,29세,상해없음
2017052800100331,2017년 5월 28일 16시,일요일,경상남도 통영시 서호동,중상사고,0,1,0,0,차대차 - 측면충돌,안전운전불이행,건조,맑음,단일로 - 기타,이륜,남,45세,상해없음,자전거,남,23세,중상
2017052800100332,2017년 5월 28일 16시,일요일,경상남도 밀양시 상남면,중상사고,0,2,1,0,차대차 - 측면충돌,안전운전불이행,건조,맑음,단일로 - 기타,승용,남,57세,상해없음,승용,남,33세,중상
2017052800100333,2017년 5월 28일 16시,일요일,경상남도 남해군 남해읍,중상사고,0,2,0,0,차대차 - 측면충돌,안전운전불이행,건조,맑음,단일로 - 기타,승용,여,42세,상해없음,화물,남,26세,상해없음
2017052800100402,2017년 5월 28일 18시,일요일,경상남도 거제시 고현동,중상사고,0,1,0,0,차대사람 - 횡단중,안전운전불이행,건조,맑음,단일로 - 기타,승합,남,61세,상해없음,보행자,남,52세,중상
2017052800100426,2017년 5월 28일 19시,일요일,경상남도 창원시 마산합포구 진동면,경상사고,0,0,1,0,차대사람 - 차도통행중,안전운전불이행,건조,맑음,단일로 - 기타,승용,남,49세,상해없음,보행자,남,70세,경상
2017052800100427,2017년 5월 28일 19시,일요일,경상남도 사천시 사천읍,중상사고,0,1,0,0,차대사람 - 차도통행중,안전운전불이행,건조,맑음,단일로 - 기타,승용,남,27세,상해없음,보행자,여,70세,중상
2017052800100457,2017년 5월 28일 20시,일요일,경상남도 진주시 옥봉동,중상사고,0,1,0,0,차대사람 - 보도통행중,기타,건조,맑음,단일로 - 기타,승용,남,45세,상해없음,보행자,여,69세,중상
2017052800100458,2017년 5월 28일 20시,일요일,경상남도 김해시 부원동,중상사고,0,1,0,0,차대사람 - 횡단중,안전운전불이행,건조,맑음,교차로 - 교차로부근,승용,남,65세,상해없음,보행자,여,55세,중상
2017052800100459,2017년 5월 28일 20시,일요일,경상남도 거창군 거창읍,경상사고,0,0,1,0,차대차 - 기타,안전운전불이행,건조,맑음,교차로 - 교차로부근,이륜,남,59세,경상,승용,남,65세,상해없음
2017052800100460,2017년 5월 28일 20시,일요일,경상남도 창원시 의창구 북면,경상사고,0,0,1,0,차대사람 - 차도통행중,안전운전불이행,건조,맑음,단일로 - 기타,기타불명,기타불명,미분류,기타불명,보행자,여,65세,경상
2017052800100484,2017년 5월 28일 21시,일요일,경상남도 거제시 사등면,경상사고,0,0,3,0,차대차 - 정면충돌,중앙선침범,건조,맑음,단일로 - 기타,승용,남,54세,상해없음,승용,여,53세,경상
2017052800100509,2017년 5월 28일 22시,일요일,경상남도 김해시 삼정동,중상사고,0,1,2,0,차대차 - 측면충돌,직진우회전진행방해,건조,맑음,교차로 - 교차로안,승용,남,50세,경상,승용,남,24세,경상
2017052800100510,2017년 5월 28일 22시,일요일,경상남도 거창군 거창읍,경상사고,0,0,1,0,차대차 - 기타,신호위반,건조,맑음,교차로 - 교차로안,승용,남,36세,경상,승용,남,25세,상해없음
2017052900100031,2017년 5월 29일 00시,월요일,경상남도 함안군 칠서면,경상사고,0,0,1,0,차량단독 - 전도전복,안전운전불이행,건조,맑음,단일로 - 기타,승용,남,25세,경상,미분류,미분류,미분류,미분류
2017052900100142,2017년 5월 29일 08시,월요일,경상남도 김해시 어방동,경상사고,0,0,1,0,차대사람 - 횡단중,안전운전불이행,건조,맑음,단일로 - 기타,승용,남,49세,상해없음,보행자,여,28세,경상
2017052900100143,2017년 5월 29일 08시,월요일,경상남도 김해시 진영읍,경상사고,0,0,1,0,차대차 - 측면충돌,안전운전불이행,건조,맑음,교차로 - 교차로안,건설기계,남,66세,상해없음,승용,여,40세,경상
2017052900100144,2017년 5월 29일 08시,월요일,경상남도 김해시 주촌면,경상사고,0,0,2,0,차대차 - 측면충돌,안전운전불이행,건조,맑음,교차로 - 교차로안,화물,여,49세,상해없음,승용,남,69세,경상