사고번호,사고일시,요일,시군구,사고내용,사망자수,중상자수,경상자수,부상신고자수,사고유형,법규위반,노면상태,기상상태,도로형태,가해운전자 차종,가해운전자 성별,가해운전자 연령,가해운전자 상해정도,피해운전자 차종,피해운전자 성별,피해운전자 연령,피해운전자 상해정도
2017060200100191,2017년 6월 2일 08시,금요일,경상남도 창원시 성산구 대방동,경상사고,0,0,1,0,차대차 - 기타,안전운전불이행,건조,맑음,교차로 - 교차로안,승용,여,55세,상해없음,승용,남,37세,경상
2017060200100224,2017년 6월 2일 09시,금요일,경상남도 양산시 동면,경상사고,0,0,1,0,차대차 - 정면충돌,안전운전불이행,건조,맑음,교차로 - 교차로안,승용,남,22세,상해없음,승용,남,44세,경상
2017060200100225,2017년 6월 2일 09시,금요일,경상남도 양산시 용당동,중상사고,0,1,0,0,차대차 - 정면충돌,안전운전불이행,건조,맑음,단일로 - 기타,승용,남,47세,상해없음,화물,남,37세,중상
2017060200100252,2017년 6월 2일 10시,금요일,경상남도 사천시 곤양면,중상사고,0,1,1,0,차대차 - 측면충돌,직진우회전진행방해,건조,맑음,교차로 - 교차로안,화물,남,65세,중상,건설기계,남,51세,경상
2017060200100253,2017년 6월 2일 10시,금요일,경상남도 함안군 칠서면,경상사고,0,0,1,0,차량단독 - 전도전복,안전운전불이행,건조,맑음,단일로 - 터널,이륜,여,55세,경상,미분류,미분류,미분류,미분류
2017060200100276,2017년 6월 2일 11시,금요일,경상남도 김해시 응달동,경상사고,0,0,2,0,차대차 - 측면충돌,안전운전불이행,건조,맑음,단일로 - 기타,승용,여,39세,경상,승용,여,44세,경상
2017060200100321,2017년 6월 2일 13시,금요일,경상남도 창원시 마산합포구 교방동,중상사고,0,1,0,0,차대차 - 추돌,안전거리미확보,건조,맑음,교차로 - 교차로안,화물,남,59세,상해없음,화물,남,36세,중상
2017060200100353,2017년 6월 2일 14시,금요일,경상남도 창원시 의창구 북면,중상사고,0,2,0,0,차대사람 - 기타,안전운전불이행,건조,맑음,단일로 - 기타,승합,남,46세,상해없음,보행자,여,54세,중상
2017060200100382,2017년 6월 2일 15시,금요일,경상남도 사천시 용강동,경상사고,0,0,1,0,차대차 - 측면충돌,중앙선침범,건조,맑음,교차로 - 교차로안,화물,남,54세,상해없음,승용,여,53세,경상
2017060200100383,2017년 6월 2일 15시,금요일,경상남도 김해시 내동,경상사고,0,0,1,0,차대사람 - 보도통행중,기타,건조,맑음,단일로 - 기타,승용,여,42세,상해없음,보행자,여,55세,경상
2017060200100425,2017년 6월 2일 16시,금요일,경상남도 창원시 진해구 풍호동,중상사고,0,1,0,0,차대사람 - 횡단중,안전운전불이행,건조,맑음,교차로 - 교차로안,승용,여,25세,상해없음,보행자,남,9세,중상
2017060200100426,2017년 6월 2일 16시,금요일,경상남도 통영시 광도면,경상사고,0,0,1,0,차대차 - 측면충돌,신호위반,건조,맑음,교차로 - 교차로안,화물,여,67세,상해없음,승용,남,36세,경상
2017060200100427,2017년 6월 2일 16시,금요일,경상남도 김해시 삼계동,경상사고,0,0,1,0,차대차 - 측면충돌,안전운전불이행,건조,맑음,교차로 - 교차로안,화물,남,59세,경상,승용,남,44세,기타불명
2017060200100428,2017년 6월 2일 16시,금요일,경상남도 김해시 내동,경상사고,0,0,1,0,차대차 - 측면충돌,안전운전불이행,건조,맑음,단일로 - 기타,승용,남,44세,상해없음,승용,여,47세,경상
2017060200100429,2017년 6월 2일 16시,금요일,경상남도 창녕군 장마면,중상사고,0,1,1,0,차대차 - 측면충돌,안전운전불이행,건조,맑음,단일로 - 기타,승용,남,58세,경상,화물,남,65세,중상
2017060200100430,2017년 6월 2일 16시,금요일,경상남도 창원시 의창구 동읍,경상사고,0,0,1,0,차대사람 - 차도통행중,안전운전불이행,건조,맑음,기타 - 기타,화물,남,42세,상해없음,보행자,여,53세,경상
2017060200100515,2017년 6월 2일 18시,금요일,경상남도 양산시 동면,중상사고,0,1,0,1,차대차 - 정면충돌,안전운전불이행,건조,맑음,교차로 - 교차로부근,승용,남,52세,상해없음,승용,남,32세,중상
2017060200100516,2017년 6월 2일 18시,금요일,경상남도 창원시 의창구 팔용동,사망사고,1,0,0,0,차대차 - 기타,중앙선침범,건조,맑음,교차로 - 교차로안,자전거,남,59세,사망,승용,여,37세,상해없음
2017060200100547,2017년 6월 2일 19시,금요일,경상남도 양산시 중부동,경상사고,0,0,2,0,차대차 - 기타,중앙선침범,건조,맑음,단일로 - 기타,승용,남,27세,기타불명,승용,남,33세,경상
2017060200100548,2017년 6월 2일 19시,금요일,경상남도 창원시 의창구 팔용동,경상사고,0,0,1,0,차량단독 - 기타,안전운전불이행,건조,맑음,교차로 - 교차로안,승합,남,65세,상해없음,,,,
2017060200100590,2017년 6월 2일 20시,금요일,경상남도 김해시 진영읍,경상사고,0,0,1,0,차대사람 - 횡단중,안전운전불이행,건조,맑음,교차로 - 교차로횡단보도내,승용,여,21세,상해없음,보행자,여,22세,경상
2017060200100620,2017년 6월 2일 21시,금요일,경상남도 통영시 봉평동,경상사고,0,0,1,0,차대차 - 추돌,안전운전불이행,건조,맑음,단일로 - 기타,승용,남,61세,상해없음,승용,여,43세,경상
2017060200100621,2017년 6월 2일 21시,금요일,경상남도 거제시 상동동,중상사고,0,1,0,0,차대차 - 측면충돌,교차로운행방법위반,건조,맑음,교차로 - 교차로안,승용,남,34세,상해없음,이륜,남,45세,중상
2017060200100654,2017년 6월 2일 22시,금요일,경상남도 창녕군 영산면,중상사고,0,1,0,0,차대사람 - 횡단중,안전운전불이행,건조,맑음,교차로 - 교차로부근,승용,여,37세,상해없음,보행자,남,49세,중상
2017060300100058,2017년 6월 3일 01시,토요일,경상남도 진주시 금곡면,중상사고,0,1,0,0,차량단독 - 기타,안전운전불이행,건조,맑음,단일로 - 기타,승용,남,30세,중상,,,,
2017060300100121,2017년 6월 3일 06시,토요일,경상남도 거제시 상동동,중상사고,0,1,0,0,차대차 - 기타,교차로운행방법위반,건조,맑음,교차로 - 교차로안,승용,남,27세,상해없음,이륜,남,35세,중상
2017060300100122,2017년 6월 3일 06시,토요일,경상남도 김해시 진례면,중상사고,0,1,0,0,차량단독 - 도로외이탈 - 기타,안전운전불이행,기타,맑음,단일로 - 기타,원동기,남,32세,중상,,,,
2017060300100139,2017년 6월 3일 07시,토요일,경상남도 통영시 도남동,중상사고,0,1,0,0,차대차 - 기타,차로위반,건조,맑음,단일로 - 기타,승용,남,56세,상해없음,이륜,남,25세,중상
2017060300100140,2017년 6월 3일 07시,토요일,경상남도 사천시 좌룡동,중상사고,0,1,1,0,차대차 - 추돌,안전운전불이행,건조,맑음,단일로 - 기타,승용,남,26세,경상,승용,여,53세,중상
2017060300100141,2017년 6월 3일 07시,토요일,경상남도 합천군 초계면,중상사고,0,2,1,0,차대차 - 측면충돌,교차로운행방법위반,건조,맑음,교차로 - 교차로안,승용,여,30세,경상,농기계,남,74세,중상
2017060300100164,2017년 6월 3일 08시,토요일,경상남도 양산시 물금읍,경상사고,0,0,2,0,차대차 - 정면충돌,신호위반,건조,맑음,교차로 - 교차로안,승용,남,30세,상해없음,승용,여,41세,경상
2017060300100185,2017년 6월 3일 09시,토요일,경상남도 창원시 진해구 이동,중상사고,0,1,1,0,차량단독 - 기타,안전운전불이행,건조,맑음,단일로 - 기타,승합,남,50세,상해없음,,,,
2017060300100186,2017년 6월 3일 09시,토요일,경상남도 양산시 산막동,경상사고,0,0,1,0,차대차 - 측면충돌,차로위반,건조,맑음,단일로 - 기타,화물,남,51세,상해없음,이륜,남,26세,경상
2017060300100208,2017년 6월 3일 10시,토요일,경상남도 창원시 진해구 이동,경상사고,0,0,1,0,차대사람 - 횡단중,안전운전불이행,건조,맑음,교차로 - 교차로횡단보도내,승용,남,34세,상해없음,보행자,남,13세,경상
2017060300100249,2017년 6월 3일 11시,토요일,경상남도 거창군 위천면,경상사고,0,0,7,0,차대차 - 기타,신호위반,건조,맑음,교차로 - 교차로안,승용,남,60세,경상,승용,여,50세,경상
2017060300100250,2017년 6월 3일 11시,토요일,경상남도 하동군 북천면,중상사고,0,1,0,0,차대사람 - 횡단중,안전운전불이행,건조,맑음,단일로 - 기타,화물,남,60세,상해없음,보행자,남,90세 이상,중상
2017060300100286,2017년 6월 3일 12시,토요일,경상남도 창녕군 계성면,중상사고,0,1,0,0,차량단독 - 전도전복,안전운전불이행,건조,맑음,단일로 - 기타,이륜,남,22세,중상,미분류,미분류,미분류,미분류
2017060300100287,2017년 6월 3일 12시,토요일,경상남도 창녕군 대지면,중상사고,0,1,0,0,차대사람 - 기타,안전운전불이행,젖음/습기,맑음,주차장 - 주차장,화물,남,42세,상해없음,보행자,여,83세,중상
2017060300100364,2017년 6월 3일 14시,토요일,경상남도 창원시 마산합포구 대내동,중상사고,0,1,0,0,차대사람 - 횡단중,안전운전불이행,건조,맑음,단일로 - 기타,승용,남,34세,상해없음,보행자,여,67세,중상
2017060300100365,2017년 6월 3일 14시,토요일,경상남도 거제시 고현동,중상사고,0,1,0,0,차대차 - 측면충돌,안전운전불이행,건조,맑음,교차로 - 교차로부근,승용,남,47세,상해없음,자전거,남,40세,중상
2017060300100397,2017년 6월 3일 15시,토요일,경상남도 김해시 삼정동,중상사고,0,1,1,0,차대차 - 측면충돌,교차로운행방법위반,건조,맑음,교차로 - 교차로안,승용,남,49세,상해없음,승용,여,52세,경상
2017060300100398,2017년 6월 3일 15시,토요일,경상남도 양산시 삼호동,부상신고사고,0,0,0,1,차대차 - 측면충돌,직진우회전진행방해,건조,맑음,단일로 - 기타,이륜,남,64세,부상신고,승용,남,59세,상해없음
2017060300100399,2017년 6월 3일 15시,토요일,경상남도 창원시 의창구 팔용동,경상사고,0,0,1,0,차대차 - 측면충돌,안전운전불이행,건조,맑음,단일로 - 기타,승용,남,65세,상해없음,자전거,남,36세,경상
2017060300100437,2017년 6월 3일 16시,토요일,경상남도 창원시 마산합포구 월남동1가,경상사고,0,0,1,0,차대차 - 측면충돌,안전운전불이행,건조,맑음,단일로 - 기타,승용,남,53세,상해없음,자전거,남,31세,경상
2017060300100438,2017년 6월 3일 16시,토요일,경상남도 거제시 아주동,중상사고,0,2,0,0,차대차 - 측면충돌,안전운전불이행,건조,맑음,교차로 - 교차로부근,승용,남,58세,상해없음,승용,여,52세,중상
2017060300100490,2017년 6월 3일 17시,토요일,경상남도 창녕군 창녕읍,경상사고,0,0,2,0,차대차 - 측면충돌,신호위반,건조,맑음,교차로 - 교차로안,승용,남,26세,경상,화물,남,51세,경상
2017060300100491,2017년 6월 3일 17시,토요일,경상남도 양산시 어곡동,중상사고,0,1,0,0,차대차 - 측면충돌,직진우회전진행방해,건조,맑음,교차로 - 교차로안,승용,남,44세,상해없음,원동기,남,33세,상해없음
2017060300100492,2017년 6월 3일 17시,토요일,경상남도 양산시 동면,경상사고,0,0,1,0,차대차 - 기타,안전거리미확보,건조,맑음,단일로 - 기타,승용,여,47세,상해없음,승용,남,55세,경상
2017060300100493,2017년 6월 3일 17시,토요일,경상남도 거제시 고현동,중상사고,0,1,0,0,차대사람 - 횡단중,보행자보호의무위반,건조,맑음,단일로 - 기타,승합,남,47세,상해없음,보행자,남,54세,중상
2017060300100494,2017년 6월 3일 17시,토요일,경상남도 창원시 마산회원구 합성동,중상사고,0,1,0,0,차대차 - 기타,중앙선침범,건조,맑음,단일로 - 기타,승용,여,55세,상해없음,이륜,남,35세,중상
2017060300100495,2017년 6월 3일 17시,토요일,경상남도 김해시 관동동,중상사고,0,1,0,0,차대차 - 측면충돌,안전운전불이행,건조,맑음,단일로 - 기타,자전거,여,9세,중상,승용,남,54세,상해없음
2017060300100496,2017년 6월 3일 17시,토요일,경상남도 김해시 풍유동,경상사고,0,0,1,0,차대차 - 측면충돌,안전운전불이행,건조,맑음,단일로 - 기타,화물,남,59세,상해없음,승용,남,41세,경상
2017060300100543,2017년 6월 3일 18시,토요일,경상남도 김해시 어방동,중상사고,0,1,2,0,차대차 - 기타,교차로운행방법위반,건조,맑음,교차로 - 교차로안,승용,남,35세,상해없음,승용,남,46세,중상
2017060300100544,2017년 6월 3일 18시,토요일,경상남도 거제시 고현동,중상사고,0,2,2,0,차대차 - 추돌,안전거리미확보,건조,맑음,단일로 - 기타,승용,남,45세,중상,승용,남,38세,중상
2017060300100572,2017년 6월 3일 19시,토요일,경상남도 창원시 마산회원구 합성동,경상사고,0,0,1,0,차대사람 - 차도통행중,안전운전불이행,건조,맑음,단일로 - 기타,승용,남,26세,상해없음,보행자,여,50세,경상
2017060300100597,2017년 6월 3일 20시,토요일,경상남도 함안군 대산면,사망사고,1,0,0,0,차대사람 - 기타,중앙선침범,건조,맑음,단일로 - 기타,화물,남,46세,상해없음,보행자,남,58세,사망
2017060300100630,2017년 6월 3일 21시,토요일,경상남도 창원시 의창구 북면,중상사고,0,1,0,0,차대사람 - 횡단중,보행자보호의무위반,건조,맑음,교차로 - 교차로횡단보도내,승용,여,48세,상해없음,보행자,여,52세,중상
2017060300100653,2017년 6월 3일 22시,토요일,경상남도 양산시 덕계동,중상사고,0,1,0,0,차대차 - 측면충돌,안전운전불이행,건조,맑음,교차로 - 교차로안,승용,남,33세,상해없음,이륜,남,35세,중상
2017060300100654,2017년 6월 3일 22시,토요일,경상남도 양산시 물금읍,중상사고,0,1,0,0,차대사람 - 횡단중,안전운전불이행,건조,맑음,단일로 - 기타,승용,남,22세,상해없음,보행자,여,15세,중상
2017060300100671,2017년 6월 3일 23시,토요일,경상남도 통영시 광도면,중상사고,0,1,0,0,차대차 - 측면충돌,안전운전불이행,건조,맑음,단일로 - 기타,승용,여,56세,상해없음,자전거,남,17세,중상
2017060300100672,2017년 6월 3일 23시,토요일,경상남도 양산시 삼호동,경상사고,0,0,1,0,차대차 - 정면충돌,중앙선침범,건조,맑음,단일로 - 기타,이륜,남,15세,상해없음,원동기,남,30세,경상
2017060400100024,2017년 6월 4일 00시,일요일,경상남도 진주시 평거동,중상사고,0,1,0,0,차대차 - 측면충돌,안전거리미확보,건조,맑음,단일로 - 기타,승용,남,46세,상해없음,원동기,남,17세,중상
2017060400100025,2017년 6월 4일 00시,일요일,경상남도 양산시 물금읍,부상신고사고,0,0,0,1,차대차 - 측면충돌,안전운전불이행,건조,맑음,단일로 - 기타,승용,남,31세,상해없음,승용,남,53세,부상신고
2017060400100056,2017년 6월 4일 02시,일요일,경상남도 거제시 옥포동,경상사고,0,0,1,0,차대차 - 기타,직진우회전진행방해,건조,맑음,교차로 - 교차로안,승용,남,34세,상해없음,이륜,남,29세,경상
2017060400100074,2017년 6월 4일 04시,일요일,경상남도 통영시 산양읍,사망사고,1,0,0,0,차대사람 - 횡단중,안전운전불이행,건조,맑음,단일로 - 기타,승용,남,59세,상해없음,보행자,여,73세,사망
2017060400100075,2017년 6월 4일 04시,일요일,경상남도 창원시 의창구 동정동,경상사고,0,0,2,0,차대차 - 기타,신호위반,건조,맑음,교차로 - 교차로안,화물,남,63세,상해없음,승용,남,55세,경상
2017060400100113,2017년 6월 4일 07시,일요일,경상남도 밀양시 삼랑진읍,사망사고,1,0,0,0,차량단독 - 전도전복 - 전복,안전운전불이행,건조,맑음,단일로 - 기타,승용,남,62세,사망,,,,
2017060400100146,2017년 6월 4일 09시,일요일,경상남도 창원시 마산합포구 구산면,중상사고,0,5,0,0,차대차 - 기타,중앙선침범,건조,맑음,단일로 - 기타,승용,여,49세,상해없음,승용,남,51세,중상
2017060400100147,2017년 6월 4일 09시,일요일,경상남도 창원시 성산구 상남동,경상사고,0,0,1,0,차대차 - 측면충돌,신호위반,건조,맑음,교차로 - 교차로안,승용,남,46세,상해없음,승용,여,63세,경상
2017060400100171,2017년 6월 4일 10시,일요일,경상남도 사천시 벌리동,경상사고,0,0,1,0,차대차 - 측면충돌,교차로운행방법위반,건조,맑음,교차로 - 교차로안,원동기,남,77세,경상,화물,남,67세,상해없음
2017060400100172,2017년 6월 4일 10시,일요일,경상남도 밀양시 내이동,중상사고,0,1,1,0,차대차 - 추돌,안전운전불이행,건조,맑음,단일로 - 기타,화물,남,69세,상해없음,승용,남,58세,중상
2017060400100189,2017년 6월 4일 11시,일요일,경상남도 창원시 마산합포구 월남동1가,경상사고,0,0,1,0,차대사람 - 기타,안전운전불이행,건조,맑음,단일로 - 기타,승용,남,60세,상해없음,보행자,여,76세,경상
2017060400100222,2017년 6월 4일 12시,일요일,경상남도 김해시 대청동,경상사고,0,0,3,0,차대차 - 측면충돌,신호위반,건조,맑음,교차로 - 교차로안,승용,남,36세,상해없음,승용,여,44세,경상
2017060400100246,2017년 6월 4일 13시,일요일,경상남도 김해시 생림면,중상사고,0,1,0,0,차대사람 - 기타,안전운전불이행,건조,맑음,단일로 - 기타,승용,남,60세,상해없음,보행자,여,50세,중상
2017060400100247,2017년 6월 4일 13시,일요일,경상남도 고성군 상리면,경상사고,0,0,1,0,차대차 - 측면충돌,차로위반,건조,맑음,단일로 - 기타,승용,남,61세,상해없음,승용,남,69세,경상
2017060400100274,2017년 6월 4일 14시,일요일,경상남도 김해시 서상동,경상사고,0,0,1,0,차대차 - 측면충돌,안전운전불이행,건조,맑음,단일로 - 기타,이륜,남,19세,상해없음,자전거,남,13세,경상
2017060400100275,2017년 6월 4일 14시,일요일,경상남도 거제시 양정동,중상사고,0,1,0,0,차대차 - 측면충돌,교차로운행방법위반,건조,맑음,교차로 - 교차로안,승용,남,60세,상해없음,자전거,남,16세,중상
2017060400100311,2017년 6월 4일 15시,일요일,경상남도 밀양시 무안면,중상사고,0,1,1,0,차대차 - 측면충돌,안전거리미확보,건조,맑음,단일로 - 기타,승합,남,61세,상해없음,승용,남,56세,중상
2017060400100337,2017년 6월 4일 16시,일요일,경상남도 진주시 가좌동,경상사고,0,0,1,0,차대차 - 측면충돌,신호위반,건조,맑음,교차로 - 교차로안,승용,남,25세,상해없음,원동기,남,37세,경상
2017060400100363,2017년 6월 4일 17시,일요일,경상남도 창원시 진해구 용원동,중상사고,0,1,0,0,차대차 - 추돌,안전운전불이행,건조,맑음,단일로 - 기타,승용,여,44세,상해없음,이륜,남,36세,중상
2017060400100364,2017년 6월 4일 17시,일요일,경상남도 통영시 도남동,경상사고,0,0,3,0,차대차 - 후진중충돌,안전운전불이행,건조,맑음,주차장 - 주차장,승용,여,49세,상해없음,승용,남,38세,경상
2017060400100365,2017년 6월 4일 17시,일요일,경상남도 거제시 고현동,경상사고,0,0,1,0,차대차 - 기타,신호위반,건조,맑음,교차로 - 교차로안,승용,여,34세,상해없음,승용,남,66세,경상
2017060400100366,2017년 6월 4일 17시,일요일,경상남도 김해시 풍유동,경상사고,0,0,1,0,차대차 - 측면충돌,안전운전불이행,건조,맑음,단일로 - 기타,승용,남,36세,상해없음,승용,남,46세,경상
2017060400100401,2017년 6월 4일 18시,일요일,경상남도 창원시 의창구 소답동,중상사고,0,1,0,0,차대차 - 기타,차로위반,건조,맑음,단일로 - 기타,승용,남,22세,상해없음,원동기,남,64세,중상
2017060400100444,2017년 6월 4일 20시,일요일,경상남도 통영시 중앙동,경상사고,0,0,1,0,차대사람 - 횡단중,안전운전불이행,건조,맑음,단일로 - 기타,승용,남,47세,상해없음,보행자,남,52세,경상
2017060400100445,2017년 6월 4일 20시,일요일,경상남도 통영시 항남동,경상사고,0,0,1,0,차대사람 - 길가장자리구역통행중,안전운전불이행,건조,맑음,단일로 - 기타,승용,남,50세,상해없음,보행자,남,29세,경상
2017060400100446,2017년 6월 4일 20시,일요일,경상남도 거제시 고현동,부상신고사고,0,0,0,1,차대사람 - 횡단중,안전운전불이행,건조,맑음,교차로 - 교차로안,기타불명,기타불명,미분류,기타불명,보행자,남,60세,부상신고
2017060400100469,2017년 6월 4일 21시,일요일,경상남도 창원시 성산구 성주동,경상사고,0,0,3,0,차대차 - 추돌,안전운전불이행,건조,맑음,단일로 - 기타,화물,남,60세,상해없음,승용,여,41세,경상
2017060500100027,2017년 6월 5일 00시,월요일,경상남도 김해시 외동,중상사고,0,2,0,2,차대차 - 기타,신호위반,건조,맑음,교차로 - 교차로안,승용,남,33세,부상신고,승용,남,23세,중상
2017060500100041,2017년 6월 5일 01시,월요일,경상남도 양산시 상북면,경상사고,0,0,1,0,차대차 - 추돌,안전운전불이행,건조,맑음,단일로 - 기타,승용,남,35세,상해없음,화물,남,49세,경상
2017060500100047,2017년 6월 5일 02시,월요일,경상남도 양산시 중부동,경상사고,0,0,1,0,차대차 - 정면충돌,안전거리미확보,젖음/습기,흐림,교차로 - 교차로부근,기타불명,기타불명,미분류,기타불명,승용,남,53세,경상
2017060500100072,2017년 6월 5일 06시,월요일,경상남도 거제시 옥포동,중상사고,0,2,3,0,차대차 - 추돌,안전거리미확보,건조,맑음,단일로 - 기타,승합,남,56세,상해없음,화물,남,39세,상해없음
2017060500100093,2017년 6월 5일 07시,월요일,경상남도 사천시 사남면,경상사고,0,0,1,0,차대차 - 기타,안전운전불이행,건조,맑음,교차로 - 교차로부근,승용,남,27세,경상,승용,남,42세,상해없음
2017060500100094,2017년 6월 5일 07시,월요일,경상남도 양산시 유산동,경상사고,0,0,1,0,차대차 - 기타,안전운전불이행,건조,맑음,교차로 - 교차로안,승용,남,67세,상해없음,자전거,여,37세,경상
2017060500100126,2017년 6월 5일 08시,월요일,경상남도 창원시 마산회원구 봉암동,중상사고,0,1,0,0,차대사람 - 횡단중,신호위반,건조,맑음,교차로 - 교차로안,화물,남,39세,상해없음,보행자,여,61세,중상
2017060500100127,2017년 6월 5일 08시,월요일,경상남도 김해시 진영읍,경상사고,0,0,1,0,차대차 - 측면충돌,안전거리미확보,건조,맑음,단일로 - 기타,건설기계,남,52세,상해없음,승용,여,37세,경상
2017060500100165,2017년 6월 5일 09시,월요일,경상남도 통영시 당동,경상사고,0,0,3,0,차대차 - 추돌,안전운전불이행,건조,맑음,단일로 - 기타,승용,여,25세,상해없음,승용,남,26세,경상
2017060500100166,2017년 6월 5일 09시,월요일,경상남도 거창군 거창읍,사망사고,1,0,0,0,차대차 - 기타,과속,건조,맑음,교차로 - 교차로안,화물,남,63세,상해없음,이륜,남,82세,사망
2017060500100167,2017년 6월 5일 09시,월요일,경상남도 고성군 거류면,중상사고,0,1,0,0,차대차 - 측면충돌,안전운전불이행,건조,맑음,단일로 - 기타,화물,남,62세,상해없음,이륜,남,74세,중상
2017060500100168,2017년 6월 5일 09시,월요일,경상남도 김해시 진영읍,경상사고,0,0,1,0,차대차 - 측면충돌,안전운전불이행,건조,맑음,교차로 - 교차로안,승용,남,61세,상해없음,승용,여,27세,경상
2017060500100200,2017년 6월 5일 10시,월요일,경상남도 통영시 항남동,경상사고,0,0,1,0,차대차 - 측면충돌,신호위반,건조,맑음,교차로 - 교차로안,승용,남,79세,상해없음,원동기,남,45세,경상
2017060500100227,2017년 6월 5일 11시,월요일,경상남도 통영시 용남면,중상사고,0,1,0,0,차대차 - 측면충돌,직진우회전진행방해,건조,맑음,교차로 - 교차로안,승용,여,42세,상해없음,원동기,남,81세,중상
2017060500100228,2017년 6월 5일 11시,월요일,경상남도 김해시 주촌면,경상사고,0,0,1,0,차대차 - 측면충돌,신호위반,건조,맑음,교차로 - 교차로안,화물,남,58세,상해없음,화물,남,43세,경상
2017060500100256,2017년 6월 5일 12시,월요일,경상남도 김해시 지내동,중상사고,0,1,0,0,차대사람 - 차도통행중,기타,건조,맑음,단일로 - 기타,화물,남,73세,상해없음,보행자,여,74세,중상
2017060500100257,2017년 6월 5일 12시,월요일,경상남도 하동군 금성면,중상사고,0,1,0,0,차대차 - 측면충돌,안전운전불이행,건조,맑음,단일로 - 기타,사륜오토바이(ATV),남,83세,중상,승용,여,45세,상해없음
2017060500100258,2017년 6월 5일 12시,월요일,경상남도 거제시 능포동,경상사고,0,0,1,0,차대사람 - 횡단중,안전운전불이행,건조,맑음,교차로 - 교차로안,승용,여,48세,상해없음,보행자,남,68세,경상
2017060500100283,2017년 6월 5일 13시,월요일,경상남도 통영시 무전동,경상사고,0,0,1,0,차대차 - 정면충돌,중앙선침범,건조,맑음,교차로 - 교차로부근,화물,남,65세,상해없음,승용,남,35세,경상
2017060500100318,2017년 6월 5일 14시,월요일,경상남도 김해시 내동,중상사고,0,1,1,0,차대차 - 측면충돌,신호위반,건조,맑음,교차로 - 교차로안,화물,남,48세,상해없음,승용,남,65세,경상
2017060500100319,2017년 6월 5일 14시,월요일,경상남도 김해시 율하동,중상사고,0,1,0,0,차대사람 - 횡단중,안전운전불이행,건조,맑음,단일로 - 기타,승용,남,59세,상해없음,보행자,여,8세,중상
2017060500100341,2017년 6월 5일 15시,월요일,경상남도 창녕군 남지읍,경상사고,0,0,1,0,차대차 - 기타,중앙선침범,건조,맑음,교차로 - 교차로부근,승합,남,55세,상해없음,이륜,남,57세,경상
2017060500100342,2017년 6월 5일 15시,월요일,경상남도 양산시 삼호동,중상사고,0,1,1,0,차대차 - 정면충돌,신호위반,건조,맑음,교차로 - 교차로안,승용,남,27세,상해없음,승용,여,57세,경상
2017060500100343,2017년 6월 5일 15시,월요일,경상남도 의령군 대의면,경상사고,0,0,1,0,차량단독 - 전도전복,안전운전불이행,건조,맑음,단일로 - 기타,이륜,남,46세,경상,미분류,미분류,미분류,미분류
2017060500100398,2017년 6월 5일 16시,월요일,경상남도 창원시 진해구 여좌동,경상사고,0,0,2,0,차대차 - 측면충돌,교차로운행방법위반,건조,맑음,교차로 - 교차로안,화물,남,57세,경상,승용,남,40세,경상
2017060500100434,2017년 6월 5일 17시,월요일,경상남도 창원시 진해구 충무동,경상사고,0,0,1,0,차대차 - 추돌,안전운전불이행,건조,맑음,교차로 - 교차로안,화물,남,68세,상해없음,승용,남,49세,경상
2017060500100435,2017년 6월 5일 17시,월요일,경상남도 김해시 지내동,중상사고,0,1,0,0,차대사람 - 횡단중,안전운전불이행,건조,맑음,단일로 - 기타,승용,남,72세,상해없음,보행자,여,10세,중상
2017060500100436,2017년 6월 5일 17시,월요일,경상남도 합천군 용주면,경상사고,0,0,1,0,차량단독 - 공작물충돌,안전운전불이행,건조,맑음,교차로 - 교차로부근,화물,남,81세,경상,,,,
2017060500100437,2017년 6월 5일 17시,월요일,경상남도 의령군 유곡면,부상신고사고,0,0,0,1,차대차 - 측면충돌,교차로운행방법위반,건조,맑음,교차로 - 교차로안,승용,남,71세,상해없음,화물,남,66세,부상신고
2017060500100438,2017년 6월 5일 17시,월요일,경상남도 창원시 성산구 사파동,중상사고,0,1,0,0,차대사람 - 횡단중,보행자보호의무위반,건조,맑음,교차로 - 교차로안,승용,여,56세,상해없음,보행자,여,44세,중상
2017060500100439,2017년 6월 5일 17시,월요일,경상남도 김해시 주촌면,중상사고,0,1,0,0,차대차 - 측면충돌,직진우회전진행방해,건조,맑음,교차로 - 교차로안,화물,남,54세,상해없음,승용,여,52세,중상
2017060500100563,2017년 6월 5일 20시,월요일,경상남도 김해시 외동,중상사고,0,1,0,0,차대차 - 추돌,안전거리미확보,건조,맑음,교차로 - 교차로부근,승용,남,29세,상해없음,승용,남,61세,중상
2017060500100595,2017년 6월 5일 21시,월요일,경상남도 김해시 삼계동,중상사고,0,1,1,0,차대차 - 측면충돌,직진우회전진행방해,건조,맑음,교차로 - 교차로안,화물,남,38세,상해없음,승용,여,30세,중상
2017060500100618,2017년 6월 5일 22시,월요일,경상남도 김해시 불암동,중상사고,0,1,0,0,차대차 - 정면충돌,신호위반,건조,맑음,교차로 - 교차로안,승용,여,56세,상해없음,화물,남,63세,중상
2017060500100619,2017년 6월 5일 22시,월요일,경상남도 창원시 성산구 남산동,중상사고,0,1,0,0,차대차 - 측면충돌,안전운전불이행,건조,맑음,단일로 - 기타,자전거,남,16세,중상,승합,남,61세,상해없음
2017060500100654,2017년 6월 5일 23시,월요일,경상남도 창원시 마산합포구 중앙동3가,중상사고,0,1,0,0,차대사람 - 횡단중,안전운전불이행,건조,맑음,단일로 - 기타,승용,남,69세,상해없음,보행자,남,51세,중상