사고번호,사고일시,요일,시군구,사고내용,사망자수,중상자수,경상자수,부상신고자수,사고유형,법규위반,노면상태,기상상태,도로형태,가해운전자 차종,가해운전자 성별,가해운전자 연령,가해운전자 상해정도,피해운전자 차종,피해운전자 성별,피해운전자 연령,피해운전자 상해정도
2017060500100655,2017년 6월 5일 23시,월요일,경상남도 고성군 상리면,중상사고,0,2,0,0,차대차 - 추돌,안전거리미확보,건조,맑음,교차로 - 교차로부근,승용,여,50세,상해없음,승용,남,45세,중상
2017060600100023,2017년 6월 6일 00시,화요일,경상남도 밀양시 삼문동,경상사고,0,0,2,0,차대차 - 측면충돌,신호위반,건조,맑음,교차로 - 교차로안,화물,남,48세,상해없음,화물,남,50세,경상
2017060600100024,2017년 6월 6일 00시,화요일,경상남도 창원시 성산구 사파동,중상사고,0,1,0,0,차대차 - 측면충돌,신호위반,건조,맑음,교차로 - 교차로안,승용,여,47세,상해없음,승용,여,28세,중상
2017060600100035,2017년 6월 6일 01시,화요일,경상남도 창원시 진해구 태백동,중상사고,0,1,0,0,차대차 - 측면충돌,신호위반,건조,맑음,교차로 - 교차로안,승용,여,38세,상해없음,승용,남,70세,상해없음
2017060600100036,2017년 6월 6일 01시,화요일,경상남도 통영시 무전동,경상사고,0,0,1,0,차대차 - 측면충돌,신호위반,건조,맑음,교차로 - 교차로안,승용,남,30세,상해없음,승용,남,61세,경상
2017060600100037,2017년 6월 6일 01시,화요일,경상남도 김해시 생림면,경상사고,0,0,1,0,차량단독 - 전도전복 - 전도,안전운전불이행,건조,맑음,단일로 - 기타,승용,남,36세,경상,,,,
2017060600100038,2017년 6월 6일 01시,화요일,경상남도 김해시 대청동,중상사고,0,1,0,0,차대차 - 측면충돌,직진우회전진행방해,건조,맑음,교차로 - 교차로안,승용,여,54세,상해없음,이륜,남,53세,중상
2017060600100050,2017년 6월 6일 02시,화요일,경상남도 함양군 안의면,중상사고,0,1,0,0,차량단독 - 전도전복 - 전도,안전운전불이행,건조,맑음,단일로 - 기타,원동기,남,15세,중상,,,,
2017060600100065,2017년 6월 6일 04시,화요일,경상남도 김해시 외동,중상사고,0,1,0,0,차대차 - 측면충돌,안전운전불이행,건조,맑음,교차로 - 교차로안,승용,남,60세,상해없음,이륜,남,16세,중상
2017060600100076,2017년 6월 6일 05시,화요일,경상남도 김해시 생림면,경상사고,0,0,2,0,차대차 - 측면충돌,신호위반,건조,맑음,교차로 - 교차로안,승용,여,42세,경상,화물,남,38세,경상
2017060600100087,2017년 6월 6일 06시,화요일,경상남도 양산시 동면,경상사고,0,0,1,0,차대차 - 측면충돌,안전운전불이행,건조,맑음,단일로 - 기타,이륜,남,17세,경상,승용,남,39세,상해없음
2017060600100114,2017년 6월 6일 08시,화요일,경상남도 거제시 고현동,경상사고,0,0,1,0,차대차 - 기타,직진우회전진행방해,건조,맑음,교차로 - 교차로부근,화물,남,58세,상해없음,승용,남,32세,경상
2017060600100115,2017년 6월 6일 08시,화요일,경상남도 김해시 대청동,경상사고,0,0,1,0,차대차 - 측면충돌,안전운전불이행,건조,맑음,교차로 - 교차로안,화물,남,61세,상해없음,승용,여,46세,경상
2017060600100127,2017년 6월 6일 09시,화요일,경상남도 밀양시 삼문동,경상사고,0,0,1,0,차대사람 - 횡단중,보행자보호의무위반,건조,맑음,단일로 - 기타,승용,여,53세,상해없음,보행자,여,72세,경상
2017060600100128,2017년 6월 6일 09시,화요일,경상남도 창원시 성산구 반림동,경상사고,0,0,1,0,차대차 - 추돌,안전운전불이행,건조,맑음,교차로 - 교차로부근,승용,남,40세,상해없음,승용,여,46세,경상
2017060600100152,2017년 6월 6일 10시,화요일,경상남도 창원시 마산합포구 월영동,경상사고,0,0,1,0,차대차 - 정면충돌,중앙선침범,건조,흐림,단일로 - 기타,승용,여,60세,상해없음,승합,남,57세,상해없음
2017060600100153,2017년 6월 6일 10시,화요일,경상남도 함양군 함양읍,중상사고,0,1,0,0,차대차 - 측면충돌,신호위반,건조,맑음,교차로 - 교차로안,건설기계,남,59세,상해없음,화물,남,46세,중상
2017060600100171,2017년 6월 6일 11시,화요일,경상남도 밀양시,경상사고,0,0,2,0,차대차 - 측면충돌,안전운전불이행,건조,맑음,단일로 - 기타,화물,남,66세,경상,건설기계,남,36세,경상
2017060600100172,2017년 6월 6일 11시,화요일,경상남도 거제시 고현동,경상사고,0,0,1,0,차대차 - 측면충돌,기타,건조,맑음,교차로 - 교차로안,승용,여,44세,상해없음,이륜,남,53세,경상
2017060600100173,2017년 6월 6일 11시,화요일,경상남도 창원시 의창구 도계동,경상사고,0,0,1,0,차대차 - 측면충돌,안전운전불이행,건조,맑음,교차로 - 교차로안,화물,남,66세,상해없음,승용,남,35세,경상
2017060600100197,2017년 6월 6일 12시,화요일,경상남도 창원시 진해구 청안동,경상사고,0,0,1,0,차대사람 - 횡단중,안전운전불이행,건조,맑음,교차로 - 교차로안,승용,남,62세,상해없음,보행자,여,53세,경상
2017060600100198,2017년 6월 6일 12시,화요일,경상남도 통영시 북신동,경상사고,0,0,2,0,차대차 - 측면충돌,교차로운행방법위반,건조,맑음,교차로 - 교차로안,화물,남,65세,상해없음,승용,남,39세,경상
2017060600100199,2017년 6월 6일 12시,화요일,경상남도 김해시 내동,경상사고,0,0,1,0,차대차 - 기타,안전거리미확보,건조,맑음,단일로 - 기타,승용,남,72세,상해없음,원동기,남,41세,경상
2017060600100200,2017년 6월 6일 12시,화요일,경상남도 함양군 함양읍,경상사고,0,0,2,0,차대차 - 측면충돌,교차로운행방법위반,건조,맑음,교차로 - 교차로안,승용,남,36세,상해없음,승용,남,60세,경상
2017060600100229,2017년 6월 6일 13시,화요일,경상남도 하동군 북천면,경상사고,0,0,1,0,차대차 - 정면충돌,교차로운행방법위반,건조,맑음,교차로 - 교차로안,승용,남,69세,상해없음,자전거,여,38세,경상
2017060600100295,2017년 6월 6일 15시,화요일,경상남도 창원시 진해구 이동,경상사고,0,0,1,0,차대차 - 측면충돌,교차로운행방법위반,건조,맑음,교차로 - 교차로안,승용,여,63세,상해없음,자전거,여,42세,경상
2017060600100319,2017년 6월 6일 16시,화요일,경상남도 창원시 의창구 명서동,경상사고,0,0,1,0,차대차 - 측면충돌,안전운전불이행,젖음/습기,비,교차로 - 교차로안,승용,여,50세,상해없음,승용,남,41세,경상
2017060600100351,2017년 6월 6일 17시,화요일,경상남도 창원시 마산합포구 월영동,경상사고,0,0,1,0,차대차 - 정면충돌,중앙선침범,젖음/습기,비,단일로 - 기타,화물,남,47세,상해없음,승용,남,56세,경상
2017060600100352,2017년 6월 6일 17시,화요일,경상남도 사천시 정동면,중상사고,0,1,0,0,차대차 - 측면충돌,신호위반,젖음/습기,비,교차로 - 교차로안,승용,남,42세,상해없음,승용,남,23세,중상
2017060600100353,2017년 6월 6일 17시,화요일,경상남도 거제시 고현동,중상사고,0,1,0,0,차대사람 - 횡단중,안전운전불이행,건조,맑음,단일로 - 기타,승용,남,67세,상해없음,보행자,여,9세,중상
2017060600100383,2017년 6월 6일 18시,화요일,경상남도 밀양시 용평동,경상사고,0,0,1,0,차량단독 - 공작물충돌,안전운전불이행,젖음/습기,비,단일로 - 기타,원동기,남,63세,상해없음,,,,
2017060600100384,2017년 6월 6일 18시,화요일,경상남도 남해군 고현면,중상사고,0,1,0,0,차대차 - 측면충돌,안전운전불이행,젖음/습기,비,교차로 - 교차로안,승용,남,69세,상해없음,승용,여,52세,중상
2017060600100417,2017년 6월 6일 19시,화요일,경상남도 창원시 의창구 명서동,경상사고,0,0,2,2,차대차 - 정면충돌,중앙선침범,건조,맑음,단일로 - 기타,승용,남,54세,기타불명,승용,남,50세,경상
2017060600100452,2017년 6월 6일 20시,화요일,경상남도 진주시 평거동,경상사고,0,0,1,0,차대차 - 측면충돌,안전운전불이행,젖음/습기,비,교차로 - 교차로안,승용,남,42세,상해없음,원동기,남,17세,경상
2017060600100525,2017년 6월 6일 22시,화요일,경상남도 사천시 벌리동,경상사고,0,0,2,0,차대차 - 추돌,안전운전불이행,젖음/습기,비,교차로 - 교차로부근,승용,여,24세,상해없음,승용,남,53세,경상
2017060600100526,2017년 6월 6일 22시,화요일,경상남도 사천시 늑도동,중상사고,0,1,0,0,차량단독 - 공작물충돌,안전운전불이행,젖음/습기,비,단일로 - 교량,승용,남,52세,중상,,,,
2017060600100527,2017년 6월 6일 22시,화요일,경상남도 양산시 물금읍,경상사고,0,0,1,0,차대차 - 정면충돌,안전운전불이행,젖음/습기,비,단일로 - 기타,승용,여,33세,상해없음,승용,남,46세,경상
2017060600100556,2017년 6월 6일 23시,화요일,경상남도 거제시 수월동,경상사고,0,0,1,0,차대차 - 측면충돌,안전운전불이행,젖음/습기,흐림,교차로 - 교차로부근,승용,여,42세,상해없음,승용,여,26세,경상
2017060700100024,2017년 6월 7일 00시,수요일,경상남도 창원시 의창구 명서동,중상사고,0,2,1,0,차대차 - 추돌,안전운전불이행,젖음/습기,비,교차로 - 교차로안,승용,남,45세,상해없음,승용,남,64세,경상
2017060700100055,2017년 6월 7일 02시,수요일,경상남도 창원시 마산합포구 중앙동3가,중상사고,0,1,0,1,차량단독 - 공작물충돌,안전운전불이행,젖음/습기,비,교차로 - 교차로안,승용,남,68세,부상신고,,,,
2017060700100066,2017년 6월 7일 03시,수요일,경상남도 의령군 의령읍,경상사고,0,0,1,0,차량단독 - 공작물충돌,안전운전불이행,젖음/습기,비,단일로 - 기타,승용,남,56세,상해없음,,,,
2017060700100067,2017년 6월 7일 03시,수요일,경상남도 김해시 관동동,경상사고,0,0,1,0,차량단독 - 전도전복 - 전도,안전운전불이행,젖음/습기,비,단일로 - 기타,승용,여,28세,경상,,,,
2017060700100080,2017년 6월 7일 04시,수요일,경상남도 양산시 소주동,중상사고,0,1,0,0,차대사람 - 횡단중,안전운전불이행,젖음/습기,비,단일로 - 기타,승합,여,64세,상해없음,보행자,남,81세,중상
2017060700100103,2017년 6월 7일 06시,수요일,경상남도 사천시 동금동,중상사고,0,1,0,0,차대차 - 측면충돌,신호위반,젖음/습기,비,교차로 - 교차로안,승용,남,35세,상해없음,승용,여,59세,중상
2017060700100120,2017년 6월 7일 07시,수요일,경상남도 양산시 남부동,중상사고,0,1,0,1,차대차 - 측면충돌,신호위반,젖음/습기,비,교차로 - 교차로안,승용,여,34세,상해없음,승용,여,31세,상해없음
2017060700100121,2017년 6월 7일 07시,수요일,경상남도 창원시 의창구 동읍,중상사고,0,1,1,0,차대차 - 추돌,안전운전불이행,기타,비,단일로 - 기타,승용,남,40세,상해없음,승용,여,59세,상해없음
2017060700100150,2017년 6월 7일 08시,수요일,경상남도 창원시 마산합포구 동성동,중상사고,0,1,0,0,차대차 - 측면충돌,안전운전불이행,건조,맑음,교차로 - 교차로안,승용,여,52세,상해없음,이륜,남,56세,상해없음
2017060700100182,2017년 6월 7일 09시,수요일,경상남도 김해시 내동,경상사고,0,0,1,0,차대차 - 기타,안전운전불이행,건조,맑음,단일로 - 기타,승용,여,50세,상해없음,자전거,여,34세,경상
2017060700100204,2017년 6월 7일 10시,수요일,경상남도 사천시 동금동,부상신고사고,0,0,0,2,차대차 - 측면충돌,직진우회전진행방해,건조,맑음,교차로 - 교차로안,승용,남,45세,상해없음,승용,남,61세,부상신고
2017060700100237,2017년 6월 7일 11시,수요일,경상남도 창원시 마산합포구 오동동,경상사고,0,0,2,0,차대차 - 추돌,안전거리미확보,건조,맑음,단일로 - 기타,승합,남,44세,상해없음,승용,남,57세,경상
2017060700100270,2017년 6월 7일 12시,수요일,경상남도 함안군 칠서면,경상사고,0,0,1,0,차대차 - 측면충돌,신호위반,건조,맑음,교차로 - 교차로안,화물,남,37세,상해없음,승용,남,76세,경상
2017060700100271,2017년 6월 7일 12시,수요일,경상남도 창원시 성산구 웅남동,중상사고,0,6,0,0,차대차 - 측면충돌,중앙선침범,건조,맑음,단일로 - 기타,승용,남,55세,상해없음,승용,남,24세,중상
2017060700100272,2017년 6월 7일 12시,수요일,경상남도 김해시 대청동,중상사고,0,1,2,0,차대차 - 추돌,안전운전불이행,건조,맑음,단일로 - 기타,승용,남,47세,상해없음,화물,남,56세,경상
2017060700100298,2017년 6월 7일 13시,수요일,경상남도 밀양시 초동면,경상사고,0,0,1,0,차대차 - 추돌,안전운전불이행,건조,맑음,교차로 - 교차로부근,화물,남,64세,상해없음,이륜,남,70세,경상
2017060700100299,2017년 6월 7일 13시,수요일,경상남도 김해시 주촌면,경상사고,0,0,1,0,차대차 - 측면충돌,안전운전불이행,건조,맑음,단일로 - 기타,화물,남,49세,경상,승용,남,41세,기타불명
2017060700100324,2017년 6월 7일 14시,수요일,경상남도 창원시 마산합포구 청계동,경상사고,0,0,2,0,차대차 - 측면충돌,교차로운행방법위반,건조,맑음,교차로 - 교차로안,승용,남,69세,상해없음,승용,여,19세,경상
2017060700100325,2017년 6월 7일 14시,수요일,경상남도 창원시 마산합포구 우산동,중상사고,0,1,3,0,차대차 - 추돌,안전거리미확보,건조,맑음,단일로 - 기타,승용,남,53세,중상,승용,남,51세,상해없음
2017060700100326,2017년 6월 7일 14시,수요일,경상남도 김해시 봉황동,경상사고,0,0,1,0,차대차 - 기타,기타,건조,맑음,단일로 - 기타,승용,남,55세,상해없음,승용,여,58세,상해없음
2017060700100390,2017년 6월 7일 16시,수요일,경상남도 통영시 무전동,중상사고,0,1,0,0,차대사람 - 횡단중,보행자보호의무위반,건조,맑음,교차로 - 교차로횡단보도내,승용,여,43세,상해없음,보행자,남,67세,중상
2017060700100391,2017년 6월 7일 16시,수요일,경상남도 김해시 관동동,중상사고,0,1,0,0,차대차 - 기타,안전운전불이행,건조,맑음,교차로 - 교차로부근,승용,여,32세,상해없음,자전거,남,13세,중상
2017060700100420,2017년 6월 7일 17시,수요일,경상남도 진주시 상대동,중상사고,0,1,0,0,차량단독 - 기타,안전운전불이행,건조,맑음,단일로 - 기타,승합,남,56세,상해없음,,,,
2017060700100453,2017년 6월 7일 18시,수요일,경상남도 거제시 고현동,중상사고,0,1,0,0,차대사람 - 기타,안전운전불이행,건조,맑음,주차장 - 주차장,승용,여,34세,상해없음,보행자,여,8세,중상
2017060700100484,2017년 6월 7일 19시,수요일,경상남도 진주시 충무공동,경상사고,0,0,1,0,차대사람 - 기타,기타,건조,맑음,단일로 - 기타,원동기,남,37세,상해없음,보행자,여,11세,경상
2017060700100485,2017년 6월 7일 19시,수요일,경상남도 김해시 삼계동,경상사고,0,0,1,0,차대차 - 측면충돌,직진우회전진행방해,건조,맑음,단일로 - 기타,승용,남,44세,상해없음,승용,남,29세,경상
2017060700100505,2017년 6월 7일 20시,수요일,경상남도 밀양시 하남읍,중상사고,0,1,0,0,차대차 - 추돌,안전운전불이행,건조,맑음,단일로 - 기타,화물,남,66세,상해없음,자전거,남,78세,중상
2017060700100506,2017년 6월 7일 20시,수요일,경상남도 김해시 외동,경상사고,0,0,2,0,차대차 - 측면충돌,직진우회전진행방해,건조,맑음,교차로 - 교차로안,승용,남,28세,상해없음,이륜,남,17세,경상
2017060700100535,2017년 6월 7일 21시,수요일,경상남도 창녕군 이방면,중상사고,0,1,0,0,차대차 - 정면충돌,중앙선침범,건조,맑음,단일로 - 기타,이륜,남,58세,중상,화물,남,47세,상해없음
2017060700100536,2017년 6월 7일 21시,수요일,경상남도 창원시 마산회원구 내서읍,경상사고,0,0,1,0,차대차 - 추돌,안전운전불이행,건조,맑음,단일로 - 기타,승용,남,38세,상해없음,승용,남,71세,경상
2017060700100564,2017년 6월 7일 22시,수요일,경상남도 거제시 옥포동,경상사고,0,0,1,0,차대차 - 기타,안전운전불이행,건조,맑음,교차로 - 교차로부근,이륜,남,54세,상해없음,승용,남,38세,경상
2017060700100565,2017년 6월 7일 22시,수요일,경상남도 김해시 율하동,경상사고,0,0,1,0,차대차 - 측면충돌,안전운전불이행,건조,맑음,교차로 - 교차로안,승용,여,44세,상해없음,이륜,남,19세,경상
2017060800100029,2017년 6월 8일 00시,목요일,경상남도 창원시 마산합포구 중앙동2가,중상사고,0,1,0,0,차대사람 - 횡단중,안전운전불이행,건조,맑음,교차로 - 교차로안,승용,남,58세,상해없음,보행자,남,73세,중상
2017060800100030,2017년 6월 8일 00시,목요일,경상남도 사천시 서동,중상사고,0,1,0,0,차대차 - 측면충돌,교차로운행방법위반,건조,맑음,교차로 - 교차로안,화물,남,72세,상해없음,이륜,남,54세,중상
2017060800100031,2017년 6월 8일 00시,목요일,경상남도 거제시 수월동,경상사고,0,0,2,0,차대차 - 기타,안전운전불이행,건조,맑음,교차로 - 교차로부근,승용,남,43세,상해없음,승용,남,61세,경상
2017060800100059,2017년 6월 8일 03시,목요일,경상남도 진주시 하대동,경상사고,0,0,1,0,차대차 - 측면충돌,신호위반,건조,맑음,교차로 - 교차로안,화물,남,32세,상해없음,승합,남,57세,경상
2017060800100077,2017년 6월 8일 05시,목요일,경상남도 김해시 서상동,중상사고,0,1,0,0,차대차 - 측면충돌,신호위반,건조,맑음,교차로 - 교차로안,승용,남,52세,상해없음,이륜,남,75세,중상
2017060800100078,2017년 6월 8일 05시,목요일,경상남도 함안군 가야읍,경상사고,0,0,1,0,차대차 - 추돌,안전운전불이행,건조,맑음,교차로 - 교차로부근,승용,남,29세,상해없음,원동기,남,64세,경상
2017060800100125,2017년 6월 8일 08시,목요일,경상남도 사천시 사남면,경상사고,0,0,1,0,차대차 - 측면충돌,기타,건조,맑음,교차로 - 교차로안,승용,남,58세,상해없음,승용,여,32세,경상
2017060800100126,2017년 6월 8일 08시,목요일,경상남도 김해시 삼계동,중상사고,0,1,0,0,차대차 - 기타,안전운전불이행,건조,맑음,단일로 - 기타,건설기계,남,31세,상해없음,승용,여,43세,중상
2017060800100127,2017년 6월 8일 08시,목요일,경상남도 김해시 대청동,중상사고,0,3,0,0,차대차 - 측면충돌,중앙선침범,건조,맑음,단일로 - 기타,승용,남,60세,중상,승용,여,31세,중상
2017060800100163,2017년 6월 8일 09시,목요일,경상남도 창원시 성산구 중앙동,중상사고,0,1,0,0,차대차 - 측면충돌,안전운전불이행,건조,맑음,단일로 - 기타,승용,남,70세,상해없음,자전거,여,45세,중상
2017060800100190,2017년 6월 8일 10시,목요일,경상남도 김해시 주촌면,중상사고,0,2,0,0,차대차 - 측면충돌,교차로운행방법위반,건조,맑음,교차로 - 교차로안,화물,남,50세,중상,화물,남,37세,중상
2017060800100215,2017년 6월 8일 11시,목요일,경상남도 김해시 외동,경상사고,0,0,1,0,차대차 - 측면충돌,교차로운행방법위반,건조,맑음,교차로 - 교차로안,이륜,남,51세,경상,승용,여,46세,상해없음
2017060800100216,2017년 6월 8일 11시,목요일,경상남도 창원시 성산구 내동,경상사고,0,0,1,0,차대차 - 측면충돌,안전운전불이행,건조,맑음,교차로 - 교차로안,승용,여,57세,상해없음,승용,남,59세,경상
2017060800100217,2017년 6월 8일 11시,목요일,경상남도 창원시 마산회원구 봉암동,중상사고,0,1,0,0,차량단독 - 기타,안전운전불이행,건조,맑음,단일로 - 기타,이륜,남,74세,중상,,,,
2017060800100243,2017년 6월 8일 12시,목요일,경상남도 김해시 불암동,경상사고,0,0,1,0,차대차 - 측면충돌,안전운전불이행,건조,맑음,교차로 - 교차로안,화물,남,44세,상해없음,화물,남,60세,경상
2017060800100244,2017년 6월 8일 12시,목요일,경상남도 고성군 상리면,중상사고,0,1,0,0,차대차 - 측면충돌,직진우회전진행방해,건조,맑음,교차로 - 교차로안,건설기계,남,63세,상해없음,승용,남,56세,중상
2017060800100276,2017년 6월 8일 13시,목요일,경상남도 진주시 내동면,중상사고,0,1,3,0,차대차 - 측면충돌,중앙선침범,건조,맑음,단일로 - 기타,화물,남,53세,상해없음,승합,여,63세,경상
2017060800100277,2017년 6월 8일 13시,목요일,경상남도 통영시 서호동,경상사고,0,0,1,0,차대사람 - 기타,안전운전불이행,건조,맑음,단일로 - 기타,승용,여,56세,상해없음,보행자,남,60세,경상
2017060800100278,2017년 6월 8일 13시,목요일,경상남도 김해시 삼방동,경상사고,0,0,1,0,차대차 - 기타,교차로운행방법위반,건조,맑음,교차로 - 교차로안,승용,남,34세,경상,화물,남,59세,상해없음
2017060800100303,2017년 6월 8일 14시,목요일,경상남도 진주시 문산읍,중상사고,0,1,0,0,차대차 - 측면충돌,직진우회전진행방해,건조,맑음,교차로 - 교차로안,승용,남,23세,상해없음,이륜,남,43세,중상
2017060800100304,2017년 6월 8일 14시,목요일,경상남도 통영시 무전동,중상사고,0,1,0,0,차대차 - 측면충돌,안전운전불이행,건조,맑음,단일로 - 기타,승용,남,55세,상해없음,이륜,남,60세,중상
2017060800100305,2017년 6월 8일 14시,목요일,경상남도 김해시 내덕동,중상사고,0,3,0,0,차대차 - 측면충돌,신호위반,건조,맑음,교차로 - 교차로안,승용,여,67세,중상,승용,여,62세,중상
2017060800100370,2017년 6월 8일 16시,목요일,경상남도 창원시 의창구 북면,중상사고,0,1,0,0,차대차 - 측면충돌,신호위반,건조,맑음,교차로 - 교차로안,승용,여,23세,상해없음,승용,여,56세,중상
2017060800100414,2017년 6월 8일 17시,목요일,경상남도 김해시 내동,경상사고,0,0,1,0,차대차 - 기타,중앙선침범,건조,맑음,단일로 - 기타,자전거,남,11세,경상,승합,남,19세,상해없음
2017060800100415,2017년 6월 8일 17시,목요일,경상남도 거제시 고현동,중상사고,0,1,0,0,차대차 - 정면충돌,교차로운행방법위반,건조,맑음,단일로 - 기타,승용,여,50세,상해없음,이륜,남,37세,중상
2017060800100455,2017년 6월 8일 18시,목요일,경상남도 창원시 마산합포구 진동면,중상사고,0,2,1,0,차대차 - 추돌,안전운전불이행,건조,맑음,기타 - 기타,승용,여,33세,상해없음,승용,여,58세,중상
2017060800100456,2017년 6월 8일 18시,목요일,경상남도 창녕군 대지면,경상사고,0,0,1,0,차대차 - 측면충돌,과속,건조,맑음,교차로 - 교차로안,승용,남,25세,상해없음,농기계,남,71세,경상
2017060800100457,2017년 6월 8일 18시,목요일,경상남도 거제시 장평동,경상사고,0,0,1,0,차대차 - 기타,안전운전불이행,건조,맑음,단일로 - 기타,기타불명,기타불명,미분류,기타불명,자전거,남,37세,경상
2017060800100491,2017년 6월 8일 19시,목요일,경상남도 김해시 부원동,경상사고,0,0,1,0,차대사람 - 횡단중,안전운전불이행,건조,맑음,교차로 - 교차로안,승합,여,58세,상해없음,보행자,남,45세,경상
2017060800100515,2017년 6월 8일 20시,목요일,경상남도 김해시 전하동,경상사고,0,0,1,0,차대차 - 측면충돌,안전운전불이행,건조,맑음,교차로 - 교차로안,승용,남,69세,상해없음,승용,남,29세,경상
2017060800100580,2017년 6월 8일 23시,목요일,경상남도 김해시 내동,중상사고,0,1,0,0,차대사람 - 기타,안전운전불이행,건조,맑음,교차로 - 교차로안,승합,남,57세,상해없음,보행자,남,63세,중상
2017060800100581,2017년 6월 8일 23시,목요일,경상남도 창녕군 창녕읍,경상사고,0,0,1,0,차대사람 - 기타,불법유턴,건조,맑음,단일로 - 기타,승용,여,39세,상해없음,보행자,남,48세,경상
2017060900100030,2017년 6월 9일 00시,금요일,경상남도 김해시 부원동,부상신고사고,0,0,0,1,차대사람 - 횡단중,신호위반,건조,맑음,교차로 - 교차로횡단보도내,기타불명,기타불명,미분류,기타불명,보행자,남,20세,부상신고
2017060900100057,2017년 6월 9일 04시,금요일,경상남도 사천시 용현면,중상사고,0,2,0,0,차대차 - 측면충돌,신호위반,건조,맑음,교차로 - 교차로안,승용,남,75세,상해없음,승용,남,68세,중상
2017060900100099,2017년 6월 9일 07시,금요일,경상남도 창원시 진해구 이동,경상사고,0,0,1,0,차대차 - 측면충돌,안전운전불이행,건조,맑음,교차로 - 교차로부근,승용,남,50세,기타불명,승용,여,41세,경상
2017060900100100,2017년 6월 9일 07시,금요일,경상남도 창원시 진해구 북부동,경상사고,0,0,2,0,차대차 - 측면충돌,안전운전불이행,건조,맑음,단일로 - 기타,화물,남,76세,상해없음,승용,여,43세,경상
2017060900100137,2017년 6월 9일 08시,금요일,경상남도 김해시 삼계동,경상사고,0,0,1,0,차대차 - 정면충돌,교차로운행방법위반,건조,맑음,교차로 - 교차로안,승용,여,44세,상해없음,승용,여,22세,경상
2017060900100138,2017년 6월 9일 08시,금요일,경상남도 고성군 동해면,중상사고,0,1,0,0,차대차 - 측면충돌,직진우회전진행방해,건조,맑음,교차로 - 교차로안,이륜,남,70세,중상,승용,남,55세,상해없음
2017060900100139,2017년 6월 9일 08시,금요일,경상남도 창원시 마산회원구 석전동,중상사고,0,1,0,0,차대사람 - 횡단중,보행자보호의무위반,건조,맑음,교차로 - 교차로횡단보도내,승합,남,49세,상해없음,보행자,여,8세,중상
2017060900100165,2017년 6월 9일 09시,금요일,경상남도 거창군 가북면,중상사고,0,1,0,0,차대사람 - 길가장자리구역통행중,안전운전불이행,건조,맑음,단일로 - 기타,화물,남,77세,상해없음,보행자,남,84세,중상
2017060900100166,2017년 6월 9일 09시,금요일,경상남도 양산시 물금읍,중상사고,0,1,0,0,차대차 - 정면충돌,직진우회전진행방해,건조,맑음,교차로 - 교차로안,건설기계,남,57세,상해없음,승용,여,54세,중상
2017060900100196,2017년 6월 9일 10시,금요일,경상남도 통영시 광도면,중상사고,0,1,0,0,차대차 - 추돌,안전거리미확보,건조,맑음,단일로 - 기타,승용,여,57세,상해없음,이륜,남,63세,중상
2017060900100197,2017년 6월 9일 10시,금요일,경상남도 통영시 항남동,경상사고,0,0,1,0,차대차 - 추돌,교차로운행방법위반,건조,맑음,교차로 - 교차로안,화물,남,39세,경상,승용,남,72세,상해없음
2017060900100198,2017년 6월 9일 10시,금요일,경상남도 함안군 군북면,중상사고,0,1,0,0,차대차 - 측면충돌,안전운전불이행,건조,맑음,교차로 - 교차로안,화물,남,70세,상해없음,이륜,남,80세,중상
2017060900100199,2017년 6월 9일 10시,금요일,경상남도 창원시 의창구 사림동,경상사고,0,0,1,0,차대차 - 추돌,안전운전불이행,건조,맑음,교차로 - 교차로부근,승합,남,29세,상해없음,승용,여,48세,경상
2017060900100247,2017년 6월 9일 12시,금요일,경상남도 창원시 진해구 덕산동,중상사고,0,1,0,0,차대차 - 측면충돌,교차로운행방법위반,건조,맑음,교차로 - 교차로안,승용,남,25세,상해없음,원동기,남,76세,중상
2017060900100248,2017년 6월 9일 12시,금요일,경상남도 김해시 부원동,중상사고,0,1,0,0,차대차 - 측면충돌,신호위반,건조,맑음,교차로 - 교차로안,이륜,남,60세,중상,승용,남,46세,상해없음
2017060900100272,2017년 6월 9일 13시,금요일,경상남도 양산시 동면,경상사고,0,0,2,0,차대차 - 정면충돌,기타,건조,맑음,단일로 - 기타,화물,남,39세,상해없음,승용,여,66세,경상
2017060900100306,2017년 6월 9일 14시,금요일,경상남도 창원시 마산합포구 교방동,중상사고,0,1,2,1,차대차 - 정면충돌,안전운전불이행,건조,맑음,기타 - 기타,승용,남,79세,부상신고,승용,남,55세,경상
2017060900100307,2017년 6월 9일 14시,금요일,경상남도 함안군 대산면,중상사고,0,1,0,0,차대차 - 추돌,안전운전불이행,건조,맑음,교차로 - 교차로안,승용,여,39세,상해없음,승용,여,66세,중상
2017060900100308,2017년 6월 9일 14시,금요일,경상남도 창원시 성산구 신촌동,중상사고,0,1,1,0,차대차 - 추돌,안전운전불이행,건조,맑음,교차로 - 교차로부근,승용,남,44세,상해없음,승용,여,51세,중상
2017060900100385,2017년 6월 9일 16시,금요일,경상남도 창원시 마산회원구 합성동,중상사고,0,1,0,0,차대사람 - 차도통행중,안전운전불이행,건조,맑음,단일로 - 기타,승용,남,42세,상해없음,보행자,남,27세,중상
2017060900100432,2017년 6월 9일 17시,금요일,경상남도 진주시 상평동,중상사고,0,1,0,0,차대차 - 측면충돌,직진우회전진행방해,건조,맑음,교차로 - 교차로안,화물,남,54세,상해없음,승용,여,37세,중상