사고번호,사고일시,요일,시군구,사고내용,사망자수,중상자수,경상자수,부상신고자수,사고유형,법규위반,노면상태,기상상태,도로형태,가해운전자 차종,가해운전자 성별,가해운전자 연령,가해운전자 상해정도,피해운전자 차종,피해운전자 성별,피해운전자 연령,피해운전자 상해정도
2017060900100433,2017년 6월 9일 17시,금요일,경상남도 양산시 유산동,경상사고,0,0,3,0,차대차 - 정면충돌,신호위반,건조,맑음,교차로 - 교차로안,화물,남,62세,경상,승용,남,57세,경상
2017060900100434,2017년 6월 9일 17시,금요일,경상남도 함안군 가야읍,경상사고,0,0,1,0,차대차 - 측면충돌,중앙선침범,건조,맑음,교차로 - 교차로안,승용,남,68세,상해없음,승용,여,40세,경상
2017060900100473,2017년 6월 9일 18시,금요일,경상남도 창원시 진해구 여좌동,경상사고,0,0,1,0,차대사람 - 기타,중앙선침범,건조,맑음,단일로 - 기타,자전거,남,9세,상해없음,보행자,여,75세,경상
2017060900100474,2017년 6월 9일 18시,금요일,경상남도 사천시 벌리동,중상사고,0,1,0,0,차대차 - 측면충돌,교차로운행방법위반,건조,맑음,교차로 - 교차로안,승용,여,58세,상해없음,원동기,남,60세,중상
2017060900100475,2017년 6월 9일 18시,금요일,경상남도 거제시 고현동,중상사고,0,1,0,0,차대차 - 정면충돌,교차로운행방법위반,건조,맑음,교차로 - 교차로안,승용,남,53세,상해없음,이륜,남,42세,중상
2017060900100476,2017년 6월 9일 18시,금요일,경상남도 거제시 고현동,경상사고,0,0,1,0,차대차 - 측면충돌,직진우회전진행방해,건조,맑음,교차로 - 교차로안,이륜,남,43세,경상,승용,여,48세,상해없음
2017060900100507,2017년 6월 9일 19시,금요일,경상남도 진주시 상대동,경상사고,0,0,1,0,차대차 - 측면충돌,안전운전불이행,건조,맑음,단일로 - 기타,승용,여,54세,상해없음,승용,남,47세,경상
2017060900100508,2017년 6월 9일 19시,금요일,경상남도 창원시 진해구 석동,경상사고,0,0,2,0,차대차 - 측면충돌,차로위반,건조,맑음,단일로 - 기타,승용,여,56세,상해없음,승용,남,39세,경상
2017060900100541,2017년 6월 9일 20시,금요일,경상남도 진주시 하대동,중상사고,0,1,0,0,차대사람 - 보도통행중,기타,건조,맑음,기타 - 기타,승합,남,45세,상해없음,보행자,여,67세,중상
2017060900100618,2017년 6월 9일 23시,금요일,경상남도 사천시 곤명면,중상사고,0,1,0,0,차량단독 - 도로외이탈 - 기타,기타,건조,맑음,단일로 - 기타,승용,남,57세,중상,,,,
2017060900100619,2017년 6월 9일 23시,금요일,경상남도 김해시 흥동,중상사고,0,1,2,0,차대차 - 측면충돌,직진우회전진행방해,건조,맑음,교차로 - 교차로안,화물,남,59세,경상,승용,남,56세,경상
2017061000100030,2017년 6월 10일 00시,토요일,경상남도 거제시 능포동,경상사고,0,0,1,0,차대차 - 정면충돌,안전운전불이행,건조,맑음,단일로 - 기타,승용,남,38세,상해없음,승용,남,41세,경상
2017061000100044,2017년 6월 10일 01시,토요일,경상남도 김해시 신문동,중상사고,0,1,0,0,차대사람 - 기타,안전운전불이행,건조,맑음,단일로 - 기타,승용,남,56세,상해없음,보행자,여,41세,중상
2017061000100056,2017년 6월 10일 02시,토요일,경상남도 창원시 의창구 팔용동,경상사고,0,0,2,0,차대차 - 측면충돌,신호위반,건조,맑음,교차로 - 교차로안,화물,남,41세,상해없음,승용,남,57세,경상
2017061000100075,2017년 6월 10일 03시,토요일,경상남도 사천시 사남면,경상사고,0,0,1,0,차대차 - 추돌,안전운전불이행,건조,맑음,교차로 - 교차로부근,승용,여,25세,상해없음,승용,여,21세,경상
2017061000100112,2017년 6월 10일 06시,토요일,경상남도 창원시 진해구 태백동,중상사고,0,1,0,0,차대차 - 측면충돌,중앙선침범,건조,맑음,단일로 - 기타,승용,남,51세,상해없음,자전거,남,60세,중상
2017061000100145,2017년 6월 10일 08시,토요일,경상남도 사천시 서동,중상사고,0,1,0,0,차대사람 - 길가장자리구역통행중,안전운전불이행,건조,맑음,단일로 - 기타,승용,남,66세,상해없음,보행자,남,79세,중상
2017061000100176,2017년 6월 10일 09시,토요일,경상남도 합천군 합천읍,경상사고,0,0,1,0,차대차 - 측면충돌,교차로운행방법위반,건조,맑음,교차로 - 교차로안,승용,남,71세,상해없음,이륜,여,59세,경상
2017061000100189,2017년 6월 10일 10시,토요일,경상남도 김해시 상동면,경상사고,0,0,2,0,차대차 - 추돌,안전거리미확보,건조,맑음,단일로 - 기타,승용,여,35세,상해없음,승용,남,30세,경상
2017061000100204,2017년 6월 10일 10시,토요일,경상남도 창원시 의창구 대산면,경상사고,0,0,1,0,차대차 - 추돌,안전거리미확보,건조,맑음,단일로 - 기타,승용,남,55세,상해없음,승용,여,39세,경상
2017061000100244,2017년 6월 10일 11시,토요일,경상남도 의령군 대의면,경상사고,0,0,2,0,차대차 - 추돌,안전운전불이행,건조,맑음,교차로 - 교차로부근,화물,남,46세,상해없음,승용,남,59세,경상
2017061000100245,2017년 6월 10일 11시,토요일,경상남도 창원시 성산구 상남동,중상사고,0,1,0,0,차대차 - 기타,안전운전불이행,건조,맑음,단일로 - 기타,승용,남,51세,상해없음,승용,여,39세,중상
2017061000100246,2017년 6월 10일 11시,토요일,경상남도 함안군 칠원읍,경상사고,0,0,2,0,차대차 - 추돌,안전운전불이행,건조,맑음,단일로 - 기타,승용,남,21세,상해없음,승용,남,27세,경상
2017061000100282,2017년 6월 10일 12시,토요일,경상남도 양산시 물금읍,경상사고,0,0,1,0,차대차 - 정면충돌,신호위반,건조,맑음,교차로 - 교차로안,승용,남,23세,상해없음,화물,남,35세,경상
2017061000100323,2017년 6월 10일 13시,토요일,경상남도 사천시 벌리동,중상사고,0,1,0,0,차대차 - 측면충돌,직진우회전진행방해,건조,맑음,교차로 - 교차로안,화물,남,62세,상해없음,이륜,남,50세,중상
2017061000100324,2017년 6월 10일 13시,토요일,경상남도 양산시 중부동,중상사고,0,2,0,0,차대차 - 정면충돌,신호위반,건조,맑음,교차로 - 교차로부근,승용,남,54세,상해없음,승용,여,39세,중상
2017061000100325,2017년 6월 10일 13시,토요일,경상남도 남해군 설천면,부상신고사고,0,0,0,1,차대차 - 측면충돌,안전운전불이행,건조,맑음,교차로 - 교차로부근,화물,남,61세,상해없음,승용,남,63세,부상신고
2017061000100366,2017년 6월 10일 14시,토요일,경상남도 김해시 부원동,경상사고,0,0,1,0,차대사람 - 횡단중,안전운전불이행,건조,맑음,단일로 - 기타,원동기,남,36세,상해없음,보행자,남,71세,경상
2017061000100367,2017년 6월 10일 14시,토요일,경상남도 양산시 상북면,경상사고,0,0,2,0,차대차 - 기타,교차로운행방법위반,건조,맑음,교차로 - 교차로안,승용,여,42세,상해없음,승용,남,65세,경상
2017061000100368,2017년 6월 10일 14시,토요일,경상남도 거제시 장목면,중상사고,0,3,0,0,차대차 - 추돌,안전운전불이행,건조,맑음,단일로 - 기타,승용,여,34세,상해없음,승용,여,40세,중상
2017061000100369,2017년 6월 10일 14시,토요일,경상남도 의령군 대의면,중상사고,0,1,1,0,차대차 - 추돌,안전거리미확보,건조,맑음,단일로 - 기타,승용,여,56세,경상,이륜,남,56세,중상
2017061000100398,2017년 6월 10일 15시,토요일,경상남도 진주시 가좌동,중상사고,0,1,0,0,차대사람 - 차도통행중,안전운전불이행,건조,맑음,단일로 - 기타,승용,여,43세,상해없음,보행자,여,23세,중상
2017061000100421,2017년 6월 10일 16시,토요일,경상남도 통영시 태평동,경상사고,0,0,1,0,차대사람 - 기타,안전운전불이행,건조,맑음,단일로 - 기타,승용,남,66세,상해없음,보행자,남,3세,경상
2017061000100422,2017년 6월 10일 16시,토요일,경상남도 김해시 동상동,경상사고,0,0,1,0,차대차 - 측면충돌,신호위반,건조,맑음,교차로 - 교차로안,화물,남,22세,상해없음,승용,남,63세,경상
2017061000100423,2017년 6월 10일 16시,토요일,경상남도 거제시 옥포동,중상사고,0,1,0,0,차대사람 - 기타,기타,건조,맑음,교차로 - 교차로안,승합,여,53세,상해없음,보행자,여,9세,중상
2017061000100463,2017년 6월 10일 17시,토요일,경상남도 통영시 항남동,중상사고,0,1,0,0,차대차 - 추돌,안전운전불이행,건조,맑음,단일로 - 기타,화물,남,56세,상해없음,자전거,남,42세,중상
2017061000100464,2017년 6월 10일 17시,토요일,경상남도 고성군 동해면,경상사고,0,0,1,0,차대차 - 측면충돌,안전운전불이행,건조,맑음,단일로 - 기타,화물,남,22세,상해없음,승용,남,38세,경상
2017061000100465,2017년 6월 10일 17시,토요일,경상남도 함안군 칠북면,경상사고,0,0,1,0,차대차 - 정면충돌,중앙선침범,건조,맑음,단일로 - 기타,승용,남,48세,상해없음,승용,남,53세,경상
2017061000100466,2017년 6월 10일 17시,토요일,경상남도 창원시 성산구 내동,경상사고,0,0,2,0,차대차 - 기타,안전운전불이행,건조,맑음,단일로 - 기타,특수,남,47세,상해없음,승용,여,59세,경상
2017061000100499,2017년 6월 10일 18시,토요일,경상남도 진주시 내동면,중상사고,0,2,0,0,차대차 - 추돌,안전운전불이행,건조,맑음,단일로 - 기타,화물,남,68세,상해없음,화물,남,39세,중상
2017061000100552,2017년 6월 10일 20시,토요일,경상남도 김해시 삼계동,경상사고,0,0,1,0,차대사람 - 기타,안전운전불이행,건조,맑음,기타 - 기타,자전거,여,45세,경상,보행자,남,46세,상해없음
2017061100100025,2017년 6월 11일 00시,일요일,경상남도 김해시 내동,중상사고,0,1,0,0,차대사람 - 횡단중,과속,건조,맑음,단일로 - 기타,승용,남,51세,상해없음,보행자,남,64세,중상
2017061100100026,2017년 6월 11일 00시,일요일,경상남도 거제시 고현동,경상사고,0,0,1,0,차대차 - 기타,안전거리미확보,건조,맑음,교차로 - 교차로부근,승용,남,24세,상해없음,승용,남,21세,경상
2017061100100072,2017년 6월 11일 03시,일요일,경상남도 창원시 마산합포구 신포동1가,경상사고,0,0,2,0,차대차 - 측면충돌,안전운전불이행,건조,흐림,교차로 - 교차로안,승용,남,25세,상해없음,승용,남,31세,경상
2017061100100099,2017년 6월 11일 05시,일요일,경상남도 창원시 마산합포구 중앙동3가,경상사고,0,0,1,0,차량단독 - 전도전복 - 전도,안전운전불이행,건조,맑음,교차로 - 교차로안,승용,남,76세,경상,,,,
2017061100100140,2017년 6월 11일 08시,일요일,경상남도 창원시 마산합포구 중앙동1가,경상사고,0,0,1,0,차량단독 - 전도전복,안전운전불이행,건조,맑음,교차로 - 교차로안,승용,남,27세,경상,미분류,미분류,미분류,미분류
2017061100100141,2017년 6월 11일 08시,일요일,경상남도 창원시 마산회원구 회원동,중상사고,0,2,0,0,차대사람 - 보도통행중,안전운전불이행,건조,맑음,교차로 - 교차로부근,이륜,남,76세,중상,보행자,남,53세,중상
2017061100100168,2017년 6월 11일 09시,일요일,경상남도 거창군 거창읍,중상사고,0,2,1,0,차대차 - 기타,안전운전불이행,건조,맑음,교차로 - 교차로안,승용,남,55세,경상,승용,남,48세,중상
2017061100100203,2017년 6월 11일 11시,일요일,경상남도 진주시 금산면,경상사고,0,0,1,0,차대차 - 측면충돌,신호위반,건조,맑음,교차로 - 교차로안,자전거,남,12세,경상,승용,여,54세,상해없음
2017061100100204,2017년 6월 11일 11시,일요일,경상남도 창원시 의창구 북면,중상사고,0,2,0,0,차대차 - 측면충돌,중앙선침범,건조,맑음,단일로 - 기타,승용,여,45세,상해없음,사륜오토바이(ATV),남,73세,중상
2017061100100221,2017년 6월 11일 12시,일요일,경상남도 거창군 거창읍,경상사고,0,0,1,0,차대차 - 기타,안전운전불이행,건조,맑음,교차로 - 교차로부근,원동기,남,82세,경상,승용,여,55세,상해없음
2017061100100222,2017년 6월 11일 12시,일요일,경상남도 김해시 진례면,경상사고,0,0,1,1,차대차 - 측면충돌,안전운전불이행,건조,맑음,단일로 - 기타,승용,여,27세,부상신고,승용,남,57세,경상
2017061100100247,2017년 6월 11일 13시,일요일,경상남도 거창군 거창읍,경상사고,0,0,1,0,차대차 - 기타,중앙선침범,건조,맑음,단일로 - 기타,자전거,남,12세,경상,승용,남,66세,상해없음
2017061100100248,2017년 6월 11일 13시,일요일,경상남도 하동군 고전면,중상사고,0,1,0,0,차대차 - 측면충돌,안전운전불이행,건조,맑음,단일로 - 기타,승용,남,70세,상해없음,이륜,남,60세,중상
2017061100100249,2017년 6월 11일 13시,일요일,경상남도 창원시 마산회원구 두척동,경상사고,0,0,2,0,차대차 - 측면충돌,신호위반,건조,맑음,교차로 - 교차로안,승용,남,61세,상해없음,승용,여,33세,경상
2017061100100281,2017년 6월 11일 14시,일요일,경상남도 창원시 진해구 이동,경상사고,0,0,1,0,차대차 - 추돌,안전거리미확보,건조,맑음,단일로 - 기타,승용,남,59세,상해없음,승용,여,56세,경상
2017061100100282,2017년 6월 11일 14시,일요일,경상남도 김해시 대성동,중상사고,0,1,0,0,차량단독 - 기타,안전운전불이행,건조,맑음,교차로 - 교차로부근,이륜,여,64세,중상,,,,
2017061100100283,2017년 6월 11일 14시,일요일,경상남도 양산시 물금읍,중상사고,0,1,1,0,차대차 - 측면충돌,안전운전불이행,건조,맑음,단일로 - 기타,승용,남,55세,상해없음,승용,남,43세,중상
2017061100100346,2017년 6월 11일 16시,일요일,경상남도 밀양시 산내면,경상사고,0,0,1,0,차대차 - 측면충돌,교차로운행방법위반,건조,맑음,교차로 - 교차로안,원동기,남,88세,경상,승합,남,50세,상해없음
2017061100100347,2017년 6월 11일 16시,일요일,경상남도 김해시 내동,경상사고,0,0,1,0,차대사람 - 보도통행중,기타,건조,맑음,단일로 - 기타,승용,남,37세,상해없음,보행자,여,80세,경상
2017061100100348,2017년 6월 11일 16시,일요일,경상남도 창원시 의창구 명서동,중상사고,0,1,0,0,차대사람 - 횡단중,보행자보호의무위반,건조,맑음,교차로 - 교차로횡단보도내,승용,남,54세,상해없음,보행자,남,59세,중상
2017061100100384,2017년 6월 11일 17시,일요일,경상남도 사천시 선구동,경상사고,0,0,1,0,차대차 - 측면충돌,신호위반,건조,맑음,교차로 - 교차로안,승용,남,64세,상해없음,승용,여,54세,경상
2017061100100385,2017년 6월 11일 17시,일요일,경상남도 창녕군 계성면,경상사고,0,0,1,0,차대차 - 측면충돌,안전운전불이행,건조,맑음,단일로 - 기타,승용,남,56세,상해없음,승용,남,58세,경상
2017061100100420,2017년 6월 11일 18시,일요일,경상남도 하동군 진교면,중상사고,0,1,0,0,차대차 - 측면충돌,신호위반,건조,맑음,교차로 - 교차로안,승용,남,64세,상해없음,이륜,남,56세,중상
2017061100100448,2017년 6월 11일 19시,일요일,경상남도 진주시 상평동,중상사고,0,2,0,0,차대차 - 측면충돌,신호위반,건조,맑음,교차로 - 교차로안,화물,남,30세,상해없음,승용,남,39세,중상
2017061100100449,2017년 6월 11일 19시,일요일,경상남도 사천시 사천읍,경상사고,0,0,1,1,차대차 - 측면충돌,신호위반,건조,맑음,단일로 - 기타,이륜,남,28세,부상신고,승용,남,63세,상해없음
2017061100100450,2017년 6월 11일 19시,일요일,경상남도 김해시 외동,부상신고사고,0,0,0,1,차대사람 - 기타,안전운전불이행,건조,맑음,단일로 - 기타,승용,남,55세,상해없음,보행자,남,40세,부상신고
2017061100100477,2017년 6월 11일 20시,일요일,경상남도 사천시 사남면,부상신고사고,0,0,0,1,차대차 - 추돌,안전운전불이행,건조,맑음,단일로 - 기타,이륜,남,73세,부상신고,승용,여,49세,상해없음
2017061100100478,2017년 6월 11일 20시,일요일,경상남도 김해시 내동,경상사고,0,0,1,0,차대차 - 기타,안전운전불이행,건조,맑음,단일로 - 기타,승용,여,52세,상해없음,승용,여,22세,경상
2017061100100501,2017년 6월 11일 21시,일요일,경상남도 고성군 고성읍,중상사고,0,1,1,0,차대차 - 측면충돌,신호위반,건조,맑음,교차로 - 교차로안,승용,여,24세,상해없음,승용,남,62세,경상
2017061200100054,2017년 6월 12일 05시,월요일,경상남도 진주시 초전동,중상사고,0,1,0,0,차대차 - 측면충돌,신호위반,건조,맑음,교차로 - 교차로안,건설기계,남,66세,상해없음,승용,여,50세,중상
2017061200100092,2017년 6월 12일 07시,월요일,경상남도 통영시 미수동,중상사고,0,1,1,0,차대차 - 측면충돌,안전운전불이행,건조,맑음,단일로 - 기타,승용,남,54세,상해없음,화물,남,29세,경상
2017061200100093,2017년 6월 12일 07시,월요일,경상남도 함안군 칠서면,중상사고,0,1,0,0,차대차 - 측면충돌,안전운전불이행,건조,맑음,교차로 - 교차로안,승용,여,51세,상해없음,승용,여,53세,중상
2017061200100136,2017년 6월 12일 08시,월요일,경상남도 함안군 가야읍,경상사고,0,0,1,0,차대차 - 측면충돌,안전운전불이행,건조,맑음,교차로 - 교차로안,승용,남,75세,상해없음,승용,남,37세,상해없음
2017061200100137,2017년 6월 12일 08시,월요일,경상남도 창원시 성산구 대방동,중상사고,0,1,0,0,차대사람 - 기타,안전운전불이행,건조,맑음,단일로 - 기타,승용,여,47세,상해없음,보행자,여,8세,중상
2017061200100138,2017년 6월 12일 08시,월요일,경상남도 창원시 의창구 소계동,사망사고,1,0,0,0,차대차 - 측면충돌,안전운전불이행,건조,맑음,교차로 - 교차로안,이륜,남,67세,사망,화물,남,57세,상해없음
2017061200100167,2017년 6월 12일 09시,월요일,경상남도 거창군 거창읍,부상신고사고,0,0,0,1,차대차 - 기타,안전운전불이행,건조,맑음,교차로 - 교차로안,이륜,남,74세,부상신고,승합,남,67세,상해없음
2017061200100168,2017년 6월 12일 09시,월요일,경상남도 양산시 동면,경상사고,0,0,1,0,차대차 - 측면충돌,안전운전불이행,건조,맑음,단일로 - 기타,승용,여,52세,상해없음,승합,남,52세,경상
2017061200100169,2017년 6월 12일 09시,월요일,경상남도 하동군 악양면,경상사고,0,0,1,0,차대차 - 측면충돌,안전운전불이행,건조,맑음,기타 - 기타,승용,여,65세,상해없음,이륜,남,70세,경상
2017061200100170,2017년 6월 12일 09시,월요일,경상남도 김해시 진영읍,경상사고,0,0,2,0,차대차 - 추돌,안전거리미확보,건조,맑음,단일로 - 기타,화물,남,46세,경상,화물,남,55세,경상
2017061200100235,2017년 6월 12일 11시,월요일,경상남도 밀양시 무안면,경상사고,0,0,1,0,차대차 - 측면충돌,안전운전불이행,건조,맑음,단일로 - 기타,승용,여,65세,상해없음,승용,남,28세,경상
2017061200100253,2017년 6월 12일 12시,월요일,경상남도 창원시 마산합포구 월포동,경상사고,0,0,1,0,차대차 - 기타,안전거리미확보,건조,맑음,단일로 - 기타,승용,여,32세,상해없음,승용,남,61세,상해없음
2017061200100254,2017년 6월 12일 12시,월요일,경상남도 창녕군 창녕읍,경상사고,0,0,1,0,차대차 - 추돌,안전운전불이행,건조,맑음,교차로 - 교차로안,화물,남,60세,상해없음,승용,남,55세,경상
2017061200100288,2017년 6월 12일 13시,월요일,경상남도 양산시 명동,경상사고,0,0,1,0,차대사람 - 횡단중,보행자보호의무위반,건조,맑음,교차로 - 교차로안,화물,남,56세,상해없음,보행자,여,62세,경상
2017061200100325,2017년 6월 12일 14시,월요일,경상남도 산청군 단성면,경상사고,0,0,3,0,차량단독 - 전도전복 - 전도,안전운전불이행,건조,맑음,단일로 - 기타,승합,남,68세,경상,,,,
2017061200100326,2017년 6월 12일 14시,월요일,경상남도 창원시 의창구 북면,경상사고,0,0,2,0,차대차 - 측면충돌,신호위반,건조,맑음,교차로 - 교차로안,승합,남,39세,상해없음,승용,여,41세,경상
2017061200100407,2017년 6월 12일 16시,월요일,경상남도 하동군 고전면,경상사고,0,0,1,0,차량단독 - 전도전복 - 전도,안전운전불이행,건조,맑음,기타 - 기타,승용,여,61세,경상,,,,
2017061200100408,2017년 6월 12일 16시,월요일,경상남도 김해시 한림면,경상사고,0,0,1,0,차대차 - 측면충돌,안전거리미확보,건조,맑음,단일로 - 기타,승용,여,35세,상해없음,승용,남,57세,경상
2017061200100437,2017년 6월 12일 17시,월요일,경상남도 창원시 진해구 대흥동,중상사고,0,1,0,0,차대사람 - 횡단중,보행자보호의무위반,건조,맑음,단일로 - 기타,승용,남,30세,상해없음,보행자,여,10세,중상
2017061200100474,2017년 6월 12일 18시,월요일,경상남도 김해시 진영읍,경상사고,0,0,1,0,차대차 - 측면충돌,안전운전불이행,건조,맑음,교차로 - 교차로안,이륜,남,18세,경상,승용,남,44세,상해없음
2017061200100572,2017년 6월 12일 22시,월요일,경상남도 창원시 성산구 신촌동,중상사고,0,1,0,0,차대사람 - 횡단중,안전운전불이행,건조,맑음,단일로 - 기타,이륜,남,16세,상해없음,보행자,여,13세,중상
2017061200100573,2017년 6월 12일 22시,월요일,경상남도 창원시 의창구 팔용동,사망사고,1,0,0,0,차대차 - 정면충돌,중앙선침범,건조,맑음,단일로 - 기타,승용,남,30세,사망,승용,남,38세,상해없음
2017061200100586,2017년 6월 12일 23시,월요일,경상남도 김해시 삼계동,중상사고,0,1,0,0,차대차 - 측면충돌,안전운전불이행,건조,맑음,교차로 - 교차로부근,승용,남,46세,상해없음,이륜,남,48세,중상
2017061200100587,2017년 6월 12일 23시,월요일,경상남도 창원시 성산구 사파동,경상사고,0,0,1,0,차대사람 - 기타,안전운전불이행,건조,맑음,단일로 - 기타,승용,여,42세,상해없음,보행자,남,43세,경상
2017061300100120,2017년 6월 13일 08시,화요일,경상남도 김해시 내동,중상사고,0,1,0,0,차대사람 - 횡단중,안전운전불이행,건조,맑음,단일로 - 기타,승합,남,45세,상해없음,보행자,남,55세,중상
2017061300100155,2017년 6월 13일 09시,화요일,경상남도 사천시 사천읍,중상사고,0,1,0,0,차대차 - 측면충돌,교차로운행방법위반,건조,맑음,교차로 - 교차로안,승용,여,64세,상해없음,승용,여,41세,중상
2017061300100156,2017년 6월 13일 09시,화요일,경상남도 거제시 사등면,경상사고,0,0,1,0,차대차 - 측면충돌,차로위반,건조,맑음,단일로 - 기타,승용,남,61세,상해없음,승용,남,46세,경상
2017061300100157,2017년 6월 13일 09시,화요일,경상남도 창원시 성산구 양곡동,중상사고,0,1,0,0,차대사람 - 기타,안전운전불이행,건조,맑음,단일로 - 기타,승합,남,55세,상해없음,보행자,여,74세,중상
2017061300100158,2017년 6월 13일 09시,화요일,경상남도 창원시 마산회원구 구암동,경상사고,0,0,1,0,차대차 - 측면충돌,안전운전불이행,건조,맑음,단일로 - 고가도로위,승용,남,21세,상해없음,화물,남,49세,경상
2017061300100159,2017년 6월 13일 09시,화요일,경상남도 김해시 율하동,경상사고,0,0,2,0,차대차 - 후진중충돌,안전운전불이행,건조,맑음,교차로 - 교차로부근,승용,남,24세,상해없음,승용,남,23세,경상
2017061300100206,2017년 6월 13일 11시,화요일,경상남도 함안군 법수면,중상사고,0,1,0,0,차량단독 - 전도전복 - 전도,안전운전불이행,건조,맑음,단일로 - 기타,이륜,남,82세,중상,,,,
2017061300100232,2017년 6월 13일 12시,화요일,경상남도 창녕군 고암면,중상사고,0,1,1,0,차대차 - 기타,안전운전불이행,건조,맑음,단일로 - 기타,승합,남,61세,상해없음,이륜,남,58세,중상
2017061300100258,2017년 6월 13일 13시,화요일,경상남도 김해시 봉황동,경상사고,0,0,1,0,차대차 - 측면충돌,직진우회전진행방해,건조,맑음,교차로 - 교차로안,자전거,남,73세,경상,승용,남,55세,상해없음
2017061300100291,2017년 6월 13일 14시,화요일,경상남도 통영시 정량동,경상사고,0,0,2,0,차대차 - 추돌,안전운전불이행,건조,맑음,단일로 - 기타,승용,남,30세,상해없음,화물,남,53세,경상
2017061300100292,2017년 6월 13일 14시,화요일,경상남도 함안군 칠원읍,경상사고,0,0,1,0,차대차 - 기타,안전운전불이행,건조,맑음,단일로 - 기타,화물,남,49세,경상,화물,남,40세,상해없음
2017061300100326,2017년 6월 13일 15시,화요일,경상남도 양산시 평산동,경상사고,0,0,1,0,차대사람 - 횡단중,신호위반,건조,맑음,교차로 - 교차로횡단보도내,화물,남,58세,상해없음,보행자,여,56세,경상
2017061300100362,2017년 6월 13일 16시,화요일,경상남도 창원시 진해구 석동,경상사고,0,0,1,0,차대차 - 측면충돌,교차로운행방법위반,건조,맑음,교차로 - 교차로안,화물,남,58세,상해없음,원동기,남,22세,경상
2017061300100363,2017년 6월 13일 16시,화요일,경상남도 창원시 진해구 안골동,경상사고,0,0,1,0,차대차 - 측면충돌,안전운전불이행,건조,맑음,단일로 - 기타,승용,남,58세,상해없음,승용,남,66세,경상
2017061300100364,2017년 6월 13일 16시,화요일,경상남도 함양군 함양읍,중상사고,0,2,4,0,차량단독 - 도로외이탈 - 추락,안전운전불이행,젖음/습기,비,단일로 - 기타,승합,남,58세,중상,,,,
2017061300100365,2017년 6월 13일 16시,화요일,경상남도 창원시 의창구 동읍,중상사고,0,1,0,0,차대사람 - 횡단중,안전운전불이행,건조,맑음,교차로 - 교차로부근,승용,여,59세,상해없음,보행자,여,83세,중상
2017061300100411,2017년 6월 13일 17시,화요일,경상남도 창원시 의창구 팔용동,경상사고,0,0,1,0,차대차 - 측면충돌,안전운전불이행,건조,흐림,교차로 - 교차로안,승용,남,48세,상해없음,이륜,남,26세,경상
2017061300100458,2017년 6월 13일 18시,화요일,경상남도 거제시 사등면,경상사고,0,0,1,0,차대차 - 기타,차로위반,건조,맑음,단일로 - 기타,승용,남,58세,상해없음,승용,남,43세,경상
2017061300100528,2017년 6월 13일 20시,화요일,경상남도 사천시 정동면,사망사고,1,0,0,0,차대사람 - 횡단중,안전운전불이행,건조,맑음,단일로 - 기타,승용,여,48세,상해없음,보행자,남,56세,사망
2017061300100529,2017년 6월 13일 20시,화요일,경상남도 사천시 사남면,중상사고,0,1,0,0,차대차 - 측면충돌,중앙선침범,건조,맑음,단일로 - 기타,승용,여,48세,상해없음,승용,남,45세,중상
2017061300100560,2017년 6월 13일 21시,화요일,경상남도 남해군 남해읍,경상사고,0,0,2,0,차대차 - 측면충돌,안전운전불이행,건조,맑음,교차로 - 교차로안,승용,여,45세,상해없음,승용,남,53세,경상
2017061300100561,2017년 6월 13일 21시,화요일,경상남도 창원시 성산구 상남동,중상사고,0,1,0,0,차대차 - 측면충돌,안전운전불이행,건조,맑음,교차로 - 교차로안,이륜,남,30세,상해없음,이륜,남,42세,중상
2017061300100562,2017년 6월 13일 21시,화요일,경상남도 창원시 성산구 반지동,중상사고,0,1,0,0,차대사람 - 기타,안전운전불이행,건조,맑음,단일로 - 기타,승용,남,30세,상해없음,보행자,남,49세,중상
2017061300100563,2017년 6월 13일 21시,화요일,경상남도 김해시 진영읍,경상사고,0,0,1,0,차대차 - 후진중충돌,안전운전불이행,건조,맑음,단일로 - 기타,승용,남,49세,상해없음,승용,남,19세,경상
2017061300100617,2017년 6월 13일 23시,화요일,경상남도 김해시 외동,중상사고,0,1,0,0,차대차 - 측면충돌,신호위반,건조,맑음,교차로 - 교차로안,승용,남,22세,상해없음,승용,남,57세,중상
2017061300100618,2017년 6월 13일 23시,화요일,경상남도 거제시 옥포동,경상사고,0,0,1,0,차량단독 - 전도전복 - 전도,안전운전불이행,건조,맑음,단일로 - 기타,이륜,남,15세,상해없음,,,,
2017061400100054,2017년 6월 14일 01시,수요일,경상남도 김해시 외동,경상사고,0,0,1,0,차대사람 - 횡단중,안전운전불이행,건조,흐림,교차로 - 교차로부근,승용,남,47세,상해없음,보행자,남,20세,경상
2017061400100079,2017년 6월 14일 05시,수요일,경상남도 창원시 마산합포구 덕동동,경상사고,0,0,1,0,차대차 - 측면충돌,안전거리미확보,건조,맑음,단일로 - 기타,승용,남,54세,상해없음,승합,남,57세,경상
2017061400100128,2017년 6월 14일 07시,수요일,경상남도 밀양시 청도면,중상사고,0,1,0,0,차대차 - 측면충돌,교차로운행방법위반,건조,맑음,교차로 - 교차로안,승용,남,35세,상해없음,원동기,남,77세,중상