사고번호,사고일시,요일,시군구,사고내용,사망자수,중상자수,경상자수,부상신고자수,사고유형,법규위반,노면상태,기상상태,도로형태,가해운전자 차종,가해운전자 성별,가해운전자 연령,가해운전자 상해정도,피해운전자 차종,피해운전자 성별,피해운전자 연령,피해운전자 상해정도
2017062100100048,2017년 6월 21일 01시,수요일,경상남도 창원시 의창구 명서동,경상사고,0,0,1,0,차대차 - 추돌,안전운전불이행,건조,맑음,단일로 - 기타,승용,남,60세,상해없음,승용,남,45세,경상
2017062100100088,2017년 6월 21일 06시,수요일,경상남도 김해시 봉황동,중상사고,0,1,0,0,차대사람 - 횡단중,안전운전불이행,건조,맑음,교차로 - 교차로안,화물,남,48세,상해없음,보행자,여,46세,중상
2017062100100104,2017년 6월 21일 07시,수요일,경상남도 통영시 북신동,중상사고,0,1,1,0,차대차 - 측면충돌,직진우회전진행방해,건조,맑음,교차로 - 교차로안,승용,남,45세,상해없음,승용,남,51세,경상
2017062100100105,2017년 6월 21일 07시,수요일,경상남도 통영시 용남면,중상사고,0,1,2,0,차대차 - 정면충돌,중앙선침범,건조,맑음,단일로 - 기타,승용,남,57세,상해없음,승합,남,46세,중상
2017062100100106,2017년 6월 21일 07시,수요일,경상남도 김해시 어방동,중상사고,0,3,0,0,차량단독 - 전도전복 - 전도,안전운전불이행,건조,맑음,단일로 - 기타,승용,남,18세,상해없음,,,,
2017062100100107,2017년 6월 21일 07시,수요일,경상남도 김해시 진영읍,경상사고,0,0,1,0,차대차 - 측면충돌,안전운전불이행,건조,맑음,단일로 - 기타,원동기,남,63세,경상,승용,남,28세,상해없음
2017062100100139,2017년 6월 21일 08시,수요일,경상남도 김해시 대동면,부상신고사고,0,0,0,1,차대차 - 기타,안전운전불이행,건조,맑음,단일로 - 기타,기타불명,기타불명,미분류,기타불명,자전거,여,23세,부상신고
2017062100100174,2017년 6월 21일 09시,수요일,경상남도 창원시 진해구 태평동,경상사고,0,0,3,0,차대차 - 추돌,안전운전불이행,건조,맑음,단일로 - 기타,화물,남,39세,상해없음,승용,남,59세,경상
2017062100100175,2017년 6월 21일 09시,수요일,경상남도 양산시 북부동,중상사고,0,1,0,0,차대사람 - 횡단중,안전운전불이행,건조,맑음,단일로 - 기타,승용,여,52세,상해없음,보행자,여,75세,중상
2017062100100176,2017년 6월 21일 09시,수요일,경상남도 양산시 소주동,경상사고,0,0,1,0,차대차 - 측면충돌,직진우회전진행방해,건조,맑음,교차로 - 교차로안,승용,여,55세,상해없음,승용,남,54세,경상
2017062100100201,2017년 6월 21일 10시,수요일,경상남도 김해시 부원동,경상사고,0,0,1,0,차대차 - 추돌,안전거리미확보,건조,맑음,단일로 - 기타,화물,남,31세,상해없음,화물,남,40세,상해없음
2017062100100202,2017년 6월 21일 10시,수요일,경상남도 고성군 고성읍,경상사고,0,0,1,0,차대차 - 후진중충돌,안전운전불이행,건조,맑음,교차로 - 교차로안,화물,남,62세,상해없음,화물,여,58세,경상
2017062100100203,2017년 6월 21일 10시,수요일,경상남도 하동군 북천면,중상사고,0,1,0,0,차량단독 - 공작물충돌,안전운전불이행,건조,맑음,단일로 - 기타,화물,남,66세,중상,,,,
2017062100100237,2017년 6월 21일 12시,수요일,경상남도 양산시 북정동,경상사고,0,0,1,0,차대차 - 측면충돌,과속,건조,맑음,단일로 - 기타,승용,남,47세,경상,특수,남,49세,상해없음
2017062100100254,2017년 6월 21일 12시,수요일,경상남도 밀양시 하남읍,경상사고,0,0,3,0,차대차 - 측면충돌,안전운전불이행,건조,맑음,단일로 - 기타,화물,남,62세,상해없음,승용,여,62세,경상
2017062100100273,2017년 6월 21일 13시,수요일,경상남도 남해군 남해읍,중상사고,0,1,0,0,차대사람 - 횡단중,안전운전불이행,건조,맑음,단일로 - 기타,승용,여,55세,상해없음,보행자,여,88세,중상
2017062100100296,2017년 6월 21일 14시,수요일,경상남도 밀양시 삼문동,중상사고,0,1,0,0,차대사람 - 횡단중,보행자보호의무위반,건조,맑음,교차로 - 교차로횡단보도내,승용,남,48세,상해없음,보행자,여,53세,중상
2017062100100322,2017년 6월 21일 15시,수요일,경상남도 김해시 주촌면,중상사고,0,1,1,0,차대차 - 기타,안전운전불이행,건조,맑음,단일로 - 기타,건설기계,남,54세,상해없음,승용,여,24세,중상
2017062100100367,2017년 6월 21일 16시,수요일,경상남도 진주시 평거동,중상사고,0,1,0,0,차대차 - 측면충돌,안전운전불이행,건조,맑음,교차로 - 교차로안,승용,남,29세,상해없음,이륜,남,16세,상해없음
2017062100100368,2017년 6월 21일 16시,수요일,경상남도 진주시 상대동,중상사고,0,1,0,0,차대차 - 측면충돌,안전운전불이행,건조,맑음,단일로 - 기타,승용,남,41세,상해없음,자전거,남,57세,중상
2017062100100369,2017년 6월 21일 16시,수요일,경상남도 김해시 삼방동,중상사고,0,1,0,0,차대차 - 기타,교차로운행방법위반,건조,맑음,교차로 - 교차로안,승용,남,51세,상해없음,이륜,남,48세,중상
2017062100100400,2017년 6월 21일 17시,수요일,경상남도 사천시 향촌동,중상사고,0,1,0,0,차대차 - 측면충돌,교차로운행방법위반,건조,맑음,교차로 - 교차로안,승용,남,35세,상해없음,원동기,남,77세,중상
2017062100100445,2017년 6월 21일 18시,수요일,경상남도 김해시 생림면,중상사고,0,1,0,0,차량단독 - 전도전복 - 전도,안전운전불이행,건조,맑음,단일로 - 기타,건설기계,남,56세,중상,,,,
2017062100100446,2017년 6월 21일 18시,수요일,경상남도 김해시 신문동,부상신고사고,0,0,0,1,차대차 - 측면충돌,안전운전불이행,건조,흐림,단일로 - 기타,이륜,남,61세,부상신고,승용,남,42세,상해없음
2017062100100476,2017년 6월 21일 19시,수요일,경상남도 진주시 신안동,경상사고,0,0,1,0,차대차 - 측면충돌,신호위반,건조,맑음,교차로 - 교차로안,승용,남,64세,상해없음,이륜,남,33세,경상
2017062100100477,2017년 6월 21일 19시,수요일,경상남도 진주시 옥봉동,경상사고,0,0,1,0,차대차 - 측면충돌,신호위반,건조,맑음,교차로 - 교차로안,승합,남,58세,상해없음,자전거,여,38세,경상
2017062100100509,2017년 6월 21일 20시,수요일,경상남도 진주시 문산읍,경상사고,0,0,2,0,차대차 - 추돌,안전운전불이행,건조,맑음,교차로 - 교차로부근,승합,여,59세,상해없음,승용,남,48세,경상
2017062100100510,2017년 6월 21일 20시,수요일,경상남도 통영시 미수동,경상사고,0,0,1,0,차대차 - 측면충돌,교차로운행방법위반,건조,맑음,교차로 - 교차로안,승용,여,52세,상해없음,승용,남,31세,경상
2017062100100511,2017년 6월 21일 20시,수요일,경상남도 김해시 진례면,경상사고,0,0,1,0,차대차 - 측면충돌,안전운전불이행,건조,맑음,교차로 - 교차로안,승용,남,59세,상해없음,승용,남,39세,경상
2017062100100537,2017년 6월 21일 21시,수요일,경상남도 진주시 장대동,중상사고,0,1,0,0,차대사람 - 횡단중,보행자보호의무위반,건조,맑음,단일로 - 기타,승용,남,61세,상해없음,보행자,여,48세,중상
2017062100100538,2017년 6월 21일 21시,수요일,경상남도 창녕군 남지읍,경상사고,0,0,8,0,차대차 - 기타,신호위반,건조,맑음,교차로 - 교차로안,승용,여,53세,경상,승용,여,33세,경상
2017062100100585,2017년 6월 21일 23시,수요일,경상남도 통영시 북신동,중상사고,0,1,2,0,차대차 - 추돌,안전운전불이행,건조,맑음,단일로 - 기타,승용,남,29세,상해없음,승용,남,57세,경상
2017062100100586,2017년 6월 21일 23시,수요일,경상남도 합천군 합천읍,경상사고,0,0,1,0,차대차 - 측면충돌,교차로운행방법위반,건조,맑음,교차로 - 교차로안,승용,여,57세,상해없음,승용,남,19세,경상
2017062200100030,2017년 6월 22일 01시,목요일,경상남도 창원시 의창구 반계동,경상사고,0,0,2,0,차대차 - 측면충돌,안전운전불이행,건조,맑음,교차로 - 교차로안,승용,여,20세,경상,승용,여,36세,경상
2017062200100035,2017년 6월 22일 02시,목요일,경상남도 밀양시 내이동,경상사고,0,0,1,0,차대사람 - 차도통행중,안전운전불이행,건조,흐림,단일로 - 기타,승용,남,38세,상해없음,보행자,남,21세,경상
2017062200100046,2017년 6월 22일 04시,목요일,경상남도 사천시 사천읍,중상사고,0,1,0,0,차대사람 - 차도통행중,안전운전불이행,건조,맑음,단일로 - 기타,승용,여,24세,상해없음,보행자,여,18세,중상
2017062200100053,2017년 6월 22일 05시,목요일,경상남도 양산시 남부동,중상사고,0,1,0,0,차대차 - 측면충돌,신호위반,건조,맑음,교차로 - 교차로안,승용,여,48세,상해없음,승용,남,44세,중상
2017062200100054,2017년 6월 22일 05시,목요일,경상남도 거제시 장평동,중상사고,0,1,0,0,차대차 - 측면충돌,기타,건조,맑음,단일로 - 기타,승용,남,57세,상해없음,자전거,남,49세,중상
2017062200100082,2017년 6월 22일 07시,목요일,경상남도 김해시 상동면,중상사고,0,1,0,0,차량단독 - 전도전복,안전운전불이행,건조,맑음,단일로 - 기타,승용,남,30세,중상,미분류,미분류,미분류,미분류
2017062200100129,2017년 6월 22일 08시,목요일,경상남도 사천시 정동면,중상사고,0,1,0,0,차대차 - 측면충돌,교차로운행방법위반,건조,맑음,교차로 - 교차로안,화물,남,49세,상해없음,승용,여,23세,중상
2017062200100130,2017년 6월 22일 08시,목요일,경상남도 사천시 서포면,중상사고,0,1,1,0,차대차 - 측면충돌,안전운전불이행,건조,맑음,단일로 - 기타,건설기계,남,54세,상해없음,승용,남,56세,경상
2017062200100131,2017년 6월 22일 08시,목요일,경상남도 남해군 남해읍,중상사고,0,1,0,0,차대차 - 측면충돌,안전운전불이행,건조,맑음,교차로 - 교차로안,승용,남,53세,상해없음,원동기,남,83세,중상
2017062200100132,2017년 6월 22일 08시,목요일,경상남도 함안군 대산면,사망사고,1,0,0,0,차대차 - 측면충돌,직진우회전진행방해,건조,맑음,교차로 - 교차로안,이륜,남,83세,사망,승용,남,64세,상해없음
2017062200100133,2017년 6월 22일 08시,목요일,경상남도 함안군 가야읍,중상사고,0,1,0,0,차대차 - 측면충돌,안전거리미확보,건조,맑음,단일로 - 기타,화물,남,62세,상해없음,자전거,여,68세,중상
2017062200100134,2017년 6월 22일 08시,목요일,경상남도 의령군 의령읍,경상사고,0,0,1,0,차대사람 - 횡단중,안전운전불이행,건조,맑음,단일로 - 기타,승용,남,51세,상해없음,보행자,여,87세,경상
2017062200100135,2017년 6월 22일 08시,목요일,경상남도 창원시 의창구 도계동,경상사고,0,0,1,0,차대사람 - 횡단중,보행자보호의무위반,건조,맑음,교차로 - 교차로횡단보도내,승용,남,34세,상해없음,보행자,여,9세,경상
2017062200100165,2017년 6월 22일 09시,목요일,경상남도 창원시 의창구 팔용동,경상사고,0,0,1,0,차대차 - 측면충돌,안전운전불이행,건조,맑음,교차로 - 교차로안,승용,여,44세,상해없음,승용,여,39세,경상
2017062200100195,2017년 6월 22일 10시,목요일,경상남도 통영시 광도면,경상사고,0,0,1,0,차대차 - 추돌,안전운전불이행,건조,맑음,교차로 - 교차로부근,승용,여,37세,상해없음,승용,남,46세,경상
2017062200100196,2017년 6월 22일 10시,목요일,경상남도 김해시 서상동,중상사고,0,1,0,0,차대차 - 측면충돌,안전운전불이행,건조,맑음,교차로 - 교차로안,화물,남,56세,상해없음,이륜,여,62세,중상
2017062200100197,2017년 6월 22일 10시,목요일,경상남도 거창군 거창읍,중상사고,0,1,0,0,차대차 - 기타,안전운전불이행,건조,맑음,단일로 - 기타,원동기,남,71세,중상,승용,남,40세,상해없음
2017062200100198,2017년 6월 22일 10시,목요일,경상남도 창원시 의창구 서상동,경상사고,0,0,1,0,차대차 - 기타,안전운전불이행,건조,맑음,단일로 - 기타,승용,여,58세,상해없음,승용,남,43세,경상
2017062200100257,2017년 6월 22일 12시,목요일,경상남도 통영시 광도면,중상사고,0,1,0,0,차대차 - 기타,안전운전불이행,건조,맑음,교차로 - 교차로안,화물,남,33세,상해없음,이륜,남,34세,중상
2017062200100258,2017년 6월 22일 12시,목요일,경상남도 통영시 광도면,경상사고,0,0,1,0,차대차 - 기타,기타,건조,맑음,단일로 - 기타,화물,남,56세,상해없음,승합,남,67세,상해없음
2017062200100259,2017년 6월 22일 12시,목요일,경상남도 김해시 생림면,경상사고,0,0,1,0,차대사람 - 차도통행중,안전운전불이행,건조,맑음,단일로 - 기타,승용,남,60세,상해없음,보행자,여,67세,경상
2017062200100288,2017년 6월 22일 13시,목요일,경상남도 김해시 풍유동,사망사고,1,0,0,0,차대차 - 측면충돌,불법유턴,건조,맑음,교차로 - 교차로안,이륜,남,76세,사망,건설기계,남,49세,상해없음
2017062200100322,2017년 6월 22일 14시,목요일,경상남도 창원시 마산합포구 중앙동3가,경상사고,0,0,1,0,차대차 - 측면충돌,신호위반,건조,맑음,교차로 - 교차로안,승합,남,52세,상해없음,승용,여,41세,경상
2017062200100323,2017년 6월 22일 14시,목요일,경상남도 양산시 북부동,경상사고,0,0,1,0,차대차 - 기타,안전거리미확보,건조,맑음,단일로 - 기타,승용,남,37세,상해없음,승용,남,53세,경상
2017062200100356,2017년 6월 22일 15시,목요일,경상남도 창원시 마산합포구 우산동,부상신고사고,0,0,0,1,차대차 - 측면충돌,차로위반,건조,맑음,단일로 - 기타,승용,남,35세,상해없음,화물,남,54세,부상신고
2017062200100357,2017년 6월 22일 15시,목요일,경상남도 함안군 가야읍,경상사고,0,0,1,0,차대사람 - 횡단중,안전운전불이행,건조,맑음,단일로 - 기타,승용,여,24세,상해없음,보행자,남,8세,경상
2017062200100395,2017년 6월 22일 16시,목요일,경상남도 통영시 북신동,경상사고,0,0,2,0,차대차 - 추돌,안전운전불이행,건조,맑음,단일로 - 기타,화물,남,62세,상해없음,승용,남,52세,경상
2017062200100435,2017년 6월 22일 17시,목요일,경상남도 김해시 대동면,중상사고,0,1,1,0,차대차 - 측면충돌,안전운전불이행,건조,맑음,교차로 - 교차로안,승용,여,50세,경상,화물,남,56세,중상
2017062200100436,2017년 6월 22일 17시,목요일,경상남도 거창군 거창읍,중상사고,0,1,0,0,차대차 - 추돌,안전운전불이행,건조,맑음,교차로 - 교차로안,화물,남,57세,상해없음,자전거,남,74세,중상
2017062200100437,2017년 6월 22일 17시,목요일,경상남도 김해시 한림면,경상사고,0,0,2,0,차대차 - 정면충돌,안전운전불이행,건조,맑음,교차로 - 교차로안,화물,남,34세,상해없음,승용,남,39세,경상
2017062200100492,2017년 6월 22일 18시,목요일,경상남도 거창군 거창읍,중상사고,0,1,0,0,차대사람 - 횡단중,안전운전불이행,건조,맑음,단일로 - 기타,승용,남,28세,상해없음,보행자,여,57세,중상
2017062200100493,2017년 6월 22일 18시,목요일,경상남도 거제시 하청면,경상사고,0,0,1,0,차대차 - 추돌,안전운전불이행,건조,맑음,교차로 - 교차로부근,승용,남,55세,상해없음,승용,남,19세,경상
2017062200100494,2017년 6월 22일 18시,목요일,경상남도 창녕군 창녕읍,경상사고,0,0,1,0,차대차 - 기타,안전운전불이행,건조,맑음,단일로 - 기타,화물,남,52세,상해없음,승합,남,34세,경상
2017062200100520,2017년 6월 22일 19시,목요일,경상남도 창원시 의창구 명서동,중상사고,0,1,0,0,차대차 - 추돌,안전운전불이행,건조,맑음,단일로 - 기타,화물,남,63세,상해없음,이륜,남,28세,중상
2017062200100548,2017년 6월 22일 20시,목요일,경상남도 창원시 마산합포구 월남동3가,중상사고,0,1,1,0,차대차 - 측면충돌,안전운전불이행,건조,맑음,교차로 - 교차로안,승용,남,55세,상해없음,원동기,남,58세,중상
2017062200100549,2017년 6월 22일 20시,목요일,경상남도 양산시 물금읍,경상사고,0,0,1,0,차대차 - 추돌,안전운전불이행,건조,맑음,교차로 - 교차로안,승용,여,28세,상해없음,특수,남,44세,경상
2017062200100583,2017년 6월 22일 21시,목요일,경상남도 하동군 하동읍,경상사고,0,0,2,0,차대차 - 측면충돌,교차로운행방법위반,건조,맑음,교차로 - 교차로안,승용,남,40세,상해없음,승용,남,35세,경상
2017062200100615,2017년 6월 22일 22시,목요일,경상남도 창원시 의창구 팔용동,중상사고,0,1,0,0,차대차 - 측면충돌,신호위반,젖음/습기,비,교차로 - 교차로안,승용,여,54세,상해없음,화물,남,39세,중상
2017062300100037,2017년 6월 23일 00시,금요일,경상남도 창원시 마산합포구 신포동2가,경상사고,0,0,2,0,차대차 - 측면충돌,신호위반,건조,맑음,교차로 - 교차로안,승용,남,59세,상해없음,승용,남,46세,경상
2017062300100094,2017년 6월 23일 06시,금요일,경상남도 거제시 사등면,중상사고,0,1,0,0,차대차 - 추돌,안전운전불이행,건조,맑음,단일로 - 기타,승용,남,38세,상해없음,자전거,남,58세,중상
2017062300100095,2017년 6월 23일 06시,금요일,경상남도 의령군 부림면,경상사고,0,0,1,0,차대차 - 측면충돌,신호위반,건조,맑음,교차로 - 교차로안,화물,남,49세,경상,건설기계,남,47세,상해없음
2017062300100118,2017년 6월 23일 07시,금요일,경상남도 창원시 마산합포구 월포동,부상신고사고,0,0,0,1,차대차 - 측면충돌,안전운전불이행,건조,맑음,교차로 - 교차로안,승용,남,51세,상해없음,자전거,남,22세,부상신고
2017062300100119,2017년 6월 23일 07시,금요일,경상남도 창녕군 대지면,경상사고,0,0,1,0,차량단독 - 공작물충돌,안전운전불이행,건조,맑음,단일로 - 기타,승용,남,26세,경상,,,,
2017062300100162,2017년 6월 23일 08시,금요일,경상남도 창원시 의창구 봉림동,경상사고,0,0,1,0,차대차 - 정면충돌,중앙선침범,건조,흐림,단일로 - 기타,승용,남,68세,상해없음,승용,남,33세,경상
2017062300100163,2017년 6월 23일 08시,금요일,경상남도 창원시 의창구 동읍,경상사고,0,0,1,0,차대사람 - 보도통행중,안전운전불이행,건조,맑음,단일로 - 기타,승용,여,55세,상해없음,보행자,여,78세,경상
2017062300100200,2017년 6월 23일 09시,금요일,경상남도 진주시 수곡면,경상사고,0,0,1,0,차대차 - 측면충돌,중앙선침범,건조,맑음,교차로 - 교차로안,화물,남,69세,상해없음,화물,남,63세,경상
2017062300100201,2017년 6월 23일 09시,금요일,경상남도 함양군 함양읍,경상사고,0,0,1,0,차대차 - 추돌,안전운전불이행,건조,맑음,단일로 - 기타,화물,남,53세,상해없음,승용,여,55세,경상
2017062300100202,2017년 6월 23일 09시,금요일,경상남도 창원시 마산회원구 석전동,중상사고,0,1,0,0,차대사람 - 횡단중,보행자보호의무위반,건조,맑음,교차로 - 교차로부근,화물,남,43세,상해없음,보행자,여,88세,중상
2017062300100235,2017년 6월 23일 10시,금요일,경상남도 사천시 동금동,중상사고,0,1,0,0,차대차 - 측면충돌,안전운전불이행,건조,맑음,교차로 - 교차로안,화물,남,65세,상해없음,이륜,남,69세,중상
2017062300100236,2017년 6월 23일 10시,금요일,경상남도 김해시 외동,중상사고,0,1,0,0,차대차 - 기타,신호위반,건조,맑음,교차로 - 교차로안,승용,여,48세,상해없음,승합,남,52세,상해없음
2017062300100237,2017년 6월 23일 10시,금요일,경상남도 창원시 마산회원구 내서읍,중상사고,0,1,0,0,차대사람 - 횡단중,보행자보호의무위반,건조,맑음,기타 - 기타,승용,남,49세,상해없음,보행자,여,69세,중상
2017062300100238,2017년 6월 23일 10시,금요일,경상남도 창원시 의창구 팔용동,중상사고,0,1,0,0,차대차 - 측면충돌,안전운전불이행,건조,맑음,단일로 - 기타,건설기계,남,45세,상해없음,승용,남,53세,중상
2017062300100268,2017년 6월 23일 11시,금요일,경상남도 진주시 평거동,중상사고,0,1,0,0,차대차 - 측면충돌,직진우회전진행방해,건조,맑음,교차로 - 교차로안,승용,남,37세,상해없음,자전거,여,75세,중상
2017062300100269,2017년 6월 23일 11시,금요일,경상남도 산청군 단성면,경상사고,0,0,1,0,차대차 - 측면충돌,안전거리미확보,건조,맑음,교차로 - 교차로안,화물,여,50세,상해없음,승합,남,55세,상해없음
2017062300100342,2017년 6월 23일 14시,금요일,경상남도 사천시 사남면,중상사고,0,1,0,0,차대차 - 측면충돌,기타,건조,맑음,교차로 - 교차로안,승용,남,57세,상해없음,승용,여,69세,중상
2017062300100343,2017년 6월 23일 14시,금요일,경상남도 김해시 구산동,중상사고,0,1,0,0,차대차 - 기타,차로위반,건조,맑음,교차로 - 교차로부근,승용,남,29세,상해없음,이륜,남,30세,중상
2017062300100429,2017년 6월 23일 16시,금요일,경상남도 거창군 거창읍,중상사고,0,1,4,0,차대차 - 기타,안전운전불이행,건조,맑음,단일로 - 기타,승용,남,45세,상해없음,승용,여,51세,중상
2017062300100430,2017년 6월 23일 16시,금요일,경상남도 양산시 물금읍,중상사고,0,1,0,0,차대사람 - 기타,안전운전불이행,건조,맑음,주차장 - 주차장,화물,남,36세,상해없음,보행자,여,56세,중상
2017062300100431,2017년 6월 23일 16시,금요일,경상남도 의령군 화정면,경상사고,0,0,1,0,차대차 - 측면충돌,중앙선침범,건조,맑음,단일로 - 기타,승용,남,69세,경상,승합,남,49세,상해없음
2017062300100482,2017년 6월 23일 17시,금요일,경상남도 통영시 중앙동,중상사고,0,1,0,0,차대사람 - 횡단중,보행자보호의무위반,건조,맑음,교차로 - 교차로안,이륜,남,68세,상해없음,보행자,남,78세,중상
2017062300100483,2017년 6월 23일 17시,금요일,경상남도 김해시 무계동,중상사고,0,1,0,0,차대사람 - 횡단중,신호위반,건조,맑음,교차로 - 교차로횡단보도내,승용,여,59세,상해없음,보행자,남,5세,중상
2017062300100528,2017년 6월 23일 18시,금요일,경상남도 창녕군 남지읍,경상사고,0,0,1,0,차대차 - 기타,안전운전불이행,건조,맑음,교차로 - 교차로횡단보도내,자전거,남,8세,경상,건설기계,남,46세,기타불명
2017062300100529,2017년 6월 23일 18시,금요일,경상남도 양산시 북부동,경상사고,0,0,2,0,차대차 - 기타,안전운전불이행,건조,맑음,단일로 - 기타,승용,남,53세,상해없음,승용,남,41세,경상
2017062300100530,2017년 6월 23일 18시,금요일,경상남도 함안군 칠원읍,경상사고,0,0,1,0,차대차 - 측면충돌,신호위반,건조,맑음,교차로 - 교차로부근,승용,여,40세,상해없음,자전거,여,69세,경상
2017062300100598,2017년 6월 23일 20시,금요일,경상남도 진주시 문산읍,경상사고,0,0,1,0,차대차 - 측면충돌,신호위반,건조,맑음,교차로 - 교차로안,승용,남,21세,상해없음,승용,남,61세,경상
2017062300100599,2017년 6월 23일 20시,금요일,경상남도 사천시 축동면,중상사고,0,1,0,0,차대차 - 추돌,안전운전불이행,건조,맑음,단일로 - 기타,승용,남,35세,상해없음,농기계,남,76세,중상
2017062300100635,2017년 6월 23일 21시,금요일,경상남도 사천시 사천읍,중상사고,0,1,3,0,차대차 - 추돌,안전운전불이행,건조,맑음,단일로 - 기타,화물,남,65세,경상,승용,여,46세,경상
2017062300100636,2017년 6월 23일 21시,금요일,경상남도 김해시 삼방동,중상사고,0,1,0,0,차대사람 - 기타,안전운전불이행,건조,맑음,단일로 - 기타,화물,남,50세,상해없음,보행자,여,84세,중상
2017062300100637,2017년 6월 23일 21시,금요일,경상남도 거제시 연초면,경상사고,0,0,1,0,차대차 - 기타,안전운전불이행,건조,맑음,단일로 - 기타,이륜,남,65세,경상,승합,남,36세,상해없음
2017062300100673,2017년 6월 23일 22시,금요일,경상남도 거제시 상동동,경상사고,0,0,1,0,차대차 - 기타,안전운전불이행,건조,맑음,교차로 - 교차로안,승용,여,21세,상해없음,승용,여,57세,경상
2017062400100099,2017년 6월 24일 05시,토요일,경상남도 진주시 금산면,경상사고,0,0,1,0,차량단독 - 공작물충돌,안전운전불이행,건조,맑음,단일로 - 기타,승용,남,18세,경상,,,,
2017062400100110,2017년 6월 24일 06시,토요일,경상남도 진주시 정촌면,사망사고,1,0,0,0,차대차 - 추돌,안전운전불이행,건조,맑음,단일로 - 기타,화물,남,50세,상해없음,농기계,남,75세,사망
2017062400100127,2017년 6월 24일 07시,토요일,경상남도 창원시 의창구 대산면,경상사고,0,0,1,0,차대차 - 측면충돌,안전운전불이행,건조,맑음,교차로 - 교차로안,승용,남,33세,상해없음,화물,남,55세,경상
2017062400100155,2017년 6월 24일 08시,토요일,경상남도 창원시 진해구 이동,중상사고,0,1,0,0,차대차 - 측면충돌,교차로운행방법위반,건조,맑음,교차로 - 교차로안,승용,여,31세,상해없음,자전거,남,56세,중상
2017062400100156,2017년 6월 24일 08시,토요일,경상남도 산청군 생비량면,중상사고,0,5,3,1,차대차 - 측면충돌,신호위반,건조,맑음,교차로 - 교차로안,승합,여,59세,부상신고,건설기계,남,49세,상해없음
2017062400100157,2017년 6월 24일 08시,토요일,경상남도 창원시 마산회원구 봉암동,경상사고,0,0,1,0,차대사람 - 차도통행중,안전운전불이행,건조,맑음,단일로 - 기타,승용,남,62세,상해없음,보행자,남,37세,경상
2017062400100208,2017년 6월 24일 10시,토요일,경상남도 거제시 고현동,경상사고,0,0,1,0,차대차 - 측면충돌,안전운전불이행,건조,맑음,단일로 - 기타,승용,남,41세,기타불명,이륜,남,25세,경상
2017062400100209,2017년 6월 24일 10시,토요일,경상남도 거제시 둔덕면,경상사고,0,0,2,0,차대차 - 정면충돌,안전운전불이행,건조,맑음,단일로 - 기타,화물,남,29세,상해없음,농기계,남,77세,경상
2017062400100221,2017년 6월 24일 11시,토요일,경상남도 밀양시 산외면,경상사고,0,0,2,2,차대차 - 추돌,안전거리미확보,건조,맑음,단일로 - 교량,승용,남,35세,경상,승합,남,40세,상해없음
2017062400100231,2017년 6월 24일 11시,토요일,경상남도 김해시 삼방동,경상사고,0,0,1,0,차대차 - 기타,안전운전불이행,건조,맑음,교차로 - 교차로안,승용,남,73세,상해없음,이륜,남,43세,경상
2017062400100232,2017년 6월 24일 11시,토요일,경상남도 창녕군 대합면,중상사고,0,1,0,0,차대차 - 기타,안전운전불이행,건조,맑음,단일로 - 기타,화물,남,47세,중상,화물,남,55세,상해없음
2017062400100264,2017년 6월 24일 12시,토요일,경상남도 밀양시 삼랑진읍,중상사고,0,2,0,0,차대차 - 기타,중앙선침범,건조,맑음,단일로 - 기타,화물,남,55세,상해없음,원동기,남,80세,중상
2017062400100293,2017년 6월 24일 13시,토요일,경상남도 통영시 미수동,중상사고,0,1,0,0,차량단독 - 공작물충돌,안전운전불이행,건조,맑음,단일로 - 기타,승용,여,64세,상해없음,,,,
2017062400100294,2017년 6월 24일 13시,토요일,경상남도 밀양시 가곡동,경상사고,0,0,4,0,차대차 - 측면충돌,교차로운행방법위반,건조,맑음,교차로 - 교차로안,승용,여,42세,상해없음,승용,남,29세,경상
2017062400100295,2017년 6월 24일 13시,토요일,경상남도 창녕군 대지면,경상사고,0,0,1,0,차대차 - 추돌,안전거리미확보,건조,맑음,단일로 - 기타,화물,남,64세,상해없음,승용,여,39세,경상
2017062400100327,2017년 6월 24일 14시,토요일,경상남도 밀양시 하남읍,사망사고,1,0,0,0,차대차 - 측면충돌,신호위반,건조,맑음,교차로 - 교차로안,이륜,남,24세,사망,승용,남,47세,상해없음
2017062400100328,2017년 6월 24일 14시,토요일,경상남도 거창군 신원면,경상사고,0,0,1,0,차대차 - 기타,안전운전불이행,건조,맑음,단일로 - 기타,승용,남,67세,상해없음,승용,남,55세,경상
2017062400100400,2017년 6월 24일 16시,토요일,경상남도 사천시 동금동,경상사고,0,0,1,0,차대차 - 측면충돌,신호위반,건조,맑음,교차로 - 교차로안,승합,남,63세,상해없음,승용,남,33세,경상
2017062400100401,2017년 6월 24일 16시,토요일,경상남도 함양군 안의면,사망사고,1,0,0,0,차대차 - 추돌,안전운전불이행,건조,맑음,교차로 - 교차로부근,화물,남,74세,상해없음,이륜,여,73세,사망
2017062400100402,2017년 6월 24일 16시,토요일,경상남도 양산시 동면,경상사고,0,0,4,0,차대차 - 추돌,안전운전불이행,건조,맑음,교차로 - 교차로부근,승용,남,30세,상해없음,승용,남,43세,경상