사고번호,사고일시,요일,시군구,사고내용,사망자수,중상자수,경상자수,부상신고자수,사고유형,법규위반,노면상태,기상상태,도로형태,가해운전자 차종,가해운전자 성별,가해운전자 연령,가해운전자 상해정도,피해운전자 차종,피해운전자 성별,피해운전자 연령,피해운전자 상해정도
2017062400100428,2017년 6월 24일 17시,토요일,경상남도 함양군 함양읍,경상사고,0,0,1,0,차대차 - 기타,안전운전불이행,건조,맑음,교차로 - 교차로부근,자전거,남,17세,경상,승용,여,34세,상해없음
2017062400100457,2017년 6월 24일 18시,토요일,경상남도 창원시 마산합포구 중앙동2가,경상사고,0,0,1,0,차대차 - 추돌,안전운전불이행,건조,맑음,교차로 - 교차로안,승용,남,58세,상해없음,화물,남,56세,상해없음
2017062400100458,2017년 6월 24일 18시,토요일,경상남도 창원시 진해구 석동,경상사고,0,0,1,0,차대차 - 측면충돌,신호위반,건조,맑음,교차로 - 교차로안,승용,여,25세,상해없음,자전거,여,7세,경상
2017062400100480,2017년 6월 24일 19시,토요일,경상남도 통영시 서호동,경상사고,0,0,1,0,차대차 - 정면충돌,직진우회전진행방해,건조,맑음,교차로 - 교차로부근,승용,남,54세,상해없음,승용,여,56세,경상
2017062400100481,2017년 6월 24일 19시,토요일,경상남도 김해시 내동,경상사고,0,0,1,0,차대차 - 기타,안전운전불이행,건조,맑음,단일로 - 기타,승용,남,26세,상해없음,이륜,남,51세,경상
2017062400100607,2017년 6월 24일 23시,토요일,경상남도 창원시 의창구 봉곡동,경상사고,0,0,1,0,차대차 - 기타,신호위반,건조,맑음,교차로 - 교차로부근,승용,남,57세,상해없음,승합,남,44세,경상
2017062500100084,2017년 6월 25일 05시,일요일,경상남도 함안군 칠원읍,중상사고,0,2,3,0,차대차 - 측면충돌,신호위반,건조,맑음,교차로 - 교차로안,승용,남,25세,경상,승용,남,69세,중상
2017062500100085,2017년 6월 25일 05시,일요일,경상남도 김해시 대청동,중상사고,0,1,0,0,차대사람 - 횡단중,불법유턴,건조,맑음,교차로 - 교차로부근,승용,남,23세,상해없음,보행자,남,31세,중상
2017062500100091,2017년 6월 25일 06시,일요일,경상남도 양산시 명동,경상사고,0,0,2,0,차대차 - 측면충돌,교차로운행방법위반,건조,맑음,교차로 - 교차로안,승용,남,18세,상해없음,승용,남,62세,경상
2017062500100092,2017년 6월 25일 06시,일요일,경상남도 창원시 의창구 북면,경상사고,0,0,1,0,차대차 - 측면충돌,신호위반,건조,흐림,교차로 - 교차로안,승용,남,62세,상해없음,승용,여,49세,경상
2017062500100134,2017년 6월 25일 09시,일요일,경상남도 거제시 사등면,부상신고사고,0,0,0,1,차량단독 - 기타,안전운전불이행,건조,맑음,단일로 - 기타,기타불명,기타불명,미분류,기타불명,,,,
2017062500100155,2017년 6월 25일 10시,일요일,경상남도 함양군 함양읍,경상사고,0,0,1,0,차대차 - 측면충돌,교차로운행방법위반,건조,맑음,교차로 - 교차로안,승용,남,49세,상해없음,자전거,남,84세,경상
2017062500100176,2017년 6월 25일 11시,일요일,경상남도 양산시 남부동,중상사고,0,1,0,0,차대사람 - 횡단중,안전운전불이행,건조,맑음,단일로 - 기타,승용,남,58세,상해없음,보행자,여,64세,중상
2017062500100195,2017년 6월 25일 12시,일요일,경상남도 사천시 사천읍,경상사고,0,0,1,0,차대차 - 측면충돌,안전운전불이행,건조,맑음,교차로 - 교차로부근,원동기,남,75세,경상,승용,남,36세,상해없음
2017062500100196,2017년 6월 25일 12시,일요일,경상남도 사천시 사천읍,중상사고,0,2,0,0,차대차 - 측면충돌,신호위반,건조,맑음,교차로 - 교차로안,승용,남,34세,중상,승용,남,81세,상해없음
2017062500100197,2017년 6월 25일 12시,일요일,경상남도 거제시 고현동,경상사고,0,0,2,0,차대사람 - 보도통행중,안전운전불이행,건조,맑음,단일로 - 기타,승용,남,74세,상해없음,보행자,남,65세,경상
2017062500100213,2017년 6월 25일 13시,일요일,경상남도 사천시 대방동,중상사고,0,1,2,1,차대차 - 추돌,안전운전불이행,건조,맑음,교차로 - 교차로부근,승용,남,69세,상해없음,승용,여,61세,경상
2017062500100214,2017년 6월 25일 13시,일요일,경상남도 창원시 의창구 신월동,경상사고,0,0,1,0,차대차 - 기타,안전운전불이행,건조,맑음,교차로 - 교차로안,화물,여,66세,상해없음,승용,남,53세,상해없음
2017062500100256,2017년 6월 25일 15시,일요일,경상남도 합천군 합천읍,사망사고,1,0,0,0,차량단독 - 전도전복 - 전도,안전운전불이행,건조,맑음,단일로 - 기타,화물,남,54세,사망,,,,
2017062500100312,2017년 6월 25일 17시,일요일,경상남도 창원시 의창구 팔용동,경상사고,0,0,1,0,차대차 - 측면충돌,안전운전불이행,건조,맑음,교차로 - 교차로안,승용,여,37세,상해없음,승용,남,55세,경상
2017062500100342,2017년 6월 25일 18시,일요일,경상남도 창원시 마산합포구 오동동,경상사고,0,0,1,0,차대차 - 측면충돌,안전운전불이행,건조,흐림,단일로 - 기타,승용,여,53세,상해없음,이륜,남,24세,경상
2017062500100343,2017년 6월 25일 18시,일요일,경상남도 창원시 진해구 자은동,중상사고,0,1,0,0,차대사람 - 횡단중,안전운전불이행,건조,맑음,단일로 - 기타,승용,남,41세,상해없음,보행자,남,4세,중상
2017062500100344,2017년 6월 25일 18시,일요일,경상남도 창원시 성산구 상남동,경상사고,0,0,1,0,차대차 - 측면충돌,안전운전불이행,건조,맑음,교차로 - 교차로안,승용,남,27세,상해없음,승용,남,42세,경상
2017062500100369,2017년 6월 25일 19시,일요일,경상남도 합천군 봉산면,부상신고사고,0,0,0,1,차량단독 - 전도전복 - 전도,안전운전불이행,젖음/습기,비,단일로 - 기타,승용,남,46세,부상신고,,,,
2017062500100370,2017년 6월 25일 19시,일요일,경상남도 고성군 고성읍,중상사고,0,2,1,0,차대차 - 측면충돌,과속,건조,맑음,교차로 - 교차로안,승용,남,33세,경상,승용,남,61세,중상
2017062500100371,2017년 6월 25일 19시,일요일,경상남도 의령군 유곡면,경상사고,0,0,1,0,차대차 - 측면충돌,안전운전불이행,젖음/습기,비,단일로 - 기타,화물,남,46세,상해없음,승용,남,54세,경상
2017062500100395,2017년 6월 25일 20시,일요일,경상남도 창원시 의창구 북면,경상사고,0,0,1,0,차대차 - 추돌,안전운전불이행,젖음/습기,비,단일로 - 기타,승용,여,57세,경상,승합,남,59세,상해없음
2017062500100420,2017년 6월 25일 21시,일요일,경상남도 김해시 내동,경상사고,0,0,1,0,차대차 - 측면충돌,안전거리미확보,건조,맑음,단일로 - 기타,승용,남,33세,상해없음,이륜,남,28세,경상
2017062500100452,2017년 6월 25일 23시,일요일,경상남도 진주시 평안동,경상사고,0,0,3,0,차대차 - 측면충돌,중앙선침범,젖음/습기,비,단일로 - 기타,승용,여,44세,상해없음,승용,남,25세,경상
2017062600100035,2017년 6월 26일 01시,월요일,경상남도 창원시 마산회원구 양덕동,경상사고,0,0,1,0,차대사람 - 횡단중,보행자보호의무위반,젖음/습기,비,단일로 - 기타,승용,남,38세,상해없음,보행자,여,51세,경상
2017062600100046,2017년 6월 26일 03시,월요일,경상남도 김해시 서상동,중상사고,0,1,0,0,차대사람 - 길가장자리구역통행중,안전운전불이행,건조,맑음,단일로 - 기타,승용,남,31세,상해없음,보행자,남,58세,중상
2017062600100072,2017년 6월 26일 06시,월요일,경상남도 거제시 고현동,경상사고,0,0,1,0,차대차 - 측면충돌,안전운전불이행,건조,맑음,교차로 - 교차로부근,승용,남,60세,상해없음,승용,여,28세,경상
2017062600100103,2017년 6월 26일 07시,월요일,경상남도 창원시 성산구 성산동,중상사고,0,1,0,0,차대차 - 측면충돌,안전운전불이행,건조,맑음,교차로 - 교차로부근,이륜,여,32세,중상,승용,여,49세,상해없음
2017062600100141,2017년 6월 26일 08시,월요일,경상남도 진주시 충무공동,중상사고,0,1,0,0,차대사람 - 횡단중,신호위반,건조,맑음,교차로 - 교차로횡단보도내,승합,남,57세,상해없음,보행자,남,40세,중상
2017062600100200,2017년 6월 26일 10시,월요일,경상남도 창원시 마산합포구 월영동,중상사고,0,1,0,0,차대차 - 측면충돌,안전운전불이행,건조,흐림,교차로 - 교차로부근,승용,여,65세,상해없음,자전거,남,37세,중상
2017062600100276,2017년 6월 26일 13시,월요일,경상남도 양산시 산막동,경상사고,0,0,1,0,차대차 - 기타,안전거리미확보,건조,맑음,단일로 - 기타,화물,남,46세,상해없음,승용,남,33세,경상
2017062600100290,2017년 6월 26일 13시,월요일,경상남도 창원시 진해구 덕산동,경상사고,0,0,1,0,차대차 - 추돌,교차로운행방법위반,건조,맑음,교차로 - 교차로안,화물,여,57세,상해없음,이륜,남,75세,경상
2017062600100291,2017년 6월 26일 13시,월요일,경상남도 사천시 축동면,경상사고,0,0,1,0,차량단독 - 전도전복,교차로운행방법위반,건조,맑음,교차로 - 교차로안,이륜,남,71세,경상,미분류,미분류,미분류,미분류
2017062600100292,2017년 6월 26일 13시,월요일,경상남도 양산시 동면,경상사고,0,0,1,0,차대차 - 정면충돌,안전운전불이행,건조,맑음,단일로 - 기타,승용,여,25세,상해없음,승용,남,33세,경상
2017062600100324,2017년 6월 26일 14시,월요일,경상남도 진주시 충무공동,중상사고,0,1,1,0,차대차 - 추돌,안전운전불이행,건조,맑음,교차로 - 교차로부근,승용,남,31세,상해없음,승용,남,34세,중상
2017062600100325,2017년 6월 26일 14시,월요일,경상남도 김해시 삼방동,중상사고,0,1,2,0,차대차 - 측면충돌,중앙선침범,건조,맑음,단일로 - 기타,승합,남,81세,경상,화물,남,41세,경상
2017062600100326,2017년 6월 26일 14시,월요일,경상남도 김해시 진영읍,경상사고,0,0,2,0,차대차 - 측면충돌,안전운전불이행,건조,맑음,교차로 - 교차로안,승용,남,25세,상해없음,사륜오토바이(ATV),남,76세,경상
2017062600100366,2017년 6월 26일 15시,월요일,경상남도 창원시 마산합포구 상남동,중상사고,0,1,0,0,차대차 - 측면충돌,신호위반,건조,맑음,교차로 - 교차로안,승용,남,61세,상해없음,이륜,남,55세,중상
2017062600100367,2017년 6월 26일 15시,월요일,경상남도 창원시 마산합포구 상남동,중상사고,0,1,0,0,차대사람 - 횡단중,안전운전불이행,건조,맑음,교차로 - 교차로안,승용,남,64세,상해없음,보행자,여,60세,중상
2017062600100368,2017년 6월 26일 15시,월요일,경상남도 창녕군 창녕읍,중상사고,0,1,2,0,차대차 - 측면충돌,신호위반,젖음/습기,비,교차로 - 교차로안,승용,여,51세,상해없음,승용,남,32세,중상
2017062600100409,2017년 6월 26일 16시,월요일,경상남도 하동군 하동읍,경상사고,0,0,1,0,차대사람 - 기타,안전운전불이행,건조,맑음,단일로 - 기타,승용,남,72세,상해없음,보행자,여,73세,경상
2017062600100410,2017년 6월 26일 16시,월요일,경상남도 김해시 내덕동,경상사고,0,0,2,0,차대차 - 추돌,안전운전불이행,건조,맑음,교차로 - 교차로부근,승용,남,52세,상해없음,승용,남,31세,경상
2017062600100448,2017년 6월 26일 17시,월요일,경상남도 거제시 상동동,경상사고,0,0,1,0,차대사람 - 횡단중,보행자보호의무위반,건조,맑음,단일로 - 기타,승용,여,46세,상해없음,보행자,남,7세,경상
2017062600100449,2017년 6월 26일 17시,월요일,경상남도 창원시 마산회원구 내서읍,중상사고,0,1,0,0,차대차 - 측면충돌,안전운전불이행,건조,맑음,교차로 - 교차로부근,승용,남,57세,상해없음,승합,여,41세,중상
2017062600100482,2017년 6월 26일 18시,월요일,경상남도 진주시 하대동,중상사고,0,1,4,0,차대차 - 기타,안전운전불이행,건조,맑음,교차로 - 교차로안,승용,여,52세,중상,화물,남,64세,경상
2017062600100483,2017년 6월 26일 18시,월요일,경상남도 사천시 사천읍,경상사고,0,0,2,0,차대차 - 측면충돌,교차로운행방법위반,건조,맑음,교차로 - 교차로안,화물,남,50세,상해없음,승용,남,26세,경상
2017062600100484,2017년 6월 26일 18시,월요일,경상남도 사천시 대방동,부상신고사고,0,0,0,1,차대사람 - 보도통행중,안전운전불이행,건조,맑음,주차장 - 주차장,승용,남,33세,상해없음,보행자,여,35세,부상신고
2017062600100485,2017년 6월 26일 18시,월요일,경상남도 김해시 구산동,경상사고,0,0,1,0,차대차 - 측면충돌,안전운전불이행,건조,맑음,교차로 - 교차로안,화물,남,49세,상해없음,자전거,남,17세,경상
2017062600100486,2017년 6월 26일 18시,월요일,경상남도 창원시 의창구 명서동,경상사고,0,0,1,0,차대차 - 기타,신호위반,건조,맑음,교차로 - 교차로안,자전거,남,12세,경상,승용,남,59세,상해없음
2017062600100513,2017년 6월 26일 19시,월요일,경상남도 통영시 용남면,중상사고,0,1,0,0,차량단독 - 전도전복,안전운전불이행,건조,맑음,단일로 - 기타,승용,남,31세,상해없음,미분류,미분류,미분류,미분류
2017062600100536,2017년 6월 26일 20시,월요일,경상남도 통영시 봉평동,중상사고,0,1,0,0,차대사람 - 횡단중,보행자보호의무위반,건조,맑음,단일로 - 기타,승용,남,58세,상해없음,보행자,남,48세,중상
2017062600100566,2017년 6월 26일 21시,월요일,경상남도 밀양시 삼문동,중상사고,0,1,0,0,차대차 - 측면충돌,신호위반,건조,맑음,교차로 - 교차로안,화물,남,62세,상해없음,승용,여,43세,중상
2017062600100567,2017년 6월 26일 21시,월요일,경상남도 김해시 내동,사망사고,1,0,0,0,차대차 - 측면충돌,신호위반,건조,흐림,교차로 - 교차로안,이륜,남,16세,사망,화물,남,53세,상해없음
2017062600100591,2017년 6월 26일 22시,월요일,경상남도 진주시 장대동,사망사고,1,0,0,0,차대사람 - 기타,안전운전불이행,젖음/습기,흐림,교차로 - 교차로안,승합,남,57세,상해없음,보행자,남,70세,사망
2017062700100039,2017년 6월 27일 00시,화요일,경상남도 김해시 어방동,경상사고,0,0,1,0,차대차 - 측면충돌,교차로운행방법위반,건조,맑음,교차로 - 교차로부근,승용,남,51세,상해없음,이륜,남,60세,경상
2017062700100040,2017년 6월 27일 00시,화요일,경상남도 거제시 장승포동,경상사고,0,0,1,0,차량단독 - 전도전복,안전운전불이행,건조,맑음,단일로 - 기타,이륜,남,22세,경상,미분류,미분류,미분류,미분류
2017062700100057,2017년 6월 27일 01시,화요일,경상남도 진주시 신안동,중상사고,0,1,0,0,차량단독 - 공작물충돌,안전운전불이행,젖음/습기,흐림,교차로 - 교차로부근,승용,여,45세,중상,,,,
2017062700100073,2017년 6월 27일 04시,화요일,경상남도 김해시 대청동,경상사고,0,0,1,0,차대차 - 정면충돌,중앙선침범,건조,맑음,단일로 - 기타,승용,남,26세,상해없음,승용,여,64세,경상
2017062700100106,2017년 6월 27일 07시,화요일,경상남도 창원시 성산구 불모산동,중상사고,0,1,1,1,차대차 - 측면충돌,안전운전불이행,건조,맑음,단일로 - 기타,화물,남,54세,상해없음,승용,여,57세,경상
2017062700100146,2017년 6월 27일 08시,화요일,경상남도 창원시 진해구 제황산동,부상신고사고,0,0,0,2,차대차 - 측면충돌,안전운전불이행,건조,맑음,교차로 - 교차로횡단보도내,원동기,남,63세,부상신고,승용,남,50세,상해없음
2017062700100147,2017년 6월 27일 08시,화요일,경상남도 창녕군 대지면,경상사고,0,0,2,1,차대차 - 기타,안전운전불이행,건조,흐림,단일로 - 기타,승용,남,53세,부상신고,승용,남,51세,경상
2017062700100185,2017년 6월 27일 09시,화요일,경상남도 양산시 물금읍,경상사고,0,0,1,0,차대차 - 추돌,안전운전불이행,건조,맑음,교차로 - 교차로부근,승용,남,65세,상해없음,승용,여,50세,경상
2017062700100186,2017년 6월 27일 09시,화요일,경상남도 거제시 상동동,경상사고,0,0,1,0,차대사람 - 횡단중,보행자보호의무위반,건조,맑음,기타 - 기타,승용,남,64세,기타불명,보행자,여,18세,경상
2017062700100200,2017년 6월 27일 10시,화요일,경상남도 김해시 대동면,중상사고,0,3,1,0,차대차 - 측면충돌,안전운전불이행,건조,맑음,단일로 - 터널,승용,남,25세,경상,승용,남,37세,상해없음
2017062700100214,2017년 6월 27일 10시,화요일,경상남도 창녕군 부곡면,중상사고,0,1,0,0,차대차 - 기타,직진우회전진행방해,건조,맑음,교차로 - 교차로안,화물,남,60세,상해없음,이륜,남,76세,중상
2017062700100215,2017년 6월 27일 10시,화요일,경상남도 양산시 삼호동,중상사고,0,2,0,0,차대사람 - 횡단중,보행자보호의무위반,건조,맑음,교차로 - 교차로부근,화물,남,45세,상해없음,보행자,여,66세,중상
2017062700100239,2017년 6월 27일 11시,화요일,경상남도 김해시 관동동,경상사고,0,0,1,0,차대차 - 측면충돌,안전운전불이행,건조,맑음,교차로 - 교차로부근,승용,남,67세,상해없음,승용,남,49세,경상
2017062700100267,2017년 6월 27일 12시,화요일,경상남도 창원시 의창구 북동,중상사고,0,1,0,0,차대사람 - 차도통행중,안전운전불이행,건조,흐림,단일로 - 기타,화물,남,65세,상해없음,보행자,여,85세,중상
2017062700100334,2017년 6월 27일 14시,화요일,경상남도 합천군 삼가면,중상사고,0,1,0,0,차대차 - 추돌,안전운전불이행,건조,흐림,단일로 - 기타,이륜,남,79세,중상,화물,남,20세,상해없음
2017062700100335,2017년 6월 27일 14시,화요일,경상남도 산청군 시천면,경상사고,0,0,2,0,차대차 - 추돌,안전운전불이행,건조,맑음,교차로 - 교차로부근,승용,남,49세,경상,화물,남,50세,경상
2017062700100367,2017년 6월 27일 15시,화요일,경상남도 고성군 상리면,사망사고,1,0,0,0,차량단독 - 전도전복,안전운전불이행,건조,맑음,단일로 - 기타,승용,남,71세,상해없음,미분류,미분류,미분류,미분류
2017062700100368,2017년 6월 27일 15시,화요일,경상남도 김해시 신문동,중상사고,0,1,1,0,차대차 - 측면충돌,신호위반,건조,맑음,교차로 - 교차로안,승용,남,25세,상해없음,승용,남,24세,중상
2017062700100387,2017년 6월 27일 16시,화요일,경상남도 김해시 대동면,경상사고,0,0,1,0,차대차 - 추돌,안전운전불이행,건조,맑음,단일로 - 기타,화물,남,63세,상해없음,승용,남,44세,경상
2017062700100403,2017년 6월 27일 16시,화요일,경상남도 함양군 휴천면,부상신고사고,0,0,0,1,차량단독 - 도로외이탈 - 추락,안전운전불이행,건조,맑음,단일로 - 기타,원동기,남,53세,부상신고,,,,
2017062700100404,2017년 6월 27일 16시,화요일,경상남도 함안군 함안면,중상사고,0,2,0,0,차대차 - 측면충돌,교차로운행방법위반,건조,맑음,교차로 - 교차로안,승용,여,58세,중상,승용,여,39세,중상
2017062700100405,2017년 6월 27일 16시,화요일,경상남도 함안군 산인면,경상사고,0,0,1,0,차대차 - 기타,안전운전불이행,건조,맑음,교차로 - 교차로안,승용,남,24세,상해없음,이륜,남,81세,경상
2017062700100406,2017년 6월 27일 16시,화요일,경상남도 창원시 성산구 중앙동,경상사고,0,0,1,0,차대차 - 측면충돌,안전운전불이행,건조,맑음,교차로 - 교차로안,승용,여,64세,상해없음,승용,남,28세,경상
2017062700100444,2017년 6월 27일 17시,화요일,경상남도 밀양시 삼문동,사망사고,1,0,1,0,차대차 - 기타,안전운전불이행,건조,맑음,단일로 - 기타,승용,남,62세,상해없음,농기계,남,81세,사망
2017062700100445,2017년 6월 27일 17시,화요일,경상남도 함양군 함양읍,중상사고,0,1,0,0,차대차 - 추돌,과속,건조,맑음,교차로 - 교차로안,화물,남,49세,상해없음,이륜,남,75세,중상
2017062700100446,2017년 6월 27일 17시,화요일,경상남도 거제시 옥포동,중상사고,0,1,0,0,차대차 - 측면충돌,안전운전불이행,건조,맑음,단일로 - 기타,승용,여,31세,상해없음,이륜,남,21세,중상
2017062700100482,2017년 6월 27일 18시,화요일,경상남도 창원시 마산합포구 서성동,중상사고,0,1,0,0,차대사람 - 횡단중,안전운전불이행,건조,맑음,단일로 - 기타,승용,남,72세,상해없음,보행자,남,73세,중상
2017062700100483,2017년 6월 27일 18시,화요일,경상남도 창원시 마산합포구 진동면,중상사고,0,1,0,0,차량단독 - 전도전복,안전운전불이행,건조,맑음,단일로 - 기타,농기계,남,72세,중상,미분류,미분류,미분류,미분류
2017062700100484,2017년 6월 27일 18시,화요일,경상남도 창원시 진해구 석동,경상사고,0,0,1,0,차대차 - 측면충돌,안전운전불이행,건조,맑음,단일로 - 기타,승용,여,19세,상해없음,승용,여,29세,경상
2017062700100485,2017년 6월 27일 18시,화요일,경상남도 사천시 벌리동,부상신고사고,0,0,0,1,차대차 - 측면충돌,직진우회전진행방해,건조,맑음,교차로 - 교차로안,이륜,남,54세,부상신고,승용,여,44세,상해없음
2017062700100486,2017년 6월 27일 18시,화요일,경상남도 거제시 고현동,중상사고,0,1,0,0,차대차 - 기타,안전운전불이행,건조,맑음,교차로 - 교차로부근,승용,남,45세,상해없음,승용,남,44세,중상
2017062700100487,2017년 6월 27일 18시,화요일,경상남도 창원시 마산회원구 양덕동,경상사고,0,0,1,0,차대차 - 기타,신호위반,건조,맑음,교차로 - 교차로횡단보도내,이륜,남,34세,상해없음,자전거,남,54세,경상
2017062700100488,2017년 6월 27일 18시,화요일,경상남도 창원시 의창구 도계동,중상사고,0,1,2,0,차대차 - 측면충돌,안전운전불이행,건조,맑음,단일로 - 기타,승용,남,45세,상해없음,승합,남,47세,경상
2017062700100523,2017년 6월 27일 19시,화요일,경상남도 창원시 마산합포구 월남동4가,중상사고,0,1,1,0,차대차 - 추돌,안전거리미확보,건조,맑음,교차로 - 교차로안,이륜,남,53세,중상,승용,남,22세,경상
2017062700100524,2017년 6월 27일 19시,화요일,경상남도 사천시 곤양면,중상사고,0,1,0,0,차량단독 - 전도전복,안전운전불이행,건조,맑음,단일로 - 기타,사륜오토바이(ATV),남,84세,중상,미분류,미분류,미분류,미분류
2017062700100548,2017년 6월 27일 20시,화요일,경상남도 김해시 외동,중상사고,0,1,0,0,차대사람 - 횡단중,보행자보호의무위반,건조,흐림,교차로 - 교차로횡단보도내,승용,남,52세,상해없음,보행자,남,56세,중상
2017062700100578,2017년 6월 27일 21시,화요일,경상남도 진주시 신안동,중상사고,0,1,0,0,차대차 - 측면충돌,신호위반,건조,맑음,교차로 - 교차로안,승용,여,38세,상해없음,승용,남,38세,중상
2017062700100631,2017년 6월 27일 23시,화요일,경상남도 창원시 성산구 상남동,경상사고,0,0,1,0,차대차 - 측면충돌,안전운전불이행,건조,맑음,교차로 - 교차로안,승용,남,25세,상해없음,승용,여,49세,경상
2017062700100632,2017년 6월 27일 23시,화요일,경상남도 창원시 마산회원구 구암동,경상사고,0,0,1,0,차대차 - 측면충돌,안전운전불이행,건조,맑음,교차로 - 교차로안,승용,여,34세,상해없음,승용,남,55세,경상
2017062800100082,2017년 6월 28일 05시,수요일,경상남도 창원시 의창구 대산면,경상사고,0,0,1,0,차대차 - 측면충돌,신호위반,건조,맑음,교차로 - 교차로안,승용,남,51세,상해없음,승용,여,34세,경상
2017062800100094,2017년 6월 28일 06시,수요일,경상남도 창원시 진해구 태백동,경상사고,0,0,1,0,차대차 - 측면충돌,안전운전불이행,건조,맑음,단일로 - 기타,승용,여,48세,상해없음,자전거,남,60세,경상
2017062800100095,2017년 6월 28일 06시,수요일,경상남도 창원시 의창구 명서동,경상사고,0,0,1,0,차대사람 - 횡단중,안전운전불이행,건조,맑음,단일로 - 기타,승용,여,51세,상해없음,보행자,여,61세,경상
2017062800100109,2017년 6월 28일 07시,수요일,경상남도 창원시 의창구 도계동,경상사고,0,0,1,0,차대차 - 측면충돌,안전운전불이행,건조,맑음,교차로 - 교차로안,승용,남,32세,상해없음,자전거,남,17세,경상
2017062800100136,2017년 6월 28일 08시,수요일,경상남도 거제시 고현동,중상사고,0,1,0,0,차대사람 - 횡단중,안전운전불이행,건조,맑음,교차로 - 교차로안,승용,여,48세,상해없음,보행자,여,55세,중상
2017062800100137,2017년 6월 28일 08시,수요일,경상남도 거제시 문동동,경상사고,0,0,2,0,차대차 - 측면충돌,교차로운행방법위반,건조,맑음,교차로 - 교차로안,승용,남,61세,상해없음,승용,여,44세,경상
2017062800100138,2017년 6월 28일 08시,수요일,경상남도 함안군 칠원읍,경상사고,0,0,2,0,차대차 - 추돌,안전운전불이행,건조,맑음,단일로 - 기타,승용,남,61세,상해없음,승용,남,57세,경상
2017062800100139,2017년 6월 28일 08시,수요일,경상남도 창원시 마산회원구 구암동,경상사고,0,0,1,0,차대차 - 측면충돌,안전운전불이행,건조,맑음,단일로 - 기타,승용,남,37세,상해없음,원동기,남,60세,경상
2017062800100140,2017년 6월 28일 08시,수요일,경상남도 창원시 의창구 대산면,경상사고,0,0,1,0,차대차 - 측면충돌,안전운전불이행,건조,맑음,교차로 - 교차로안,이륜,여,67세,경상,승용,여,43세,상해없음
2017062800100179,2017년 6월 28일 09시,수요일,경상남도 거제시 둔덕면,경상사고,0,0,1,0,차대차 - 기타,기타,건조,맑음,교차로 - 교차로안,승용,남,48세,상해없음,승용,여,36세,경상
2017062800100180,2017년 6월 28일 09시,수요일,경상남도 창원시 의창구 사림동,경상사고,0,0,1,0,차대차 - 기타,안전운전불이행,건조,맑음,단일로 - 기타,승용,남,36세,상해없음,사륜오토바이(ATV),남,70세,경상
2017062800100208,2017년 6월 28일 10시,수요일,경상남도 창원시 마산합포구 완월동,경상사고,0,0,1,0,차대차 - 기타,안전거리미확보,건조,맑음,기타 - 기타,승용,남,69세,상해없음,화물,남,46세,상해없음
2017062800100222,2017년 6월 28일 11시,수요일,경상남도 진주시 칠암동,중상사고,0,1,0,0,차대차 - 추돌,안전거리미확보,건조,맑음,단일로 - 기타,원동기,남,43세,중상,승합,남,61세,상해없음
2017062800100223,2017년 6월 28일 11시,수요일,경상남도 창원시 진해구 자은동,중상사고,0,2,0,0,차대차 - 측면충돌,교차로운행방법위반,젖음/습기,비,교차로 - 교차로안,승용,남,35세,상해없음,화물,남,47세,중상
2017062800100224,2017년 6월 28일 11시,수요일,경상남도 거제시 연초면,경상사고,0,0,1,0,차대차 - 추돌,안전운전불이행,건조,맑음,단일로 - 기타,승용,남,57세,상해없음,승용,남,29세,경상
2017062800100269,2017년 6월 28일 13시,수요일,경상남도 밀양시 하남읍,경상사고,0,0,1,0,차대차 - 측면충돌,교차로운행방법위반,건조,맑음,교차로 - 교차로안,화물,남,48세,상해없음,화물,남,65세,경상
2017062800100270,2017년 6월 28일 13시,수요일,경상남도 김해시 흥동,중상사고,0,1,0,0,차대차 - 측면충돌,안전운전불이행,건조,맑음,단일로 - 기타,승용,남,25세,상해없음,자전거,남,77세,중상
2017062800100323,2017년 6월 28일 15시,수요일,경상남도 진주시 상평동,중상사고,0,1,0,0,차대차 - 기타,교차로운행방법위반,건조,맑음,교차로 - 교차로안,화물,남,65세,상해없음,승용,여,53세,중상
2017062800100324,2017년 6월 28일 15시,수요일,경상남도 김해시 삼정동,중상사고,0,2,0,0,차대차 - 측면충돌,교차로운행방법위반,건조,맑음,교차로 - 교차로안,승용,여,44세,상해없음,화물,남,27세,중상
2017062800100348,2017년 6월 28일 16시,수요일,경상남도 창원시 진해구 경화동,경상사고,0,0,2,1,차대차 - 추돌,안전운전불이행,건조,맑음,단일로 - 기타,승용,남,36세,상해없음,승용,남,57세,상해없음
2017062800100349,2017년 6월 28일 16시,수요일,경상남도 의령군 대의면,중상사고,0,1,0,0,차대차 - 측면충돌,중앙선침범,건조,맑음,단일로 - 기타,승용,남,42세,상해없음,승용,여,48세,중상
2017062800100393,2017년 6월 28일 17시,수요일,경상남도 창원시 진해구 여좌동,경상사고,0,0,1,0,차대차 - 기타,안전거리미확보,건조,맑음,단일로 - 기타,승용,남,65세,상해없음,원동기,남,25세,경상
2017062800100394,2017년 6월 28일 17시,수요일,경상남도 김해시 대동면,중상사고,0,1,1,0,차대차 - 추돌,안전운전불이행,건조,맑음,단일로 - 기타,특수,남,50세,경상,화물,남,66세,중상
2017062800100395,2017년 6월 28일 17시,수요일,경상남도 김해시 전하동,경상사고,0,0,1,0,차대차 - 추돌,안전운전불이행,건조,맑음,단일로 - 교량,건설기계,남,64세,상해없음,화물,남,41세,경상