사고번호,사고일시,요일,시군구,사고내용,사망자수,중상자수,경상자수,부상신고자수,사고유형,법규위반,노면상태,기상상태,도로형태,가해운전자 차종,가해운전자 성별,가해운전자 연령,가해운전자 상해정도,피해운전자 차종,피해운전자 성별,피해운전자 연령,피해운전자 상해정도
2017062800100441,2017년 6월 28일 18시,수요일,경상남도 양산시 평산동,경상사고,0,0,2,0,차대차 - 측면충돌,차로위반,건조,맑음,단일로 - 기타,승용,남,63세,상해없음,승용,남,30세,경상
2017062800100442,2017년 6월 28일 18시,수요일,경상남도 고성군 마암면,경상사고,0,0,3,0,차대차 - 측면충돌,안전운전불이행,건조,맑음,단일로 - 기타,승용,여,57세,상해없음,승용,여,35세,경상
2017062800100443,2017년 6월 28일 18시,수요일,경상남도 거제시 고현동,중상사고,0,1,0,0,차대사람 - 횡단중,보행자보호의무위반,건조,맑음,교차로 - 교차로횡단보도내,이륜,남,41세,상해없음,보행자,여,9세,중상
2017062800100485,2017년 6월 28일 19시,수요일,경상남도 진주시 신안동,중상사고,0,1,0,0,차대차 - 정면충돌,직진우회전진행방해,건조,맑음,교차로 - 교차로부근,승용,남,53세,상해없음,자전거,남,13세,중상
2017062800100486,2017년 6월 28일 19시,수요일,경상남도 통영시 광도면,경상사고,0,0,1,0,차대차 - 측면충돌,안전거리미확보,건조,맑음,단일로 - 기타,승용,남,46세,상해없음,이륜,남,17세,경상
2017062800100513,2017년 6월 28일 20시,수요일,경상남도 창원시 의창구 소답동,중상사고,0,1,0,0,차대사람 - 횡단중,보행자보호의무위반,건조,맑음,교차로 - 교차로횡단보도내,승용,남,72세,상해없음,보행자,여,56세,중상
2017062800100541,2017년 6월 28일 21시,수요일,경상남도 창원시 진해구 용원동,중상사고,0,1,0,0,차대사람 - 횡단중,보행자보호의무위반,건조,맑음,교차로 - 교차로횡단보도내,승용,남,71세,상해없음,보행자,여,45세,중상
2017062800100542,2017년 6월 28일 21시,수요일,경상남도 밀양시 삼문동,중상사고,0,1,1,0,차대차 - 측면충돌,교차로운행방법위반,건조,맑음,교차로 - 교차로안,승용,남,51세,상해없음,승용,여,40세,경상
2017062800100543,2017년 6월 28일 21시,수요일,경상남도 김해시 신문동,중상사고,0,2,0,0,차량단독 - 전도전복 - 전도,안전운전불이행,건조,맑음,단일로 - 기타,원동기,남,18세,중상,,,,
2017062800100571,2017년 6월 28일 22시,수요일,경상남도 양산시 덕계동,경상사고,0,0,2,0,차대차 - 측면충돌,차로위반,건조,맑음,단일로 - 기타,승용,여,29세,상해없음,승용,여,50세,경상
2017062900100076,2017년 6월 29일 06시,목요일,경상남도 밀양시 하남읍,경상사고,0,0,2,0,차대차 - 측면충돌,신호위반,건조,맑음,교차로 - 교차로안,화물,남,54세,상해없음,승용,남,20세,경상
2017062900100095,2017년 6월 29일 07시,목요일,경상남도 김해시 주촌면,중상사고,0,1,0,0,차대차 - 추돌,안전운전불이행,건조,맑음,단일로 - 기타,건설기계,남,53세,상해없음,화물,남,61세,중상
2017062900100128,2017년 6월 29일 08시,목요일,경상남도 밀양시 가곡동,경상사고,0,0,1,0,차대차 - 추돌,안전운전불이행,건조,맑음,교차로 - 교차로안,승용,여,57세,상해없음,승용,여,43세,경상
2017062900100129,2017년 6월 29일 08시,목요일,경상남도 함양군 수동면,경상사고,0,0,1,0,차대차 - 정면충돌,중앙선침범,건조,맑음,단일로 - 기타,이륜,여,47세,경상,승용,여,58세,상해없음
2017062900100130,2017년 6월 29일 08시,목요일,경상남도 고성군 개천면,사망사고,1,2,0,0,차대사람 - 길가장자리구역통행중,안전운전불이행,건조,맑음,단일로 - 기타,승용,여,58세,상해없음,보행자,여,76세,중상
2017062900100131,2017년 6월 29일 08시,목요일,경상남도 하동군 횡천면,부상신고사고,0,0,0,1,차대차 - 추돌,안전운전불이행,건조,맑음,기타 - 기타,승용,남,82세,부상신고,화물,남,47세,기타불명
2017062900100158,2017년 6월 29일 09시,목요일,경상남도 김해시 대동면,중상사고,0,1,1,0,차대차 - 기타,교차로운행방법위반,건조,흐림,교차로 - 교차로안,승합,남,63세,상해없음,이륜,남,72세,중상
2017062900100187,2017년 6월 29일 10시,목요일,경상남도 김해시 대성동,경상사고,0,0,3,0,차대차 - 기타,안전거리미확보,건조,흐림,단일로 - 기타,승용,여,53세,경상,화물,남,60세,경상
2017062900100188,2017년 6월 29일 10시,목요일,경상남도 고성군 동해면,경상사고,0,0,1,0,차대차 - 정면충돌,안전운전불이행,건조,맑음,교차로 - 교차로안,승용,남,74세,상해없음,승용,여,34세,상해없음
2017062900100209,2017년 6월 29일 11시,목요일,경상남도 창원시 진해구 이동,경상사고,0,0,1,0,차대차 - 측면충돌,교차로운행방법위반,건조,맑음,교차로 - 교차로안,자전거,여,71세,경상,화물,남,33세,상해없음
2017062900100238,2017년 6월 29일 12시,목요일,경상남도 양산시 물금읍,경상사고,0,0,1,1,차대차 - 측면충돌,신호위반,건조,맑음,교차로 - 교차로안,승용,여,41세,부상신고,승용,여,26세,경상
2017062900100258,2017년 6월 29일 13시,목요일,경상남도 사천시 사천읍,중상사고,0,1,0,0,차대차 - 측면충돌,신호위반,젖음/습기,비,교차로 - 교차로안,승용,남,52세,상해없음,이륜,남,33세,중상
2017062900100259,2017년 6월 29일 13시,목요일,경상남도 고성군 고성읍,경상사고,0,0,1,0,차대차 - 측면충돌,신호위반,젖음/습기,비,교차로 - 교차로안,승용,남,71세,상해없음,화물,남,52세,경상
2017062900100286,2017년 6월 29일 14시,목요일,경상남도 산청군 산청읍,중상사고,0,2,0,0,차대차 - 측면충돌,안전운전불이행,건조,맑음,단일로 - 기타,원동기,남,73세,중상,화물,남,60세,상해없음
2017062900100287,2017년 6월 29일 14시,목요일,경상남도 김해시 진영읍,부상신고사고,0,0,0,1,차대차 - 추돌,안전운전불이행,건조,흐림,단일로 - 기타,승용,남,71세,부상신고,화물,남,59세,기타불명
2017062900100319,2017년 6월 29일 15시,목요일,경상남도 양산시 북부동,경상사고,0,0,1,0,차대차 - 측면충돌,중앙선침범,건조,맑음,단일로 - 기타,승용,여,36세,상해없음,화물,남,39세,경상
2017062900100356,2017년 6월 29일 16시,목요일,경상남도 하동군 진교면,중상사고,0,2,1,1,차대차 - 측면충돌,직진우회전진행방해,건조,맑음,교차로 - 교차로안,승합,남,27세,부상신고,승용,여,65세,중상
2017062900100396,2017년 6월 29일 17시,목요일,경상남도 김해시 삼계동,경상사고,0,0,1,0,차대차 - 기타,안전거리미확보,건조,흐림,단일로 - 기타,이륜,남,77세,경상,승용,여,52세,상해없음
2017062900100397,2017년 6월 29일 17시,목요일,경상남도 하동군 금남면,중상사고,0,1,0,0,차대차 - 정면충돌,중앙선침범,젖음/습기,비,단일로 - 기타,승용,남,35세,상해없음,화물,남,72세,중상
2017062900100398,2017년 6월 29일 17시,목요일,경상남도 창원시 마산회원구 합성동,부상신고사고,0,0,0,1,차대사람 - 차도통행중,안전운전불이행,건조,맑음,단일로 - 기타,이륜,여,56세,상해없음,보행자,여,30세,부상신고
2017062900100399,2017년 6월 29일 17시,목요일,경상남도 김해시 풍유동,경상사고,0,0,1,0,차대차 - 측면충돌,안전운전불이행,건조,맑음,교차로 - 교차로안,승합,남,51세,상해없음,승용,여,35세,경상
2017062900100440,2017년 6월 29일 18시,목요일,경상남도 김해시 내동,중상사고,0,1,0,0,차량단독 - 전도전복,안전운전불이행,젖음/습기,비,교차로 - 교차로안,이륜,남,19세,중상,미분류,미분류,미분류,미분류
2017062900100441,2017년 6월 29일 18시,목요일,경상남도 창원시 마산회원구 양덕동,중상사고,0,1,0,0,차대차 - 기타,안전운전불이행,젖음/습기,비,단일로 - 기타,화물,남,63세,상해없음,이륜,남,46세,중상
2017062900100442,2017년 6월 29일 18시,목요일,경상남도 김해시 유하동,경상사고,0,0,1,0,차대차 - 측면충돌,안전운전불이행,건조,맑음,교차로 - 교차로부근,화물,남,28세,상해없음,화물,남,60세,경상
2017062900100475,2017년 6월 29일 19시,목요일,경상남도 양산시 물금읍,경상사고,0,0,1,0,차대차 - 기타,안전운전불이행,젖음/습기,비,교차로 - 교차로부근,기타불명,기타불명,미분류,기타불명,이륜,남,36세,경상
2017062900100476,2017년 6월 29일 19시,목요일,경상남도 양산시 동면,중상사고,0,1,0,0,차대사람 - 횡단중,안전운전불이행,젖음/습기,비,교차로 - 교차로안,화물,남,54세,상해없음,보행자,여,69세,중상
2017062900100477,2017년 6월 29일 19시,목요일,경상남도 고성군 고성읍,경상사고,0,0,1,0,차대차 - 측면충돌,교차로운행방법위반,젖음/습기,비,교차로 - 교차로안,승용,남,50세,상해없음,승용,남,43세,경상
2017062900100516,2017년 6월 29일 20시,목요일,경상남도 양산시 상북면,부상신고사고,0,0,0,1,차량단독 - 전도전복 - 전도,안전운전불이행,젖음/습기,흐림,단일로 - 교량,화물,남,62세,부상신고,,,,
2017062900100517,2017년 6월 29일 20시,목요일,경상남도 거제시 고현동,중상사고,0,1,0,0,차대사람 - 횡단중,안전운전불이행,젖음/습기,비,교차로 - 교차로부근,승용,여,22세,상해없음,보행자,여,57세,중상
2017062900100518,2017년 6월 29일 20시,목요일,경상남도 창원시 의창구 용호동,경상사고,0,0,1,0,차대차 - 측면충돌,안전운전불이행,젖음/습기,비,교차로 - 교차로안,승용,여,56세,상해없음,승용,남,36세,경상
2017062900100519,2017년 6월 29일 20시,목요일,경상남도 김해시 진영읍,경상사고,0,0,1,0,차량단독 - 전도전복 - 전도,안전운전불이행,젖음/습기,비,교차로 - 교차로안,이륜,남,70세,경상,,,,
2017062900100550,2017년 6월 29일 21시,목요일,경상남도 통영시 정량동,경상사고,0,0,1,0,차대사람 - 차도통행중,안전운전불이행,젖음/습기,비,교차로 - 교차로부근,승용,남,31세,상해없음,보행자,남,48세,경상
2017062900100551,2017년 6월 29일 21시,목요일,경상남도 창원시 의창구 봉곡동,경상사고,0,0,1,0,차대차 - 정면충돌,안전운전불이행,젖음/습기,흐림,교차로 - 교차로안,승용,여,52세,상해없음,원동기,남,35세,경상
2017062900100578,2017년 6월 29일 22시,목요일,경상남도 밀양시 내이동,경상사고,0,0,2,0,차대차 - 측면충돌,신호위반,젖음/습기,비,교차로 - 교차로안,승용,남,56세,상해없음,승용,여,53세,경상
2017062900100579,2017년 6월 29일 22시,목요일,경상남도 양산시 삼호동,중상사고,0,1,0,0,차대차 - 정면충돌,직진우회전진행방해,젖음/습기,비,교차로 - 교차로안,승용,여,40세,상해없음,이륜,남,28세,중상
2017062900100580,2017년 6월 29일 22시,목요일,경상남도 진주시 지수면,경상사고,0,0,1,0,차대차 - 기타,안전운전불이행,젖음/습기,비,단일로 - 기타,승용,남,25세,상해없음,화물,남,52세,경상
2017062900100599,2017년 6월 29일 23시,목요일,경상남도 창원시 의창구 삼동동,경상사고,0,0,1,0,차대차 - 정면충돌,안전운전불이행,젖음/습기,비,단일로 - 기타,승용,여,42세,상해없음,승합,남,42세,경상
2017063000100028,2017년 6월 30일 00시,금요일,경상남도 양산시 물금읍,경상사고,0,0,1,0,차량단독 - 공작물충돌,안전운전불이행,건조,맑음,교차로 - 교차로부근,화물,남,25세,경상,,,,
2017063000100029,2017년 6월 30일 00시,금요일,경상남도 거제시 고현동,경상사고,0,0,2,0,차대차 - 측면충돌,안전운전불이행,젖음/습기,비,교차로 - 교차로부근,승용,여,46세,상해없음,이륜,남,35세,경상
2017063000100043,2017년 6월 30일 01시,금요일,경상남도 김해시 외동,경상사고,0,0,1,0,차대차 - 측면충돌,신호위반,젖음/습기,비,교차로 - 교차로안,승용,남,24세,상해없음,승용,남,52세,경상
2017063000100044,2017년 6월 30일 01시,금요일,경상남도 김해시 한림면,경상사고,0,0,1,0,차대차 - 추돌,안전운전불이행,건조,맑음,교차로 - 교차로부근,승용,남,37세,상해없음,화물,남,55세,경상
2017063000100056,2017년 6월 30일 02시,금요일,경상남도 창원시 마산회원구 회원동,중상사고,0,2,0,0,차대사람 - 횡단중,안전운전불이행,젖음/습기,흐림,단일로 - 기타,승용,남,25세,상해없음,보행자,남,58세,중상
2017063000100065,2017년 6월 30일 03시,금요일,경상남도 양산시 중부동,경상사고,0,0,1,0,차대차 - 측면충돌,안전운전불이행,건조,맑음,단일로 - 기타,승용,남,27세,상해없음,승용,남,47세,경상
2017063000100066,2017년 6월 30일 03시,금요일,경상남도 창원시 성산구 사파동,부상신고사고,0,0,0,1,차대사람 - 횡단중,안전운전불이행,젖음/습기,흐림,단일로 - 기타,승용,남,51세,상해없음,보행자,여,38세,부상신고
2017063000100124,2017년 6월 30일 07시,금요일,경상남도 김해시 동상동,경상사고,0,0,2,0,차대차 - 측면충돌,신호위반,건조,맑음,교차로 - 교차로안,승용,남,25세,경상,승용,남,48세,경상
2017063000100158,2017년 6월 30일 08시,금요일,경상남도 김해시 내덕동,경상사고,0,0,2,0,차대차 - 추돌,안전운전불이행,젖음/습기,맑음,단일로 - 지하차도(도로)내,승용,남,45세,경상,승용,여,49세,경상
2017063000100207,2017년 6월 30일 10시,금요일,경상남도 사천시 선구동,경상사고,0,0,1,0,차대차 - 측면충돌,직진우회전진행방해,건조,맑음,교차로 - 교차로안,승용,남,54세,상해없음,화물,남,57세,경상
2017063000100208,2017년 6월 30일 10시,금요일,경상남도 창원시 의창구 팔용동,중상사고,0,1,0,0,차대사람 - 횡단중,보행자보호의무위반,건조,맑음,교차로 - 교차로횡단보도내,승용,남,58세,상해없음,보행자,여,81세,중상
2017063000100240,2017년 6월 30일 11시,금요일,경상남도 거제시 연초면,중상사고,0,1,0,0,차대차 - 기타,안전운전불이행,건조,맑음,단일로 - 기타,승용,남,51세,상해없음,승용,남,27세,중상
2017063000100272,2017년 6월 30일 12시,금요일,경상남도 창원시 마산합포구 월영동,경상사고,0,0,2,0,차대차 - 정면충돌,신호위반,건조,맑음,교차로 - 교차로안,승용,여,45세,상해없음,화물,남,43세,상해없음
2017063000100273,2017년 6월 30일 12시,금요일,경상남도 진주시 칠암동,중상사고,0,1,0,0,차대사람 - 기타,보행자보호의무위반,건조,맑음,교차로 - 교차로횡단보도내,승용,여,51세,상해없음,보행자,여,74세,중상
2017063000100274,2017년 6월 30일 12시,금요일,경상남도 사천시 용현면,중상사고,0,1,2,1,차대차 - 측면충돌,안전운전불이행,건조,맑음,교차로 - 교차로안,승용,여,58세,경상,승용,남,63세,부상신고
2017063000100275,2017년 6월 30일 12시,금요일,경상남도 거창군 거창읍,중상사고,0,1,0,0,차대차 - 측면충돌,직진우회전진행방해,건조,맑음,교차로 - 교차로안,화물,남,59세,상해없음,승용,남,53세,중상
2017063000100306,2017년 6월 30일 13시,금요일,경상남도 산청군 금서면,중상사고,0,1,5,0,차대차 - 측면충돌,신호위반,건조,맑음,교차로 - 교차로안,화물,남,47세,경상,승용,여,51세,경상
2017063000100307,2017년 6월 30일 13시,금요일,경상남도 창원시 성산구 내동,경상사고,0,0,1,0,차대차 - 추돌,안전운전불이행,건조,맑음,교차로 - 교차로부근,승용,남,59세,상해없음,승용,남,31세,경상
2017063000100318,2017년 6월 30일 14시,금요일,경상남도 김해시 강동,경상사고,0,0,2,0,차대차 - 측면충돌,안전거리미확보,건조,맑음,단일로 - 기타,승용,남,19세,상해없음,승용,여,26세,경상
2017063000100334,2017년 6월 30일 14시,금요일,경상남도 양산시 삼호동,경상사고,0,0,1,0,차대차 - 정면충돌,신호위반,건조,맑음,교차로 - 교차로안,승용,여,42세,상해없음,승합,남,47세,경상
2017063000100372,2017년 6월 30일 15시,금요일,경상남도 창원시 마산합포구 교원동,경상사고,0,0,1,0,차대사람 - 보도통행중,안전운전불이행,건조,맑음,단일로 - 기타,화물,남,67세,상해없음,보행자,여,13세,경상
2017063000100412,2017년 6월 30일 16시,금요일,경상남도 진주시 가좌동,경상사고,0,0,1,0,차대차 - 측면충돌,신호위반,건조,맑음,교차로 - 교차로안,승용,남,62세,상해없음,원동기,남,25세,경상
2017063000100413,2017년 6월 30일 16시,금요일,경상남도 통영시 정량동,경상사고,0,0,2,0,차대차 - 추돌,안전운전불이행,건조,맑음,단일로 - 기타,화물,남,23세,상해없음,화물,남,54세,경상
2017063000100466,2017년 6월 30일 17시,금요일,경상남도 김해시 생림면,경상사고,0,0,1,0,차대차 - 측면충돌,신호위반,건조,맑음,교차로 - 교차로안,승용,남,38세,상해없음,화물,남,35세,경상
2017063000100467,2017년 6월 30일 17시,금요일,경상남도 창녕군 창녕읍,경상사고,0,0,2,0,차대차 - 측면충돌,불법유턴,건조,맑음,단일로 - 기타,승용,여,53세,상해없음,승용,남,42세,경상
2017063000100468,2017년 6월 30일 17시,금요일,경상남도 의령군 유곡면,중상사고,0,2,3,0,차대차 - 측면충돌,신호위반,건조,맑음,교차로 - 교차로안,승용,남,69세,경상,화물,남,46세,경상
2017063000100469,2017년 6월 30일 17시,금요일,경상남도 김해시 주촌면,경상사고,0,0,1,0,차대차 - 추돌,안전운전불이행,건조,맑음,단일로 - 기타,승용,남,56세,상해없음,화물,남,46세,경상
2017063000100518,2017년 6월 30일 18시,금요일,경상남도 창원시 진해구 석동,중상사고,0,1,0,0,차대차 - 측면충돌,교차로운행방법위반,건조,맑음,교차로 - 교차로안,승용,남,59세,상해없음,이륜,남,19세,중상
2017063000100519,2017년 6월 30일 18시,금요일,경상남도 거창군 거창읍,중상사고,0,2,0,0,차대차 - 측면충돌,직진우회전진행방해,건조,맑음,교차로 - 교차로안,승용,남,37세,중상,승용,여,41세,중상
2017063000100520,2017년 6월 30일 18시,금요일,경상남도 하동군 적량면,중상사고,0,1,0,0,차대차 - 정면충돌,중앙선침범,건조,맑음,기타 - 기타,화물,남,59세,상해없음,승용,남,35세,중상
2017063000100521,2017년 6월 30일 18시,금요일,경상남도 창원시 마산회원구 봉암동,경상사고,0,0,2,0,차대차 - 추돌,안전운전불이행,건조,맑음,기타 - 기타,화물,남,46세,상해없음,승용,남,56세,경상
2017063000100547,2017년 6월 30일 19시,금요일,경상남도 김해시 어방동,중상사고,0,1,0,0,차대차 - 기타,안전운전불이행,건조,맑음,교차로 - 교차로안,승용,여,41세,상해없음,원동기,남,16세,중상
2017063000100548,2017년 6월 30일 19시,금요일,경상남도 김해시 삼정동,중상사고,0,1,0,0,차대사람 - 횡단중,직진우회전진행방해,건조,맑음,교차로 - 교차로안,승용,여,40세,상해없음,보행자,남,56세,중상
2017063000100549,2017년 6월 30일 19시,금요일,경상남도 거제시 일운면,경상사고,0,0,1,0,차대차 - 기타,안전운전불이행,기타,비,교차로 - 교차로안,승용,남,45세,상해없음,승용,남,24세,경상
2017063000100660,2017년 6월 30일 22시,금요일,경상남도 김해시 진영읍,중상사고,0,1,0,0,차대차 - 측면충돌,신호위반,건조,맑음,교차로 - 교차로안,승용,남,37세,상해없음,승용,남,41세,중상
2017063000100687,2017년 6월 30일 23시,금요일,경상남도 창원시 마산합포구 서성동,중상사고,0,1,2,0,차대차 - 정면충돌,신호위반,젖음/습기,비,교차로 - 교차로안,승용,남,43세,경상,승용,남,61세,중상
2017063000100688,2017년 6월 30일 23시,금요일,경상남도 양산시 북부동,중상사고,0,1,0,0,차대사람 - 횡단중,안전운전불이행,건조,맑음,교차로 - 교차로안,승용,남,31세,상해없음,보행자,남,31세,중상
2017063000100689,2017년 6월 30일 23시,금요일,경상남도 거제시 옥포동,경상사고,0,0,1,0,차대차 - 추돌,안전운전불이행,건조,맑음,교차로 - 교차로부근,승용,여,37세,상해없음,승용,남,27세,경상
2017070100100036,2017년 7월 1일 00시,토요일,경상남도 김해시 내덕동,경상사고,0,0,1,0,차대차 - 추돌,안전운전불이행,건조,맑음,단일로 - 기타,승용,여,27세,상해없음,승용,남,60세,경상
2017070100100047,2017년 7월 1일 01시,토요일,경상남도 김해시 대동면,중상사고,0,1,1,0,차대차 - 추돌,안전거리미확보,건조,맑음,단일로 - 기타,화물,남,58세,상해없음,승용,여,46세,경상
2017070100100057,2017년 7월 1일 01시,토요일,경상남도 진주시 금산면,중상사고,0,1,2,0,차대차 - 기타,차로위반,건조,맑음,교차로 - 교차로안,승용,남,20세,경상,승합,남,23세,경상
2017070100100083,2017년 7월 1일 03시,토요일,경상남도 통영시 광도면,경상사고,0,0,2,0,차대사람 - 차도통행중,안전운전불이행,건조,맑음,단일로 - 기타,승용,남,27세,상해없음,보행자,남,21세,경상
2017070100100092,2017년 7월 1일 04시,토요일,경상남도 합천군 대양면,중상사고,0,1,0,0,차량단독 - 공작물충돌,기타,건조,맑음,단일로 - 기타,화물,남,26세,중상,,,,
2017070100100109,2017년 7월 1일 05시,토요일,경상남도 김해시 진영읍,경상사고,0,0,2,0,차대차 - 추돌,교차로운행방법위반,건조,맑음,교차로 - 교차로부근,승용,남,61세,경상,승용,여,35세,경상
2017070100100125,2017년 7월 1일 06시,토요일,경상남도 창원시 마산합포구 자산동,경상사고,0,0,2,0,차대차 - 측면충돌,직진우회전진행방해,건조,맑음,단일로 - 기타,승용,남,65세,상해없음,승용,남,64세,경상
2017070100100138,2017년 7월 1일 07시,토요일,경상남도 밀양시 내이동,중상사고,0,1,0,0,차대차 - 측면충돌,교차로운행방법위반,건조,맑음,교차로 - 교차로안,승용,남,77세,상해없음,원동기,남,72세,중상
2017070100100139,2017년 7월 1일 07시,토요일,경상남도 김해시 강동,경상사고,0,0,1,0,차대차 - 측면충돌,안전운전불이행,건조,맑음,교차로 - 교차로안,승용,남,82세,상해없음,원동기,남,21세,경상
2017070100100163,2017년 7월 1일 08시,토요일,경상남도 창원시 마산합포구 남성동,중상사고,0,1,0,0,차량단독 - 기타,안전운전불이행,건조,맑음,단일로 - 기타,승합,남,48세,상해없음,,,,
2017070100100164,2017년 7월 1일 08시,토요일,경상남도 김해시 삼계동,경상사고,0,0,1,0,차대차 - 측면충돌,직진우회전진행방해,건조,맑음,교차로 - 교차로안,승용,여,46세,상해없음,자전거,남,19세,경상
2017070100100165,2017년 7월 1일 08시,토요일,경상남도 거제시 고현동,경상사고,0,0,1,0,차대차 - 기타,직진우회전진행방해,건조,맑음,교차로 - 교차로안,승용,남,43세,상해없음,원동기,남,33세,경상
2017070100100185,2017년 7월 1일 09시,토요일,경상남도 사천시 용현면,중상사고,0,1,0,0,차대차 - 측면충돌,기타,건조,맑음,단일로 - 기타,승합,남,55세,상해없음,자전거,남,62세,중상
2017070100100240,2017년 7월 1일 11시,토요일,경상남도 의령군 부림면,중상사고,0,1,0,0,차대차 - 측면충돌,교차로운행방법위반,건조,맑음,교차로 - 교차로안,승용,남,59세,상해없음,원동기,남,70세,중상
2017070100100264,2017년 7월 1일 12시,토요일,경상남도 밀양시 교동,중상사고,0,1,0,0,차대차 - 추돌,안전운전불이행,건조,맑음,단일로 - 기타,자전거,남,50세,중상,화물,남,61세,기타불명
2017070100100265,2017년 7월 1일 12시,토요일,경상남도 함양군 백전면,중상사고,0,1,0,1,차대차 - 정면충돌,안전운전불이행,건조,맑음,단일로 - 기타,승용,남,61세,부상신고,승용,여,82세,중상
2017070100100298,2017년 7월 1일 13시,토요일,경상남도 양산시 명동,경상사고,0,0,1,0,차대차 - 측면충돌,안전운전불이행,건조,맑음,단일로 - 기타,승용,여,46세,상해없음,원동기,남,56세,경상
2017070100100325,2017년 7월 1일 14시,토요일,경상남도 거창군 거창읍,중상사고,0,1,0,0,차대차 - 기타,안전운전불이행,건조,맑음,단일로 - 기타,자전거,남,13세,중상,화물,남,43세,상해없음
2017070100100359,2017년 7월 1일 15시,토요일,경상남도 진주시 대안동,중상사고,0,1,3,0,차대차 - 추돌,안전운전불이행,건조,맑음,단일로 - 기타,승용,여,50세,상해없음,승용,여,30세,중상
2017070100100360,2017년 7월 1일 15시,토요일,경상남도 김해시 내동,중상사고,0,1,0,0,차대사람 - 횡단중,신호위반,건조,맑음,교차로 - 교차로횡단보도내,원동기,남,45세,상해없음,보행자,남,84세,중상
2017070100100361,2017년 7월 1일 15시,토요일,경상남도 김해시 동상동,부상신고사고,0,0,0,1,차대차 - 측면충돌,직진우회전진행방해,건조,맑음,교차로 - 교차로안,원동기,남,21세,부상신고,화물,남,37세,상해없음
2017070100100362,2017년 7월 1일 15시,토요일,경상남도 양산시 물금읍,경상사고,0,0,1,0,차대차 - 측면충돌,안전운전불이행,건조,맑음,단일로 - 기타,건설기계,남,67세,상해없음,승용,남,53세,상해없음
2017070100100385,2017년 7월 1일 16시,토요일,경상남도 밀양시 무안면,사망사고,1,0,0,0,차량단독 - 전도전복 - 전도,안전운전불이행,건조,맑음,단일로 - 기타,화물,남,56세,사망,,,,
2017070100100386,2017년 7월 1일 16시,토요일,경상남도 산청군 단성면,중상사고,0,4,1,0,차대차 - 추돌,안전운전불이행,건조,맑음,단일로 - 기타,화물,남,70세,중상,승용,남,61세,경상
2017070100100436,2017년 7월 1일 17시,토요일,경상남도 창녕군 창녕읍,중상사고,0,1,0,0,차대차 - 기타,신호위반,건조,맑음,교차로 - 교차로안,화물,남,41세,상해없음,이륜,남,57세,중상
2017070100100479,2017년 7월 1일 18시,토요일,경상남도 창원시 진해구 석동,경상사고,0,0,1,0,차대차 - 추돌,안전거리미확보,건조,맑음,단일로 - 기타,승용,남,52세,상해없음,승용,남,59세,경상
2017070100100480,2017년 7월 1일 18시,토요일,경상남도 김해시 무계동,경상사고,0,0,1,0,차대사람 - 기타,안전운전불이행,건조,맑음,주차장 - 주차장,기타불명,기타불명,미분류,기타불명,보행자,남,54세,경상
2017070100100509,2017년 7월 1일 19시,토요일,경상남도 김해시 부원동,중상사고,0,1,1,0,차대차 - 측면충돌,신호위반,건조,맑음,교차로 - 교차로안,승용,여,62세,중상,승용,남,53세,경상
2017070100100540,2017년 7월 1일 20시,토요일,경상남도 거제시 아주동,경상사고,0,0,1,0,차대사람 - 횡단중,안전운전불이행,건조,맑음,단일로 - 기타,승용,남,46세,상해없음,보행자,남,48세,경상
2017070100100571,2017년 7월 1일 21시,토요일,경상남도 진주시 평거동,경상사고,0,0,1,0,차대차 - 추돌,안전운전불이행,건조,맑음,교차로 - 교차로부근,승용,남,49세,상해없음,승용,남,46세,경상
2017070100100572,2017년 7월 1일 21시,토요일,경상남도 통영시 봉평동,경상사고,0,0,1,0,차대차 - 정면충돌,안전운전불이행,건조,맑음,교차로 - 교차로안,승용,여,43세,상해없음,원동기,남,25세,경상
2017070100100600,2017년 7월 1일 22시,토요일,경상남도 김해시 삼정동,경상사고,0,0,1,0,차대차 - 측면충돌,신호위반,건조,맑음,교차로 - 교차로안,승용,남,32세,상해없음,승용,남,56세,상해없음
2017070100100622,2017년 7월 1일 23시,토요일,경상남도 김해시 외동,경상사고,0,0,1,0,차대차 - 측면충돌,중앙선침범,건조,맑음,교차로 - 교차로부근,승용,남,60세,상해없음,승용,남,46세,상해없음
2017070200100125,2017년 7월 2일 04시,일요일,경상남도 거제시 두모동,중상사고,0,1,0,0,차대차 - 정면충돌,중앙선침범,건조,맑음,단일로 - 기타,승용,남,47세,상해없음,승용,남,49세,중상
2017070200100139,2017년 7월 2일 05시,일요일,경상남도 창원시 마산회원구 합성동,중상사고,0,1,0,0,차대사람 - 기타,안전운전불이행,건조,맑음,단일로 - 기타,승용,남,41세,상해없음,보행자,남,75세,중상
2017070200100140,2017년 7월 2일 05시,일요일,경상남도 김해시 진영읍,경상사고,0,0,1,0,차량단독 - 전도전복 - 전도,안전운전불이행,건조,맑음,단일로 - 기타,승용,여,27세,경상,,,,
2017070200100146,2017년 7월 2일 06시,일요일,경상남도 창원시 의창구 반계동,중상사고,0,1,0,0,차량단독 - 전도전복,안전운전불이행,건조,맑음,단일로 - 기타,원동기,남,16세,상해없음,미분류,미분류,미분류,미분류