사고번호,사고일시,요일,시군구,사고내용,사망자수,중상자수,경상자수,부상신고자수,사고유형,법규위반,노면상태,기상상태,도로형태,가해운전자 차종,가해운전자 성별,가해운전자 연령,가해운전자 상해정도,피해운전자 차종,피해운전자 성별,피해운전자 연령,피해운전자 상해정도
2017070200100153,2017년 7월 2일 07시,일요일,경상남도 창원시 마산합포구 월영동,경상사고,0,0,1,0,차대차 - 측면충돌,신호위반,건조,맑음,교차로 - 교차로안,승용,남,49세,상해없음,승용,여,61세,경상
2017070200100167,2017년 7월 2일 08시,일요일,경상남도 거제시 아주동,경상사고,0,0,1,0,차대차 - 정면충돌,중앙선침범,건조,맑음,단일로 - 기타,승용,여,48세,상해없음,승용,남,29세,경상
2017070200100168,2017년 7월 2일 08시,일요일,경상남도 의령군 의령읍,경상사고,0,0,1,0,차대차 - 측면충돌,교차로운행방법위반,건조,맑음,교차로 - 교차로안,승용,여,51세,상해없음,승용,남,60세,경상
2017070200100180,2017년 7월 2일 09시,일요일,경상남도 통영시 무전동,경상사고,0,0,2,0,차대차 - 측면충돌,직진우회전진행방해,건조,맑음,교차로 - 교차로안,승용,남,33세,상해없음,승용,남,57세,경상
2017070200100201,2017년 7월 2일 10시,일요일,경상남도 사천시 사천읍,중상사고,0,1,0,0,차대차 - 추돌,안전운전불이행,건조,맑음,교차로 - 교차로부근,승용,남,66세,상해없음,승용,남,65세,상해없음
2017070200100202,2017년 7월 2일 10시,일요일,경상남도 창원시 마산회원구 양덕동,경상사고,0,0,1,0,차대차 - 기타,중앙선침범,젖음/습기,비,교차로 - 교차로부근,화물,남,57세,상해없음,승용,남,29세,경상
2017070200100230,2017년 7월 2일 12시,일요일,경상남도 김해시 삼방동,중상사고,0,2,2,1,차대차 - 기타,중앙선침범,젖음/습기,비,단일로 - 기타,화물,남,63세,중상,승용,남,56세,경상
2017070200100231,2017년 7월 2일 12시,일요일,경상남도 김해시 삼계동,경상사고,0,0,1,0,차대차 - 기타,중앙선침범,젖음/습기,비,단일로 - 기타,승용,남,55세,상해없음,이륜,여,56세,경상
2017070200100232,2017년 7월 2일 12시,일요일,경상남도 거창군 거창읍,중상사고,0,1,0,0,차대차 - 기타,기타,젖음/습기,비,단일로 - 기타,승용,남,48세,상해없음,이륜,여,56세,중상
2017070200100233,2017년 7월 2일 12시,일요일,경상남도 창원시 마산회원구 구암동,중상사고,0,1,0,0,차대차 - 측면충돌,안전운전불이행,건조,맑음,교차로 - 교차로부근,승용,남,55세,상해없음,이륜,남,58세,중상
2017070200100254,2017년 7월 2일 13시,일요일,경상남도 사천시 선구동,부상신고사고,0,0,0,1,차대차 - 측면충돌,직진우회전진행방해,건조,맑음,교차로 - 교차로안,자전거,남,9세,부상신고,승용,남,49세,상해없음
2017070200100255,2017년 7월 2일 13시,일요일,경상남도 양산시 물금읍,중상사고,0,1,1,0,차대차 - 측면충돌,신호위반,젖음/습기,비,교차로 - 교차로안,승용,남,27세,상해없음,승용,남,76세,경상
2017070200100278,2017년 7월 2일 14시,일요일,경상남도 창원시 마산합포구 월영동,중상사고,0,5,3,0,차대차 - 추돌,안전운전불이행,젖음/습기,흐림,기타 - 기타,승용,여,46세,상해없음,승용,남,53세,중상
2017070200100325,2017년 7월 2일 16시,일요일,경상남도 김해시 외동,부상신고사고,0,0,0,1,차대차 - 기타,안전운전불이행,젖음/습기,비,교차로 - 교차로안,이륜,남,45세,부상신고,승용,남,35세,상해없음
2017070200100342,2017년 7월 2일 17시,일요일,경상남도 사천시 향촌동,중상사고,0,1,0,0,차대차 - 측면충돌,안전운전불이행,건조,맑음,단일로 - 기타,승용,남,56세,상해없음,승용,여,52세,기타불명
2017070200100343,2017년 7월 2일 17시,일요일,경상남도 고성군 고성읍,경상사고,0,0,1,0,차대차 - 추돌,안전운전불이행,건조,맑음,단일로 - 기타,화물,남,66세,상해없음,승용,남,24세,상해없음
2017070200100344,2017년 7월 2일 17시,일요일,경상남도 창원시 성산구 내동,경상사고,0,0,2,0,차대차 - 측면충돌,신호위반,건조,맑음,교차로 - 교차로안,승용,남,27세,상해없음,승용,남,36세,경상
2017070200100376,2017년 7월 2일 18시,일요일,경상남도 통영시 당동,경상사고,0,0,9,1,차대차 - 추돌,안전운전불이행,건조,맑음,단일로 - 기타,승용,남,25세,상해없음,승합,남,55세,경상
2017070200100377,2017년 7월 2일 18시,일요일,경상남도 거제시 상동동,경상사고,0,0,1,0,차대차 - 측면충돌,안전거리미확보,건조,맑음,단일로 - 기타,승용,남,55세,상해없음,승용,여,45세,경상
2017070200100378,2017년 7월 2일 18시,일요일,경상남도 창원시 마산회원구 양덕동,부상신고사고,0,0,0,1,차대사람 - 횡단중,보행자보호의무위반,건조,맑음,단일로 - 기타,자전거,남,20세,상해없음,보행자,남,9세,부상신고
2017070200100424,2017년 7월 2일 20시,일요일,경상남도 고성군 마암면,중상사고,0,1,0,0,차대차 - 기타,안전운전불이행,건조,맑음,단일로 - 기타,승용,남,34세,상해없음,승용,남,43세,중상
2017070200100457,2017년 7월 2일 21시,일요일,경상남도 김해시 어방동,경상사고,0,0,1,0,차대사람 - 횡단중,안전운전불이행,건조,맑음,교차로 - 교차로안,승용,남,24세,기타불명,보행자,남,18세,경상
2017070200100458,2017년 7월 2일 21시,일요일,경상남도 창원시 의창구 대원동,중상사고,0,1,0,0,차대차 - 측면충돌,안전운전불이행,건조,맑음,교차로 - 교차로부근,승용,여,51세,상해없음,자전거,남,18세,중상
2017070200100496,2017년 7월 2일 23시,일요일,경상남도 창원시 성산구 중앙동,중상사고,0,1,0,0,차대차 - 측면충돌,신호위반,젖음/습기,비,교차로 - 교차로안,승용,여,62세,상해없음,이륜,남,27세,중상
2017070300100059,2017년 7월 3일 04시,월요일,경상남도 합천군 청덕면,중상사고,0,1,0,0,차대차 - 추돌,안전운전불이행,건조,맑음,기타 - 기타,승용,남,24세,상해없음,농기계,남,74세,중상
2017070300100060,2017년 7월 3일 04시,월요일,경상남도 양산시 동면,경상사고,0,0,1,0,차대차 - 측면충돌,안전운전불이행,젖음/습기,비,교차로 - 교차로부근,승용,남,25세,상해없음,승용,여,56세,경상
2017070300100061,2017년 7월 3일 04시,월요일,경상남도 양산시 동면,경상사고,0,0,1,0,차량단독 - 전도전복 - 전도,안전운전불이행,젖음/습기,비,단일로 - 기타,이륜,남,17세,상해없음,,,,
2017070300100079,2017년 7월 3일 06시,월요일,경상남도 양산시 원동면,중상사고,0,1,0,0,차대차 - 측면충돌,중앙선침범,건조,맑음,단일로 - 기타,화물,남,51세,상해없음,승용,남,32세,중상
2017070300100103,2017년 7월 3일 07시,월요일,경상남도 밀양시 삼문동,경상사고,0,0,1,0,차대사람 - 횡단중,교차로운행방법위반,건조,맑음,교차로 - 교차로안,화물,남,64세,상해없음,보행자,남,58세,경상
2017070300100104,2017년 7월 3일 07시,월요일,경상남도 김해시 외동,경상사고,0,0,1,0,차대사람 - 횡단중,보행자보호의무위반,건조,맑음,교차로 - 교차로횡단보도내,이륜,남,74세,상해없음,보행자,여,15세,경상
2017070300100105,2017년 7월 3일 07시,월요일,경상남도 거창군 거창읍,중상사고,0,1,0,0,차대차 - 기타,신호위반,건조,맑음,교차로 - 교차로안,승용,남,57세,상해없음,이륜,남,56세,중상
2017070300100106,2017년 7월 3일 07시,월요일,경상남도 거제시 연초면,경상사고,0,0,1,1,차대차 - 정면충돌,중앙선침범,건조,맑음,교차로 - 교차로부근,이륜,남,32세,부상신고,승용,남,64세,경상
2017070300100107,2017년 7월 3일 07시,월요일,경상남도 김해시 진례면,중상사고,0,1,1,1,차대차 - 측면충돌,안전운전불이행,건조,맑음,교차로 - 교차로안,승용,남,68세,부상신고,화물,남,37세,중상
2017070300100132,2017년 7월 3일 08시,월요일,경상남도 통영시 항남동,중상사고,0,1,0,0,차대차 - 기타,교차로운행방법위반,건조,맑음,단일로 - 기타,승용,여,46세,상해없음,이륜,남,66세,중상
2017070300100175,2017년 7월 3일 09시,월요일,경상남도 김해시 부원동,경상사고,0,0,4,3,차대차 - 측면충돌,안전운전불이행,건조,맑음,교차로 - 교차로안,승합,남,28세,경상,승합,여,40세,경상
2017070300100176,2017년 7월 3일 09시,월요일,경상남도 거창군 주상면,중상사고,0,1,0,0,차대차 - 기타,안전운전불이행,건조,맑음,단일로 - 기타,화물,남,56세,상해없음,이륜,남,81세,중상
2017070300100208,2017년 7월 3일 10시,월요일,경상남도 창원시 마산합포구 가포동,경상사고,0,0,2,0,차대차 - 측면충돌,안전운전불이행,건조,맑음,교차로 - 교차로안,승용,남,50세,경상,화물,남,63세,상해없음
2017070300100239,2017년 7월 3일 11시,월요일,경상남도 거창군 거창읍,중상사고,0,2,2,0,차대차 - 기타,교차로운행방법위반,건조,맑음,교차로 - 교차로안,승용,남,73세,상해없음,승용,여,34세,경상
2017070300100269,2017년 7월 3일 12시,월요일,경상남도 양산시 평산동,중상사고,0,1,1,2,차대차 - 측면충돌,안전운전불이행,건조,맑음,교차로 - 교차로부근,화물,남,65세,중상,승용,여,57세,부상신고
2017070300100294,2017년 7월 3일 13시,월요일,경상남도 밀양시 단장면,경상사고,0,0,1,0,차대차 - 측면충돌,중앙선침범,건조,맑음,단일로 - 기타,승용,여,59세,상해없음,승용,여,54세,경상
2017070300100295,2017년 7월 3일 13시,월요일,경상남도 양산시 중부동,중상사고,0,1,0,0,차대차 - 정면충돌,중앙선침범,건조,맑음,교차로 - 교차로안,승용,여,49세,상해없음,이륜,남,37세,중상
2017070300100332,2017년 7월 3일 14시,월요일,경상남도 함양군 함양읍,경상사고,0,0,1,0,차대차 - 측면충돌,기타,건조,맑음,단일로 - 기타,승용,남,58세,상해없음,원동기,남,76세,경상
2017070300100333,2017년 7월 3일 14시,월요일,경상남도 하동군 하동읍,중상사고,0,1,0,0,차대차 - 측면충돌,안전운전불이행,건조,맑음,단일로 - 기타,화물,남,70세,상해없음,이륜,남,77세,중상
2017070300100369,2017년 7월 3일 15시,월요일,경상남도 진주시 장대동,중상사고,0,1,0,0,차대사람 - 횡단중,보행자보호의무위반,건조,맑음,단일로 - 기타,승용,남,39세,상해없음,보행자,여,79세,중상
2017070300100370,2017년 7월 3일 15시,월요일,경상남도 김해시 봉황동,중상사고,0,1,0,0,차대차 - 측면충돌,직진우회전진행방해,건조,맑음,교차로 - 교차로안,승용,여,44세,상해없음,원동기,여,67세,중상
2017070300100371,2017년 7월 3일 15시,월요일,경상남도 김해시 대성동,중상사고,0,1,0,0,차대사람 - 횡단중,보행자보호의무위반,건조,맑음,교차로 - 교차로횡단보도내,승용,여,48세,상해없음,보행자,여,61세,중상
2017070300100372,2017년 7월 3일 15시,월요일,경상남도 함안군 칠북면,중상사고,0,1,0,0,차대차 - 측면충돌,안전운전불이행,건조,맑음,교차로 - 교차로안,화물,남,48세,상해없음,승용,여,54세,중상
2017070300100412,2017년 7월 3일 16시,월요일,경상남도 거제시 고현동,중상사고,0,1,0,0,차대사람 - 길가장자리구역통행중,안전운전불이행,건조,맑음,단일로 - 기타,승용,여,48세,상해없음,보행자,여,45세,중상
2017070300100448,2017년 7월 3일 17시,월요일,경상남도 진주시 강남동,중상사고,0,1,0,0,차대차 - 측면충돌,안전운전불이행,건조,맑음,교차로 - 교차로부근,이륜,남,16세,상해없음,자전거,여,56세,중상
2017070300100449,2017년 7월 3일 17시,월요일,경상남도 밀양시 삼문동,중상사고,0,1,1,0,차대사람 - 횡단중,안전운전불이행,건조,맑음,교차로 - 교차로안,승용,여,47세,상해없음,보행자,여,34세,중상
2017070300100484,2017년 7월 3일 18시,월요일,경상남도 창원시 진해구 이동,경상사고,0,0,1,0,차대차 - 측면충돌,교차로운행방법위반,건조,맑음,교차로 - 교차로안,승합,남,32세,상해없음,원동기,남,43세,경상
2017070300100485,2017년 7월 3일 18시,월요일,경상남도 양산시 주진동,경상사고,0,0,1,0,차대차 - 측면충돌,안전거리미확보,건조,맑음,교차로 - 교차로안,승용,남,39세,상해없음,승용,남,57세,경상
2017070300100486,2017년 7월 3일 18시,월요일,경상남도 양산시 삼호동,사망사고,1,0,1,0,차대차 - 측면충돌,신호위반,건조,흐림,교차로 - 교차로안,원동기,남,23세,사망,화물,남,29세,경상
2017070300100487,2017년 7월 3일 18시,월요일,경상남도 거제시 일운면,경상사고,0,0,1,0,차대차 - 정면충돌,안전운전불이행,젖음/습기,맑음,교차로 - 교차로안,승용,여,53세,상해없음,승용,남,63세,경상
2017070300100523,2017년 7월 3일 19시,월요일,경상남도 통영시 정량동,경상사고,0,0,4,0,차대차 - 측면충돌,직진우회전진행방해,건조,맑음,교차로 - 교차로안,화물,남,61세,상해없음,승용,남,61세,상해없음
2017070300100524,2017년 7월 3일 19시,월요일,경상남도 창원시 성산구 상남동,경상사고,0,0,1,0,차대차 - 기타,안전운전불이행,건조,맑음,단일로 - 기타,승용,여,55세,상해없음,승용,남,51세,경상
2017070300100554,2017년 7월 3일 20시,월요일,경상남도 양산시 명동,사망사고,1,0,0,0,차대차 - 측면충돌,중앙선침범,건조,흐림,단일로 - 기타,화물,남,57세,사망,승용,남,34세,상해없음
2017070300100614,2017년 7월 3일 22시,월요일,경상남도 사천시 정동면,중상사고,0,1,0,0,차대차 - 측면충돌,신호위반,건조,맑음,교차로 - 교차로안,승용,남,49세,상해없음,원동기,남,15세,중상
2017070300100615,2017년 7월 3일 22시,월요일,경상남도 거제시 고현동,경상사고,0,0,1,0,차대차 - 기타,기타,건조,맑음,기타 - 기타,승용,남,56세,상해없음,자전거,남,39세,경상
2017070400100030,2017년 7월 4일 00시,화요일,경상남도 창원시 의창구 신월동,경상사고,0,0,2,0,차대차 - 정면충돌,안전운전불이행,건조,맑음,단일로 - 기타,승용,남,49세,상해없음,승용,남,32세,경상
2017070400100052,2017년 7월 4일 02시,화요일,경상남도 창원시 마산합포구 진전면,사망사고,1,0,0,0,차량단독 - 공작물충돌,안전운전불이행,건조,흐림,교차로 - 교차로안,승용,남,57세,사망,,,,
2017070400100067,2017년 7월 4일 04시,화요일,경상남도 창원시 마산합포구 월남동2가,중상사고,0,1,0,0,차대사람 - 횡단중,보행자보호의무위반,젖음/습기,비,교차로 - 교차로횡단보도내,승용,여,25세,상해없음,보행자,여,77세,중상
2017070400100068,2017년 7월 4일 04시,화요일,경상남도 김해시 불암동,중상사고,0,1,1,0,차량단독 - 기타,안전운전불이행,젖음/습기,비,단일로 - 기타,원동기,남,18세,경상,,,,
2017070400100069,2017년 7월 4일 04시,화요일,경상남도 김해시 삼계동,경상사고,0,0,2,0,차량단독 - 전도전복 - 전도,안전운전불이행,젖음/습기,비,단일로 - 기타,화물,남,29세,경상,,,,
2017070400100085,2017년 7월 4일 06시,화요일,경상남도 거제시 상동동,경상사고,0,0,2,0,차대차 - 추돌,안전운전불이행,건조,맑음,단일로 - 고가도로위,승용,남,34세,상해없음,승합,남,61세,상해없음
2017070400100086,2017년 7월 4일 06시,화요일,경상남도 창원시 의창구 북면,중상사고,0,1,2,0,차량단독 - 공작물충돌,안전운전불이행,건조,맑음,단일로 - 기타,승합,남,51세,상해없음,,,,
2017070400100101,2017년 7월 4일 07시,화요일,경상남도 창원시 진해구 덕산동,중상사고,0,1,0,0,차대차 - 측면충돌,안전운전불이행,젖음/습기,맑음,단일로 - 기타,화물,남,65세,중상,화물,남,48세,기타불명
2017070400100102,2017년 7월 4일 07시,화요일,경상남도 사천시 축동면,경상사고,0,0,1,1,차대차 - 측면충돌,안전거리미확보,젖음/습기,비,단일로 - 기타,승용,남,63세,부상신고,승용,남,36세,경상
2017070400100103,2017년 7월 4일 07시,화요일,경상남도 밀양시 상남면,사망사고,1,1,0,0,차대차 - 추돌,안전운전불이행,건조,맑음,단일로 - 기타,승용,남,27세,상해없음,화물,남,28세,상해없음
2017070400100128,2017년 7월 4일 08시,화요일,경상남도 진주시 가좌동,경상사고,0,0,1,0,차대차 - 측면충돌,안전운전불이행,건조,맑음,교차로 - 교차로안,승용,여,23세,상해없음,원동기,남,24세,경상
2017070400100129,2017년 7월 4일 08시,화요일,경상남도 김해시 삼계동,중상사고,0,1,1,0,차대차 - 측면충돌,신호위반,젖음/습기,흐림,교차로 - 교차로안,승용,남,58세,경상,승용,여,38세,중상
2017070400100130,2017년 7월 4일 08시,화요일,경상남도 양산시 평산동,사망사고,1,0,0,0,차량단독 - 전도전복,안전운전불이행,젖음/습기,비,교차로 - 교차로부근,승합,남,68세,상해없음,미분류,미분류,미분류,미분류
2017070400100153,2017년 7월 4일 09시,화요일,경상남도 창원시 마산합포구 서성동,경상사고,0,0,2,0,차대사람 - 횡단중,안전운전불이행,건조,맑음,교차로 - 교차로안,승합,남,50세,상해없음,보행자,남,59세,경상
2017070400100154,2017년 7월 4일 09시,화요일,경상남도 창원시 의창구 팔용동,중상사고,0,1,1,0,차대차 - 추돌,안전운전불이행,건조,맑음,단일로 - 기타,승용,남,63세,상해없음,승합,남,41세,상해없음
2017070400100155,2017년 7월 4일 09시,화요일,경상남도 김해시 내덕동,경상사고,0,0,1,0,차대차 - 추돌,안전운전불이행,건조,맑음,교차로 - 교차로부근,승용,남,48세,상해없음,승용,여,34세,경상
2017070400100184,2017년 7월 4일 10시,화요일,경상남도 사천시 노룡동,중상사고,0,1,0,0,차대차 - 측면충돌,안전운전불이행,건조,맑음,단일로 - 기타,특수,남,64세,상해없음,승용,남,68세,중상
2017070400100185,2017년 7월 4일 10시,화요일,경상남도 합천군 합천읍,경상사고,0,0,1,0,차대차 - 추돌,안전운전불이행,젖음/습기,비,단일로 - 기타,이륜,남,84세,경상,화물,남,57세,상해없음
2017070400100206,2017년 7월 4일 11시,화요일,경상남도 창원시 마산합포구 자산동,중상사고,0,1,0,0,차대차 - 기타,안전운전불이행,건조,맑음,교차로 - 교차로횡단보도내,승용,남,74세,상해없음,자전거,남,68세,중상
2017070400100235,2017년 7월 4일 12시,화요일,경상남도 창원시 마산합포구 진동면,경상사고,0,0,1,0,차대차 - 기타,안전운전불이행,건조,맑음,단일로 - 기타,화물,남,58세,상해없음,승용,여,62세,경상
2017070400100236,2017년 7월 4일 12시,화요일,경상남도 창녕군 계성면,경상사고,0,0,1,0,차대차 - 기타,안전운전불이행,건조,맑음,교차로 - 교차로안,화물,여,61세,상해없음,이륜,남,85세,경상
2017070400100237,2017년 7월 4일 12시,화요일,경상남도 거제시 상동동,경상사고,0,0,1,0,차대차 - 기타,안전운전불이행,건조,맑음,기타 - 기타,승용,여,51세,상해없음,승용,남,58세,경상
2017070400100304,2017년 7월 4일 14시,화요일,경상남도 진주시 주약동,중상사고,0,1,0,0,차대차 - 측면충돌,신호위반,건조,맑음,교차로 - 교차로안,이륜,남,73세,중상,승용,여,32세,상해없음
2017070400100305,2017년 7월 4일 14시,화요일,경상남도 창원시 의창구 봉곡동,중상사고,0,1,0,0,차대사람 - 길가장자리구역통행중,안전운전불이행,건조,맑음,단일로 - 기타,승용,남,40세,상해없음,보행자,남,80세,중상
2017070400100334,2017년 7월 4일 15시,화요일,경상남도 진주시 신안동,경상사고,0,0,1,0,차대차 - 측면충돌,안전운전불이행,건조,흐림,교차로 - 교차로안,승용,남,84세,상해없음,자전거,남,21세,경상
2017070400100335,2017년 7월 4일 15시,화요일,경상남도 진주시 내동면,중상사고,0,3,0,0,차대차 - 측면충돌,안전운전불이행,건조,맑음,단일로 - 기타,승용,여,59세,중상,승용,남,37세,중상
2017070400100399,2017년 7월 4일 17시,화요일,경상남도 통영시 도산면,부상신고사고,0,0,0,1,차량단독 - 전도전복 - 전도,안전운전불이행,건조,맑음,단일로 - 기타,원동기,남,43세,부상신고,,,,
2017070400100400,2017년 7월 4일 17시,화요일,경상남도 사천시 사천읍,경상사고,0,0,1,0,차대차 - 추돌,안전운전불이행,건조,맑음,단일로 - 기타,화물,남,27세,상해없음,화물,남,44세,상해없음
2017070400100401,2017년 7월 4일 17시,화요일,경상남도 김해시 생림면,중상사고,0,1,0,0,차량단독 - 전도전복 - 전도,안전운전불이행,젖음/습기,비,단일로 - 기타,승용,남,73세,중상,,,,
2017070400100402,2017년 7월 4일 17시,화요일,경상남도 김해시 대동면,경상사고,0,0,1,0,차대차 - 측면충돌,중앙선침범,젖음/습기,비,단일로 - 기타,화물,남,52세,상해없음,승용,남,47세,경상
2017070400100403,2017년 7월 4일 17시,화요일,경상남도 김해시 부원동,중상사고,0,1,0,0,차대사람 - 기타,안전운전불이행,건조,맑음,단일로 - 기타,승합,남,56세,상해없음,보행자,남,21세,중상
2017070400100404,2017년 7월 4일 17시,화요일,경상남도 창원시 성산구 내동,경상사고,0,0,1,0,차대차 - 측면충돌,안전운전불이행,젖음/습기,비,교차로 - 교차로안,승용,여,53세,상해없음,승용,남,20세,상해없음
2017070400100435,2017년 7월 4일 18시,화요일,경상남도 통영시 태평동,경상사고,0,0,1,0,차대사람 - 차도통행중,안전운전불이행,건조,맑음,단일로 - 기타,이륜,남,65세,상해없음,보행자,남,41세,경상
2017070400100436,2017년 7월 4일 18시,화요일,경상남도 거제시 연초면,경상사고,0,0,1,0,차대차 - 정면충돌,안전운전불이행,건조,맑음,단일로 - 기타,이륜,남,41세,경상,승용,남,59세,상해없음
2017070400100437,2017년 7월 4일 18시,화요일,경상남도 김해시 부곡동,중상사고,0,1,0,0,차대차 - 측면충돌,안전운전불이행,젖음/습기,비,교차로 - 교차로부근,승용,여,56세,상해없음,자전거,남,63세,중상
2017070400100470,2017년 7월 4일 19시,화요일,경상남도 밀양시 부북면,경상사고,0,0,1,0,차대차 - 측면충돌,안전운전불이행,건조,맑음,교차로 - 교차로안,승용,남,52세,상해없음,화물,남,63세,경상
2017070400100498,2017년 7월 4일 20시,화요일,경상남도 양산시 신기동,경상사고,0,0,1,0,차대차 - 정면충돌,중앙선침범,젖음/습기,비,단일로 - 기타,승용,남,58세,상해없음,화물,남,24세,경상
2017070400100499,2017년 7월 4일 20시,화요일,경상남도 김해시 주촌면,경상사고,0,0,3,0,차대차 - 측면충돌,중앙선침범,젖음/습기,비,단일로 - 기타,승용,여,57세,경상,승용,남,45세,경상
2017070400100500,2017년 7월 4일 20시,화요일,경상남도 김해시 진영읍,중상사고,0,1,0,0,차대사람 - 횡단중,보행자보호의무위반,건조,맑음,단일로 - 기타,기타불명,기타불명,미분류,기타불명,보행자,여,17세,중상
2017070400100529,2017년 7월 4일 21시,화요일,경상남도 김해시 부원동,중상사고,0,1,0,0,차대사람 - 차도통행중,안전운전불이행,젖음/습기,흐림,단일로 - 기타,승용,남,57세,상해없음,보행자,남,23세,중상
2017070400100530,2017년 7월 4일 21시,화요일,경상남도 창원시 의창구 서상동,중상사고,0,1,0,0,차대사람 - 횡단중,보행자보호의무위반,건조,맑음,교차로 - 교차로횡단보도내,승합,남,48세,상해없음,보행자,여,62세,중상
2017070500100039,2017년 7월 5일 01시,수요일,경상남도 거제시 아주동,중상사고,0,2,0,0,차대차 - 추돌,안전운전불이행,건조,맑음,단일로 - 기타,승용,남,42세,상해없음,승용,남,39세,중상
2017070500100093,2017년 7월 5일 07시,수요일,경상남도 통영시 도천동,중상사고,0,1,0,0,차대차 - 정면충돌,차로위반,건조,맑음,교차로 - 교차로부근,승용,남,68세,상해없음,이륜,남,51세,중상
2017070500100094,2017년 7월 5일 07시,수요일,경상남도 거제시 고현동,경상사고,0,0,1,0,차대차 - 측면충돌,직진우회전진행방해,건조,맑음,교차로 - 교차로안,이륜,남,44세,경상,승용,여,53세,상해없음
2017070500100134,2017년 7월 5일 08시,수요일,경상남도 진주시 봉곡동,중상사고,0,1,0,0,차대사람 - 횡단중,안전운전불이행,건조,맑음,교차로 - 교차로안,승합,남,42세,상해없음,보행자,남,11세,중상
2017070500100135,2017년 7월 5일 08시,수요일,경상남도 거제시 거제면,경상사고,0,0,1,0,차대차 - 기타,안전운전불이행,젖음/습기,흐림,단일로 - 기타,이륜,남,65세,경상,승용,남,30세,상해없음
2017070500100136,2017년 7월 5일 08시,수요일,경상남도 의령군 의령읍,경상사고,0,0,1,1,차대차 - 측면충돌,안전운전불이행,건조,맑음,교차로 - 교차로안,화물,남,66세,부상신고,승용,여,50세,경상
2017070500100167,2017년 7월 5일 09시,수요일,경상남도 김해시 진영읍,중상사고,0,1,0,0,차대사람 - 기타,안전운전불이행,건조,맑음,단일로 - 기타,승용,여,34세,상해없음,보행자,여,55세,중상
2017070500100192,2017년 7월 5일 10시,수요일,경상남도 김해시 안동,중상사고,0,1,0,0,차대사람 - 횡단중,보행자보호의무위반,건조,맑음,교차로 - 교차로횡단보도내,승합,남,56세,상해없음,보행자,여,36세,중상
2017070500100225,2017년 7월 5일 11시,수요일,경상남도 밀양시 내이동,중상사고,0,1,0,0,차대차 - 측면충돌,안전운전불이행,건조,맑음,교차로 - 교차로안,건설기계,남,49세,상해없음,원동기,남,59세,중상
2017070500100226,2017년 7월 5일 11시,수요일,경상남도 김해시 대동면,경상사고,0,0,3,0,차대차 - 측면충돌,안전운전불이행,건조,맑음,단일로 - 기타,승용,남,55세,경상,화물,남,45세,경상
2017070500100255,2017년 7월 5일 12시,수요일,경상남도 창원시 마산합포구 진북면,경상사고,0,0,1,0,차대차 - 측면충돌,안전운전불이행,건조,맑음,단일로 - 기타,승용,남,31세,상해없음,이륜,남,39세,경상
2017070500100256,2017년 7월 5일 12시,수요일,경상남도 김해시 삼정동,경상사고,0,0,4,0,차대차 - 측면충돌,직진우회전진행방해,건조,맑음,교차로 - 교차로안,승용,남,28세,경상,승용,남,26세,경상
2017070500100257,2017년 7월 5일 12시,수요일,경상남도 창원시 의창구 명서동,경상사고,0,0,1,0,차대사람 - 기타,안전운전불이행,건조,맑음,단일로 - 기타,승합,남,51세,상해없음,보행자,남,44세,경상
2017070500100351,2017년 7월 5일 15시,수요일,경상남도 고성군 고성읍,경상사고,0,0,1,0,차대차 - 측면충돌,안전거리미확보,건조,맑음,단일로 - 기타,승용,여,31세,상해없음,승용,남,60세,경상
2017070500100352,2017년 7월 5일 15시,수요일,경상남도 창원시 의창구 팔용동,경상사고,0,0,1,0,차대차 - 기타,안전운전불이행,건조,맑음,단일로 - 기타,화물,남,48세,상해없음,승용,여,24세,경상
2017070500100383,2017년 7월 5일 16시,수요일,경상남도 창원시 마산합포구 교방동,경상사고,0,0,1,0,차대사람 - 길가장자리구역통행중,안전운전불이행,건조,맑음,단일로 - 기타,승용,남,51세,상해없음,보행자,남,73세,경상
2017070500100384,2017년 7월 5일 16시,수요일,경상남도 김해시 동상동,경상사고,0,0,2,0,차대차 - 측면충돌,안전운전불이행,건조,맑음,단일로 - 기타,승용,남,30세,상해없음,승용,여,29세,경상
2017070500100385,2017년 7월 5일 16시,수요일,경상남도 김해시 삼계동,경상사고,0,0,1,0,차대차 - 측면충돌,신호위반,건조,맑음,교차로 - 교차로부근,승용,남,59세,상해없음,자전거,남,11세,경상
2017070500100421,2017년 7월 5일 17시,수요일,경상남도 창원시 마산합포구 우산동,중상사고,0,1,0,1,차대차 - 추돌,안전운전불이행,건조,맑음,단일로 - 기타,승용,남,27세,상해없음,승용,여,29세,부상신고
2017070500100460,2017년 7월 5일 18시,수요일,경상남도 거제시 일운면,경상사고,0,0,1,0,차대차 - 측면충돌,신호위반,건조,맑음,교차로 - 교차로안,승용,남,31세,상해없음,승용,남,41세,경상
2017070500100461,2017년 7월 5일 18시,수요일,경상남도 창원시 의창구 북면,중상사고,0,1,0,0,차대차 - 기타,안전운전불이행,건조,맑음,교차로 - 교차로안,승용,남,40세,상해없음,승용,남,68세,상해없음
2017070500100528,2017년 7월 5일 20시,수요일,경상남도 남해군 삼동면,중상사고,0,1,0,0,차대차 - 추돌,안전운전불이행,건조,맑음,단일로 - 기타,승용,여,50세,상해없음,농기계,남,57세,중상
2017070500100529,2017년 7월 5일 20시,수요일,경상남도 함안군 군북면,중상사고,0,1,3,0,차대차 - 측면충돌,신호위반,건조,맑음,교차로 - 교차로안,승합,남,64세,상해없음,승합,남,66세,상해없음