사고번호,사고일시,요일,시군구,사고내용,사망자수,중상자수,경상자수,부상신고자수,사고유형,법규위반,노면상태,기상상태,도로형태,가해운전자 차종,가해운전자 성별,가해운전자 연령,가해운전자 상해정도,피해운전자 차종,피해운전자 성별,피해운전자 연령,피해운전자 상해정도
2017070500100547,2017년 7월 5일 21시,수요일,경상남도 양산시 동면,경상사고,0,0,1,0,차대차 - 추돌,안전운전불이행,건조,맑음,단일로 - 기타,승용,남,50세,상해없음,자전거,남,17세,경상
2017070500100548,2017년 7월 5일 21시,수요일,경상남도 거제시 고현동,경상사고,0,0,3,0,차대차 - 추돌,안전거리미확보,건조,맑음,교차로 - 교차로부근,승용,남,49세,상해없음,승용,여,37세,상해없음
2017070500100549,2017년 7월 5일 21시,수요일,경상남도 함안군 법수면,중상사고,0,1,0,0,차대사람 - 횡단중,기타,건조,맑음,단일로 - 기타,승용,남,66세,상해없음,보행자,여,56세,중상
2017070500100550,2017년 7월 5일 21시,수요일,경상남도 김해시 흥동,경상사고,0,0,2,0,차대차 - 측면충돌,차로위반,건조,맑음,단일로 - 기타,승용,남,27세,상해없음,승합,남,58세,경상
2017070500100576,2017년 7월 5일 22시,수요일,경상남도 김해시 풍유동,경상사고,0,0,1,0,차대차 - 측면충돌,안전운전불이행,건조,맑음,교차로 - 교차로안,승합,남,41세,상해없음,승용,남,33세,경상
2017070500100610,2017년 7월 5일 23시,수요일,경상남도 창원시 마산회원구 내서읍,중상사고,0,1,0,0,차대차 - 추돌,안전운전불이행,건조,맑음,교차로 - 교차로부근,승용,남,31세,상해없음,승용,여,32세,중상
2017070600100042,2017년 7월 6일 00시,목요일,경상남도 거제시 고현동,경상사고,0,0,1,0,차대사람 - 기타,안전운전불이행,건조,기타,기타 - 기타,자전거,남,31세,기타불명,보행자,남,35세,경상
2017070600100054,2017년 7월 6일 01시,목요일,경상남도 함양군 서하면,사망사고,1,0,1,0,차대차 - 추돌,안전운전불이행,건조,맑음,단일로 - 기타,화물,남,58세,상해없음,화물,남,48세,사망
2017070600100087,2017년 7월 6일 05시,목요일,경상남도 김해시 수가동,사망사고,1,0,0,0,차대차 - 측면충돌,과속,건조,맑음,교차로 - 교차로안,화물,남,38세,상해없음,원동기,남,71세,사망
2017070600100143,2017년 7월 6일 08시,목요일,경상남도 밀양시 부북면,경상사고,0,0,2,0,차대차 - 측면충돌,안전운전불이행,건조,맑음,단일로 - 기타,화물,남,57세,상해없음,화물,남,68세,경상
2017070600100174,2017년 7월 6일 09시,목요일,경상남도 의령군 용덕면,경상사고,0,0,1,0,차대사람 - 기타,안전운전불이행,건조,맑음,주차장 - 주차장,승합,남,59세,상해없음,보행자,남,89세,경상
2017070600100198,2017년 7월 6일 10시,목요일,경상남도 양산시 중부동,경상사고,0,0,1,0,차대차 - 추돌,안전운전불이행,건조,맑음,단일로 - 기타,승용,여,44세,상해없음,원동기,남,38세,경상
2017070600100227,2017년 7월 6일 11시,목요일,경상남도 산청군 금서면,중상사고,0,1,0,0,차대차 - 추돌,안전운전불이행,건조,맑음,교차로 - 교차로부근,화물,남,26세,상해없음,원동기,남,78세,중상
2017070600100297,2017년 7월 6일 14시,목요일,경상남도 남해군 남해읍,중상사고,0,1,0,0,차대차 - 측면충돌,안전운전불이행,건조,맑음,교차로 - 교차로안,화물,남,51세,상해없음,승용,여,50세,중상
2017070600100323,2017년 7월 6일 15시,목요일,경상남도 창원시 의창구 팔용동,중상사고,0,1,0,0,차대사람 - 횡단중,안전운전불이행,건조,맑음,교차로 - 교차로안,승용,남,63세,상해없음,보행자,여,64세,중상
2017070600100353,2017년 7월 6일 16시,목요일,경상남도 사천시 사천읍,경상사고,0,0,1,0,차대차 - 측면충돌,신호위반,건조,맑음,교차로 - 교차로안,화물,남,56세,상해없음,승용,여,33세,경상
2017070600100388,2017년 7월 6일 17시,목요일,경상남도 남해군 남해읍,중상사고,0,1,0,0,차대차 - 측면충돌,교차로운행방법위반,젖음/습기,비,교차로 - 교차로안,승용,남,65세,상해없음,승용,여,55세,중상
2017070600100454,2017년 7월 6일 19시,목요일,경상남도 창녕군 남지읍,경상사고,0,0,1,0,차대차 - 기타,중앙선침범,건조,맑음,단일로 - 기타,승용,남,45세,상해없음,승용,남,31세,경상
2017070600100455,2017년 7월 6일 19시,목요일,경상남도 김해시 율하동,경상사고,0,0,1,0,차대차 - 기타,교차로운행방법위반,젖음/습기,비,교차로 - 교차로안,승용,남,46세,상해없음,이륜,남,45세,경상
2017070600100456,2017년 7월 6일 19시,목요일,경상남도 사천시 곤양면,경상사고,0,0,1,0,차대차 - 추돌,안전운전불이행,건조,흐림,단일로 - 기타,승용,여,51세,상해없음,승용,여,25세,경상
2017070600100484,2017년 7월 6일 20시,목요일,경상남도 진주시 금산면,중상사고,0,1,0,0,차대사람 - 기타,안전운전불이행,건조,맑음,단일로 - 기타,승용,남,75세,상해없음,보행자,남,70세,중상
2017070600100485,2017년 7월 6일 20시,목요일,경상남도 통영시 무전동,경상사고,0,0,1,0,차대차 - 측면충돌,안전운전불이행,젖음/습기,비,교차로 - 교차로안,승용,남,50세,상해없음,승용,남,29세,경상
2017070600100486,2017년 7월 6일 20시,목요일,경상남도 통영시 무전동,경상사고,0,0,1,0,차대사람 - 길가장자리구역통행중,안전운전불이행,젖음/습기,흐림,단일로 - 기타,승용,남,31세,상해없음,보행자,남,36세,경상
2017070600100487,2017년 7월 6일 20시,목요일,경상남도 함양군 마천면,경상사고,0,0,1,0,차량단독 - 전도전복 - 전도,안전운전불이행,젖음/습기,비,단일로 - 기타,화물,남,46세,경상,,,,
2017070600100488,2017년 7월 6일 20시,목요일,경상남도 김해시 관동동,중상사고,0,2,0,0,차대차 - 측면충돌,신호위반,건조,맑음,교차로 - 교차로안,승용,여,44세,상해없음,승용,여,58세,중상
2017070600100518,2017년 7월 6일 21시,목요일,경상남도 창원시 마산회원구 내서읍,경상사고,0,0,2,0,차대차 - 추돌,안전운전불이행,건조,맑음,단일로 - 기타,승용,남,51세,상해없음,승용,여,42세,경상
2017070600100556,2017년 7월 6일 22시,목요일,경상남도 양산시 삼호동,경상사고,0,0,1,1,차대차 - 측면충돌,중앙선침범,건조,맑음,단일로 - 기타,승용,여,59세,상해없음,승용,남,41세,경상
2017070600100557,2017년 7월 6일 22시,목요일,경상남도 거제시 장평동,경상사고,0,0,3,0,차대차 - 측면충돌,안전운전불이행,건조,맑음,단일로 - 기타,승용,남,44세,상해없음,승용,여,42세,경상
2017070600100576,2017년 7월 6일 23시,목요일,경상남도 창원시 마산합포구 상남동,경상사고,0,0,1,0,차대차 - 측면충돌,안전운전불이행,건조,맑음,교차로 - 교차로부근,승용,남,51세,상해없음,승용,여,33세,경상
2017070600100577,2017년 7월 6일 23시,목요일,경상남도 김해시 어방동,중상사고,0,2,0,0,차대사람 - 횡단중,보행자보호의무위반,건조,맑음,교차로 - 교차로부근,승용,여,18세,상해없음,보행자,남,32세,중상
2017070700100049,2017년 7월 7일 02시,금요일,경상남도 창원시 의창구 봉곡동,부상신고사고,0,0,0,1,차대사람 - 보도통행중,안전운전불이행,건조,맑음,단일로 - 기타,승용,남,69세,상해없음,보행자,남,27세,부상신고
2017070700100067,2017년 7월 7일 05시,금요일,경상남도 산청군 단성면,중상사고,0,1,1,1,차대차 - 측면충돌,교차로운행방법위반,건조,맑음,교차로 - 교차로안,승용,여,57세,부상신고,승용,여,61세,중상
2017070700100104,2017년 7월 7일 07시,금요일,경상남도 김해시 삼방동,중상사고,0,1,1,0,차대차 - 추돌,안전거리미확보,건조,맑음,단일로 - 기타,승용,남,35세,상해없음,승용,남,30세,상해없음
2017070700100146,2017년 7월 7일 08시,금요일,경상남도 창원시 마산회원구 양덕동,중상사고,0,1,0,0,차대사람 - 횡단중,안전운전불이행,젖음/습기,비,교차로 - 교차로안,승용,여,25세,상해없음,보행자,남,74세,중상
2017070700100178,2017년 7월 7일 09시,금요일,경상남도 거제시 연초면,중상사고,0,1,1,0,차대차 - 기타,안전운전불이행,젖음/습기,비,단일로 - 기타,승용,여,38세,상해없음,승합,남,37세,중상
2017070700100252,2017년 7월 7일 12시,금요일,경상남도 김해시 부원동,중상사고,0,1,0,0,차대차 - 기타,교차로운행방법위반,건조,맑음,교차로 - 교차로안,승용,남,63세,상해없음,원동기,남,30세,중상
2017070700100253,2017년 7월 7일 12시,금요일,경상남도 창원시 성산구 내동,중상사고,0,1,0,0,차대차 - 추돌,안전운전불이행,건조,맑음,단일로 - 기타,승용,여,47세,상해없음,승용,남,43세,중상
2017070700100254,2017년 7월 7일 12시,금요일,경상남도 김해시 진영읍,경상사고,0,0,1,0,차대차 - 측면충돌,신호위반,젖음/습기,흐림,교차로 - 교차로안,승용,남,58세,상해없음,승용,남,74세,경상
2017070700100298,2017년 7월 7일 14시,금요일,경상남도 창원시 성산구 중앙동,경상사고,0,0,2,0,차대차 - 추돌,안전운전불이행,젖음/습기,흐림,단일로 - 기타,승용,여,28세,상해없음,화물,남,47세,경상
2017070700100299,2017년 7월 7일 14시,금요일,경상남도 김해시 한림면,경상사고,0,0,2,0,차대차 - 추돌,안전운전불이행,건조,맑음,단일로 - 기타,건설기계,남,49세,상해없음,승용,여,47세,경상
2017070700100330,2017년 7월 7일 15시,금요일,경상남도 사천시 서포면,중상사고,0,1,1,0,차대차 - 측면충돌,신호위반,건조,맑음,교차로 - 교차로안,승용,남,28세,상해없음,승용,남,58세,경상
2017070700100331,2017년 7월 7일 15시,금요일,경상남도 거제시 장평동,경상사고,0,0,1,0,차대사람 - 기타,안전운전불이행,건조,맑음,단일로 - 기타,승용,여,28세,상해없음,보행자,남,3세,경상
2017070700100363,2017년 7월 7일 16시,금요일,경상남도 밀양시 상남면,중상사고,0,1,0,0,차대사람 - 기타,안전운전불이행,건조,맑음,단일로 - 기타,화물,남,65세,상해없음,보행자,남,87세,중상
2017070700100408,2017년 7월 7일 17시,금요일,경상남도 통영시 태평동,중상사고,0,1,0,0,차대사람 - 차도통행중,안전운전불이행,건조,맑음,단일로 - 기타,화물,남,64세,상해없음,보행자,남,66세,중상
2017070700100409,2017년 7월 7일 17시,금요일,경상남도 통영시 당동,경상사고,0,0,1,0,차대차 - 측면충돌,안전운전불이행,건조,맑음,교차로 - 교차로부근,승합,남,43세,상해없음,자전거,남,43세,경상
2017070700100410,2017년 7월 7일 17시,금요일,경상남도 통영시 동호동,경상사고,0,0,1,0,차대차 - 후진중충돌,안전운전불이행,건조,맑음,단일로 - 기타,승용,남,40세,상해없음,승용,남,34세,경상
2017070700100411,2017년 7월 7일 17시,금요일,경상남도 거창군 거창읍,중상사고,0,1,0,0,차대차 - 기타,교차로운행방법위반,건조,맑음,교차로 - 교차로안,승용,남,73세,상해없음,화물,남,41세,상해없음
2017070700100412,2017년 7월 7일 17시,금요일,경상남도 양산시 중부동,경상사고,0,0,1,0,차대사람 - 횡단중,안전운전불이행,건조,맑음,단일로 - 기타,승용,남,52세,상해없음,보행자,남,10세,경상
2017070700100413,2017년 7월 7일 17시,금요일,경상남도 함안군 칠원읍,경상사고,0,0,3,0,차대차 - 추돌,안전운전불이행,건조,맑음,단일로 - 기타,승용,남,36세,상해없음,화물,남,53세,경상
2017070700100459,2017년 7월 7일 18시,금요일,경상남도 거창군 거창읍,중상사고,0,1,0,0,차대차 - 기타,교차로운행방법위반,건조,맑음,교차로 - 교차로부근,승용,여,38세,상해없음,이륜,남,24세,중상
2017070700100504,2017년 7월 7일 19시,금요일,경상남도 거제시 고현동,부상신고사고,0,0,0,1,차대사람 - 횡단중,보행자보호의무위반,건조,맑음,단일로 - 기타,승합,남,63세,상해없음,보행자,남,42세,부상신고
2017070700100558,2017년 7월 7일 20시,금요일,경상남도 사천시 동금동,경상사고,0,0,1,0,차대차 - 추돌,안전운전불이행,건조,맑음,단일로 - 기타,원동기,남,16세,경상,승용,남,37세,상해없음
2017070700100559,2017년 7월 7일 20시,금요일,경상남도 김해시 어방동,경상사고,0,0,3,0,차대차 - 측면충돌,안전운전불이행,건조,맑음,단일로 - 기타,승용,남,34세,상해없음,승용,남,60세,경상
2017070700100560,2017년 7월 7일 20시,금요일,경상남도 양산시 주진동,경상사고,0,0,1,0,차대차 - 정면충돌,중앙선침범,건조,흐림,단일로 - 기타,승용,여,47세,상해없음,승용,여,45세,경상
2017070700100561,2017년 7월 7일 20시,금요일,경상남도 거제시 장승포동,경상사고,0,0,4,0,차대차 - 추돌,안전운전불이행,건조,기타,단일로 - 기타,승합,남,61세,상해없음,승용,남,27세,경상
2017070700100600,2017년 7월 7일 21시,금요일,경상남도 통영시 용남면,중상사고,0,1,0,0,차대사람 - 횡단중,안전운전불이행,젖음/습기,비,단일로 - 기타,승용,남,27세,상해없음,보행자,여,미분류,중상
2017070700100601,2017년 7월 7일 21시,금요일,경상남도 김해시 대성동,중상사고,0,1,2,0,차대차 - 기타,안전운전불이행,건조,맑음,교차로 - 교차로안,승용,남,62세,상해없음,원동기,남,27세,중상
2017070700100602,2017년 7월 7일 21시,금요일,경상남도 양산시 상북면,중상사고,0,1,0,0,차대사람 - 횡단중,안전운전불이행,건조,맑음,교차로 - 교차로안,승용,남,62세,상해없음,보행자,남,13세,중상
2017070700100603,2017년 7월 7일 21시,금요일,경상남도 거제시 하청면,중상사고,0,1,0,0,차대차 - 기타,안전운전불이행,건조,맑음,단일로 - 기타,승용,남,26세,상해없음,농기계,남,78세,중상
2017070700100645,2017년 7월 7일 22시,금요일,경상남도 통영시 정량동,중상사고,0,1,0,0,차대차 - 추돌,안전운전불이행,건조,맑음,단일로 - 기타,화물,남,44세,상해없음,승용,남,63세,중상
2017070700100677,2017년 7월 7일 23시,금요일,경상남도 진주시 초전동,중상사고,0,1,0,0,차대사람 - 횡단중,안전운전불이행,건조,맑음,단일로 - 기타,이륜,남,45세,상해없음,보행자,남,50세,중상
2017070700100678,2017년 7월 7일 23시,금요일,경상남도 창원시 의창구 동정동,경상사고,0,0,2,0,차대차 - 측면충돌,안전운전불이행,건조,맑음,교차로 - 교차로안,승용,남,48세,상해없음,승용,남,52세,경상
2017070800100050,2017년 7월 8일 01시,토요일,경상남도 창원시 성산구 상남동,경상사고,0,0,1,0,차대사람 - 기타,안전운전불이행,건조,맑음,교차로 - 교차로부근,승용,남,33세,상해없음,보행자,남,22세,경상
2017070800100070,2017년 7월 8일 02시,토요일,경상남도 양산시 동면,중상사고,0,1,0,0,차대차 - 기타,안전운전불이행,건조,맑음,교차로 - 교차로부근,화물,남,50세,상해없음,승용,남,32세,중상
2017070800100094,2017년 7월 8일 04시,토요일,경상남도 창원시 의창구 명서동,경상사고,0,0,1,0,차대차 - 정면충돌,신호위반,건조,맑음,교차로 - 교차로안,승용,여,17세,상해없음,화물,남,53세,상해없음
2017070800100122,2017년 7월 8일 06시,토요일,경상남도 하동군 하동읍,중상사고,0,1,0,0,차대사람 - 기타,안전운전불이행,건조,맑음,단일로 - 기타,승용,남,71세,상해없음,보행자,남,74세,중상
2017070800100166,2017년 7월 8일 09시,토요일,경상남도 창원시 진해구 자은동,경상사고,0,0,3,0,차대차 - 추돌,안전운전불이행,건조,맑음,교차로 - 교차로부근,화물,남,72세,상해없음,승용,남,33세,경상
2017070800100167,2017년 7월 8일 09시,토요일,경상남도 통영시 항남동,경상사고,0,0,1,0,차대차 - 측면충돌,중앙선침범,건조,맑음,단일로 - 기타,승용,남,45세,상해없음,승용,남,63세,경상
2017070800100168,2017년 7월 8일 09시,토요일,경상남도 양산시 북정동,경상사고,0,0,1,0,차대차 - 정면충돌,안전운전불이행,건조,맑음,교차로 - 교차로부근,화물,남,47세,상해없음,승용,남,52세,경상
2017070800100169,2017년 7월 8일 09시,토요일,경상남도 창원시 성산구 상남동,경상사고,0,0,1,0,차대차 - 추돌,안전운전불이행,건조,흐림,교차로 - 교차로부근,승용,남,26세,상해없음,승용,여,45세,경상
2017070800100195,2017년 7월 8일 10시,토요일,경상남도 창원시 마산합포구 진전면,중상사고,0,1,0,0,차대차 - 측면충돌,안전운전불이행,젖음/습기,비,단일로 - 기타,화물,남,52세,상해없음,화물,남,58세,중상
2017070800100196,2017년 7월 8일 10시,토요일,경상남도 밀양시 가곡동,경상사고,0,0,1,0,차량단독 - 전도전복 - 전도,안전운전불이행,젖음/습기,비,교차로 - 교차로부근,원동기,남,65세,경상,,,,
2017070800100197,2017년 7월 8일 10시,토요일,경상남도 창원시 의창구 팔용동,중상사고,0,1,0,0,차량단독 - 전도전복 - 전도,안전운전불이행,젖음/습기,비,단일로 - 기타,승용,여,34세,상해없음,,,,
2017070800100224,2017년 7월 8일 11시,토요일,경상남도 김해시 생림면,중상사고,0,1,0,0,차대차 - 측면충돌,안전운전불이행,젖음/습기,비,교차로 - 교차로안,승용,남,32세,상해없음,이륜,남,67세,중상
2017070800100225,2017년 7월 8일 11시,토요일,경상남도 창녕군 장마면,중상사고,0,1,1,0,차대차 - 정면충돌,중앙선침범,젖음/습기,비,단일로 - 기타,화물,남,50세,중상,승용,남,52세,경상
2017070800100226,2017년 7월 8일 11시,토요일,경상남도 창녕군 성산면,중상사고,0,1,0,0,차대차 - 기타,안전운전불이행,젖음/습기,비,단일로 - 기타,자전거,남,48세,중상,승용,남,62세,상해없음
2017070800100280,2017년 7월 8일 13시,토요일,경상남도 창원시 진해구 경화동,경상사고,0,0,1,0,차대차 - 측면충돌,안전거리미확보,건조,맑음,단일로 - 기타,화물,남,56세,상해없음,승용,남,37세,경상
2017070800100281,2017년 7월 8일 13시,토요일,경상남도 김해시 대청동,경상사고,0,0,5,0,차대차 - 측면충돌,안전운전불이행,건조,맑음,단일로 - 기타,승용,남,53세,상해없음,승용,남,22세,경상
2017070800100307,2017년 7월 8일 14시,토요일,경상남도 거제시 고현동,중상사고,0,1,0,0,차대사람 - 차도통행중,안전운전불이행,건조,맑음,단일로 - 기타,화물,남,65세,상해없음,보행자,남,30세,중상
2017070800100308,2017년 7월 8일 14시,토요일,경상남도 거제시 아주동,경상사고,0,0,1,0,차대차 - 기타,신호위반,건조,맑음,교차로 - 교차로부근,승용,남,35세,상해없음,승용,남,60세,경상
2017070800100309,2017년 7월 8일 14시,토요일,경상남도 김해시 이동,경상사고,0,0,2,0,차대차 - 측면충돌,안전운전불이행,건조,맑음,단일로 - 기타,화물,남,42세,상해없음,승용,남,46세,경상
2017070800100340,2017년 7월 8일 15시,토요일,경상남도 통영시 중앙동,경상사고,0,0,1,0,차대사람 - 차도통행중,안전운전불이행,건조,맑음,단일로 - 기타,승용,남,59세,상해없음,보행자,여,56세,경상
2017070800100370,2017년 7월 8일 16시,토요일,경상남도 통영시 용남면,중상사고,0,1,0,0,차량단독 - 공작물충돌,안전운전불이행,건조,맑음,단일로 - 기타,승용,남,57세,상해없음,,,,
2017070800100371,2017년 7월 8일 16시,토요일,경상남도 김해시 생림면,중상사고,0,1,0,0,차대차 - 기타,안전거리미확보,건조,맑음,단일로 - 기타,자전거,남,23세,중상,승합,남,67세,상해없음
2017070800100372,2017년 7월 8일 16시,토요일,경상남도 함양군 함양읍,경상사고,0,0,1,0,차대차 - 측면충돌,교차로운행방법위반,건조,흐림,교차로 - 교차로안,자전거,남,75세,경상,승용,여,58세,상해없음
2017070800100373,2017년 7월 8일 16시,토요일,경상남도 김해시 명법동,사망사고,1,0,0,0,차대차 - 추돌,안전운전불이행,건조,맑음,교차로 - 교차로부근,이륜,남,86세,사망,승용,남,56세,상해없음
2017070800100406,2017년 7월 8일 17시,토요일,경상남도 사천시 벌리동,사망사고,1,0,0,0,차대사람 - 기타,안전운전불이행,젖음/습기,비,교차로 - 교차로안,승용,여,42세,상해없음,보행자,남,68세,사망
2017070800100407,2017년 7월 8일 17시,토요일,경상남도 거제시 아주동,중상사고,0,1,1,0,차대차 - 추돌,안전운전불이행,건조,맑음,단일로 - 터널,승용,남,27세,상해없음,승용,여,46세,중상
2017070800100445,2017년 7월 8일 18시,토요일,경상남도 창원시 마산합포구 월영동,경상사고,0,0,4,0,차대차 - 측면충돌,신호위반,건조,맑음,교차로 - 교차로부근,화물,남,55세,상해없음,승용,남,60세,경상
2017070800100503,2017년 7월 8일 20시,토요일,경상남도 김해시 부곡동,경상사고,0,0,2,0,차대차 - 추돌,안전운전불이행,젖음/습기,맑음,교차로 - 교차로부근,승용,남,51세,상해없음,승용,남,23세,경상
2017070800100529,2017년 7월 8일 21시,토요일,경상남도 진주시 내동면,경상사고,0,0,1,0,차대차 - 기타,신호위반,건조,맑음,교차로 - 교차로안,승용,남,30세,상해없음,승용,남,55세,경상
2017070800100594,2017년 7월 8일 23시,토요일,경상남도 창원시 의창구 봉곡동,경상사고,0,0,1,0,차대차 - 추돌,안전거리미확보,건조,맑음,교차로 - 교차로안,승용,남,48세,상해없음,승용,남,63세,상해없음
2017070900100045,2017년 7월 9일 02시,일요일,경상남도 창원시 마산합포구 오동동,경상사고,0,0,1,0,차대차 - 측면충돌,불법유턴,젖음/습기,흐림,단일로 - 기타,승용,남,21세,상해없음,원동기,남,18세,경상
2017070900100079,2017년 7월 9일 06시,일요일,경상남도 산청군 단성면,중상사고,0,1,0,0,차대차 - 측면충돌,중앙선침범,젖음/습기,맑음,단일로 - 기타,화물,남,50세,상해없음,승용,남,51세,중상
2017070900100091,2017년 7월 9일 07시,일요일,경상남도 김해시 대동면,중상사고,0,1,0,0,차대차 - 측면충돌,직진우회전진행방해,건조,맑음,교차로 - 교차로안,화물,남,46세,상해없음,이륜,남,57세,중상
2017070900100092,2017년 7월 9일 07시,일요일,경상남도 거제시 연초면,경상사고,0,0,2,0,차대차 - 기타,교차로운행방법위반,건조,맑음,교차로 - 교차로안,승용,남,32세,상해없음,승용,남,57세,경상
2017070900100102,2017년 7월 9일 08시,일요일,경상남도 창원시 의창구 도계동,중상사고,0,1,3,0,차대차 - 측면충돌,교차로운행방법위반,건조,맑음,교차로 - 교차로안,승용,남,63세,상해없음,승합,남,62세,경상
2017070900100138,2017년 7월 9일 10시,일요일,경상남도 양산시 북정동,경상사고,0,0,1,0,차대차 - 추돌,안전운전불이행,건조,맑음,단일로 - 기타,승용,남,39세,상해없음,승용,여,38세,경상
2017070900100155,2017년 7월 9일 11시,일요일,경상남도 창원시 진해구 여좌동,경상사고,0,0,1,0,차대차 - 측면충돌,안전운전불이행,건조,맑음,단일로 - 기타,승용,여,43세,상해없음,승용,여,60세,경상
2017070900100156,2017년 7월 9일 11시,일요일,경상남도 통영시 무전동,경상사고,0,0,1,0,차대차 - 정면충돌,안전운전불이행,건조,맑음,단일로 - 기타,승용,남,21세,상해없음,승용,여,41세,경상
2017070900100177,2017년 7월 9일 12시,일요일,경상남도 거제시 일운면,경상사고,0,0,2,0,차대차 - 측면충돌,안전운전불이행,건조,맑음,교차로 - 교차로안,승용,여,50세,경상,승용,남,36세,경상
2017070900100232,2017년 7월 9일 14시,일요일,경상남도 창원시 진해구 여좌동,중상사고,0,1,0,0,차대사람 - 횡단중,중앙선침범,건조,맑음,단일로 - 기타,승용,남,55세,상해없음,보행자,여,43세,중상
2017070900100233,2017년 7월 9일 14시,일요일,경상남도 양산시 물금읍,경상사고,0,0,1,0,차대차 - 측면충돌,기타,건조,맑음,단일로 - 기타,승용,여,47세,상해없음,이륜,남,24세,경상
2017070900100265,2017년 7월 9일 15시,일요일,경상남도 창원시 마산합포구 동성동,경상사고,0,0,1,0,차대차 - 측면충돌,안전운전불이행,건조,맑음,단일로 - 기타,승용,남,61세,상해없음,화물,남,56세,기타불명
2017070900100289,2017년 7월 9일 16시,일요일,경상남도 창원시 마산회원구 내서읍,중상사고,0,1,0,0,차대차 - 추돌,안전운전불이행,건조,맑음,단일로 - 기타,승용,남,51세,기타불명,이륜,남,51세,중상
2017070900100312,2017년 7월 9일 17시,일요일,경상남도 김해시 대동면,경상사고,0,0,1,0,차량단독 - 공작물충돌,안전운전불이행,건조,맑음,단일로 - 기타,승용,여,48세,경상,,,,
2017070900100364,2017년 7월 9일 19시,일요일,경상남도 창원시 마산합포구 자산동,경상사고,0,0,1,0,차대차 - 측면충돌,안전거리미확보,건조,맑음,교차로 - 교차로부근,승용,남,54세,상해없음,이륜,남,70세,경상
2017070900100394,2017년 7월 9일 20시,일요일,경상남도 진주시 평거동,중상사고,0,1,0,0,차대차 - 측면충돌,신호위반,건조,맑음,교차로 - 교차로안,원동기,남,20세,중상,승용,여,46세,상해없음
2017070900100435,2017년 7월 9일 22시,일요일,경상남도 김해시 외동,중상사고,0,1,0,0,차대차 - 기타,안전거리미확보,건조,맑음,단일로 - 기타,승용,남,24세,상해없음,승용,여,53세,중상
2017070900100444,2017년 7월 9일 22시,일요일,경상남도 통영시 정량동,경상사고,0,0,1,0,차대차 - 측면충돌,안전운전불이행,건조,맑음,단일로 - 기타,승용,여,43세,상해없음,승용,여,32세,경상
2017070900100445,2017년 7월 9일 22시,일요일,경상남도 통영시 북신동,경상사고,0,0,2,0,차대차 - 측면충돌,교차로운행방법위반,건조,맑음,교차로 - 교차로안,승용,남,35세,상해없음,승용,남,24세,경상
2017070900100446,2017년 7월 9일 22시,일요일,경상남도 양산시 삼호동,경상사고,0,0,1,0,차대차 - 측면충돌,안전거리미확보,건조,맑음,단일로 - 기타,승용,남,65세,상해없음,승용,남,57세,상해없음
2017070900100447,2017년 7월 9일 22시,일요일,경상남도 고성군 회화면,중상사고,0,1,0,0,차대사람 - 길가장자리구역통행중,안전운전불이행,건조,맑음,단일로 - 기타,승합,남,45세,상해없음,보행자,남,67세,중상
2017070900100466,2017년 7월 9일 23시,일요일,경상남도 거제시 양정동,중상사고,0,1,0,0,차대차 - 정면충돌,중앙선침범,건조,맑음,단일로 - 기타,화물,남,46세,상해없음,승용,남,32세,중상
2017071000100032,2017년 7월 10일 00시,월요일,경상남도 양산시 물금읍,경상사고,0,0,1,0,차대차 - 측면충돌,안전운전불이행,건조,맑음,단일로 - 기타,자전거,남,52세,상해없음,자전거,남,19세,경상
2017071000100093,2017년 7월 10일 07시,월요일,경상남도 창원시 진해구 여좌동,중상사고,0,1,0,0,차대차 - 기타,안전거리미확보,건조,맑음,단일로 - 기타,승용,여,60세,상해없음,승용,여,36세,중상
2017071000100122,2017년 7월 10일 08시,월요일,경상남도 창원시 의창구 팔용동,중상사고,0,1,0,0,차대차 - 측면충돌,신호위반,건조,맑음,교차로 - 교차로안,승용,남,52세,상해없음,원동기,여,41세,중상
2017071000100164,2017년 7월 10일 09시,월요일,경상남도 함안군 가야읍,중상사고,0,1,0,0,차대차 - 측면충돌,교차로운행방법위반,건조,맑음,교차로 - 교차로안,승용,남,76세,상해없음,자전거,여,59세,중상
2017071000100165,2017년 7월 10일 09시,월요일,경상남도 김해시 흥동,경상사고,0,0,2,0,차대차 - 추돌,안전운전불이행,건조,맑음,단일로 - 기타,승용,남,26세,상해없음,승용,여,42세,경상
2017071000100191,2017년 7월 10일 10시,월요일,경상남도 창원시 마산회원구 석전동,중상사고,0,1,0,0,차대차 - 기타,신호위반,건조,맑음,교차로 - 교차로안,승합,남,47세,상해없음,이륜,남,43세,중상
2017071000100192,2017년 7월 10일 10시,월요일,경상남도 김해시 화목동,경상사고,0,0,2,0,차대차 - 측면충돌,안전운전불이행,건조,맑음,단일로 - 기타,승용,남,61세,상해없음,승용,남,48세,경상
2017071000100218,2017년 7월 10일 11시,월요일,경상남도 창원시 마산합포구 월영동,경상사고,0,0,1,0,차대차 - 정면충돌,안전운전불이행,젖음/습기,비,교차로 - 교차로안,승용,남,26세,상해없음,승합,남,71세,경상
2017071000100219,2017년 7월 10일 11시,월요일,경상남도 밀양시 내이동,중상사고,0,1,0,0,차대차 - 측면충돌,교차로운행방법위반,건조,맑음,교차로 - 교차로안,승용,남,64세,상해없음,원동기,남,74세,중상