사고번호,사고일시,요일,시군구,사고내용,사망자수,중상자수,경상자수,부상신고자수,사고유형,법규위반,노면상태,기상상태,도로형태,가해운전자 차종,가해운전자 성별,가해운전자 연령,가해운전자 상해정도,피해운전자 차종,피해운전자 성별,피해운전자 연령,피해운전자 상해정도
2017071000100220,2017년 7월 10일 11시,월요일,경상남도 거창군 거창읍,경상사고,0,0,1,0,차대차 - 기타,안전운전불이행,건조,맑음,단일로 - 기타,승용,남,69세,상해없음,승용,남,68세,경상
2017071000100221,2017년 7월 10일 11시,월요일,경상남도 의령군 가례면,중상사고,0,1,0,0,차대차 - 추돌,기타,건조,맑음,교차로 - 교차로안,승용,여,46세,상해없음,원동기,남,58세,중상
2017071000100245,2017년 7월 10일 12시,월요일,경상남도 창원시 성산구 대방동,경상사고,0,0,1,0,차대차 - 측면충돌,안전운전불이행,건조,맑음,단일로 - 기타,승용,여,46세,상해없음,승용,여,33세,경상
2017071000100278,2017년 7월 10일 13시,월요일,경상남도 김해시 어방동,경상사고,0,0,1,0,차대차 - 측면충돌,신호위반,건조,맑음,단일로 - 기타,화물,남,53세,상해없음,승용,남,33세,경상
2017071000100303,2017년 7월 10일 14시,월요일,경상남도 진주시 일반성면,중상사고,0,1,0,0,차대차 - 후진중충돌,안전운전불이행,건조,맑음,단일로 - 기타,승용,남,55세,상해없음,사륜오토바이(ATV),여,54세,중상
2017071000100304,2017년 7월 10일 14시,월요일,경상남도 밀양시 삼문동,경상사고,0,0,3,0,차대차 - 측면충돌,교차로운행방법위반,건조,맑음,교차로 - 교차로부근,승용,여,72세,상해없음,승용,남,26세,경상
2017071000100305,2017년 7월 10일 14시,월요일,경상남도 양산시 물금읍,중상사고,0,1,0,0,차대사람 - 횡단중,보행자보호의무위반,건조,맑음,단일로 - 기타,승용,여,59세,상해없음,보행자,남,6세,중상
2017071000100338,2017년 7월 10일 15시,월요일,경상남도 창원시 성산구 상남동,중상사고,0,1,0,0,차대차 - 기타,안전운전불이행,건조,맑음,교차로 - 교차로부근,승용,남,32세,상해없음,원동기,남,21세,중상
2017071000100369,2017년 7월 10일 16시,월요일,경상남도 김해시 삼계동,경상사고,0,0,1,0,차대차 - 후진중충돌,안전운전불이행,건조,맑음,교차로 - 교차로안,승용,남,60세,상해없음,승용,여,39세,경상
2017071000100370,2017년 7월 10일 16시,월요일,경상남도 함안군 여항면,경상사고,0,0,1,0,차대차 - 측면충돌,안전거리미확보,젖음/습기,비,단일로 - 기타,건설기계,남,44세,상해없음,화물,남,56세,경상
2017071000100371,2017년 7월 10일 16시,월요일,경상남도 창원시 의창구 차용동,경상사고,0,0,1,0,차대차 - 추돌,안전운전불이행,건조,맑음,단일로 - 기타,승용,남,53세,상해없음,승용,남,36세,경상
2017071000100406,2017년 7월 10일 17시,월요일,경상남도 진주시 신안동,중상사고,0,1,0,0,차대차 - 추돌,안전운전불이행,건조,맑음,교차로 - 교차로안,화물,남,64세,상해없음,승용,여,51세,중상
2017071000100407,2017년 7월 10일 17시,월요일,경상남도 합천군 합천읍,경상사고,0,0,1,0,차대차 - 측면충돌,교차로운행방법위반,건조,맑음,교차로 - 교차로안,승용,남,54세,상해없음,이륜,남,69세,경상
2017071000100501,2017년 7월 10일 20시,월요일,경상남도 창원시 성산구 상남동,경상사고,0,0,2,0,차대사람 - 횡단중,보행자보호의무위반,건조,맑음,교차로 - 교차로부근,승용,남,21세,상해없음,보행자,여,26세,경상
2017071000100567,2017년 7월 10일 22시,월요일,경상남도 창원시 진해구 여좌동,중상사고,0,1,0,0,차대사람 - 횡단중,신호위반,건조,흐림,교차로 - 교차로안,승용,남,73세,상해없음,보행자,여,64세,중상
2017071000100568,2017년 7월 10일 22시,월요일,경상남도 김해시 동상동,중상사고,0,2,0,0,차대차 - 측면충돌,안전운전불이행,젖음/습기,비,단일로 - 기타,승용,여,53세,상해없음,승용,여,32세,중상
2017071000100569,2017년 7월 10일 22시,월요일,경상남도 창원시 마산회원구 양덕동,중상사고,0,1,0,0,차대사람 - 횡단중,신호위반,젖음/습기,비,교차로 - 교차로부근,승용,남,25세,상해없음,보행자,남,45세,중상
2017071000100570,2017년 7월 10일 22시,월요일,경상남도 창원시 의창구 봉곡동,경상사고,0,0,1,0,차대차 - 추돌,안전운전불이행,건조,맑음,단일로 - 기타,승용,남,45세,상해없음,승용,남,29세,경상
2017071100100030,2017년 7월 11일 00시,화요일,경상남도 양산시 상북면,경상사고,0,0,2,0,차대차 - 측면충돌,안전운전불이행,젖음/습기,비,교차로 - 교차로부근,승용,남,40세,상해없음,승용,남,42세,상해없음
2017071100100050,2017년 7월 11일 01시,화요일,경상남도 김해시 진영읍,경상사고,0,0,1,0,차대사람 - 횡단중,안전운전불이행,건조,맑음,단일로 - 기타,승용,남,34세,상해없음,보행자,여,39세,경상
2017071100100064,2017년 7월 11일 03시,화요일,경상남도 창원시 성산구 상남동,경상사고,0,0,1,0,차대사람 - 기타,중앙선침범,건조,맑음,단일로 - 기타,승용,남,61세,상해없음,보행자,남,34세,경상
2017071100100086,2017년 7월 11일 06시,화요일,경상남도 김해시 어방동,경상사고,0,0,1,0,차대차 - 후진중충돌,안전운전불이행,건조,맑음,단일로 - 기타,승용,남,60세,상해없음,승용,남,56세,경상
2017071100100107,2017년 7월 11일 07시,화요일,경상남도 밀양시 가곡동,경상사고,0,0,1,0,차대차 - 측면충돌,교차로운행방법위반,건조,맑음,교차로 - 교차로안,승용,여,55세,상해없음,승용,여,54세,상해없음
2017071100100138,2017년 7월 11일 08시,화요일,경상남도 함양군 지곡면,경상사고,0,0,1,0,차대차 - 측면충돌,신호위반,건조,맑음,교차로 - 교차로안,승용,여,56세,상해없음,화물,남,53세,경상
2017071100100139,2017년 7월 11일 08시,화요일,경상남도 양산시 평산동,경상사고,0,0,1,0,차대사람 - 횡단중,안전거리미확보,건조,맑음,교차로 - 교차로안,화물,남,53세,상해없음,보행자,남,75세,경상
2017071100100224,2017년 7월 11일 11시,화요일,경상남도 밀양시 단장면,중상사고,0,1,3,0,차대차 - 측면충돌,중앙선침범,건조,맑음,단일로 - 기타,승용,여,54세,상해없음,건설기계,남,48세,경상
2017071100100225,2017년 7월 11일 11시,화요일,경상남도 양산시 중부동,중상사고,0,1,0,0,차대사람 - 횡단중,안전운전불이행,건조,맑음,교차로 - 교차로부근,승용,여,47세,상해없음,보행자,여,83세,중상
2017071100100226,2017년 7월 11일 11시,화요일,경상남도 창원시 의창구 팔용동,중상사고,0,1,0,0,차대사람 - 횡단중,안전운전불이행,건조,맑음,교차로 - 교차로안,승용,남,43세,상해없음,보행자,여,58세,중상
2017071100100256,2017년 7월 11일 12시,화요일,경상남도 통영시 항남동,부상신고사고,0,0,0,1,차대사람 - 차도통행중,안전운전불이행,건조,맑음,단일로 - 기타,승용,남,26세,상해없음,보행자,남,38세,부상신고
2017071100100257,2017년 7월 11일 12시,화요일,경상남도 김해시 외동,중상사고,0,1,0,0,차대차 - 기타,안전운전불이행,건조,맑음,단일로 - 기타,화물,남,49세,상해없음,자전거,남,51세,중상
2017071100100258,2017년 7월 11일 12시,화요일,경상남도 함양군 수동면,사망사고,1,3,2,0,차대차 - 측면충돌,신호위반,건조,맑음,교차로 - 교차로안,화물,남,62세,경상,승용,남,56세,경상
2017071100100259,2017년 7월 11일 12시,화요일,경상남도 창원시 의창구 팔용동,중상사고,0,1,0,0,차대사람 - 횡단중,안전운전불이행,건조,맑음,교차로 - 교차로안,승용,남,47세,상해없음,보행자,여,54세,중상
2017071100100310,2017년 7월 11일 14시,화요일,경상남도 밀양시 삼랑진읍,중상사고,0,1,0,0,차대차 - 측면충돌,안전운전불이행,건조,맑음,단일로 - 기타,화물,남,53세,상해없음,이륜,남,76세,중상
2017071100100311,2017년 7월 11일 14시,화요일,경상남도 양산시 상북면,중상사고,0,1,0,0,차대사람 - 횡단중,안전운전불이행,건조,맑음,교차로 - 교차로부근,승용,남,44세,상해없음,보행자,여,57세,중상
2017071100100312,2017년 7월 11일 14시,화요일,경상남도 양산시 물금읍,경상사고,0,0,2,2,차대차 - 정면충돌,안전거리미확보,건조,맑음,교차로 - 교차로안,승용,여,56세,상해없음,화물,남,46세,부상신고
2017071100100350,2017년 7월 11일 15시,화요일,경상남도 창원시 마산합포구 월영동,경상사고,0,0,1,0,차대차 - 추돌,안전운전불이행,건조,맑음,교차로 - 교차로부근,승용,여,48세,경상,화물,남,60세,상해없음
2017071100100351,2017년 7월 11일 15시,화요일,경상남도 창원시 성산구 가음동,경상사고,0,0,1,0,차대차 - 측면충돌,신호위반,건조,맑음,교차로 - 교차로횡단보도내,이륜,남,19세,상해없음,자전거,남,27세,경상
2017071100100422,2017년 7월 11일 17시,화요일,경상남도 통영시 도남동,중상사고,0,1,0,0,차대차 - 정면충돌,안전운전불이행,건조,맑음,교차로 - 교차로안,화물,남,59세,상해없음,이륜,남,17세,중상
2017071100100423,2017년 7월 11일 17시,화요일,경상남도 통영시 미수동,경상사고,0,0,2,0,차대차 - 측면충돌,안전운전불이행,건조,맑음,교차로 - 교차로안,승용,여,51세,상해없음,이륜,남,46세,경상
2017071100100463,2017년 7월 11일 18시,화요일,경상남도 고성군 고성읍,경상사고,0,0,2,0,차대차 - 측면충돌,안전거리미확보,건조,맑음,단일로 - 기타,승용,남,71세,상해없음,화물,남,50세,경상
2017071100100502,2017년 7월 11일 19시,화요일,경상남도 거제시 고현동,경상사고,0,0,1,0,차대차 - 측면충돌,안전운전불이행,건조,맑음,교차로 - 교차로부근,이륜,남,33세,경상,승합,남,35세,상해없음
2017071100100503,2017년 7월 11일 19시,화요일,경상남도 김해시 흥동,경상사고,0,0,1,0,차대차 - 측면충돌,안전운전불이행,건조,맑음,교차로 - 교차로안,화물,남,41세,상해없음,이륜,남,23세,경상
2017071100100535,2017년 7월 11일 20시,화요일,경상남도 함양군 안의면,경상사고,0,0,1,0,차대차 - 정면충돌,안전운전불이행,건조,맑음,단일로 - 기타,승용,여,47세,상해없음,자전거,남,68세,경상
2017071100100536,2017년 7월 11일 20시,화요일,경상남도 창원시 의창구 도계동,경상사고,0,0,1,0,차대사람 - 길가장자리구역통행중,안전운전불이행,건조,맑음,단일로 - 기타,승용,여,49세,상해없음,보행자,여,52세,경상
2017071100100572,2017년 7월 11일 21시,화요일,경상남도 창원시 의창구 도계동,중상사고,0,1,0,0,차대차 - 측면충돌,안전운전불이행,건조,맑음,교차로 - 교차로안,승용,남,63세,상해없음,이륜,남,17세,중상
2017071100100597,2017년 7월 11일 22시,화요일,경상남도 거창군 거창읍,경상사고,0,0,1,0,차대차 - 기타,안전운전불이행,건조,맑음,교차로 - 교차로안,이륜,남,54세,경상,승용,남,40세,상해없음
2017071200100016,2017년 7월 12일 00시,수요일,경상남도 창원시 마산합포구 상남동,중상사고,0,2,1,0,차대차 - 측면충돌,신호위반,건조,맑음,교차로 - 교차로안,기타불명,기타불명,미분류,기타불명,승용,남,60세,상해없음
2017071200100038,2017년 7월 12일 02시,수요일,경상남도 창원시 성산구 남양동,중상사고,0,1,0,0,차대사람 - 기타,안전운전불이행,건조,맑음,단일로 - 기타,승용,남,56세,상해없음,보행자,남,58세,중상
2017071200100062,2017년 7월 12일 05시,수요일,경상남도 김해시 생림면,부상신고사고,0,0,0,1,차량단독 - 전도전복 - 전도,안전운전불이행,건조,맑음,단일로 - 교량,승용,남,18세,부상신고,,,,
2017071200100063,2017년 7월 12일 05시,수요일,경상남도 창원시 의창구 동정동,중상사고,0,2,0,0,차량단독 - 도로외이탈 - 추락,안전운전불이행,건조,맑음,단일로 - 기타,이륜,남,19세,중상,,,,
2017071200100099,2017년 7월 12일 07시,수요일,경상남도 김해시 부원동,경상사고,0,0,1,0,차대사람 - 횡단중,안전운전불이행,건조,맑음,단일로 - 기타,승용,남,42세,상해없음,보행자,여,63세,경상
2017071200100100,2017년 7월 12일 07시,수요일,경상남도 거제시 장평동,경상사고,0,0,1,0,차대차 - 측면충돌,안전운전불이행,건조,맑음,단일로 - 기타,자전거,남,27세,경상,자전거,남,38세,상해없음
2017071200100101,2017년 7월 12일 07시,수요일,경상남도 김해시 주촌면,중상사고,0,1,0,0,차대차 - 정면충돌,중앙선침범,건조,맑음,단일로 - 기타,승용,남,53세,상해없음,사륜오토바이(ATV),남,79세,중상
2017071200100133,2017년 7월 12일 08시,수요일,경상남도 진주시 인사동,중상사고,0,1,0,0,차량단독 - 기타,안전운전불이행,건조,맑음,단일로 - 기타,승합,남,63세,상해없음,,,,
2017071200100134,2017년 7월 12일 08시,수요일,경상남도 거제시 옥포동,중상사고,0,3,1,0,차대차 - 추돌,안전운전불이행,건조,맑음,교차로 - 교차로부근,승용,남,43세,상해없음,승용,여,45세,중상
2017071200100168,2017년 7월 12일 09시,수요일,경상남도 통영시 중앙동,사망사고,1,0,0,0,차대사람 - 횡단중,안전운전불이행,건조,맑음,교차로 - 교차로횡단보도내,화물,남,36세,상해없음,보행자,남,68세,사망
2017071200100169,2017년 7월 12일 09시,수요일,경상남도 양산시 명동,경상사고,0,0,2,0,차대차 - 기타,안전운전불이행,건조,맑음,단일로 - 기타,승용,여,58세,상해없음,승용,여,25세,경상
2017071200100170,2017년 7월 12일 09시,수요일,경상남도 창원시 의창구 명서동,경상사고,0,0,1,0,차대사람 - 횡단중,보행자보호의무위반,건조,맑음,교차로 - 교차로부근,승용,남,50세,상해없음,보행자,여,74세,경상
2017071200100194,2017년 7월 12일 10시,수요일,경상남도 통영시 미수동,경상사고,0,0,1,0,차대차 - 측면충돌,안전운전불이행,건조,맑음,교차로 - 교차로부근,승용,남,60세,상해없음,이륜,남,79세,경상
2017071200100242,2017년 7월 12일 12시,수요일,경상남도 진주시 이현동,경상사고,0,0,1,0,차대차 - 측면충돌,안전거리미확보,건조,맑음,단일로 - 기타,이륜,남,16세,경상,승용,남,39세,상해없음
2017071200100243,2017년 7월 12일 12시,수요일,경상남도 창원시 의창구 대산면,중상사고,0,1,0,0,차대차 - 추돌,안전운전불이행,건조,맑음,교차로 - 교차로부근,승용,남,40세,상해없음,승용,남,48세,중상
2017071200100268,2017년 7월 12일 13시,수요일,경상남도 통영시 무전동,경상사고,0,0,2,0,차대차 - 추돌,안전거리미확보,건조,맑음,단일로 - 기타,화물,남,48세,상해없음,승용,여,48세,경상
2017071200100269,2017년 7월 12일 13시,수요일,경상남도 김해시 부원동,경상사고,0,0,1,0,차대차 - 기타,안전거리미확보,건조,맑음,단일로 - 기타,화물,남,80세,경상,화물,남,56세,상해없음
2017071200100314,2017년 7월 12일 15시,수요일,경상남도 김해시 주촌면,중상사고,0,1,0,0,차대차 - 측면충돌,안전운전불이행,건조,맑음,단일로 - 기타,승용,여,26세,상해없음,화물,남,38세,중상
2017071200100367,2017년 7월 12일 16시,수요일,경상남도 창원시 진해구 용원동,경상사고,0,0,1,0,차대차 - 측면충돌,안전운전불이행,건조,맑음,교차로 - 교차로안,특수,남,44세,상해없음,승용,남,43세,경상
2017071200100368,2017년 7월 12일 16시,수요일,경상남도 김해시 어방동,중상사고,0,1,0,0,차대차 - 기타,안전운전불이행,건조,맑음,교차로 - 교차로안,화물,남,22세,상해없음,원동기,남,24세,중상
2017071200100369,2017년 7월 12일 16시,수요일,경상남도 창원시 성산구 상남동,경상사고,0,0,1,0,차대차 - 추돌,안전운전불이행,건조,맑음,교차로 - 교차로부근,승용,여,44세,상해없음,승용,남,33세,경상
2017071200100417,2017년 7월 12일 17시,수요일,경상남도 창원시 마산합포구 교방동,경상사고,0,0,1,0,차량단독 - 기타,안전운전불이행,건조,맑음,기타 - 기타,승합,남,48세,상해없음,,,,
2017071200100418,2017년 7월 12일 17시,수요일,경상남도 창원시 진해구 청안동,경상사고,0,0,1,0,차대차 - 추돌,안전운전불이행,건조,맑음,교차로 - 교차로부근,승용,남,20세,상해없음,승용,여,40세,경상
2017071200100419,2017년 7월 12일 17시,수요일,경상남도 고성군 동해면,중상사고,0,1,0,0,차대차 - 측면충돌,안전운전불이행,건조,맑음,단일로 - 기타,승용,남,61세,상해없음,이륜,남,47세,중상
2017071200100473,2017년 7월 12일 18시,수요일,경상남도 거제시 아주동,경상사고,0,0,1,0,차대차 - 기타,신호위반,건조,맑음,단일로 - 기타,승용,남,53세,상해없음,자전거,남,37세,경상
2017071200100474,2017년 7월 12일 18시,수요일,경상남도 창원시 성산구 상복동,경상사고,0,0,2,0,차대차 - 측면충돌,안전운전불이행,건조,맑음,단일로 - 기타,승용,여,41세,상해없음,승용,남,60세,경상
2017071200100517,2017년 7월 12일 19시,수요일,경상남도 김해시 부원동,중상사고,0,2,0,0,차대차 - 기타,안전거리미확보,건조,맑음,단일로 - 기타,승용,여,32세,상해없음,승합,남,55세,상해없음
2017071200100518,2017년 7월 12일 19시,수요일,경상남도 김해시 어방동,경상사고,0,0,1,0,차대차 - 측면충돌,안전운전불이행,건조,맑음,단일로 - 기타,이륜,남,18세,경상,승용,여,48세,상해없음
2017071200100519,2017년 7월 12일 19시,수요일,경상남도 창원시 의창구 대원동,경상사고,0,0,1,0,차대차 - 추돌,안전운전불이행,건조,맑음,교차로 - 교차로부근,승용,남,44세,상해없음,승용,남,32세,경상
2017071200100549,2017년 7월 12일 20시,수요일,경상남도 창원시 마산합포구 현동,경상사고,0,0,1,0,차대차 - 측면충돌,중앙선침범,건조,맑음,교차로 - 교차로부근,승용,남,36세,상해없음,승용,남,38세,경상
2017071200100550,2017년 7월 12일 20시,수요일,경상남도 김해시 어방동,중상사고,0,1,1,0,차대사람 - 횡단중,중앙선침범,건조,맑음,단일로 - 기타,이륜,남,18세,경상,보행자,여,23세,중상
2017071200100574,2017년 7월 12일 21시,수요일,경상남도 창원시 마산합포구 진동면,중상사고,0,1,0,0,차대차 - 측면충돌,신호위반,건조,맑음,교차로 - 교차로안,승용,여,51세,상해없음,승용,여,44세,중상
2017071200100575,2017년 7월 12일 21시,수요일,경상남도 거제시 상동동,중상사고,0,1,0,0,차대사람 - 횡단중,안전운전불이행,건조,맑음,단일로 - 기타,이륜,남,32세,상해없음,보행자,남,51세,중상
2017071200100604,2017년 7월 12일 22시,수요일,경상남도 창원시 성산구 상남동,경상사고,0,0,1,0,차대차 - 기타,안전운전불이행,건조,맑음,교차로 - 교차로부근,자전거,여,52세,경상,승용,남,36세,상해없음
2017071300100034,2017년 7월 13일 00시,목요일,경상남도 창원시 진해구 안골동,중상사고,0,1,0,0,차대차 - 측면충돌,중앙선침범,건조,맑음,단일로 - 기타,승용,여,33세,상해없음,승용,남,41세,중상
2017071300100035,2017년 7월 13일 00시,목요일,경상남도 창원시 진해구 남문동,경상사고,0,0,1,0,차대차 - 추돌,안전운전불이행,건조,맑음,단일로 - 기타,승용,남,24세,상해없음,승용,남,33세,경상
2017071300100056,2017년 7월 13일 04시,목요일,경상남도 창원시 성산구 가음정동,중상사고,0,1,2,0,차대차 - 측면충돌,신호위반,건조,맑음,교차로 - 교차로안,승용,남,44세,상해없음,승용,여,32세,중상
2017071300100128,2017년 7월 13일 08시,목요일,경상남도 거제시 상동동,중상사고,0,1,0,0,차대차 - 기타,안전운전불이행,건조,맑음,단일로 - 기타,승용,여,64세,상해없음,승용,남,51세,상해없음
2017071300100154,2017년 7월 13일 09시,목요일,경상남도 양산시 신기동,중상사고,0,1,0,0,차대차 - 측면충돌,기타,건조,맑음,교차로 - 교차로안,승합,남,66세,상해없음,화물,남,52세,중상
2017071300100155,2017년 7월 13일 09시,목요일,경상남도 남해군 설천면,경상사고,0,0,1,0,차량단독 - 전도전복 - 전도,안전운전불이행,건조,맑음,교차로 - 교차로부근,농기계,남,83세,경상,,,,
2017071300100156,2017년 7월 13일 09시,목요일,경상남도 김해시 진영읍,경상사고,0,0,1,0,차대차 - 측면충돌,신호위반,건조,맑음,교차로 - 교차로안,화물,남,77세,경상,승용,남,24세,상해없음
2017071300100196,2017년 7월 13일 10시,목요일,경상남도 통영시 서호동,중상사고,0,1,0,0,차대사람 - 횡단중,안전운전불이행,건조,맑음,단일로 - 기타,승용,남,62세,상해없음,보행자,남,69세,중상
2017071300100197,2017년 7월 13일 10시,목요일,경상남도 김해시 동상동,경상사고,0,0,1,0,차대차 - 추돌,안전거리미확보,건조,맑음,단일로 - 기타,승용,남,48세,상해없음,승용,남,64세,경상
2017071300100198,2017년 7월 13일 10시,목요일,경상남도 함안군 함안면,경상사고,0,0,1,0,차대차 - 측면충돌,신호위반,건조,맑음,교차로 - 교차로안,승용,남,79세,상해없음,승용,여,45세,경상
2017071300100220,2017년 7월 13일 11시,목요일,경상남도 통영시 미수동,중상사고,0,2,3,0,차대차 - 측면충돌,안전운전불이행,건조,맑음,단일로 - 기타,화물,남,63세,상해없음,승합,남,50세,경상
2017071300100221,2017년 7월 13일 11시,목요일,경상남도 산청군 단성면,중상사고,0,2,0,0,차량단독 - 전도전복,안전운전불이행,건조,맑음,단일로 - 기타,승용,여,69세,중상,미분류,미분류,미분류,미분류
2017071300100222,2017년 7월 13일 11시,목요일,경상남도 창원시 성산구 반림동,중상사고,0,1,0,0,차대사람 - 차도통행중,안전운전불이행,건조,맑음,단일로 - 기타,승용,여,46세,상해없음,보행자,여,68세,중상
2017071300100242,2017년 7월 13일 12시,목요일,경상남도 창원시 마산합포구 진동면,경상사고,0,0,3,0,차대차 - 기타,안전운전불이행,건조,맑음,단일로 - 기타,승용,남,58세,상해없음,건설기계,남,52세,기타불명
2017071300100269,2017년 7월 13일 13시,목요일,경상남도 창원시 진해구 석동,중상사고,0,1,0,0,차대차 - 측면충돌,교차로운행방법위반,건조,맑음,교차로 - 교차로안,승용,남,62세,상해없음,승용,여,52세,중상
2017071300100270,2017년 7월 13일 13시,목요일,경상남도 양산시 상북면,중상사고,0,1,1,1,차대차 - 측면충돌,안전운전불이행,건조,맑음,단일로 - 기타,승용,여,38세,상해없음,승용,남,55세,상해없음
2017071300100271,2017년 7월 13일 13시,목요일,경상남도 양산시 북정동,중상사고,0,1,0,0,차대차 - 측면충돌,안전운전불이행,건조,맑음,단일로 - 기타,특수,남,42세,상해없음,승용,남,27세,중상
2017071300100272,2017년 7월 13일 13시,목요일,경상남도 고성군 마암면,경상사고,0,0,2,0,차대차 - 추돌,안전거리미확보,건조,맑음,단일로 - 기타,승합,남,43세,상해없음,승용,여,56세,경상
2017071300100307,2017년 7월 13일 14시,목요일,경상남도 김해시 삼방동,경상사고,0,0,1,0,차대차 - 측면충돌,중앙선침범,건조,맑음,단일로 - 기타,승용,여,60세,상해없음,승용,여,52세,경상
2017071300100308,2017년 7월 13일 14시,목요일,경상남도 거제시 고현동,경상사고,0,0,2,0,차대차 - 추돌,안전거리미확보,건조,맑음,교차로 - 교차로부근,승용,남,50세,상해없음,승용,여,58세,경상
2017071300100341,2017년 7월 13일 15시,목요일,경상남도 사천시 동금동,부상신고사고,0,0,0,1,차대차 - 측면충돌,안전운전불이행,건조,맑음,단일로 - 기타,자전거,여,52세,부상신고,승용,남,52세,상해없음
2017071300100368,2017년 7월 13일 16시,목요일,경상남도 창원시 진해구 여좌동,중상사고,0,2,1,0,차대차 - 측면충돌,교차로운행방법위반,건조,맑음,교차로 - 교차로안,승용,남,72세,경상,승합,남,68세,중상
2017071300100397,2017년 7월 13일 17시,목요일,경상남도 함양군 휴천면,중상사고,0,16,2,0,차량단독 - 전도전복 - 전도,안전운전불이행,건조,맑음,단일로 - 기타,승합,남,53세,상해없음,,,,
2017071300100398,2017년 7월 13일 17시,목요일,경상남도 거제시 고현동,중상사고,0,1,0,0,차대차 - 기타,안전운전불이행,건조,맑음,교차로 - 교차로안,승용,여,42세,상해없음,이륜,남,44세,중상
2017071300100399,2017년 7월 13일 17시,목요일,경상남도 창원시 성산구 성산동,중상사고,0,2,0,0,차대차 - 추돌,안전운전불이행,건조,맑음,단일로 - 기타,승용,남,57세,상해없음,승용,남,46세,중상
2017071300100439,2017년 7월 13일 18시,목요일,경상남도 사천시 벌리동,중상사고,0,2,1,0,차대차 - 추돌,안전운전불이행,건조,맑음,단일로 - 기타,승용,남,60세,상해없음,승용,여,48세,중상
2017071300100497,2017년 7월 13일 20시,목요일,경상남도 창녕군 부곡면,중상사고,0,1,0,0,차대사람 - 횡단중,안전운전불이행,건조,맑음,교차로 - 교차로안,승용,여,59세,상해없음,보행자,여,73세,중상
2017071300100588,2017년 7월 13일 23시,목요일,경상남도 창원시 성산구 상남동,경상사고,0,0,1,0,차대차 - 추돌,안전운전불이행,건조,맑음,교차로 - 교차로안,승용,남,64세,상해없음,자전거,남,26세,경상
2017071400100024,2017년 7월 14일 00시,금요일,경상남도 사천시 동금동,중상사고,0,1,0,0,차대사람 - 기타,안전운전불이행,건조,맑음,단일로 - 기타,화물,남,25세,상해없음,보행자,여,42세,중상
2017071400100034,2017년 7월 14일 01시,금요일,경상남도 창녕군 창녕읍,경상사고,0,0,1,0,차대차 - 기타,안전운전불이행,건조,맑음,교차로 - 교차로안,화물,남,53세,상해없음,승용,여,47세,경상
2017071400100058,2017년 7월 14일 03시,금요일,경상남도 함안군 대산면,경상사고,0,0,1,0,차량단독 - 전도전복,안전운전불이행,건조,맑음,교차로 - 교차로안,승용,남,26세,경상,미분류,미분류,미분류,미분류
2017071400100089,2017년 7월 14일 06시,금요일,경상남도 창원시 성산구 안민동,중상사고,0,1,0,0,차대차 - 측면충돌,중앙선침범,건조,맑음,단일로 - 기타,화물,남,41세,상해없음,이륜,남,45세,중상
2017071400100144,2017년 7월 14일 08시,금요일,경상남도 진주시 강남동,중상사고,0,1,0,0,차대차 - 측면충돌,교차로운행방법위반,건조,맑음,교차로 - 교차로안,화물,남,43세,상해없음,자전거,여,65세,중상
2017071400100145,2017년 7월 14일 08시,금요일,경상남도 창원시 진해구 용원동,경상사고,0,0,2,0,차대차 - 측면충돌,교차로운행방법위반,건조,맑음,교차로 - 교차로안,승용,남,35세,상해없음,승용,여,42세,경상
2017071400100202,2017년 7월 14일 10시,금요일,경상남도 합천군 합천읍,중상사고,0,1,0,0,차대차 - 측면충돌,안전운전불이행,건조,맑음,단일로 - 교량,화물,남,52세,상해없음,이륜,남,71세,중상
2017071400100203,2017년 7월 14일 10시,금요일,경상남도 김해시 신문동,중상사고,0,1,0,0,차대차 - 측면충돌,교차로운행방법위반,건조,맑음,교차로 - 교차로안,승용,남,19세,상해없음,승용,남,34세,중상
2017071400100232,2017년 7월 14일 11시,금요일,경상남도 거제시 둔덕면,경상사고,0,0,2,0,차대차 - 기타,중앙선침범,건조,맑음,단일로 - 기타,승용,여,57세,경상,승용,남,44세,경상
2017071400100248,2017년 7월 14일 12시,금요일,경상남도 함양군 함양읍,부상신고사고,0,0,0,1,차대차 - 측면충돌,교차로운행방법위반,건조,맑음,교차로 - 교차로안,이륜,남,61세,부상신고,승용,남,44세,상해없음
2017071400100249,2017년 7월 14일 12시,금요일,경상남도 양산시 삼호동,경상사고,0,0,1,0,차대사람 - 횡단중,안전운전불이행,건조,맑음,단일로 - 기타,승용,여,54세,상해없음,보행자,여,23세,경상
2017071400100250,2017년 7월 14일 12시,금요일,경상남도 거제시 장평동,중상사고,0,1,0,0,차대사람 - 기타,보행자보호의무위반,건조,맑음,기타 - 기타,승용,여,28세,기타불명,보행자,여,28세,중상
2017071400100278,2017년 7월 14일 13시,금요일,경상남도 창원시 마산합포구 현동,중상사고,0,1,1,0,차대차 - 측면충돌,안전운전불이행,건조,맑음,교차로 - 교차로안,승용,남,62세,상해없음,화물,남,31세,경상
2017071400100279,2017년 7월 14일 13시,금요일,경상남도 통영시 당동,중상사고,0,2,0,0,차대차 - 추돌,안전거리미확보,건조,맑음,교차로 - 교차로안,승용,남,28세,상해없음,승합,남,33세,상해없음