사고번호,사고일시,요일,시군구,사고내용,사망자수,중상자수,경상자수,부상신고자수,사고유형,법규위반,노면상태,기상상태,도로형태,가해운전자 차종,가해운전자 성별,가해운전자 연령,가해운전자 상해정도,피해운전자 차종,피해운전자 성별,피해운전자 연령,피해운전자 상해정도
2017071400100280,2017년 7월 14일 13시,금요일,경상남도 함양군 함양읍,부상신고사고,0,0,0,1,차대차 - 측면충돌,교차로운행방법위반,건조,맑음,교차로 - 교차로안,이륜,남,48세,부상신고,승용,남,60세,상해없음
2017071400100310,2017년 7월 14일 14시,금요일,경상남도 합천군 대양면,부상신고사고,0,0,0,1,차량단독 - 공작물충돌,안전운전불이행,건조,맑음,단일로 - 기타,승용,남,68세,부상신고,,,,
2017071400100345,2017년 7월 14일 15시,금요일,경상남도 사천시 정동면,중상사고,0,1,0,0,차대차 - 측면충돌,직진우회전진행방해,건조,맑음,교차로 - 교차로안,승용,남,41세,상해없음,이륜,남,39세,중상
2017071400100346,2017년 7월 14일 15시,금요일,경상남도 양산시 덕계동,중상사고,0,1,0,0,차대차 - 측면충돌,교차로운행방법위반,건조,맑음,교차로 - 교차로안,승용,남,41세,상해없음,이륜,남,31세,중상
2017071400100382,2017년 7월 14일 16시,금요일,경상남도 김해시 삼방동,중상사고,0,1,0,0,차대사람 - 횡단중,보행자보호의무위반,건조,맑음,교차로 - 교차로횡단보도내,승용,남,43세,상해없음,보행자,여,52세,중상
2017071400100413,2017년 7월 14일 17시,금요일,경상남도 밀양시 내일동,중상사고,0,1,0,0,차대사람 - 길가장자리구역통행중,안전운전불이행,건조,맑음,단일로 - 기타,승용,여,29세,상해없음,보행자,남,56세,중상
2017071400100433,2017년 7월 14일 18시,금요일,경상남도 김해시 대동면,경상사고,0,0,1,0,차대차 - 측면충돌,안전거리미확보,건조,맑음,단일로 - 기타,승용,남,54세,상해없음,승용,남,27세,경상
2017071400100463,2017년 7월 14일 18시,금요일,경상남도 거제시 상동동,경상사고,0,0,1,0,차대차 - 기타,안전운전불이행,건조,맑음,교차로 - 교차로안,승용,남,48세,상해없음,이륜,남,57세,경상
2017071400100529,2017년 7월 14일 20시,금요일,경상남도 창녕군 창녕읍,중상사고,0,1,0,1,차대차 - 정면충돌,중앙선침범,젖음/습기,맑음,교차로 - 교차로안,승용,여,50세,부상신고,승용,여,49세,중상
2017071400100530,2017년 7월 14일 20시,금요일,경상남도 창녕군 창녕읍,경상사고,0,0,1,0,차대차 - 추돌,안전거리미확보,젖음/습기,비,교차로 - 교차로부근,승용,여,40세,상해없음,승용,남,27세,경상
2017071400100565,2017년 7월 14일 21시,금요일,경상남도 통영시 중앙동,경상사고,0,0,1,0,차대사람 - 길가장자리구역통행중,안전운전불이행,건조,맑음,단일로 - 기타,승용,남,43세,상해없음,보행자,남,55세,경상
2017071400100566,2017년 7월 14일 21시,금요일,경상남도 김해시 부원동,경상사고,0,0,1,0,차대차 - 측면충돌,신호위반,건조,맑음,교차로 - 교차로안,승용,여,25세,상해없음,승용,남,24세,경상
2017071400100567,2017년 7월 14일 21시,금요일,경상남도 김해시 진영읍,경상사고,0,0,1,0,차대차 - 측면충돌,안전운전불이행,건조,맑음,교차로 - 교차로안,승용,남,41세,상해없음,승용,남,28세,경상
2017071400100623,2017년 7월 14일 23시,금요일,경상남도 창원시 성산구 상남동,경상사고,0,0,1,0,차대사람 - 기타,안전운전불이행,건조,맑음,단일로 - 기타,승용,남,50세,상해없음,보행자,남,28세,경상
2017071500100069,2017년 7월 15일 02시,토요일,경상남도 거제시 수월동,중상사고,0,1,0,0,차대차 - 추돌,안전거리미확보,건조,맑음,단일로 - 기타,승용,남,24세,상해없음,승용,남,49세,중상
2017071500100070,2017년 7월 15일 02시,토요일,경상남도 창원시 의창구 봉곡동,경상사고,0,0,1,0,차대차 - 정면충돌,안전운전불이행,건조,맑음,단일로 - 기타,승용,남,58세,상해없음,자전거,남,61세,경상
2017071500100071,2017년 7월 15일 02시,토요일,경상남도 김해시 대청동,중상사고,0,2,1,0,차대차 - 추돌,안전운전불이행,건조,맑음,단일로 - 기타,승용,남,42세,상해없음,승용,남,62세,중상
2017071500100143,2017년 7월 15일 07시,토요일,경상남도 사천시 용현면,경상사고,0,0,1,0,차대차 - 추돌,안전운전불이행,건조,맑음,단일로 - 기타,승용,여,34세,상해없음,승용,남,63세,경상
2017071500100162,2017년 7월 15일 08시,토요일,경상남도 함안군 가야읍,경상사고,0,0,1,0,차대사람 - 횡단중,안전운전불이행,건조,맑음,교차로 - 교차로횡단보도내,승용,여,39세,상해없음,보행자,여,9세,경상
2017071500100163,2017년 7월 15일 08시,토요일,경상남도 창원시 의창구 대원동,사망사고,1,0,0,0,차대차 - 기타,안전운전불이행,건조,맑음,교차로 - 교차로횡단보도내,화물,남,60세,상해없음,원동기,남,84세,사망
2017071500100202,2017년 7월 15일 10시,토요일,경상남도 사천시 향촌동,중상사고,0,1,0,0,차대차 - 측면충돌,안전운전불이행,건조,맑음,단일로 - 기타,화물,남,68세,상해없음,농기계,남,77세,중상
2017071500100203,2017년 7월 15일 10시,토요일,경상남도 김해시 주촌면,경상사고,0,0,1,0,차량단독 - 공작물충돌,중앙선침범,건조,맑음,교차로 - 교차로부근,건설기계,남,27세,경상,,,,
2017071500100268,2017년 7월 15일 12시,토요일,경상남도 김해시 어방동,중상사고,0,1,0,0,차대차 - 측면충돌,안전운전불이행,건조,맑음,단일로 - 기타,승용,여,42세,중상,승용,남,44세,기타불명
2017071500100269,2017년 7월 15일 12시,토요일,경상남도 김해시 부곡동,경상사고,0,0,1,0,차대차 - 측면충돌,안전운전불이행,건조,맑음,교차로 - 교차로안,화물,남,46세,상해없음,승용,남,34세,경상
2017071500100297,2017년 7월 15일 13시,토요일,경상남도 사천시 사천읍,중상사고,0,1,0,0,차대차 - 추돌,안전운전불이행,건조,맑음,단일로 - 기타,건설기계,남,44세,상해없음,화물,남,69세,중상
2017071500100298,2017년 7월 15일 13시,토요일,경상남도 창녕군 창녕읍,경상사고,0,0,2,0,차대차 - 기타,안전운전불이행,건조,맑음,교차로 - 교차로안,승용,남,58세,경상,승용,여,22세,경상
2017071500100299,2017년 7월 15일 13시,토요일,경상남도 함안군 칠원읍,중상사고,0,1,0,0,차량단독 - 공작물충돌,안전운전불이행,건조,맑음,단일로 - 기타,화물,남,56세,상해없음,,,,
2017071500100332,2017년 7월 15일 14시,토요일,경상남도 사천시 이홀동,경상사고,0,0,2,0,차대차 - 측면충돌,안전운전불이행,건조,맑음,단일로 - 기타,건설기계,남,39세,상해없음,승용,남,37세,경상
2017071500100333,2017년 7월 15일 14시,토요일,경상남도 산청군 산청읍,경상사고,0,0,1,0,차량단독 - 전도전복,안전운전불이행,젖음/습기,비,단일로 - 기타,승용,여,46세,경상,미분류,미분류,미분류,미분류
2017071500100365,2017년 7월 15일 15시,토요일,경상남도 창원시 의창구 북면,경상사고,0,0,1,0,차대차 - 측면충돌,신호위반,건조,맑음,교차로 - 교차로안,승용,남,64세,상해없음,화물,남,45세,경상
2017071500100395,2017년 7월 15일 16시,토요일,경상남도 통영시 항남동,경상사고,0,0,1,0,차대차 - 측면충돌,안전운전불이행,건조,맑음,교차로 - 교차로안,승용,여,37세,상해없음,승용,남,21세,상해없음
2017071500100396,2017년 7월 15일 16시,토요일,경상남도 거제시 일운면,경상사고,0,0,2,0,차대차 - 기타,안전운전불이행,건조,맑음,교차로 - 교차로안,승용,남,35세,상해없음,승용,남,56세,경상
2017071500100433,2017년 7월 15일 17시,토요일,경상남도 창원시 진해구 이동,부상신고사고,0,0,0,1,차대차 - 측면충돌,기타,건조,맑음,교차로 - 교차로부근,자전거,남,44세,부상신고,승용,여,51세,상해없음
2017071500100434,2017년 7월 15일 17시,토요일,경상남도 밀양시 용평동,경상사고,0,0,2,0,차대차 - 추돌,안전운전불이행,건조,맑음,교차로 - 교차로부근,화물,남,55세,상해없음,승용,남,54세,경상
2017071500100435,2017년 7월 15일 17시,토요일,경상남도 김해시 주촌면,중상사고,0,1,0,0,차대차 - 측면충돌,안전운전불이행,건조,맑음,단일로 - 기타,승용,남,57세,상해없음,이륜,남,58세,중상
2017071500100459,2017년 7월 15일 18시,토요일,경상남도 거제시 고현동,경상사고,0,0,1,0,차대차 - 기타,안전거리미확보,건조,맑음,교차로 - 교차로부근,승용,남,69세,상해없음,승용,남,32세,경상
2017071500100460,2017년 7월 15일 18시,토요일,경상남도 김해시 관동동,중상사고,0,1,0,0,차대사람 - 횡단중,안전운전불이행,건조,맑음,교차로 - 교차로횡단보도내,승용,남,68세,상해없음,보행자,남,13세,중상
2017071500100492,2017년 7월 15일 19시,토요일,경상남도 창원시 의창구 봉곡동,경상사고,0,0,1,0,차대차 - 측면충돌,신호위반,건조,맑음,교차로 - 교차로안,원동기,남,42세,기타불명,이륜,남,34세,경상
2017071500100529,2017년 7월 15일 20시,토요일,경상남도 창원시 마산합포구 진동면,중상사고,0,1,1,0,차대사람 - 횡단중,보행자보호의무위반,건조,맑음,교차로 - 교차로횡단보도내,화물,남,66세,상해없음,보행자,여,36세,중상
2017071500100530,2017년 7월 15일 20시,토요일,경상남도 양산시 상북면,경상사고,0,0,1,0,차대차 - 기타,차로위반,건조,맑음,교차로 - 교차로부근,승용,남,41세,상해없음,이륜,남,28세,경상
2017071500100566,2017년 7월 15일 21시,토요일,경상남도 창원시 진해구 여좌동,중상사고,0,1,0,0,차대사람 - 기타,안전운전불이행,건조,맑음,단일로 - 기타,승용,남,55세,상해없음,보행자,남,42세,중상
2017071500100619,2017년 7월 15일 23시,토요일,경상남도 창원시 의창구 서상동,중상사고,0,1,1,1,차대차 - 측면충돌,안전운전불이행,건조,맑음,교차로 - 교차로안,승합,남,55세,기타불명,승용,남,58세,경상
2017071600100026,2017년 7월 16일 00시,일요일,경상남도 김해시 내동,경상사고,0,0,2,0,차대차 - 기타,안전운전불이행,건조,맑음,교차로 - 교차로안,승용,남,45세,상해없음,승용,남,22세,상해없음
2017071600100027,2017년 7월 16일 00시,일요일,경상남도 거제시 옥포동,경상사고,0,0,1,0,차대차 - 정면충돌,안전운전불이행,건조,맑음,단일로 - 기타,승용,여,49세,상해없음,승용,남,41세,경상
2017071600100077,2017년 7월 16일 03시,일요일,경상남도 통영시 문화동,중상사고,0,1,0,0,차대차 - 추돌,안전운전불이행,건조,맑음,단일로 - 기타,화물,남,40세,상해없음,이륜,남,35세,중상
2017071600100078,2017년 7월 16일 03시,일요일,경상남도 양산시 물금읍,중상사고,0,1,0,0,차량단독 - 전도전복,안전운전불이행,건조,맑음,단일로 - 기타,이륜,남,16세,중상,미분류,미분류,미분류,미분류
2017071600100121,2017년 7월 16일 07시,일요일,경상남도 김해시 진영읍,경상사고,0,0,3,0,차대차 - 추돌,안전운전불이행,건조,맑음,단일로 - 기타,승용,남,26세,상해없음,승용,남,37세,경상
2017071600100185,2017년 7월 16일 11시,일요일,경상남도 김해시 대동면,중상사고,0,1,0,0,차대차 - 측면충돌,교차로운행방법위반,건조,맑음,교차로 - 교차로안,화물,남,65세,상해없음,이륜,남,48세,중상
2017071600100221,2017년 7월 16일 12시,일요일,경상남도 진주시 초전동,중상사고,0,1,0,0,차대사람 - 기타,안전운전불이행,건조,맑음,기타 - 기타,승합,남,56세,상해없음,보행자,여,69세,중상
2017071600100222,2017년 7월 16일 12시,일요일,경상남도 진주시 초전동,경상사고,0,0,2,0,차대차 - 추돌,안전운전불이행,건조,맑음,단일로 - 기타,승용,남,18세,상해없음,승용,남,29세,경상
2017071600100247,2017년 7월 16일 13시,일요일,경상남도 거제시 문동동,중상사고,0,2,1,0,차대차 - 정면충돌,직진우회전진행방해,건조,맑음,교차로 - 교차로안,승용,남,33세,상해없음,승합,남,51세,중상
2017071600100272,2017년 7월 16일 14시,일요일,경상남도 양산시 물금읍,중상사고,0,3,1,0,차대차 - 측면충돌,안전운전불이행,건조,맑음,교차로 - 교차로안,승용,여,30세,상해없음,승용,남,64세,중상
2017071600100273,2017년 7월 16일 14시,일요일,경상남도 거제시 일운면,경상사고,0,0,3,0,차대차 - 기타,직진우회전진행방해,건조,맑음,교차로 - 교차로안,화물,남,47세,상해없음,승용,남,49세,경상
2017071600100274,2017년 7월 16일 14시,일요일,경상남도 창원시 성산구 중앙동,경상사고,0,0,1,0,차대차 - 측면충돌,안전운전불이행,건조,맑음,단일로 - 기타,승용,남,46세,상해없음,자전거,남,13세,경상
2017071600100304,2017년 7월 16일 15시,일요일,경상남도 양산시 물금읍,경상사고,0,0,2,0,차대차 - 측면충돌,신호위반,건조,맑음,교차로 - 교차로안,화물,남,72세,상해없음,화물,남,32세,경상
2017071600100305,2017년 7월 16일 15시,일요일,경상남도 김해시 흥동,경상사고,0,0,2,0,차대차 - 측면충돌,신호위반,건조,맑음,교차로 - 교차로안,화물,남,51세,경상,승합,남,28세,경상
2017071600100337,2017년 7월 16일 16시,일요일,경상남도 양산시 물금읍,중상사고,0,1,0,0,차대차 - 측면충돌,안전운전불이행,건조,맑음,교차로 - 교차로안,승용,남,59세,상해없음,원동기,남,36세,중상
2017071600100338,2017년 7월 16일 16시,일요일,경상남도 거제시 장승포동,경상사고,0,0,1,0,차대차 - 측면충돌,안전운전불이행,건조,맑음,단일로 - 기타,화물,남,49세,상해없음,승용,여,57세,경상
2017071600100339,2017년 7월 16일 16시,일요일,경상남도 산청군 금서면,부상신고사고,0,0,0,1,차대사람 - 길가장자리구역통행중,안전운전불이행,건조,맑음,단일로 - 기타,승용,남,65세,상해없음,보행자,여,85세,부상신고
2017071600100366,2017년 7월 16일 17시,일요일,경상남도 창원시 성산구 반지동,중상사고,0,1,0,0,차대차 - 기타,기타,건조,맑음,단일로 - 기타,승용,남,59세,상해없음,이륜,남,44세,중상
2017071600100367,2017년 7월 16일 17시,일요일,경상남도 창원시 마산회원구 회성동,경상사고,0,0,1,0,차대사람 - 기타,보행자보호의무위반,건조,맑음,교차로 - 교차로안,승용,남,47세,상해없음,보행자,여,4세,경상
2017071600100391,2017년 7월 16일 18시,일요일,경상남도 고성군 하이면,중상사고,0,2,0,0,차대차 - 측면충돌,직진우회전진행방해,건조,맑음,교차로 - 교차로안,승용,남,57세,상해없음,농기계,남,82세,중상
2017071600100415,2017년 7월 16일 19시,일요일,경상남도 창원시 마산합포구 부림동,중상사고,0,1,0,0,차대차 - 측면충돌,안전운전불이행,건조,맑음,교차로 - 교차로안,승용,여,43세,상해없음,자전거,여,46세,중상
2017071600100416,2017년 7월 16일 19시,일요일,경상남도 진주시 수곡면,중상사고,0,1,0,0,차대사람 - 차도통행중,안전운전불이행,건조,맑음,단일로 - 기타,화물,남,36세,상해없음,보행자,남,7세,중상
2017071600100447,2017년 7월 16일 20시,일요일,경상남도 진주시 평거동,중상사고,0,1,0,0,차대차 - 추돌,안전운전불이행,건조,맑음,단일로 - 기타,이륜,남,16세,상해없음,자전거,여,65세,중상
2017071600100448,2017년 7월 16일 20시,일요일,경상남도 창원시 진해구 여좌동,중상사고,0,1,0,0,차대차 - 추돌,안전거리미확보,건조,맑음,교차로 - 교차로안,승용,남,66세,상해없음,원동기,남,55세,중상
2017071600100449,2017년 7월 16일 20시,일요일,경상남도 김해시 어방동,중상사고,0,2,0,0,차대차 - 기타,신호위반,건조,맑음,교차로 - 교차로안,이륜,남,21세,중상,승합,여,56세,중상
2017071600100450,2017년 7월 16일 20시,일요일,경상남도 김해시 구산동,중상사고,0,1,0,0,차대사람 - 횡단중,보행자보호의무위반,건조,맑음,교차로 - 교차로안,승용,남,39세,상해없음,보행자,여,42세,중상
2017071600100497,2017년 7월 16일 22시,일요일,경상남도 창원시 성산구 천선동,사망사고,1,0,0,0,차량단독 - 전도전복 - 전도,안전운전불이행,건조,맑음,단일로 - 기타,원동기,남,23세,사망,,,,
2017071600100512,2017년 7월 16일 23시,일요일,경상남도 창원시 마산회원구 회원동,경상사고,0,0,3,0,차대차 - 측면충돌,안전운전불이행,건조,맑음,교차로 - 교차로안,승용,남,42세,상해없음,승용,남,25세,상해없음
2017071700100027,2017년 7월 17일 00시,월요일,경상남도 함양군 함양읍,경상사고,0,0,2,1,차대차 - 측면충돌,신호위반,건조,맑음,교차로 - 교차로안,승용,여,54세,부상신고,승용,남,44세,경상
2017071700100028,2017년 7월 17일 00시,월요일,경상남도 고성군 회화면,중상사고,0,1,0,0,차대차 - 정면충돌,중앙선침범,건조,맑음,교차로 - 교차로부근,승용,여,31세,상해없음,승용,남,29세,중상
2017071700100029,2017년 7월 17일 00시,월요일,경상남도 거제시 하청면,경상사고,0,0,1,0,차대차 - 후진중충돌,안전운전불이행,건조,맑음,단일로 - 기타,승합,남,58세,상해없음,승용,남,45세,경상
2017071700100046,2017년 7월 17일 02시,월요일,경상남도 거제시 옥포동,중상사고,0,1,0,0,차량단독 - 기타,안전운전불이행,건조,맑음,단일로 - 기타,승용,남,30세,중상,,,,
2017071700100047,2017년 7월 17일 02시,월요일,경상남도 남해군 창선면,부상신고사고,0,0,0,1,차량단독 - 기타,안전운전불이행,건조,맑음,단일로 - 기타,승합,남,52세,부상신고,,,,
2017071700100066,2017년 7월 17일 05시,월요일,경상남도 김해시 내덕동,중상사고,0,1,0,0,차대차 - 측면충돌,신호위반,건조,맑음,교차로 - 교차로안,승합,남,47세,상해없음,화물,남,71세,중상
2017071700100076,2017년 7월 17일 06시,월요일,경상남도 통영시 인평동,중상사고,0,1,0,0,차대사람 - 기타,기타,건조,맑음,기타 - 기타,화물,남,77세,상해없음,보행자,남,66세,중상
2017071700100077,2017년 7월 17일 06시,월요일,경상남도 거창군 거창읍,경상사고,0,0,1,0,차대차 - 기타,안전운전불이행,건조,맑음,교차로 - 교차로안,승용,여,63세,상해없음,승용,남,28세,경상
2017071700100078,2017년 7월 17일 06시,월요일,경상남도 김해시 내덕동,경상사고,0,0,1,0,차량단독 - 공작물충돌,안전운전불이행,건조,맑음,단일로 - 기타,승용,남,27세,경상,,,,
2017071700100101,2017년 7월 17일 07시,월요일,경상남도 통영시 정량동,중상사고,0,1,0,0,차대사람 - 횡단중,안전운전불이행,건조,맑음,교차로 - 교차로안,화물,남,49세,상해없음,보행자,남,64세,중상
2017071700100102,2017년 7월 17일 07시,월요일,경상남도 창원시 의창구 봉곡동,경상사고,0,0,1,0,차대차 - 기타,안전운전불이행,건조,맑음,단일로 - 기타,화물,남,48세,상해없음,승용,남,22세,경상
2017071700100141,2017년 7월 17일 08시,월요일,경상남도 진주시 금곡면,중상사고,0,1,0,0,차대차 - 기타,안전운전불이행,건조,맑음,교차로 - 교차로안,승합,남,56세,상해없음,건설기계,남,46세,상해없음
2017071700100142,2017년 7월 17일 08시,월요일,경상남도 거창군 거창읍,중상사고,0,1,0,0,차대차 - 측면충돌,신호위반,건조,맑음,교차로 - 교차로안,자전거,여,80세,중상,승용,여,48세,상해없음
2017071700100143,2017년 7월 17일 08시,월요일,경상남도 함안군 군북면,경상사고,0,0,3,0,차대차 - 측면충돌,안전운전불이행,건조,맑음,단일로 - 기타,승용,남,69세,상해없음,승용,남,35세,경상
2017071700100144,2017년 7월 17일 08시,월요일,경상남도 창원시 의창구 팔용동,경상사고,0,0,1,0,차대차 - 추돌,안전운전불이행,건조,맑음,단일로 - 기타,승용,남,63세,상해없음,승용,여,24세,경상
2017071700100174,2017년 7월 17일 09시,월요일,경상남도 창원시 진해구 속천동,경상사고,0,0,1,0,차대차 - 측면충돌,안전운전불이행,건조,맑음,단일로 - 기타,화물,남,45세,상해없음,자전거,남,75세,경상
2017071700100175,2017년 7월 17일 09시,월요일,경상남도 창원시 진해구 화천동,경상사고,0,0,1,0,차대차 - 측면충돌,안전운전불이행,건조,맑음,단일로 - 기타,승용,여,48세,상해없음,이륜,남,65세,경상
2017071700100176,2017년 7월 17일 09시,월요일,경상남도 밀양시 상남면,중상사고,0,1,0,0,차대차 - 측면충돌,안전운전불이행,건조,맑음,단일로 - 기타,자전거,남,81세,중상,화물,남,58세,상해없음
2017071700100202,2017년 7월 17일 10시,월요일,경상남도 진주시 신안동,경상사고,0,0,1,0,차대차 - 측면충돌,안전운전불이행,건조,맑음,교차로 - 교차로부근,승용,여,54세,상해없음,승용,남,51세,경상
2017071700100203,2017년 7월 17일 10시,월요일,경상남도 창원시 마산회원구 회성동,경상사고,0,0,1,0,차대사람 - 횡단중,신호위반,건조,맑음,단일로 - 기타,화물,남,64세,기타불명,보행자,여,38세,경상
2017071700100204,2017년 7월 17일 10시,월요일,경상남도 창원시 의창구 봉곡동,중상사고,0,1,1,0,차대차 - 측면충돌,신호위반,건조,맑음,교차로 - 교차로안,승용,남,25세,상해없음,승용,남,54세,경상
2017071700100238,2017년 7월 17일 11시,월요일,경상남도 창원시 마산합포구 신포동1가,경상사고,0,0,2,0,차대차 - 추돌,안전거리미확보,건조,맑음,교차로 - 교차로부근,승용,남,65세,경상,승용,여,61세,경상
2017071700100239,2017년 7월 17일 11시,월요일,경상남도 창원시 진해구 이동,중상사고,0,1,0,0,차량단독 - 전도전복,안전운전불이행,건조,맑음,단일로 - 기타,이륜,남,56세,중상,미분류,미분류,미분류,미분류
2017071700100240,2017년 7월 17일 11시,월요일,경상남도 창녕군 남지읍,중상사고,0,2,0,0,차대차 - 측면충돌,직진우회전진행방해,건조,맑음,교차로 - 교차로안,화물,남,75세,상해없음,승용,남,77세,중상
2017071700100273,2017년 7월 17일 12시,월요일,경상남도 김해시 안동,중상사고,0,2,0,0,차대차 - 측면충돌,신호위반,건조,맑음,단일로 - 기타,승용,여,58세,중상,승용,남,56세,중상
2017071700100274,2017년 7월 17일 12시,월요일,경상남도 김해시 진례면,경상사고,0,0,2,1,차대차 - 측면충돌,안전운전불이행,건조,맑음,단일로 - 기타,화물,남,30세,부상신고,승용,남,25세,경상
2017071700100296,2017년 7월 17일 13시,월요일,경상남도 김해시 내동,경상사고,0,0,1,0,차대사람 - 횡단중,안전운전불이행,건조,맑음,단일로 - 기타,승용,여,36세,상해없음,보행자,여,39세,경상
2017071700100297,2017년 7월 17일 13시,월요일,경상남도 창원시 의창구 중동,중상사고,0,1,0,0,차대차 - 기타,차로위반,건조,맑음,단일로 - 기타,승용,여,55세,상해없음,승합,남,49세,상해없음
2017071700100331,2017년 7월 17일 14시,월요일,경상남도 창원시 마산합포구 우산동,중상사고,0,1,0,0,차대차 - 측면충돌,안전운전불이행,건조,맑음,단일로 - 기타,승합,남,46세,상해없음,이륜,남,70세,중상
2017071700100332,2017년 7월 17일 14시,월요일,경상남도 양산시 북부동,중상사고,0,1,0,0,차대차 - 측면충돌,안전운전불이행,건조,맑음,단일로 - 기타,건설기계,남,71세,상해없음,건설기계,남,32세,중상
2017071700100333,2017년 7월 17일 14시,월요일,경상남도 거제시 상동동,경상사고,0,0,1,0,차대차 - 기타,신호위반,건조,맑음,교차로 - 교차로안,화물,여,64세,상해없음,승용,여,32세,경상
2017071700100366,2017년 7월 17일 15시,월요일,경상남도 김해시 삼방동,경상사고,0,0,1,0,차대차 - 기타,안전운전불이행,건조,흐림,단일로 - 기타,승용,여,53세,경상,화물,남,39세,기타불명
2017071700100402,2017년 7월 17일 16시,월요일,경상남도 통영시 인평동,중상사고,0,1,0,0,차대사람 - 차도통행중,기타,건조,맑음,단일로 - 기타,승합,남,64세,상해없음,보행자,여,70세,중상
2017071700100403,2017년 7월 17일 16시,월요일,경상남도 합천군 가회면,경상사고,0,0,1,0,차대차 - 측면충돌,안전운전불이행,젖음/습기,비,기타 - 기타,농기계,남,83세,경상,화물,남,61세,기타불명
2017071700100404,2017년 7월 17일 16시,월요일,경상남도 양산시 명동,경상사고,0,0,1,0,차대차 - 측면충돌,중앙선침범,건조,맑음,단일로 - 기타,승용,남,56세,상해없음,승용,여,52세,경상
2017071700100439,2017년 7월 17일 17시,월요일,경상남도 창원시 의창구 동읍,경상사고,0,0,1,0,차대사람 - 횡단중,신호위반,건조,맑음,단일로 - 기타,화물,남,31세,상해없음,보행자,남,90세 이상,경상
2017071700100478,2017년 7월 17일 18시,월요일,경상남도 거창군 거창읍,경상사고,0,0,1,0,차대사람 - 횡단중,안전운전불이행,젖음/습기,흐림,단일로 - 기타,승용,여,54세,상해없음,보행자,여,13세,경상
2017071700100511,2017년 7월 17일 19시,월요일,경상남도 사천시 향촌동,중상사고,0,1,0,0,차대차 - 측면충돌,교차로운행방법위반,젖음/습기,비,교차로 - 교차로안,승용,남,63세,상해없음,자전거,남,73세,중상
2017071700100536,2017년 7월 17일 20시,월요일,경상남도 창원시 진해구 풍호동,중상사고,0,1,0,0,차대사람 - 횡단중,안전운전불이행,젖음/습기,흐림,단일로 - 기타,원동기,남,47세,상해없음,보행자,여,61세,중상
2017071700100569,2017년 7월 17일 21시,월요일,경상남도 거제시 장승포동,중상사고,0,1,0,0,차대사람 - 횡단중,보행자보호의무위반,기타,기타,단일로 - 기타,승용,여,50세,상해없음,보행자,남,53세,중상
2017071700100570,2017년 7월 17일 21시,월요일,경상남도 거제시 아주동,경상사고,0,0,1,0,차대차 - 기타,직진우회전진행방해,기타,기타,교차로 - 교차로안,승용,여,56세,상해없음,이륜,남,34세,경상
2017071700100571,2017년 7월 17일 21시,월요일,경상남도 창원시 의창구 팔용동,경상사고,0,0,1,0,차대차 - 측면충돌,안전운전불이행,건조,맑음,교차로 - 교차로안,승용,여,38세,상해없음,원동기,남,17세,경상
2017071700100596,2017년 7월 17일 22시,월요일,경상남도 창원시 성산구 대방동,중상사고,0,2,0,0,차대차 - 측면충돌,신호위반,젖음/습기,비,교차로 - 교차로안,승용,남,50세,상해없음,승용,남,42세,중상
2017071700100620,2017년 7월 17일 23시,월요일,경상남도 양산시 유산동,중상사고,0,2,0,0,차대차 - 측면충돌,안전운전불이행,젖음/습기,비,단일로 - 기타,자전거,남,54세,중상,자전거,남,45세,중상
2017071800100032,2017년 7월 18일 00시,화요일,경상남도 창원시 성산구 상남동,경상사고,0,0,1,0,차대차 - 기타,안전운전불이행,젖음/습기,비,단일로 - 기타,승합,남,50세,상해없음,이륜,남,19세,경상
2017071800100045,2017년 7월 18일 01시,화요일,경상남도 김해시 외동,경상사고,0,0,2,0,차대차 - 측면충돌,안전운전불이행,젖음/습기,비,교차로 - 교차로안,승용,여,49세,상해없음,승용,남,53세,경상
2017071800100059,2017년 7월 18일 03시,화요일,경상남도 김해시 진영읍,경상사고,0,0,1,0,차대차 - 측면충돌,신호위반,젖음/습기,비,교차로 - 교차로안,승용,남,28세,기타불명,승용,남,24세,경상
2017071800100095,2017년 7월 18일 07시,화요일,경상남도 김해시 삼방동,경상사고,0,0,1,0,차대사람 - 차도통행중,안전운전불이행,건조,흐림,단일로 - 기타,승용,여,28세,상해없음,보행자,남,44세,경상
2017071800100096,2017년 7월 18일 07시,화요일,경상남도 함안군 칠서면,경상사고,0,0,1,0,차대차 - 추돌,안전운전불이행,건조,맑음,단일로 - 교량,이륜,여,28세,상해없음,승용,여,27세,경상
2017071800100151,2017년 7월 18일 09시,화요일,경상남도 창녕군 부곡면,부상신고사고,0,0,0,1,차량단독 - 전도전복 - 전도,안전운전불이행,건조,맑음,단일로 - 기타,이륜,여,59세,부상신고,,,,
2017071800100203,2017년 7월 18일 11시,화요일,경상남도 의령군 칠곡면,중상사고,0,2,0,0,차대차 - 측면충돌,중앙선침범,건조,맑음,단일로 - 기타,승용,남,77세,중상,승용,남,67세,중상
2017071800100204,2017년 7월 18일 11시,화요일,경상남도 김해시 대청동,중상사고,0,1,0,0,차대차 - 측면충돌,신호위반,건조,맑음,교차로 - 교차로안,승용,남,63세,상해없음,원동기,남,24세,중상
2017071800100228,2017년 7월 18일 12시,화요일,경상남도 밀양시 삼문동,중상사고,0,1,0,0,차대차 - 측면충돌,안전운전불이행,건조,맑음,단일로 - 기타,원동기,남,80세,중상,건설기계,남,43세,상해없음