사고번호,사고일시,요일,시군구,사고내용,사망자수,중상자수,경상자수,부상신고자수,사고유형,법규위반,노면상태,기상상태,도로형태,가해운전자 차종,가해운전자 성별,가해운전자 연령,가해운전자 상해정도,피해운전자 차종,피해운전자 성별,피해운전자 연령,피해운전자 상해정도
2017071800100229,2017년 7월 18일 12시,화요일,경상남도 거창군 거창읍,부상신고사고,0,0,0,1,차대차 - 추돌,안전운전불이행,건조,흐림,단일로 - 교량,승용,여,56세,기타불명,화물,남,46세,부상신고
2017071800100230,2017년 7월 18일 12시,화요일,경상남도 창녕군 계성면,사망사고,1,0,0,0,차대차 - 측면충돌,안전운전불이행,건조,맑음,단일로 - 기타,화물,남,39세,상해없음,이륜,남,59세,사망
2017071800100245,2017년 7월 18일 13시,화요일,경상남도 양산시 하북면,경상사고,0,0,1,0,차대차 - 추돌,안전거리미확보,건조,맑음,단일로 - 기타,특수,남,45세,상해없음,승용,남,26세,경상
2017071800100259,2017년 7월 18일 13시,화요일,경상남도 창원시 진해구 덕산동,경상사고,0,0,1,0,차대사람 - 횡단중,보행자보호의무위반,건조,맑음,교차로 - 교차로안,승용,남,73세,상해없음,보행자,남,7세,경상
2017071800100260,2017년 7월 18일 13시,화요일,경상남도 고성군 고성읍,경상사고,0,0,1,1,차대차 - 측면충돌,차로위반,건조,맑음,단일로 - 기타,승용,남,65세,상해없음,승용,남,51세,경상
2017071800100270,2017년 7월 18일 14시,화요일,경상남도 김해시 진례면,경상사고,0,0,1,0,차대차 - 추돌,안전거리미확보,건조,맑음,단일로 - 기타,특수,남,45세,상해없음,승용,여,58세,경상
2017071800100352,2017년 7월 18일 16시,화요일,경상남도 양산시 동면,중상사고,0,1,0,0,차대차 - 측면충돌,안전운전불이행,건조,맑음,교차로 - 교차로안,승합,남,55세,상해없음,이륜,남,38세,중상
2017071800100378,2017년 7월 18일 17시,화요일,경상남도 창원시 진해구 용원동,경상사고,0,0,1,0,차대차 - 추돌,안전운전불이행,건조,맑음,교차로 - 교차로부근,화물,남,56세,상해없음,승용,남,36세,상해없음
2017071800100379,2017년 7월 18일 17시,화요일,경상남도 김해시 삼방동,중상사고,0,1,0,0,차대사람 - 횡단중,안전운전불이행,건조,맑음,단일로 - 기타,이륜,남,24세,상해없음,보행자,남,61세,중상
2017071800100380,2017년 7월 18일 17시,화요일,경상남도 거제시 연초면,사망사고,1,0,0,0,차대차 - 측면충돌,중앙선침범,건조,맑음,기타 - 기타,화물,남,48세,상해없음,이륜,남,27세,사망
2017071800100381,2017년 7월 18일 17시,화요일,경상남도 거제시 수월동,중상사고,0,1,0,0,차대차 - 기타,안전운전불이행,건조,맑음,교차로 - 교차로부근,승용,여,46세,상해없음,승용,여,37세,중상
2017071800100423,2017년 7월 18일 18시,화요일,경상남도 김해시 진례면,경상사고,0,0,1,0,차대차 - 측면충돌,교차로운행방법위반,건조,맑음,교차로 - 교차로안,농기계,남,74세,경상,승용,여,34세,상해없음
2017071800100450,2017년 7월 18일 19시,화요일,경상남도 김해시 삼계동,경상사고,0,0,4,0,차대차 - 측면충돌,직진우회전진행방해,건조,맑음,교차로 - 교차로안,승용,남,51세,경상,승용,여,29세,경상
2017071800100512,2017년 7월 18일 21시,화요일,경상남도 창녕군 남지읍,중상사고,0,2,0,0,차대차 - 추돌,안전운전불이행,건조,맑음,단일로 - 기타,승용,남,22세,상해없음,승용,남,58세,중상
2017071800100513,2017년 7월 18일 21시,화요일,경상남도 거제시 아주동,중상사고,0,1,0,0,차대사람 - 차도통행중,안전운전불이행,건조,맑음,단일로 - 기타,승용,남,55세,상해없음,보행자,남,47세,중상
2017071800100534,2017년 7월 18일 22시,화요일,경상남도 창원시 진해구 풍호동,중상사고,0,1,0,0,차대사람 - 횡단중,안전운전불이행,건조,맑음,교차로 - 교차로부근,승용,남,30세,상해없음,보행자,남,56세,중상
2017071900100087,2017년 7월 19일 05시,수요일,경상남도 창원시 의창구 동읍,사망사고,1,0,0,0,차량단독 - 전도전복,안전운전불이행,건조,맑음,단일로 - 기타,화물,남,69세,사망,미분류,미분류,미분류,미분류
2017071900100168,2017년 7월 19일 09시,수요일,경상남도 김해시 안동,중상사고,0,1,0,0,차대차 - 기타,안전거리미확보,건조,맑음,단일로 - 기타,특수,남,53세,상해없음,승용,여,31세,중상
2017071900100169,2017년 7월 19일 09시,수요일,경상남도 창녕군 창녕읍,중상사고,0,1,1,0,차대차 - 기타,안전운전불이행,건조,맑음,단일로 - 기타,승용,여,34세,상해없음,이륜,남,72세,경상
2017071900100221,2017년 7월 19일 11시,수요일,경상남도 양산시 물금읍,중상사고,0,1,0,0,차대차 - 측면충돌,안전거리미확보,건조,맑음,단일로 - 기타,화물,남,66세,상해없음,승용,여,56세,중상
2017071900100253,2017년 7월 19일 12시,수요일,경상남도 사천시 곤양면,중상사고,0,1,2,0,차대차 - 측면충돌,교차로운행방법위반,건조,맑음,교차로 - 교차로안,승용,여,53세,상해없음,승용,여,52세,중상
2017071900100254,2017년 7월 19일 12시,수요일,경상남도 창원시 마산회원구 양덕동,중상사고,0,1,0,0,차대차 - 측면충돌,신호위반,건조,맑음,교차로 - 교차로부근,화물,남,69세,상해없음,자전거,여,39세,중상
2017071900100255,2017년 7월 19일 12시,수요일,경상남도 김해시 진례면,중상사고,0,1,0,0,차대차 - 측면충돌,신호위반,건조,맑음,교차로 - 교차로안,이륜,남,73세,상해없음,승용,남,49세,상해없음
2017071900100267,2017년 7월 19일 13시,수요일,경상남도 김해시 강동,경상사고,0,0,1,0,차대차 - 측면충돌,안전거리미확보,건조,맑음,단일로 - 기타,승용,여,34세,상해없음,승용,남,37세,경상
2017071900100279,2017년 7월 19일 13시,수요일,경상남도 함양군 서상면,경상사고,0,0,1,0,차량단독 - 전도전복,안전운전불이행,건조,맑음,단일로 - 기타,화물,남,61세,경상,미분류,미분류,미분류,미분류
2017071900100280,2017년 7월 19일 13시,수요일,경상남도 거제시 사등면,경상사고,0,0,1,0,차대차 - 기타,안전운전불이행,건조,맑음,단일로 - 기타,승용,여,58세,상해없음,승용,여,54세,경상
2017071900100281,2017년 7월 19일 13시,수요일,경상남도 의령군 의령읍,중상사고,0,1,0,0,차대차 - 측면충돌,교차로운행방법위반,건조,맑음,교차로 - 교차로안,승용,여,51세,상해없음,이륜,남,69세,중상
2017071900100338,2017년 7월 19일 15시,수요일,경상남도 통영시 용남면,중상사고,0,1,0,0,차대차 - 측면충돌,중앙선침범,건조,맑음,단일로 - 기타,화물,남,27세,상해없음,화물,남,52세,중상
2017071900100339,2017년 7월 19일 15시,수요일,경상남도 거창군 거창읍,중상사고,0,1,1,0,차대차 - 측면충돌,직진우회전진행방해,건조,맑음,교차로 - 교차로안,승용,여,38세,중상,승용,남,24세,경상
2017071900100340,2017년 7월 19일 15시,수요일,경상남도 함양군 지곡면,경상사고,0,0,2,0,차대차 - 측면충돌,신호위반,건조,맑음,교차로 - 교차로안,승용,여,46세,상해없음,화물,남,50세,경상
2017071900100341,2017년 7월 19일 15시,수요일,경상남도 김해시 대청동,경상사고,0,0,1,0,차대차 - 측면충돌,안전운전불이행,건조,맑음,단일로 - 기타,화물,여,38세,상해없음,이륜,남,66세,경상
2017071900100386,2017년 7월 19일 16시,수요일,경상남도 창원시 진해구 충무동,경상사고,0,0,1,0,차대차 - 측면충돌,안전운전불이행,건조,맑음,단일로 - 기타,승용,남,46세,기타불명,승용,여,36세,경상
2017071900100387,2017년 7월 19일 16시,수요일,경상남도 사천시 향촌동,중상사고,0,1,0,4,차대차 - 측면충돌,직진우회전진행방해,건조,맑음,교차로 - 교차로안,승용,여,47세,상해없음,승용,여,43세,부상신고
2017071900100388,2017년 7월 19일 16시,수요일,경상남도 함양군 서하면,중상사고,0,1,0,0,차대차 - 정면충돌,중앙선침범,건조,맑음,단일로 - 기타,승용,남,71세,상해없음,승용,여,35세,중상
2017071900100389,2017년 7월 19일 16시,수요일,경상남도 양산시 남부동,경상사고,0,0,1,0,차대차 - 정면충돌,중앙선침범,건조,맑음,주차장 - 주차장,승용,여,44세,상해없음,승용,남,56세,경상
2017071900100437,2017년 7월 19일 17시,수요일,경상남도 창원시 마산합포구 진동면,사망사고,1,0,0,0,차대차 - 측면충돌,안전운전불이행,건조,맑음,단일로 - 기타,승용,남,48세,상해없음,원동기,남,77세,사망
2017071900100459,2017년 7월 19일 18시,수요일,경상남도 김해시 대동면,중상사고,0,2,3,0,차대차 - 추돌,안전운전불이행,건조,맑음,단일로 - 기타,화물,남,59세,상해없음,승용,남,51세,경상
2017071900100479,2017년 7월 19일 18시,수요일,경상남도 김해시 주촌면,중상사고,0,1,0,0,차대차 - 측면충돌,신호위반,건조,맑음,교차로 - 교차로안,승용,여,57세,상해없음,승용,여,50세,중상
2017071900100553,2017년 7월 19일 20시,수요일,경상남도 사천시 정동면,경상사고,0,0,1,0,차대차 - 측면충돌,안전운전불이행,건조,맑음,단일로 - 기타,자전거,남,12세,상해없음,자전거,여,54세,경상
2017071900100554,2017년 7월 19일 20시,수요일,경상남도 창녕군 계성면,사망사고,1,1,0,0,차대차 - 기타,안전운전불이행,건조,맑음,단일로 - 기타,승용,남,37세,상해없음,이륜,여,47세,중상
2017072000100034,2017년 7월 20일 00시,목요일,경상남도 창원시 성산구 성주동,중상사고,0,3,0,0,차대차 - 정면충돌,신호위반,건조,맑음,교차로 - 교차로안,승용,여,55세,상해없음,승용,남,48세,중상
2017072000100067,2017년 7월 20일 04시,목요일,경상남도 창원시 의창구 동정동,경상사고,0,0,1,0,차대차 - 측면충돌,안전운전불이행,건조,맑음,교차로 - 교차로안,승용,남,51세,상해없음,승용,남,57세,경상
2017072000100068,2017년 7월 20일 04시,목요일,경상남도 창원시 의창구 봉곡동,경상사고,0,0,1,0,차대차 - 추돌,안전운전불이행,건조,맑음,단일로 - 기타,승용,남,30세,상해없음,승용,남,55세,경상
2017072000100077,2017년 7월 20일 05시,목요일,경상남도 사천시 사천읍,중상사고,0,1,0,0,차대차 - 측면충돌,직진우회전진행방해,건조,맑음,교차로 - 교차로안,승용,남,40세,상해없음,자전거,여,59세,중상
2017072000100112,2017년 7월 20일 07시,목요일,경상남도 창원시 의창구 명서동,경상사고,0,0,2,0,차대차 - 측면충돌,안전운전불이행,건조,맑음,교차로 - 교차로안,승용,남,32세,상해없음,원동기,남,20세,경상
2017072000100182,2017년 7월 20일 09시,목요일,경상남도 통영시 용남면,경상사고,0,0,2,0,차대차 - 측면충돌,교차로운행방법위반,건조,맑음,교차로 - 교차로안,승용,남,39세,상해없음,승용,남,65세,상해없음
2017072000100183,2017년 7월 20일 09시,목요일,경상남도 사천시 서동,경상사고,0,0,1,0,차대차 - 후진중충돌,안전운전불이행,건조,맑음,단일로 - 기타,화물,남,65세,상해없음,승용,여,54세,상해없음
2017072000100194,2017년 7월 20일 10시,목요일,경상남도 밀양시 상남면,사망사고,1,0,0,0,차대차 - 추돌,안전거리미확보,건조,맑음,단일로 - 기타,화물,남,55세,상해없음,화물,남,56세,상해없음
2017072000100211,2017년 7월 20일 10시,목요일,경상남도 창녕군 창녕읍,경상사고,0,0,1,0,차대차 - 측면충돌,안전운전불이행,건조,맑음,교차로 - 교차로안,이륜,남,70세,경상,승용,여,25세,상해없음
2017072000100244,2017년 7월 20일 11시,목요일,경상남도 양산시 동면,중상사고,0,1,0,0,차대차 - 정면충돌,안전운전불이행,건조,맑음,단일로 - 기타,승합,남,64세,상해없음,원동기,남,69세,중상
2017072000100245,2017년 7월 20일 11시,목요일,경상남도 양산시 북정동,경상사고,0,0,1,0,차대차 - 기타,안전운전불이행,건조,맑음,단일로 - 기타,승용,남,70세,상해없음,화물,남,35세,경상
2017072000100246,2017년 7월 20일 11시,목요일,경상남도 하동군 금남면,중상사고,0,1,0,0,차대차 - 측면충돌,안전운전불이행,건조,맑음,교차로 - 교차로안,화물,남,29세,상해없음,농기계,남,81세,중상
2017072000100247,2017년 7월 20일 11시,목요일,경상남도 남해군 창선면,중상사고,0,1,0,0,차대차 - 측면충돌,기타,건조,맑음,단일로 - 기타,승용,남,64세,상해없음,자전거,남,62세,중상
2017072000100248,2017년 7월 20일 11시,목요일,경상남도 김해시 무계동,경상사고,0,0,1,0,차대차 - 추돌,안전운전불이행,건조,맑음,단일로 - 기타,승용,남,68세,상해없음,승용,남,34세,경상
2017072000100276,2017년 7월 20일 12시,목요일,경상남도 창원시 마산합포구 현동,중상사고,0,1,0,0,차량단독 - 기타,안전운전불이행,건조,맑음,교차로 - 교차로부근,승합,남,55세,상해없음,,,,
2017072000100277,2017년 7월 20일 12시,목요일,경상남도 창원시 진해구 경화동,경상사고,0,0,1,0,차대차 - 후진중충돌,안전운전불이행,건조,맑음,교차로 - 교차로부근,승용,남,48세,상해없음,승용,남,53세,경상
2017072000100278,2017년 7월 20일 12시,목요일,경상남도 사천시 사천읍,경상사고,0,0,1,0,차대차 - 측면충돌,직진우회전진행방해,건조,맑음,교차로 - 교차로안,승용,여,31세,상해없음,승용,여,56세,경상
2017072000100279,2017년 7월 20일 12시,목요일,경상남도 함안군 가야읍,경상사고,0,0,1,0,차량단독 - 전도전복,안전운전불이행,건조,맑음,단일로 - 기타,이륜,남,79세,경상,미분류,미분류,미분류,미분류
2017072000100280,2017년 7월 20일 12시,목요일,경상남도 창원시 성산구 중앙동,중상사고,0,1,0,0,차대차 - 측면충돌,신호위반,건조,맑음,교차로 - 교차로안,승용,여,49세,상해없음,원동기,남,45세,중상
2017072000100308,2017년 7월 20일 13시,목요일,경상남도 창원시 진해구 죽곡동,부상신고사고,0,0,0,1,차대차 - 측면충돌,교차로운행방법위반,건조,맑음,교차로 - 교차로안,승용,여,38세,부상신고,건설기계,남,37세,상해없음
2017072000100351,2017년 7월 20일 15시,목요일,경상남도 사천시 벌리동,경상사고,0,0,1,0,차대차 - 측면충돌,직진우회전진행방해,건조,맑음,교차로 - 교차로안,승용,남,46세,상해없음,화물,남,30세,경상
2017072000100352,2017년 7월 20일 15시,목요일,경상남도 김해시 외동,경상사고,0,0,1,0,차대사람 - 기타,보행자보호의무위반,건조,맑음,단일로 - 기타,기타불명,기타불명,미분류,기타불명,보행자,여,9세,경상
2017072000100353,2017년 7월 20일 15시,목요일,경상남도 창원시 성산구 상남동,중상사고,0,1,0,0,차대사람 - 횡단중,안전운전불이행,건조,맑음,교차로 - 교차로안,승용,여,56세,상해없음,보행자,여,20세,중상
2017072000100381,2017년 7월 20일 16시,목요일,경상남도 통영시 명정동,경상사고,0,0,1,0,차대차 - 측면충돌,신호위반,건조,맑음,교차로 - 교차로안,승용,남,55세,상해없음,이륜,남,37세,경상
2017072000100382,2017년 7월 20일 16시,목요일,경상남도 합천군 용주면,중상사고,0,1,0,0,차량단독 - 전도전복 - 전도,안전운전불이행,건조,맑음,기타 - 기타,농기계,남,64세,중상,,,,
2017072000100383,2017년 7월 20일 16시,목요일,경상남도 거제시 문동동,경상사고,0,0,3,0,차대차 - 측면충돌,교차로운행방법위반,건조,맑음,교차로 - 교차로안,승용,남,44세,상해없음,승용,여,55세,경상
2017072000100416,2017년 7월 20일 17시,목요일,경상남도 창원시 마산합포구 현동,경상사고,0,0,1,0,차대차 - 측면충돌,기타,건조,맑음,교차로 - 교차로부근,화물,남,62세,상해없음,이륜,남,37세,경상
2017072000100417,2017년 7월 20일 17시,목요일,경상남도 창원시 진해구 용원동,경상사고,0,0,1,0,차대차 - 후진중충돌,안전운전불이행,건조,맑음,교차로 - 교차로부근,승용,남,38세,상해없음,이륜,남,17세,경상
2017072000100418,2017년 7월 20일 17시,목요일,경상남도 김해시 서상동,경상사고,0,0,1,0,차대사람 - 횡단중,안전운전불이행,건조,맑음,단일로 - 기타,이륜,남,17세,상해없음,보행자,남,64세,경상
2017072000100419,2017년 7월 20일 17시,목요일,경상남도 거창군 마리면,경상사고,0,0,1,0,차대사람 - 길가장자리구역통행중,안전운전불이행,건조,맑음,교차로 - 교차로부근,승용,남,61세,상해없음,보행자,여,16세,경상
2017072000100420,2017년 7월 20일 17시,목요일,경상남도 산청군 신안면,경상사고,0,0,2,0,차대차 - 정면충돌,교차로운행방법위반,건조,맑음,교차로 - 교차로안,승용,남,59세,상해없음,화물,남,45세,경상
2017072000100468,2017년 7월 20일 18시,목요일,경상남도 김해시 외동,부상신고사고,0,0,0,1,차대차 - 기타,신호위반,건조,맑음,교차로 - 교차로횡단보도내,승용,남,22세,상해없음,원동기,남,20세,부상신고
2017072000100469,2017년 7월 20일 18시,목요일,경상남도 창원시 의창구 소답동,경상사고,0,0,1,0,차대차 - 측면충돌,교차로운행방법위반,건조,맑음,교차로 - 교차로안,승용,남,40세,상해없음,이륜,남,22세,경상
2017072000100504,2017년 7월 20일 19시,목요일,경상남도 창원시 마산합포구 진동면,경상사고,0,0,1,0,차대사람 - 횡단중,안전운전불이행,건조,맑음,기타 - 기타,이륜,남,62세,상해없음,보행자,여,72세,경상
2017072000100536,2017년 7월 20일 20시,목요일,경상남도 사천시 용현면,중상사고,0,1,2,0,차대차 - 측면충돌,중앙선침범,건조,맑음,단일로 - 기타,승용,여,42세,상해없음,승용,여,59세,경상
2017072000100537,2017년 7월 20일 20시,목요일,경상남도 김해시 외동,경상사고,0,0,1,0,차대차 - 측면충돌,안전운전불이행,건조,맑음,단일로 - 기타,승합,남,56세,상해없음,승용,남,23세,경상
2017072000100563,2017년 7월 20일 21시,목요일,경상남도 거제시 고현동,경상사고,0,0,1,0,차대차 - 측면충돌,직진우회전진행방해,건조,맑음,교차로 - 교차로안,승용,남,45세,기타불명,이륜,남,24세,경상
2017072000100564,2017년 7월 20일 21시,목요일,경상남도 김해시 율하동,중상사고,0,1,1,0,차대차 - 추돌,안전운전불이행,건조,맑음,교차로 - 교차로부근,승용,여,32세,상해없음,승용,여,58세,경상
2017072100100029,2017년 7월 21일 00시,금요일,경상남도 김해시 어방동,경상사고,0,0,3,0,차대차 - 측면충돌,안전운전불이행,건조,맑음,교차로 - 교차로안,화물,남,42세,상해없음,승용,남,25세,경상
2017072100100030,2017년 7월 21일 00시,금요일,경상남도 하동군 금남면,사망사고,1,0,0,0,차량단독 - 전도전복,안전운전불이행,건조,맑음,단일로 - 기타,화물,남,54세,사망,미분류,미분류,미분류,미분류
2017072100100056,2017년 7월 21일 04시,금요일,경상남도 함안군 군북면,중상사고,0,1,1,0,차량단독 - 공작물충돌,안전운전불이행,건조,맑음,단일로 - 기타,승용,남,22세,경상,,,,
2017072100100064,2017년 7월 21일 05시,금요일,경상남도 남해군 삼동면,경상사고,0,0,1,0,차대사람 - 차도통행중,안전운전불이행,건조,맑음,단일로 - 기타,화물,남,61세,상해없음,보행자,남,67세,경상
2017072100100074,2017년 7월 21일 06시,금요일,경상남도 김해시 주촌면,중상사고,0,1,0,0,차대차 - 측면충돌,신호위반,건조,맑음,교차로 - 교차로안,승용,여,48세,상해없음,승용,남,55세,중상
2017072100100090,2017년 7월 21일 07시,금요일,경상남도 김해시 불암동,부상신고사고,0,0,0,3,차대차 - 추돌,안전운전불이행,건조,맑음,교차로 - 교차로부근,승합,남,49세,상해없음,화물,남,42세,상해없음
2017072100100091,2017년 7월 21일 07시,금요일,경상남도 양산시 상북면,중상사고,0,2,0,0,차대차 - 정면충돌,중앙선침범,건조,맑음,단일로 - 기타,화물,여,65세,상해없음,화물,남,64세,중상
2017072100100092,2017년 7월 21일 07시,금요일,경상남도 김해시 관동동,경상사고,0,0,1,0,차대차 - 후진중충돌,안전운전불이행,건조,맑음,기타 - 기타,승용,남,51세,상해없음,승용,남,33세,경상
2017072100100127,2017년 7월 21일 08시,금요일,경상남도 사천시 죽림동,중상사고,0,1,2,0,차대차 - 추돌,안전운전불이행,건조,맑음,단일로 - 기타,승용,남,55세,상해없음,승용,남,46세,중상
2017072100100156,2017년 7월 21일 09시,금요일,경상남도 함양군 함양읍,부상신고사고,0,0,0,1,차대차 - 측면충돌,교차로운행방법위반,건조,맑음,교차로 - 교차로안,원동기,남,64세,부상신고,화물,남,40세,상해없음
2017072100100157,2017년 7월 21일 09시,금요일,경상남도 거제시 고현동,경상사고,0,0,1,0,차대차 - 정면충돌,신호위반,건조,맑음,교차로 - 교차로안,승합,남,60세,상해없음,승용,여,30세,경상
2017072100100158,2017년 7월 21일 09시,금요일,경상남도 창원시 의창구 북면,경상사고,0,0,1,0,차대차 - 측면충돌,신호위반,건조,맑음,교차로 - 교차로안,승용,여,51세,상해없음,승용,남,54세,경상
2017072100100196,2017년 7월 21일 10시,금요일,경상남도 창원시 마산합포구 진북면,중상사고,0,1,0,0,차대차 - 측면충돌,안전거리미확보,건조,맑음,단일로 - 터널,특수,남,46세,상해없음,화물,남,31세,중상
2017072100100197,2017년 7월 21일 10시,금요일,경상남도 창원시 의창구 봉곡동,경상사고,0,0,1,0,차대사람 - 횡단중,안전운전불이행,건조,맑음,교차로 - 교차로안,승용,여,55세,상해없음,보행자,남,21세,경상
2017072100100198,2017년 7월 21일 10시,금요일,경상남도 김해시 주촌면,중상사고,0,1,1,0,차대차 - 기타,안전운전불이행,건조,맑음,단일로 - 기타,화물,남,58세,상해없음,화물,남,38세,상해없음
2017072100100227,2017년 7월 21일 11시,금요일,경상남도 김해시 부원동,중상사고,0,1,0,0,차대차 - 추돌,안전운전불이행,건조,맑음,단일로 - 기타,승용,남,29세,상해없음,승용,남,29세,중상
2017072100100256,2017년 7월 21일 12시,금요일,경상남도 진주시 인사동,중상사고,0,1,1,0,차대차 - 추돌,안전운전불이행,건조,맑음,단일로 - 기타,승용,남,48세,상해없음,승용,남,47세,경상
2017072100100292,2017년 7월 21일 13시,금요일,경상남도 김해시 서상동,중상사고,0,1,0,0,차대사람 - 횡단중,보행자보호의무위반,건조,맑음,교차로 - 교차로횡단보도내,승용,남,55세,상해없음,보행자,여,75세,중상
2017072100100293,2017년 7월 21일 13시,금요일,경상남도 거제시 연초면,중상사고,0,2,1,0,차대차 - 추돌,안전거리미확보,건조,맑음,단일로 - 기타,건설기계,남,44세,상해없음,승용,남,58세,중상
2017072100100294,2017년 7월 21일 13시,금요일,경상남도 거제시 아주동,경상사고,0,0,1,0,차대차 - 정면충돌,안전운전불이행,건조,맑음,단일로 - 기타,승합,남,62세,상해없음,화물,남,38세,경상
2017072100100357,2017년 7월 21일 15시,금요일,경상남도 창원시 마산합포구 진북면,중상사고,0,1,2,0,차대차 - 측면충돌,안전운전불이행,건조,맑음,단일로 - 기타,승합,남,52세,상해없음,승용,남,33세,경상
2017072100100398,2017년 7월 21일 16시,금요일,경상남도 통영시 정량동,경상사고,0,0,1,0,차대사람 - 횡단중,안전운전불이행,건조,맑음,단일로 - 기타,승용,남,35세,상해없음,보행자,여,69세,경상
2017072100100399,2017년 7월 21일 16시,금요일,경상남도 밀양시 삼랑진읍,경상사고,0,0,1,0,차대차 - 측면충돌,안전운전불이행,건조,맑음,교차로 - 교차로안,승용,남,74세,상해없음,이륜,남,35세,경상
2017072100100400,2017년 7월 21일 16시,금요일,경상남도 김해시 한림면,경상사고,0,0,1,0,차대차 - 추돌,안전운전불이행,건조,맑음,단일로 - 기타,화물,남,38세,상해없음,화물,남,58세,경상
2017072100100401,2017년 7월 21일 16시,금요일,경상남도 김해시 대청동,중상사고,0,1,0,0,차대차 - 측면충돌,안전운전불이행,건조,맑음,단일로 - 기타,승용,남,55세,상해없음,자전거,남,13세,중상
2017072100100441,2017년 7월 21일 17시,금요일,경상남도 진주시 하대동,경상사고,0,0,1,0,차대차 - 추돌,안전운전불이행,건조,맑음,단일로 - 기타,승용,남,28세,상해없음,승용,여,33세,경상
2017072100100442,2017년 7월 21일 17시,금요일,경상남도 통영시 정량동,경상사고,0,0,1,0,차대사람 - 차도통행중,안전운전불이행,건조,맑음,단일로 - 기타,승용,여,57세,상해없음,보행자,남,41세,경상
2017072100100443,2017년 7월 21일 17시,금요일,경상남도 창녕군 창녕읍,경상사고,0,0,1,0,차대차 - 추돌,안전운전불이행,건조,맑음,단일로 - 기타,승용,여,63세,상해없음,승용,남,42세,경상
2017072100100444,2017년 7월 21일 17시,금요일,경상남도 양산시 중부동,경상사고,0,0,1,0,차대차 - 측면충돌,교차로운행방법위반,건조,맑음,교차로 - 교차로안,승용,남,57세,상해없음,이륜,남,16세,경상
2017072100100522,2017년 7월 21일 19시,금요일,경상남도 사천시 정동면,중상사고,0,1,0,0,차대사람 - 길가장자리구역통행중,안전운전불이행,건조,맑음,단일로 - 기타,승용,남,48세,상해없음,보행자,남,22세,중상
2017072100100523,2017년 7월 21일 19시,금요일,경상남도 하동군 적량면,경상사고,0,0,1,0,차량단독 - 전도전복,안전운전불이행,건조,맑음,단일로 - 기타,화물,남,50세,경상,미분류,미분류,미분류,미분류
2017072100100524,2017년 7월 21일 19시,금요일,경상남도 거제시 문동동,중상사고,0,2,2,0,차량단독 - 기타,안전운전불이행,건조,맑음,단일로 - 기타,승용,여,50세,경상,,,,
2017072100100561,2017년 7월 21일 20시,금요일,경상남도 함양군 서하면,중상사고,0,1,0,0,차대사람 - 기타,안전운전불이행,건조,맑음,교차로 - 교차로안,승용,남,51세,상해없음,보행자,여,80세,중상
2017072100100562,2017년 7월 21일 20시,금요일,경상남도 함양군 함양읍,경상사고,0,0,1,0,차대차 - 측면충돌,안전운전불이행,건조,맑음,단일로 - 기타,승용,남,25세,상해없음,승용,여,26세,경상
2017072100100593,2017년 7월 21일 21시,금요일,경상남도 거제시 아주동,경상사고,0,0,1,0,차대차 - 기타,신호위반,건조,맑음,교차로 - 교차로안,이륜,남,19세,상해없음,승용,남,34세,상해없음
2017072100100594,2017년 7월 21일 21시,금요일,경상남도 거제시 고현동,경상사고,0,0,1,0,차대차 - 정면충돌,안전운전불이행,건조,맑음,단일로 - 기타,화물,여,50세,상해없음,자전거,남,16세,경상
2017072100100625,2017년 7월 21일 22시,금요일,경상남도 거제시 장평동,중상사고,0,1,0,0,차대사람 - 기타,안전운전불이행,건조,맑음,기타 - 기타,승용,남,63세,상해없음,보행자,남,35세,중상
2017072100100658,2017년 7월 21일 23시,금요일,경상남도 통영시 봉평동,중상사고,0,1,0,0,차대사람 - 횡단중,안전운전불이행,건조,맑음,교차로 - 교차로부근,승용,남,30세,상해없음,보행자,남,46세,중상
2017072100100659,2017년 7월 21일 23시,금요일,경상남도 양산시 삼호동,경상사고,0,0,3,0,차대차 - 추돌,안전거리미확보,건조,흐림,단일로 - 기타,승용,남,37세,상해없음,승용,남,26세,경상
2017072200100069,2017년 7월 22일 02시,토요일,경상남도 양산시 삼호동,중상사고,0,1,1,0,차대차 - 측면충돌,안전운전불이행,건조,맑음,교차로 - 교차로안,승용,남,29세,중상,화물,남,42세,경상
2017072200100097,2017년 7월 22일 04시,토요일,경상남도 사천시 동금동,경상사고,0,0,1,0,차대차 - 측면충돌,안전운전불이행,건조,맑음,교차로 - 교차로안,화물,남,34세,상해없음,승용,남,53세,경상
2017072200100142,2017년 7월 22일 07시,토요일,경상남도 창원시 마산합포구 우산동,경상사고,0,0,3,0,차대차 - 추돌,안전거리미확보,건조,맑음,단일로 - 기타,승용,여,52세,경상,승용,남,44세,상해없음
2017072200100162,2017년 7월 22일 08시,토요일,경상남도 통영시 도산면,사망사고,1,0,0,0,차대사람 - 기타,안전운전불이행,건조,맑음,교차로 - 교차로부근,건설기계,남,32세,상해없음,보행자,여,81세,사망
2017072200100163,2017년 7월 22일 08시,토요일,경상남도 창원시 의창구 소계동,중상사고,0,1,0,0,차대사람 - 횡단중,안전운전불이행,건조,흐림,단일로 - 기타,승용,남,57세,상해없음,보행자,남,20세,중상