사고번호,사고일시,요일,시군구,사고내용,사망자수,중상자수,경상자수,부상신고자수,사고유형,법규위반,노면상태,기상상태,도로형태,가해운전자 차종,가해운전자 성별,가해운전자 연령,가해운전자 상해정도,피해운전자 차종,피해운전자 성별,피해운전자 연령,피해운전자 상해정도
2017072500100501,2017년 7월 25일 18시,화요일,경상남도 거제시 수월동,경상사고,0,0,1,0,차대차 - 기타,안전운전불이행,젖음/습기,비,단일로 - 기타,승용,여,40세,상해없음,승용,남,28세,기타불명
2017072500100502,2017년 7월 25일 18시,화요일,경상남도 창원시 마산합포구 산호동,중상사고,0,1,0,0,차대사람 - 길가장자리구역통행중,안전운전불이행,건조,맑음,교차로 - 교차로부근,승용,남,56세,상해없음,보행자,여,55세,중상
2017072500100528,2017년 7월 25일 19시,화요일,경상남도 거제시 장목면,중상사고,0,3,0,0,차대차 - 추돌,안전거리미확보,젖음/습기,흐림,단일로 - 기타,승용,남,30세,상해없음,승용,남,52세,중상
2017072500100559,2017년 7월 25일 20시,화요일,경상남도 창녕군 창녕읍,경상사고,0,0,1,0,차대차 - 측면충돌,안전운전불이행,건조,맑음,교차로 - 교차로안,승용,여,38세,상해없음,승용,여,45세,경상
2017072500100560,2017년 7월 25일 20시,화요일,경상남도 창녕군 도천면,사망사고,1,0,0,0,차대차 - 추돌,안전운전불이행,건조,맑음,단일로 - 기타,특수,남,28세,상해없음,이륜,남,52세,사망
2017072500100561,2017년 7월 25일 20시,화요일,경상남도 고성군 고성읍,중상사고,0,1,0,0,차대차 - 측면충돌,교차로운행방법위반,건조,맑음,교차로 - 교차로안,승용,남,45세,상해없음,이륜,남,19세,중상
2017072500100591,2017년 7월 25일 21시,화요일,경상남도 김해시 어방동,중상사고,0,1,0,0,차대차 - 측면충돌,교차로운행방법위반,건조,맑음,교차로 - 교차로안,화물,남,58세,상해없음,이륜,남,42세,중상
2017072500100620,2017년 7월 25일 22시,화요일,경상남도 사천시 정동면,경상사고,0,0,1,0,차대차 - 측면충돌,중앙선침범,건조,맑음,단일로 - 기타,승용,여,39세,상해없음,승용,여,52세,경상
2017072500100644,2017년 7월 25일 23시,화요일,경상남도 양산시 명동,경상사고,0,0,2,0,차대차 - 추돌,안전운전불이행,건조,맑음,교차로 - 교차로부근,승용,남,27세,상해없음,승용,남,54세,경상
2017072600100024,2017년 7월 26일 00시,수요일,경상남도 창원시 의창구 봉곡동,중상사고,0,1,0,0,차대사람 - 횡단중,안전운전불이행,건조,맑음,단일로 - 기타,승용,남,52세,상해없음,보행자,남,56세,중상
2017072600100091,2017년 7월 26일 06시,수요일,경상남도 김해시 부원동,중상사고,0,1,0,0,차대차 - 기타,안전운전불이행,건조,맑음,교차로 - 교차로횡단보도내,승용,여,29세,상해없음,자전거,여,64세,중상
2017072600100092,2017년 7월 26일 06시,수요일,경상남도 함안군 산인면,경상사고,0,0,2,0,차대차 - 추돌,안전거리미확보,건조,맑음,단일로 - 기타,화물,남,64세,경상,승용,남,72세,경상
2017072600100144,2017년 7월 26일 08시,수요일,경상남도 창원시 마산합포구 상남동,경상사고,0,0,1,0,차대사람 - 길가장자리구역통행중,안전운전불이행,건조,맑음,단일로 - 기타,화물,남,56세,상해없음,보행자,여,9세,경상
2017072600100145,2017년 7월 26일 08시,수요일,경상남도 의령군 의령읍,중상사고,0,1,0,0,차대차 - 측면충돌,안전운전불이행,건조,맑음,단일로 - 기타,승용,남,58세,상해없음,자전거,여,70세,중상
2017072600100182,2017년 7월 26일 09시,수요일,경상남도 창원시 진해구 통신동,경상사고,0,0,1,0,차대차 - 측면충돌,교차로운행방법위반,건조,맑음,교차로 - 교차로안,승용,여,46세,상해없음,원동기,남,39세,경상
2017072600100183,2017년 7월 26일 09시,수요일,경상남도 통영시 중앙동,경상사고,0,0,1,0,차대차 - 추돌,안전운전불이행,건조,맑음,교차로 - 교차로부근,승용,여,58세,상해없음,승용,여,35세,경상
2017072600100184,2017년 7월 26일 09시,수요일,경상남도 창녕군 남지읍,중상사고,0,1,0,0,차대사람 - 횡단중,보행자보호의무위반,건조,맑음,교차로 - 교차로횡단보도내,화물,남,65세,상해없음,보행자,여,15세,중상
2017072600100200,2017년 7월 26일 10시,수요일,경상남도 김해시 대동면,중상사고,0,1,1,0,차대차 - 추돌,안전거리미확보,건조,맑음,단일로 - 기타,화물,남,55세,상해없음,승용,여,44세,경상
2017072600100214,2017년 7월 26일 10시,수요일,경상남도 사천시 서동,경상사고,0,0,1,0,차대사람 - 횡단중,안전운전불이행,건조,맑음,단일로 - 기타,화물,남,57세,상해없음,보행자,남,31세,경상
2017072600100247,2017년 7월 26일 11시,수요일,경상남도 창원시 마산합포구 완월동,중상사고,0,1,0,0,차대차 - 기타,안전운전불이행,건조,맑음,기타 - 기타,건설기계,남,65세,상해없음,승용,남,23세,중상
2017072600100248,2017년 7월 26일 11시,수요일,경상남도 합천군 초계면,경상사고,0,0,1,0,차대차 - 정면충돌,교차로운행방법위반,건조,맑음,교차로 - 교차로안,승용,남,55세,상해없음,승용,여,30세,경상
2017072600100286,2017년 7월 26일 12시,수요일,경상남도 거제시 상동동,중상사고,0,2,2,0,차대차 - 측면충돌,교차로운행방법위반,건조,맑음,교차로 - 교차로부근,승용,남,50세,상해없음,승용,남,66세,중상
2017072600100317,2017년 7월 26일 13시,수요일,경상남도 진주시 봉곡동,중상사고,0,1,0,0,차대차 - 기타,중앙선침범,건조,맑음,단일로 - 기타,승용,남,56세,상해없음,원동기,남,45세,중상
2017072600100318,2017년 7월 26일 13시,수요일,경상남도 김해시 구산동,중상사고,0,1,0,0,차대차 - 기타,기타,건조,맑음,교차로 - 교차로부근,승용,남,48세,상해없음,이륜,여,60세,중상
2017072600100319,2017년 7월 26일 13시,수요일,경상남도 함양군 서상면,중상사고,0,1,0,0,차대차 - 측면충돌,교차로운행방법위반,건조,맑음,교차로 - 교차로안,화물,남,67세,중상,건설기계,남,50세,상해없음
2017072600100346,2017년 7월 26일 14시,수요일,경상남도 양산시 물금읍,중상사고,0,1,0,0,차대차 - 측면충돌,신호위반,건조,맑음,교차로 - 교차로안,화물,남,50세,상해없음,승용,여,60세,중상
2017072600100347,2017년 7월 26일 14시,수요일,경상남도 양산시 북정동,중상사고,0,1,3,0,차대차 - 측면충돌,안전운전불이행,건조,맑음,단일로 - 기타,승용,남,37세,상해없음,승용,여,33세,경상
2017072600100348,2017년 7월 26일 14시,수요일,경상남도 김해시 진영읍,경상사고,0,0,1,0,차대사람 - 횡단중,보행자보호의무위반,건조,맑음,교차로 - 교차로횡단보도내,화물,남,56세,상해없음,보행자,여,6세,경상
2017072600100375,2017년 7월 26일 15시,수요일,경상남도 창원시 진해구 죽곡동,경상사고,0,0,2,0,차대차 - 기타,안전운전불이행,건조,맑음,단일로 - 기타,승용,여,33세,상해없음,승용,여,54세,경상
2017072600100376,2017년 7월 26일 15시,수요일,경상남도 김해시 외동,경상사고,0,0,5,0,차대차 - 측면충돌,신호위반,건조,맑음,교차로 - 교차로안,승용,여,43세,경상,승용,남,69세,경상
2017072600100377,2017년 7월 26일 15시,수요일,경상남도 창원시 성산구 사파동,경상사고,0,0,1,0,차대차 - 측면충돌,교차로운행방법위반,건조,맑음,교차로 - 교차로부근,승용,여,57세,상해없음,자전거,남,17세,경상
2017072600100424,2017년 7월 26일 16시,수요일,경상남도 통영시 태평동,경상사고,0,0,1,0,차대차 - 측면충돌,기타,건조,맑음,교차로 - 교차로안,이륜,남,31세,경상,승용,남,57세,상해없음
2017072600100425,2017년 7월 26일 16시,수요일,경상남도 사천시 사남면,경상사고,0,0,1,0,차대사람 - 횡단중,안전운전불이행,건조,맑음,단일로 - 기타,승용,여,56세,상해없음,보행자,남,8세,경상
2017072600100468,2017년 7월 26일 17시,수요일,경상남도 통영시 명정동,중상사고,0,1,0,0,차대차 - 측면충돌,안전운전불이행,건조,맑음,교차로 - 교차로안,승용,여,64세,상해없음,이륜,남,48세,중상
2017072600100469,2017년 7월 26일 17시,수요일,경상남도 함안군 칠원읍,경상사고,0,0,1,0,차대차 - 추돌,안전운전불이행,건조,맑음,단일로 - 기타,화물,남,57세,상해없음,화물,남,29세,경상
2017072600100510,2017년 7월 26일 18시,수요일,경상남도 통영시 무전동,중상사고,0,1,0,0,차대차 - 측면충돌,안전운전불이행,건조,맑음,교차로 - 교차로안,승용,여,34세,상해없음,자전거,남,77세,중상
2017072600100511,2017년 7월 26일 18시,수요일,경상남도 사천시 향촌동,중상사고,0,1,0,0,차대차 - 측면충돌,안전운전불이행,건조,맑음,교차로 - 교차로안,화물,남,58세,상해없음,승용,여,41세,중상
2017072600100512,2017년 7월 26일 18시,수요일,경상남도 거제시 둔덕면,경상사고,0,0,1,0,차대차 - 측면충돌,직진우회전진행방해,건조,맑음,교차로 - 교차로안,화물,남,79세,상해없음,승용,여,31세,경상
2017072600100548,2017년 7월 26일 19시,수요일,경상남도 양산시 남부동,경상사고,0,0,1,0,차대차 - 측면충돌,신호위반,건조,맑음,교차로 - 교차로안,승용,남,61세,상해없음,승용,여,54세,경상
2017072600100549,2017년 7월 26일 19시,수요일,경상남도 양산시 덕계동,경상사고,0,0,1,0,차대사람 - 기타,안전운전불이행,건조,맑음,단일로 - 기타,자전거,남,59세,상해없음,보행자,여,41세,경상
2017072600100550,2017년 7월 26일 19시,수요일,경상남도 거제시 고현동,경상사고,0,0,1,0,차대차 - 측면충돌,안전운전불이행,건조,맑음,교차로 - 교차로안,자전거,남,45세,경상,승용,여,44세,상해없음
2017072600100578,2017년 7월 26일 20시,수요일,경상남도 사천시 사천읍,중상사고,0,1,1,0,차대차 - 추돌,안전운전불이행,건조,맑음,단일로 - 기타,승용,남,48세,상해없음,농기계,남,68세,중상
2017072600100579,2017년 7월 26일 20시,수요일,경상남도 창원시 성산구 상남동,경상사고,0,0,1,0,차대사람 - 횡단중,안전운전불이행,건조,맑음,교차로 - 교차로횡단보도내,승용,여,30세,상해없음,보행자,남,17세,경상
2017072600100614,2017년 7월 26일 21시,수요일,경상남도 사천시 향촌동,중상사고,0,3,0,0,차대차 - 측면충돌,직진우회전진행방해,건조,맑음,교차로 - 교차로안,화물,여,60세,중상,화물,남,58세,상해없음
2017072600100646,2017년 7월 26일 22시,수요일,경상남도 진주시 충무공동,경상사고,0,0,3,0,차대차 - 측면충돌,신호위반,건조,맑음,교차로 - 교차로안,승용,여,57세,경상,승용,여,61세,경상
2017072600100647,2017년 7월 26일 22시,수요일,경상남도 거제시 옥포동,경상사고,0,0,1,0,차대차 - 기타,안전운전불이행,건조,맑음,교차로 - 교차로안,승용,남,36세,상해없음,자전거,남,28세,경상
2017072600100672,2017년 7월 26일 23시,수요일,경상남도 함양군 휴천면,경상사고,0,0,3,0,차대차 - 측면충돌,교차로운행방법위반,건조,맑음,단일로 - 기타,승용,남,26세,경상,화물,남,54세,상해없음
2017072600100673,2017년 7월 26일 23시,수요일,경상남도 거제시 연초면,경상사고,0,0,1,0,차대차 - 추돌,안전운전불이행,건조,맑음,단일로 - 기타,승용,남,24세,상해없음,이륜,남,33세,경상
2017072700100060,2017년 7월 27일 01시,목요일,경상남도 함안군 가야읍,경상사고,0,0,1,0,차대차 - 측면충돌,신호위반,건조,맑음,교차로 - 교차로안,특수,남,45세,상해없음,승용,남,23세,경상
2017072700100126,2017년 7월 27일 07시,목요일,경상남도 고성군 고성읍,경상사고,0,0,1,0,차대차 - 기타,중앙선침범,건조,맑음,단일로 - 기타,승용,남,45세,상해없음,승용,남,62세,상해없음
2017072700100127,2017년 7월 27일 07시,목요일,경상남도 김해시 진영읍,중상사고,0,1,0,0,차대사람 - 횡단중,신호위반,건조,맑음,교차로 - 교차로횡단보도내,승용,남,34세,상해없음,보행자,여,64세,중상
2017072700100154,2017년 7월 27일 08시,목요일,경상남도 김해시 봉황동,경상사고,0,0,2,0,차대차 - 추돌,안전운전불이행,건조,맑음,단일로 - 기타,승용,남,48세,상해없음,승용,남,54세,경상
2017072700100155,2017년 7월 27일 08시,목요일,경상남도 산청군 신안면,중상사고,0,1,0,0,차대차 - 측면충돌,중앙선침범,건조,맑음,단일로 - 기타,화물,남,63세,상해없음,승용,여,48세,중상
2017072700100156,2017년 7월 27일 08시,목요일,경상남도 의령군 의령읍,중상사고,0,2,0,0,차대차 - 측면충돌,안전운전불이행,건조,맑음,단일로 - 기타,건설기계,남,51세,상해없음,승용,남,59세,중상
2017072700100191,2017년 7월 27일 09시,목요일,경상남도 사천시 선구동,중상사고,0,1,0,0,차대차 - 측면충돌,안전운전불이행,건조,맑음,교차로 - 교차로안,승용,남,39세,상해없음,이륜,남,39세,중상
2017072700100192,2017년 7월 27일 09시,목요일,경상남도 김해시 삼계동,중상사고,0,1,0,0,차대사람 - 횡단중,안전운전불이행,건조,맑음,단일로 - 기타,승용,남,79세,상해없음,보행자,여,70세,중상
2017072700100217,2017년 7월 27일 10시,목요일,경상남도 함양군 함양읍,부상신고사고,0,0,0,1,차대사람 - 횡단중,안전운전불이행,건조,맑음,교차로 - 교차로안,승용,남,61세,상해없음,보행자,여,79세,부상신고
2017072700100218,2017년 7월 27일 10시,목요일,경상남도 창원시 성산구 상남동,경상사고,0,0,1,0,차대차 - 측면충돌,안전운전불이행,건조,맑음,단일로 - 기타,화물,남,31세,상해없음,승용,여,30세,경상
2017072700100238,2017년 7월 27일 11시,목요일,경상남도 진주시 상평동,중상사고,0,1,0,0,차대차 - 기타,안전운전불이행,건조,맑음,단일로 - 기타,화물,남,84세,상해없음,이륜,남,38세,중상
2017072700100239,2017년 7월 27일 11시,목요일,경상남도 사천시 사천읍,중상사고,0,1,2,0,차대차 - 측면충돌,안전운전불이행,건조,맑음,단일로 - 기타,승용,여,54세,상해없음,승용,여,57세,상해없음
2017072700100240,2017년 7월 27일 11시,목요일,경상남도 김해시 삼방동,경상사고,0,0,1,0,차대차 - 추돌,안전운전불이행,건조,맑음,단일로 - 기타,화물,남,23세,상해없음,화물,남,50세,경상
2017072700100270,2017년 7월 27일 12시,목요일,경상남도 김해시 외동,중상사고,0,1,0,0,차대차 - 기타,안전운전불이행,건조,맑음,교차로 - 교차로안,승용,여,25세,상해없음,자전거,남,57세,중상
2017072700100271,2017년 7월 27일 12시,목요일,경상남도 창원시 성산구 가음동,경상사고,0,0,1,0,차대차 - 추돌,안전운전불이행,건조,맑음,단일로 - 기타,승용,남,23세,상해없음,승용,여,50세,경상
2017072700100305,2017년 7월 27일 13시,목요일,경상남도 진주시 상봉동,중상사고,0,1,0,0,차대차 - 기타,안전운전불이행,건조,맑음,단일로 - 기타,승용,여,24세,상해없음,이륜,남,62세,중상
2017072700100306,2017년 7월 27일 13시,목요일,경상남도 창녕군 계성면,사망사고,1,0,0,0,차대차 - 기타,신호위반,건조,맑음,교차로 - 교차로안,승용,여,47세,상해없음,이륜,남,74세,사망
2017072700100307,2017년 7월 27일 13시,목요일,경상남도 함양군 함양읍,부상신고사고,0,0,0,1,차대차 - 측면충돌,교차로운행방법위반,건조,맑음,교차로 - 교차로안,승용,여,34세,부상신고,승용,여,55세,상해없음
2017072700100308,2017년 7월 27일 13시,목요일,경상남도 함양군 안의면,중상사고,0,1,0,0,차대차 - 측면충돌,안전운전불이행,건조,맑음,단일로 - 기타,원동기,남,78세,중상,승용,여,27세,상해없음
2017072700100309,2017년 7월 27일 13시,목요일,경상남도 양산시 물금읍,경상사고,0,0,2,0,차대차 - 기타,안전운전불이행,건조,맑음,단일로 - 기타,승용,남,37세,상해없음,승용,여,49세,경상
2017072700100338,2017년 7월 27일 14시,목요일,경상남도 김해시 삼방동,중상사고,0,1,0,0,차대차 - 측면충돌,안전운전불이행,건조,맑음,단일로 - 기타,자전거,남,12세,중상,승용,여,56세,상해없음
2017072700100339,2017년 7월 27일 14시,목요일,경상남도 함안군 가야읍,중상사고,0,1,1,0,차대차 - 정면충돌,중앙선침범,건조,맑음,단일로 - 기타,승용,여,33세,기타불명,승용,남,24세,중상
2017072700100379,2017년 7월 27일 15시,목요일,경상남도 창원시 마산합포구 가포동,경상사고,0,0,2,0,차대차 - 측면충돌,안전거리미확보,건조,맑음,단일로 - 교량,화물,남,63세,상해없음,승용,남,32세,경상
2017072700100380,2017년 7월 27일 15시,목요일,경상남도 거창군 거창읍,중상사고,0,1,0,0,차대차 - 기타,안전운전불이행,건조,맑음,교차로 - 교차로안,승용,남,25세,상해없음,이륜,여,50세,중상
2017072700100381,2017년 7월 27일 15시,목요일,경상남도 창녕군 유어면,중상사고,0,1,1,0,차대차 - 기타,중앙선침범,건조,맑음,교차로 - 교차로부근,승용,남,57세,경상,건설기계,남,51세,중상
2017072700100419,2017년 7월 27일 16시,목요일,경상남도 창녕군 부곡면,경상사고,0,0,1,0,차대차 - 추돌,안전운전불이행,건조,맑음,교차로 - 교차로안,승용,남,68세,상해없음,승용,여,53세,경상
2017072700100464,2017년 7월 27일 17시,목요일,경상남도 창원시 진해구 덕산동,중상사고,0,1,0,0,차대사람 - 횡단중,안전운전불이행,건조,맑음,교차로 - 교차로안,승용,여,49세,상해없음,보행자,여,69세,중상
2017072700100465,2017년 7월 27일 17시,목요일,경상남도 통영시 미수동,중상사고,0,1,0,0,차대차 - 추돌,안전거리미확보,건조,맑음,단일로 - 기타,이륜,남,68세,상해없음,이륜,남,23세,중상
2017072700100509,2017년 7월 27일 18시,목요일,경상남도 진주시 주약동,중상사고,0,1,0,0,차대차 - 측면충돌,안전운전불이행,건조,맑음,단일로 - 기타,승용,남,29세,상해없음,자전거,남,64세,중상
2017072700100510,2017년 7월 27일 18시,목요일,경상남도 고성군 고성읍,중상사고,0,1,0,0,차대차 - 기타,안전거리미확보,건조,맑음,단일로 - 기타,화물,남,45세,상해없음,이륜,남,35세,중상
2017072700100562,2017년 7월 27일 20시,목요일,경상남도 통영시 무전동,경상사고,0,0,1,0,차대차 - 측면충돌,직진우회전진행방해,건조,맑음,교차로 - 교차로안,승용,남,56세,상해없음,승용,여,36세,경상
2017072700100563,2017년 7월 27일 20시,목요일,경상남도 사천시 정동면,중상사고,0,1,1,0,차대차 - 정면충돌,중앙선침범,건조,맑음,단일로 - 기타,이륜,남,62세,중상,승용,남,55세,경상
2017072700100589,2017년 7월 27일 21시,목요일,경상남도 거제시 장승포동,경상사고,0,0,1,0,차대차 - 측면충돌,안전거리미확보,건조,맑음,단일로 - 기타,특수,남,22세,상해없음,승용,여,47세,경상
2017072700100613,2017년 7월 27일 22시,목요일,경상남도 밀양시 상남면,사망사고,1,0,1,0,차대차 - 측면충돌,안전운전불이행,건조,맑음,단일로 - 기타,승용,남,63세,경상,승용,여,24세,사망
2017072700100624,2017년 7월 27일 22시,목요일,경상남도 진주시 신안동,경상사고,0,0,1,0,차대사람 - 횡단중,안전운전불이행,건조,맑음,단일로 - 기타,승용,남,44세,상해없음,보행자,여,32세,경상
2017072700100654,2017년 7월 27일 23시,목요일,경상남도 진주시 평거동,중상사고,0,1,1,0,차대차 - 기타,안전거리미확보,건조,맑음,교차로 - 교차로부근,승용,남,43세,상해없음,이륜,남,17세,경상
2017072800100078,2017년 7월 28일 03시,금요일,경상남도 창원시 성산구 남산동,경상사고,0,0,1,0,차대차 - 정면충돌,기타,건조,맑음,단일로 - 기타,승용,남,31세,상해없음,승용,남,66세,경상
2017072800100101,2017년 7월 28일 05시,금요일,경상남도 통영시 정량동,중상사고,0,1,0,0,차대사람 - 횡단중,안전운전불이행,건조,맑음,단일로 - 기타,승용,남,51세,상해없음,보행자,여,77세,중상
2017072800100102,2017년 7월 28일 05시,금요일,경상남도 거창군 거창읍,중상사고,0,2,2,0,차대차 - 기타,안전운전불이행,건조,맑음,단일로 - 기타,승용,여,59세,경상,승용,남,62세,상해없음
2017072800100169,2017년 7월 28일 08시,금요일,경상남도 김해시 생림면,경상사고,0,0,2,0,차대차 - 추돌,안전거리미확보,건조,맑음,단일로 - 기타,승용,남,28세,상해없음,승용,여,34세,경상
2017072800100197,2017년 7월 28일 09시,금요일,경상남도 창원시 성산구 상남동,경상사고,0,0,1,0,차대차 - 측면충돌,안전운전불이행,건조,맑음,교차로 - 교차로안,승용,여,31세,상해없음,승용,남,56세,경상
2017072800100227,2017년 7월 28일 10시,금요일,경상남도 창녕군 창녕읍,경상사고,0,0,1,0,차대차 - 추돌,안전운전불이행,건조,맑음,단일로 - 기타,화물,남,50세,상해없음,승용,남,65세,경상
2017072800100250,2017년 7월 28일 11시,금요일,경상남도 밀양시 상남면,중상사고,0,1,0,0,차대사람 - 횡단중,보행자보호의무위반,건조,맑음,교차로 - 교차로안,승용,여,52세,상해없음,보행자,남,17세,중상
2017072800100251,2017년 7월 28일 11시,금요일,경상남도 창녕군 대합면,중상사고,0,2,1,0,차대차 - 정면충돌,기타,건조,맑음,단일로 - 기타,화물,남,57세,상해없음,화물,남,59세,중상
2017072800100280,2017년 7월 28일 12시,금요일,경상남도 사천시 동림동,경상사고,0,0,1,0,차대차 - 추돌,안전운전불이행,건조,맑음,단일로 - 기타,특수,남,33세,상해없음,원동기,남,74세,경상
2017072800100281,2017년 7월 28일 12시,금요일,경상남도 밀양시 하남읍,경상사고,0,0,1,0,차대차 - 추돌,안전거리미확보,건조,맑음,단일로 - 기타,승용,남,24세,상해없음,승용,남,50세,경상
2017072800100282,2017년 7월 28일 12시,금요일,경상남도 거창군 주상면,중상사고,0,2,0,0,차량단독 - 전도전복 - 전도,안전운전불이행,건조,맑음,단일로 - 기타,화물,남,67세,중상,,,,
2017072800100283,2017년 7월 28일 12시,금요일,경상남도 고성군 대가면,경상사고,0,0,3,0,차대차 - 기타,안전운전불이행,건조,맑음,단일로 - 기타,승용,남,52세,상해없음,승용,남,27세,경상
2017072800100313,2017년 7월 28일 13시,금요일,경상남도 밀양시 삼문동,중상사고,0,1,0,0,차대차 - 측면충돌,신호위반,건조,맑음,교차로 - 교차로안,원동기,남,59세,중상,승용,여,55세,상해없음
2017072800100314,2017년 7월 28일 13시,금요일,경상남도 김해시 삼계동,부상신고사고,0,0,0,1,차대차 - 측면충돌,직진우회전진행방해,건조,맑음,교차로 - 교차로안,원동기,남,51세,부상신고,승용,여,40세,상해없음
2017072800100383,2017년 7월 28일 15시,금요일,경상남도 김해시 부원동,중상사고,0,1,0,0,차대사람 - 횡단중,안전운전불이행,건조,맑음,교차로 - 교차로부근,화물,남,38세,상해없음,보행자,남,72세,중상
2017072800100416,2017년 7월 28일 16시,금요일,경상남도 김해시 삼계동,부상신고사고,0,0,0,1,차대차 - 기타,안전운전불이행,건조,맑음,교차로 - 교차로부근,자전거,남,12세,부상신고,승용,남,51세,상해없음
2017072800100417,2017년 7월 28일 16시,금요일,경상남도 양산시 삼호동,경상사고,0,0,1,0,차대차 - 추돌,안전거리미확보,건조,맑음,단일로 - 기타,승용,남,49세,상해없음,건설기계,남,46세,경상
2017072800100418,2017년 7월 28일 16시,금요일,경상남도 양산시 삼호동,중상사고,0,1,0,0,차대사람 - 횡단중,안전운전불이행,건조,맑음,교차로 - 교차로안,승합,남,53세,상해없음,보행자,여,37세,중상
2017072800100490,2017년 7월 28일 18시,금요일,경상남도 김해시 삼계동,경상사고,0,0,1,0,차대차 - 추돌,안전운전불이행,건조,맑음,단일로 - 기타,건설기계,남,46세,상해없음,이륜,남,43세,경상
2017072800100528,2017년 7월 28일 19시,금요일,경상남도 거제시 장승포동,중상사고,0,1,0,0,차대차 - 정면충돌,중앙선침범,건조,맑음,단일로 - 기타,승용,남,32세,상해없음,이륜,남,45세,중상
2017072800100529,2017년 7월 28일 19시,금요일,경상남도 김해시 진영읍,경상사고,0,0,6,0,차대차 - 추돌,안전운전불이행,건조,맑음,단일로 - 기타,화물,남,50세,상해없음,화물,남,54세,경상
2017072800100564,2017년 7월 28일 20시,금요일,경상남도 통영시 미수동,경상사고,0,0,1,0,차대차 - 추돌,안전운전불이행,건조,맑음,단일로 - 기타,승용,남,61세,상해없음,승용,여,41세,경상
2017072800100565,2017년 7월 28일 20시,금요일,경상남도 의령군 의령읍,경상사고,0,0,1,0,차대사람 - 기타,안전운전불이행,건조,맑음,단일로 - 기타,기타불명,기타불명,미분류,기타불명,보행자,남,59세,경상
2017072800100611,2017년 7월 28일 21시,금요일,경상남도 양산시 물금읍,경상사고,0,0,1,0,차대사람 - 횡단중,안전운전불이행,건조,맑음,교차로 - 교차로안,승용,남,40세,상해없음,보행자,남,5세,경상
2017072800100612,2017년 7월 28일 21시,금요일,경상남도 거제시 아주동,중상사고,0,1,0,0,차대차 - 기타,안전운전불이행,건조,맑음,단일로 - 기타,승용,기타불명,미분류,기타불명,승용,남,71세,중상
2017072800100645,2017년 7월 28일 22시,금요일,경상남도 김해시 진영읍,경상사고,0,0,1,0,차대차 - 기타,안전운전불이행,건조,맑음,교차로 - 교차로안,이륜,남,17세,경상,승용,남,44세,상해없음
2017072800100673,2017년 7월 28일 23시,금요일,경상남도 거제시 고현동,경상사고,0,0,2,0,차대차 - 기타,안전운전불이행,건조,맑음,교차로 - 교차로안,승용,남,19세,상해없음,승용,남,41세,상해없음
2017072900100034,2017년 7월 29일 00시,토요일,경상남도 함양군 수동면,부상신고사고,0,0,0,1,차대차 - 추돌,안전운전불이행,건조,맑음,단일로 - 기타,승용,남,54세,부상신고,화물,남,62세,기타불명
2017072900100050,2017년 7월 29일 01시,토요일,경상남도 창원시 성산구 귀곡동,경상사고,0,0,1,0,차대차 - 측면충돌,안전운전불이행,건조,맑음,단일로 - 기타,승용,남,56세,상해없음,승용,남,60세,경상
2017072900100051,2017년 7월 29일 01시,토요일,경상남도 창원시 의창구 동읍,경상사고,0,0,1,0,차대차 - 측면충돌,신호위반,건조,흐림,단일로 - 기타,승용,여,46세,상해없음,승용,남,32세,경상
2017072900100068,2017년 7월 29일 02시,토요일,경상남도 김해시 어방동,사망사고,1,0,0,0,차대사람 - 횡단중,과속,건조,맑음,교차로 - 교차로부근,승용,남,25세,상해없음,보행자,남,30세,사망
2017072900100087,2017년 7월 29일 03시,토요일,경상남도 김해시 동상동,부상신고사고,0,0,0,1,차량단독 - 전도전복 - 전도,안전운전불이행,건조,맑음,교차로 - 교차로안,원동기,남,20세,부상신고,,,,
2017072900100104,2017년 7월 29일 04시,토요일,경상남도 사천시 동금동,경상사고,0,0,1,0,차대차 - 측면충돌,신호위반,건조,맑음,교차로 - 교차로안,화물,남,54세,상해없음,화물,남,40세,경상
2017072900100135,2017년 7월 29일 06시,토요일,경상남도 창원시 진해구 용원동,경상사고,0,0,1,0,차량단독 - 전도전복 - 전도,안전운전불이행,건조,맑음,교차로 - 교차로부근,승용,남,40세,경상,,,,
2017072900100136,2017년 7월 29일 06시,토요일,경상남도 김해시 삼방동,부상신고사고,0,0,0,1,차량단독 - 기타,기타,건조,맑음,주차장 - 주차장,승용,남,23세,부상신고,,,,
2017072900100137,2017년 7월 29일 06시,토요일,경상남도 거창군 거창읍,경상사고,0,0,1,0,차량단독 - 기타,안전운전불이행,젖음/습기,비,단일로 - 기타,이륜,남,76세,경상,,,,
2017072900100170,2017년 7월 29일 08시,토요일,경상남도 진주시 대안동,사망사고,1,0,0,0,차대사람 - 차도통행중,안전운전불이행,건조,맑음,교차로 - 교차로부근,승용,남,70세,상해없음,보행자,여,65세,사망
2017072900100171,2017년 7월 29일 08시,토요일,경상남도 창원시 진해구 행암동,경상사고,0,0,3,0,차대차 - 측면충돌,안전거리미확보,건조,맑음,단일로 - 기타,화물,남,42세,상해없음,승용,남,48세,경상
2017072900100172,2017년 7월 29일 08시,토요일,경상남도 사천시 사남면,경상사고,0,0,4,2,차대차 - 추돌,안전운전불이행,건조,맑음,단일로 - 기타,화물,남,31세,상해없음,화물,남,53세,경상