사고번호,사고일시,요일,시군구,사고내용,사망자수,중상자수,경상자수,부상신고자수,사고유형,법규위반,노면상태,기상상태,도로형태,가해운전자 차종,가해운전자 성별,가해운전자 연령,가해운전자 상해정도,피해운전자 차종,피해운전자 성별,피해운전자 연령,피해운전자 상해정도
2017081400100193,2017년 8월 14일 10시,월요일,경상남도 거제시 사등면,중상사고,0,1,1,0,차량단독 - 도로외이탈 - 추락,안전운전불이행,젖음/습기,비,단일로 - 기타,승용,남,55세,상해없음,,,,
2017081400100238,2017년 8월 14일 11시,월요일,경상남도 양산시 동면,경상사고,0,0,1,0,차대차 - 기타,안전운전불이행,젖음/습기,비,단일로 - 기타,승용,남,36세,상해없음,승용,남,47세,경상
2017081400100281,2017년 8월 14일 12시,월요일,경상남도 하동군 하동읍,경상사고,0,0,4,0,차대차 - 정면충돌,안전운전불이행,젖음/습기,비,단일로 - 기타,화물,남,51세,상해없음,승용,남,56세,경상
2017081400100328,2017년 8월 14일 13시,월요일,경상남도 김해시 한림면,중상사고,0,1,0,0,차량단독 - 공작물충돌,안전운전불이행,젖음/습기,비,단일로 - 기타,화물,남,68세,중상,,,,
2017081400100372,2017년 8월 14일 14시,월요일,경상남도 밀양시 내이동,경상사고,0,0,1,0,차대차 - 기타,안전운전불이행,젖음/습기,비,교차로 - 교차로안,승합,여,51세,상해없음,화물,남,72세,경상
2017081400100441,2017년 8월 14일 16시,월요일,경상남도 창원시 의창구 소계동,중상사고,0,1,0,0,차대차 - 추돌,안전운전불이행,건조,맑음,단일로 - 기타,승용,여,27세,중상,승용,남,48세,상해없음
2017081400100464,2017년 8월 14일 17시,월요일,경상남도 양산시 물금읍,경상사고,0,0,2,0,차대차 - 측면충돌,안전거리미확보,건조,맑음,단일로 - 기타,승용,여,50세,상해없음,승용,남,38세,경상
2017081400100489,2017년 8월 14일 17시,월요일,경상남도 밀양시 삼랑진읍,중상사고,0,1,0,0,차대차 - 측면충돌,안전운전불이행,건조,맑음,단일로 - 기타,승용,여,66세,상해없음,이륜,남,44세,중상
2017081400100523,2017년 8월 14일 18시,월요일,경상남도 고성군 상리면,중상사고,0,2,0,0,차량단독 - 전도전복,과속,젖음/습기,비,단일로 - 기타,승용,남,48세,상해없음,미분류,미분류,미분류,미분류
2017081400100524,2017년 8월 14일 18시,월요일,경상남도 창원시 성산구 가음동,중상사고,0,1,0,0,차대사람 - 길가장자리구역통행중,안전운전불이행,젖음/습기,비,교차로 - 교차로안,승용,남,49세,상해없음,보행자,여,70세,중상
2017081400100615,2017년 8월 14일 20시,월요일,경상남도 김해시 외동,경상사고,0,0,1,0,차대사람 - 보도통행중,기타,젖음/습기,비,단일로 - 기타,승용,남,52세,상해없음,보행자,여,46세,경상
2017081400100616,2017년 8월 14일 20시,월요일,경상남도 양산시 물금읍,중상사고,0,3,1,0,차대차 - 정면충돌,신호위반,건조,맑음,교차로 - 교차로안,승용,여,53세,중상,승용,남,28세,중상
2017081400100617,2017년 8월 14일 20시,월요일,경상남도 창원시 의창구 명서동,경상사고,0,0,1,0,차대차 - 측면충돌,안전운전불이행,건조,맑음,기타 - 기타,승용,여,35세,상해없음,승용,여,29세,경상
2017081400100618,2017년 8월 14일 20시,월요일,경상남도 김해시 내덕동,중상사고,0,1,0,0,차대차 - 추돌,안전운전불이행,건조,맑음,교차로 - 교차로부근,화물,남,62세,상해없음,승용,남,30세,중상
2017081400100619,2017년 8월 14일 20시,월요일,경상남도 김해시 진례면,중상사고,0,1,0,0,차량단독 - 전도전복 - 전도,안전운전불이행,건조,맑음,단일로 - 기타,자전거,남,31세,중상,,,,
2017081400100658,2017년 8월 14일 21시,월요일,경상남도 진주시 금산면,중상사고,0,1,0,0,차대차 - 측면충돌,직진우회전진행방해,건조,맑음,교차로 - 교차로안,승용,남,57세,상해없음,원동기,남,17세,중상
2017081400100686,2017년 8월 14일 22시,월요일,경상남도 김해시 구산동,중상사고,0,2,1,0,차대차 - 추돌,안전운전불이행,젖음/습기,비,단일로 - 기타,승용,남,46세,상해없음,승용,여,33세,중상
2017081400100687,2017년 8월 14일 22시,월요일,경상남도 거제시 옥포동,경상사고,0,0,1,0,차대사람 - 횡단중,안전운전불이행,건조,맑음,단일로 - 기타,승합,남,62세,상해없음,보행자,남,51세,경상
2017081400100713,2017년 8월 14일 23시,월요일,경상남도 창원시 마산합포구 신포동1가,중상사고,0,1,0,0,차대사람 - 횡단중,보행자보호의무위반,젖음/습기,비,교차로 - 교차로횡단보도내,승용,남,33세,상해없음,보행자,남,16세,중상
2017081400100714,2017년 8월 14일 23시,월요일,경상남도 통영시 용남면,경상사고,0,0,1,0,차대차 - 정면충돌,중앙선침범,건조,맑음,단일로 - 기타,승용,남,44세,상해없음,승용,남,47세,경상
2017081400100715,2017년 8월 14일 23시,월요일,경상남도 양산시 삼호동,경상사고,0,0,4,0,차대차 - 측면충돌,직진우회전진행방해,젖음/습기,비,교차로 - 교차로안,승합,남,55세,경상,승합,여,45세,경상
2017081400100716,2017년 8월 14일 23시,월요일,경상남도 창원시 마산회원구 양덕동,경상사고,0,0,1,0,차대사람 - 횡단중,안전운전불이행,젖음/습기,비,교차로 - 교차로부근,이륜,남,25세,상해없음,보행자,남,48세,경상
2017081500100028,2017년 8월 15일 00시,화요일,경상남도 창원시 성산구 가음동,중상사고,0,3,1,0,차대차 - 측면충돌,신호위반,젖음/습기,비,교차로 - 교차로안,승용,남,55세,상해없음,승용,남,51세,경상
2017081500100116,2017년 8월 15일 05시,화요일,경상남도 창원시 성산구 남양동,중상사고,0,1,0,0,차대차 - 측면충돌,안전운전불이행,건조,맑음,교차로 - 교차로안,승용,여,24세,상해없음,승용,남,49세,중상
2017081500100128,2017년 8월 15일 06시,화요일,경상남도 창녕군 대지면,사망사고,1,0,0,0,차대사람 - 횡단중,안전운전불이행,젖음/습기,흐림,교차로 - 교차로안,승용,여,68세,상해없음,보행자,여,79세,사망
2017081500100129,2017년 8월 15일 06시,화요일,경상남도 양산시 상북면,중상사고,0,1,0,0,차대사람 - 횡단중,신호위반,건조,맑음,교차로 - 교차로횡단보도내,승용,남,38세,상해없음,보행자,남,66세,중상
2017081500100130,2017년 8월 15일 06시,화요일,경상남도 김해시 대청동,경상사고,0,0,1,0,차대차 - 추돌,안전거리미확보,건조,맑음,단일로 - 기타,화물,남,52세,경상,특수,남,58세,상해없음
2017081500100173,2017년 8월 15일 10시,화요일,경상남도 거창군 마리면,중상사고,0,1,0,0,차대차 - 측면충돌,안전운전불이행,젖음/습기,비,교차로 - 교차로안,이륜,남,73세,상해없음,승용,남,54세,상해없음
2017081500100211,2017년 8월 15일 12시,화요일,경상남도 창원시 의창구 동읍,중상사고,0,1,2,0,차대차 - 정면충돌,중앙선침범,건조,맑음,단일로 - 기타,승용,여,64세,중상,승용,남,62세,경상
2017081500100230,2017년 8월 15일 13시,화요일,경상남도 김해시 지내동,경상사고,0,0,1,0,차대차 - 추돌,안전운전불이행,건조,맑음,교차로 - 교차로부근,승용,남,54세,상해없음,승용,여,38세,경상
2017081500100231,2017년 8월 15일 13시,화요일,경상남도 김해시 흥동,중상사고,0,1,0,0,차대차 - 측면충돌,안전운전불이행,건조,맑음,단일로 - 기타,승용,남,65세,상해없음,자전거,남,73세,중상
2017081500100260,2017년 8월 15일 14시,화요일,경상남도 진주시 하대동,중상사고,0,1,0,0,차대사람 - 횡단중,안전운전불이행,건조,맑음,단일로 - 기타,승용,남,44세,상해없음,보행자,남,7세,중상
2017081500100261,2017년 8월 15일 14시,화요일,경상남도 통영시 태평동,중상사고,0,1,0,0,차대차 - 측면충돌,안전운전불이행,건조,맑음,단일로 - 기타,승용,여,30세,상해없음,이륜,남,47세,중상
2017081500100262,2017년 8월 15일 14시,화요일,경상남도 합천군 초계면,경상사고,0,0,1,0,차대차 - 측면충돌,교차로운행방법위반,건조,맑음,교차로 - 교차로안,승용,남,68세,경상,승용,남,70세,상해없음
2017081500100263,2017년 8월 15일 14시,화요일,경상남도 김해시 내덕동,중상사고,0,1,0,0,차량단독 - 전도전복 - 전도,안전운전불이행,건조,맑음,교차로 - 교차로부근,승용,남,32세,중상,,,,
2017081500100289,2017년 8월 15일 15시,화요일,경상남도 창원시 진해구 이동,중상사고,0,1,0,0,차대차 - 측면충돌,교차로운행방법위반,건조,맑음,교차로 - 교차로안,승용,남,49세,상해없음,자전거,남,14세,중상
2017081500100290,2017년 8월 15일 15시,화요일,경상남도 사천시 동금동,중상사고,0,1,0,0,차대차 - 측면충돌,신호위반,건조,맑음,교차로 - 교차로안,승용,여,57세,상해없음,승용,남,68세,중상
2017081500100337,2017년 8월 15일 17시,화요일,경상남도 의령군 대의면,경상사고,0,0,1,1,차대차 - 추돌,안전운전불이행,젖음/습기,비,교차로 - 교차로안,승용,남,24세,부상신고,승용,여,37세,경상
2017081500100405,2017년 8월 15일 19시,화요일,경상남도 진주시 초전동,경상사고,0,0,1,0,차대차 - 측면충돌,안전운전불이행,건조,맑음,교차로 - 교차로안,승용,남,63세,상해없음,원동기,남,64세,경상
2017081500100406,2017년 8월 15일 19시,화요일,경상남도 창원시 의창구 팔용동,중상사고,0,1,0,0,차대사람 - 기타,안전운전불이행,건조,맑음,교차로 - 교차로안,승용,남,32세,상해없음,보행자,남,50세,중상
2017081500100443,2017년 8월 15일 20시,화요일,경상남도 창원시 마산합포구 부림동,경상사고,0,0,3,0,차대차 - 측면충돌,안전운전불이행,젖음/습기,비,단일로 - 기타,승용,여,46세,상해없음,승용,여,38세,경상
2017081500100444,2017년 8월 15일 20시,화요일,경상남도 김해시 어방동,경상사고,0,0,1,0,차대차 - 후진중충돌,안전운전불이행,건조,흐림,단일로 - 기타,승용,남,44세,상해없음,이륜,남,23세,경상
2017081500100475,2017년 8월 15일 21시,화요일,경상남도 진주시 이현동,중상사고,0,2,3,0,차대차 - 추돌,안전운전불이행,건조,맑음,단일로 - 기타,화물,남,54세,상해없음,승용,남,52세,중상
2017081500100476,2017년 8월 15일 21시,화요일,경상남도 양산시 북정동,경상사고,0,0,1,0,차대차 - 측면충돌,교차로운행방법위반,건조,맑음,교차로 - 교차로안,승용,남,27세,상해없음,원동기,남,18세,경상
2017081500100504,2017년 8월 15일 22시,화요일,경상남도 김해시 부곡동,경상사고,0,0,3,0,차대차 - 측면충돌,교차로운행방법위반,건조,맑음,교차로 - 교차로안,승용,남,57세,상해없음,승용,남,34세,경상
2017081500100526,2017년 8월 15일 23시,화요일,경상남도 김해시 외동,경상사고,0,0,1,0,차대사람 - 횡단중,보행자보호의무위반,젖음/습기,맑음,교차로 - 교차로횡단보도내,이륜,남,23세,상해없음,보행자,남,27세,경상
2017081500100527,2017년 8월 15일 23시,화요일,경상남도 김해시 대청동,중상사고,0,1,1,0,차대차 - 측면충돌,신호위반,건조,맑음,교차로 - 교차로안,원동기,남,19세,중상,승용,여,46세,상해없음
2017081600100034,2017년 8월 16일 00시,수요일,경상남도 창원시 마산회원구 석전동,중상사고,0,2,0,0,차대차 - 측면충돌,신호위반,건조,맑음,교차로 - 교차로안,승용,남,44세,상해없음,승용,남,20세,중상
2017081600100035,2017년 8월 16일 00시,수요일,경상남도 창원시 의창구 봉곡동,경상사고,0,0,1,0,차량단독 - 전도전복 - 전도,안전운전불이행,건조,맑음,교차로 - 교차로안,이륜,남,50세,경상,,,,
2017081600100068,2017년 8월 16일 03시,수요일,경상남도 하동군 하동읍,사망사고,1,0,0,0,차량단독 - 공작물충돌,안전운전불이행,건조,맑음,단일로 - 기타,화물,남,68세,사망,,,,
2017081600100142,2017년 8월 16일 08시,수요일,경상남도 진주시 중안동,경상사고,0,0,1,0,차대사람 - 차도통행중,안전운전불이행,건조,맑음,단일로 - 기타,승용,남,64세,상해없음,보행자,여,25세,경상
2017081600100201,2017년 8월 16일 10시,수요일,경상남도 거창군 거창읍,중상사고,0,1,0,0,차대차 - 기타,신호위반,건조,맑음,교차로 - 교차로안,승용,남,43세,상해없음,승용,여,55세,중상
2017081600100218,2017년 8월 16일 11시,수요일,경상남도 김해시 대동면,경상사고,0,0,3,0,차대차 - 추돌,안전거리미확보,건조,맑음,단일로 - 기타,승용,남,22세,상해없음,승용,남,45세,상해없음
2017081600100229,2017년 8월 16일 11시,수요일,경상남도 거창군 거창읍,중상사고,0,1,0,0,차대차 - 기타,교차로운행방법위반,건조,맑음,교차로 - 교차로안,승용,남,58세,상해없음,이륜,남,53세,중상
2017081600100230,2017년 8월 16일 11시,수요일,경상남도 하동군 양보면,경상사고,0,0,4,0,차대차 - 정면충돌,중앙선침범,건조,맑음,단일로 - 기타,화물,남,61세,경상,승합,남,69세,상해없음
2017081600100258,2017년 8월 16일 12시,수요일,경상남도 통영시 미수동,경상사고,0,0,1,0,차대차 - 측면충돌,기타,건조,맑음,단일로 - 기타,이륜,남,68세,경상,승용,남,37세,상해없음
2017081600100309,2017년 8월 16일 14시,수요일,경상남도 산청군 신안면,경상사고,0,0,1,0,차대사람 - 횡단중,보행자보호의무위반,건조,맑음,교차로 - 교차로횡단보도내,승용,여,67세,상해없음,보행자,여,79세,경상
2017081600100341,2017년 8월 16일 15시,수요일,경상남도 창원시 진해구 석동,중상사고,0,1,0,0,차대차 - 측면충돌,교차로운행방법위반,건조,맑음,교차로 - 교차로안,승용,남,43세,상해없음,원동기,남,49세,중상
2017081600100342,2017년 8월 16일 15시,수요일,경상남도 거창군 거창읍,중상사고,0,2,0,0,차대차 - 측면충돌,안전운전불이행,건조,맑음,교차로 - 교차로안,승용,남,58세,상해없음,승용,남,71세,중상
2017081600100343,2017년 8월 16일 15시,수요일,경상남도 합천군 합천읍,경상사고,0,0,1,2,차대차 - 추돌,안전운전불이행,건조,맑음,교차로 - 교차로부근,승용,남,21세,상해없음,승용,여,58세,경상
2017081600100344,2017년 8월 16일 15시,수요일,경상남도 고성군 고성읍,경상사고,0,0,1,0,차대차 - 측면충돌,안전거리미확보,건조,맑음,교차로 - 교차로안,승용,여,38세,상해없음,화물,남,44세,경상
2017081600100345,2017년 8월 16일 15시,수요일,경상남도 거제시 아주동,경상사고,0,0,1,0,차대사람 - 횡단중,교차로운행방법위반,건조,맑음,교차로 - 교차로안,승용,여,53세,상해없음,보행자,남,18세,경상
2017081600100371,2017년 8월 16일 16시,수요일,경상남도 김해시 외동,경상사고,0,0,2,0,차대차 - 추돌,안전거리미확보,건조,맑음,교차로 - 교차로부근,승용,남,22세,상해없음,승용,여,53세,경상
2017081600100372,2017년 8월 16일 16시,수요일,경상남도 함안군 군북면,경상사고,0,0,1,0,차대차 - 측면충돌,안전운전불이행,건조,맑음,단일로 - 기타,건설기계,남,59세,상해없음,승용,여,29세,경상
2017081600100405,2017년 8월 16일 17시,수요일,경상남도 진주시 칠암동,중상사고,0,1,0,0,차대사람 - 기타,안전운전불이행,건조,흐림,기타 - 기타,승용,남,53세,상해없음,보행자,여,59세,중상
2017081600100452,2017년 8월 16일 18시,수요일,경상남도 통영시 무전동,경상사고,0,0,1,0,차대차 - 추돌,안전거리미확보,건조,맑음,교차로 - 교차로부근,건설기계,남,52세,상해없음,승용,여,40세,경상
2017081600100453,2017년 8월 16일 18시,수요일,경상남도 밀양시 상남면,중상사고,0,1,0,0,차대차 - 측면충돌,교차로운행방법위반,건조,맑음,교차로 - 교차로안,원동기,남,49세,중상,화물,남,68세,상해없음
2017081600100454,2017년 8월 16일 18시,수요일,경상남도 김해시 지내동,경상사고,0,0,1,0,차대차 - 추돌,안전운전불이행,건조,맑음,단일로 - 기타,화물,남,56세,상해없음,승용,여,36세,경상
2017081600100455,2017년 8월 16일 18시,수요일,경상남도 남해군 삼동면,중상사고,0,2,0,0,차대차 - 측면충돌,중앙선침범,건조,맑음,단일로 - 기타,화물,남,44세,상해없음,승용,여,49세,중상
2017081600100456,2017년 8월 16일 18시,수요일,경상남도 창원시 의창구 신월동,경상사고,0,0,3,0,차대차 - 측면충돌,신호위반,건조,맑음,교차로 - 교차로안,승용,여,44세,상해없음,승용,남,54세,경상
2017081600100457,2017년 8월 16일 18시,수요일,경상남도 김해시 대청동,경상사고,0,0,3,0,차대차 - 추돌,안전거리미확보,건조,맑음,단일로 - 지하차도(도로)내,화물,남,37세,상해없음,승용,남,65세,경상
2017081600100517,2017년 8월 16일 20시,수요일,경상남도 거제시 고현동,중상사고,0,1,0,0,차대차 - 기타,안전운전불이행,건조,맑음,단일로 - 기타,승용,남,41세,상해없음,자전거,남,57세,중상
2017081600100518,2017년 8월 16일 20시,수요일,경상남도 김해시 신문동,경상사고,0,0,1,0,차대사람 - 차도통행중,안전운전불이행,건조,맑음,단일로 - 기타,승용,여,27세,상해없음,보행자,남,14세,경상
2017081600100555,2017년 8월 16일 21시,수요일,경상남도 창원시 마산회원구 내서읍,중상사고,0,1,0,0,차대차 - 측면충돌,신호위반,건조,맑음,교차로 - 교차로안,승용,남,65세,상해없음,이륜,남,21세,중상
2017081600100577,2017년 8월 16일 22시,수요일,경상남도 창원시 성산구 상남동,경상사고,0,0,1,0,차대차 - 측면충돌,안전운전불이행,건조,맑음,교차로 - 교차로부근,승용,남,55세,상해없음,이륜,남,25세,경상
2017081700100033,2017년 8월 17일 00시,목요일,경상남도 사천시 용현면,중상사고,0,1,2,0,차대차 - 추돌,안전운전불이행,건조,맑음,단일로 - 교량,승용,남,69세,상해없음,승용,남,54세,경상
2017081700100060,2017년 8월 17일 02시,목요일,경상남도 창녕군 대합면,사망사고,1,0,0,0,차량단독 - 공작물충돌,안전운전불이행,건조,맑음,교차로 - 교차로안,화물,남,54세,사망,,,,
2017081700100115,2017년 8월 17일 07시,목요일,경상남도 함안군 가야읍,경상사고,0,0,1,0,차대차 - 측면충돌,기타,건조,맑음,교차로 - 교차로안,자전거,남,18세,경상,승합,남,51세,상해없음
2017081700100116,2017년 8월 17일 07시,목요일,경상남도 창원시 성산구 토월동,경상사고,0,0,1,0,차대차 - 측면충돌,안전운전불이행,건조,맑음,단일로 - 기타,승용,남,65세,상해없음,승용,여,44세,경상
2017081700100148,2017년 8월 17일 08시,목요일,경상남도 김해시 동상동,경상사고,0,0,2,0,차대차 - 기타,안전운전불이행,건조,맑음,단일로 - 기타,화물,남,58세,상해없음,승합,남,63세,경상
2017081700100149,2017년 8월 17일 08시,목요일,경상남도 창원시 성산구 웅남동,경상사고,0,0,1,0,차대차 - 측면충돌,안전운전불이행,건조,맑음,교차로 - 교차로부근,승용,남,33세,상해없음,승용,여,46세,경상
2017081700100150,2017년 8월 17일 08시,목요일,경상남도 창원시 마산회원구 구암동,경상사고,0,0,2,0,차대차 - 추돌,안전운전불이행,건조,맑음,교차로 - 교차로부근,승용,여,44세,상해없음,승용,남,46세,경상
2017081700100179,2017년 8월 17일 09시,목요일,경상남도 통영시 용남면,경상사고,0,0,2,0,차대차 - 측면충돌,안전운전불이행,건조,맑음,교차로 - 교차로안,화물,남,34세,상해없음,승용,남,36세,경상
2017081700100180,2017년 8월 17일 09시,목요일,경상남도 김해시 외동,중상사고,0,1,1,0,차대차 - 추돌,안전운전불이행,건조,맑음,단일로 - 기타,승용,남,61세,상해없음,승용,남,22세,중상
2017081700100181,2017년 8월 17일 09시,목요일,경상남도 양산시 상북면,경상사고,0,0,1,0,차대차 - 추돌,안전운전불이행,건조,맑음,교차로 - 교차로부근,승용,남,23세,상해없음,승용,여,49세,경상
2017081700100182,2017년 8월 17일 09시,목요일,경상남도 창원시 의창구 봉곡동,중상사고,0,1,0,0,차대차 - 측면충돌,안전운전불이행,건조,맑음,단일로 - 기타,승용,여,47세,상해없음,자전거,여,65세,중상
2017081700100199,2017년 8월 17일 10시,목요일,경상남도 김해시 한림면,경상사고,0,0,1,0,차대차 - 측면충돌,안전운전불이행,건조,맑음,단일로 - 기타,특수,남,63세,상해없음,이륜,남,51세,경상
2017081700100222,2017년 8월 17일 11시,목요일,경상남도 창원시 진해구 송학동,경상사고,0,0,1,0,차대사람 - 횡단중,보행자보호의무위반,건조,맑음,단일로 - 기타,기타불명,기타불명,미분류,기타불명,보행자,여,85세,경상
2017081700100223,2017년 8월 17일 11시,목요일,경상남도 거제시 옥포동,경상사고,0,0,2,0,차대사람 - 횡단중,보행자보호의무위반,건조,맑음,단일로 - 기타,승용,여,36세,상해없음,보행자,여,65세,경상
2017081700100224,2017년 8월 17일 11시,목요일,경상남도 거제시 고현동,중상사고,0,1,1,0,차대차 - 측면충돌,안전운전불이행,건조,맑음,단일로 - 기타,승용,여,39세,상해없음,승용,남,56세,경상
2017081700100254,2017년 8월 17일 12시,목요일,경상남도 밀양시 산내면,중상사고,0,1,0,0,차대사람 - 차도통행중,안전운전불이행,건조,맑음,단일로 - 기타,화물,남,46세,상해없음,보행자,여,75세,중상
2017081700100286,2017년 8월 17일 13시,목요일,경상남도 창원시 의창구 도계동,경상사고,0,0,1,0,차대사람 - 길가장자리구역통행중,안전운전불이행,건조,맑음,단일로 - 기타,화물,남,63세,상해없음,보행자,여,59세,경상
2017081700100313,2017년 8월 17일 14시,목요일,경상남도 양산시 평산동,경상사고,0,0,1,0,차대차 - 기타,신호위반,건조,맑음,교차로 - 교차로안,승용,남,18세,상해없음,원동기,남,25세,경상
2017081700100314,2017년 8월 17일 14시,목요일,경상남도 사천시 축동면,경상사고,0,0,3,0,차대차 - 기타,안전운전불이행,건조,맑음,단일로 - 기타,화물,남,47세,상해없음,승용,남,33세,경상
2017081700100342,2017년 8월 17일 15시,목요일,경상남도 밀양시 삼문동,중상사고,0,1,0,0,차대차 - 측면충돌,신호위반,건조,맑음,교차로 - 교차로횡단보도내,원동기,남,64세,상해없음,자전거,남,70세,중상
2017081700100343,2017년 8월 17일 15시,목요일,경상남도 거제시 고현동,경상사고,0,0,1,0,차대사람 - 보도통행중,보행자보호의무위반,건조,맑음,단일로 - 기타,승용,여,40세,상해없음,보행자,여,69세,경상
2017081700100382,2017년 8월 17일 16시,목요일,경상남도 창원시 마산합포구 창동,경상사고,0,0,1,0,차대사람 - 길가장자리구역통행중,중앙선침범,건조,맑음,단일로 - 기타,승용,여,45세,상해없음,보행자,여,62세,경상
2017081700100383,2017년 8월 17일 16시,목요일,경상남도 창원시 진해구 용원동,경상사고,0,0,3,0,차대차 - 추돌,안전운전불이행,건조,맑음,교차로 - 교차로부근,화물,남,34세,상해없음,승용,여,33세,경상
2017081700100384,2017년 8월 17일 16시,목요일,경상남도 양산시 평산동,경상사고,0,0,1,0,차량단독 - 기타,기타,건조,맑음,단일로 - 기타,승합,남,55세,상해없음,,,,
2017081700100385,2017년 8월 17일 16시,목요일,경상남도 창원시 마산회원구 내서읍,중상사고,0,1,0,0,차대사람 - 차도통행중,안전운전불이행,건조,맑음,교차로 - 교차로부근,화물,남,43세,상해없음,보행자,여,80세,중상
2017081700100425,2017년 8월 17일 17시,목요일,경상남도 합천군 대양면,경상사고,0,0,1,0,차대차 - 추돌,안전운전불이행,건조,맑음,단일로 - 기타,승용,남,42세,상해없음,승용,남,76세,경상
2017081700100467,2017년 8월 17일 18시,목요일,경상남도 창원시 의창구 북면,경상사고,0,0,1,0,차대차 - 측면충돌,안전거리미확보,건조,맑음,교차로 - 교차로안,화물,남,47세,상해없음,이륜,남,28세,경상
2017081700100494,2017년 8월 17일 19시,목요일,경상남도 밀양시 삼문동,중상사고,0,1,2,0,차대차 - 추돌,안전운전불이행,건조,맑음,단일로 - 교량,승용,남,76세,상해없음,승용,여,55세,중상
2017081700100495,2017년 8월 17일 19시,목요일,경상남도 양산시 남부동,부상신고사고,0,0,0,1,차대차 - 정면충돌,안전거리미확보,젖음/습기,비,교차로 - 교차로부근,승용,남,82세,상해없음,승용,남,44세,부상신고
2017081700100527,2017년 8월 17일 20시,목요일,경상남도 고성군 거류면,경상사고,0,0,3,0,차대차 - 정면충돌,교차로운행방법위반,건조,맑음,교차로 - 교차로안,승용,남,43세,상해없음,승용,남,32세,경상
2017081700100555,2017년 8월 17일 21시,목요일,경상남도 진주시 초전동,경상사고,0,0,2,0,차대차 - 기타,교차로운행방법위반,건조,맑음,교차로 - 교차로안,승용,여,50세,상해없음,승용,남,33세,경상
2017081700100556,2017년 8월 17일 21시,목요일,경상남도 창녕군 계성면,중상사고,0,1,1,0,차대차 - 기타,중앙선침범,젖음/습기,비,단일로 - 기타,화물,남,65세,경상,화물,남,52세,중상
2017081800100021,2017년 8월 18일 00시,금요일,경상남도 창원시 마산합포구 산호동,경상사고,0,0,1,0,차대차 - 기타,신호위반,젖음/습기,비,교차로 - 교차로안,승용,남,64세,상해없음,승용,남,30세,경상
2017081800100022,2017년 8월 18일 00시,금요일,경상남도 창원시 의창구 팔용동,경상사고,0,0,2,0,차대차 - 측면충돌,교차로운행방법위반,젖음/습기,비,교차로 - 교차로안,승용,남,25세,상해없음,승용,남,61세,경상
2017081800100039,2017년 8월 18일 02시,금요일,경상남도 창원시 의창구 소답동,경상사고,0,0,1,0,차대차 - 측면충돌,신호위반,젖음/습기,비,교차로 - 교차로안,승용,남,26세,상해없음,승용,남,43세,경상
2017081800100062,2017년 8월 18일 05시,금요일,경상남도 거제시 상동동,중상사고,0,1,0,0,차대차 - 측면충돌,불법유턴,건조,맑음,단일로 - 기타,승용,남,40세,상해없음,자전거,남,35세,중상
2017081800100092,2017년 8월 18일 07시,금요일,경상남도 창원시 의창구 명서동,경상사고,0,0,2,0,차대차 - 추돌,안전거리미확보,건조,맑음,교차로 - 교차로안,승용,남,34세,상해없음,승용,여,43세,경상
2017081800100127,2017년 8월 18일 08시,금요일,경상남도 김해시 부원동,중상사고,0,1,0,0,차대사람 - 횡단중,안전운전불이행,건조,맑음,단일로 - 기타,승용,남,20세,상해없음,보행자,남,25세,중상
2017081800100128,2017년 8월 18일 08시,금요일,경상남도 창녕군 영산면,경상사고,0,0,1,0,차대차 - 기타,안전운전불이행,건조,맑음,단일로 - 기타,이륜,남,27세,상해없음,화물,남,48세,상해없음
2017081800100162,2017년 8월 18일 09시,금요일,경상남도 거제시 옥포동,부상신고사고,0,0,0,1,차대사람 - 기타,안전운전불이행,건조,맑음,단일로 - 기타,기타불명,기타불명,미분류,기타불명,보행자,여,77세,부상신고
2017081800100187,2017년 8월 18일 10시,금요일,경상남도 김해시 내동,경상사고,0,0,1,0,차대차 - 추돌,안전운전불이행,건조,맑음,단일로 - 기타,승용,남,64세,상해없음,화물,남,40세,경상
2017081800100213,2017년 8월 18일 11시,금요일,경상남도 함양군 함양읍,중상사고,0,1,0,0,차대차 - 측면충돌,안전운전불이행,건조,맑음,단일로 - 기타,건설기계,남,43세,상해없음,화물,남,37세,중상
2017081800100214,2017년 8월 18일 11시,금요일,경상남도 김해시 진례면,경상사고,0,0,1,0,차대차 - 측면충돌,안전운전불이행,건조,맑음,단일로 - 기타,자전거,남,60세,경상,승용,여,69세,상해없음
2017081800100253,2017년 8월 18일 12시,금요일,경상남도 김해시 동상동,경상사고,0,0,1,0,차대차 - 측면충돌,신호위반,건조,맑음,교차로 - 교차로안,승용,남,67세,상해없음,승용,남,57세,경상
2017081800100254,2017년 8월 18일 12시,금요일,경상남도 함안군 군북면,경상사고,0,0,1,0,차대사람 - 기타,안전운전불이행,건조,맑음,단일로 - 기타,승용,남,37세,상해없음,보행자,남,35세,경상
2017081800100314,2017년 8월 18일 14시,금요일,경상남도 김해시 어방동,중상사고,0,1,0,0,차대사람 - 횡단중,안전운전불이행,건조,맑음,단일로 - 기타,승용,남,68세,상해없음,보행자,여,75세,중상
2017081800100315,2017년 8월 18일 14시,금요일,경상남도 김해시 삼문동,경상사고,0,0,2,0,차대차 - 측면충돌,중앙선침범,건조,맑음,단일로 - 기타,승용,여,61세,경상,승용,여,46세,경상