사고번호,사고일시,요일,시군구,사고내용,사망자수,중상자수,경상자수,부상신고자수,사고유형,법규위반,노면상태,기상상태,도로형태,가해운전자 차종,가해운전자 성별,가해운전자 연령,가해운전자 상해정도,피해운전자 차종,피해운전자 성별,피해운전자 연령,피해운전자 상해정도
2017082600100104,2017년 8월 26일 04시,토요일,경상남도 거창군 거창읍,경상사고,0,0,1,0,차대차 - 기타,안전운전불이행,건조,맑음,교차로 - 교차로안,승용,남,21세,경상,승용,남,33세,상해없음
2017082600100155,2017년 8월 26일 07시,토요일,경상남도 하동군 금남면,중상사고,0,3,2,0,차대차 - 정면충돌,중앙선침범,건조,맑음,단일로 - 기타,승용,남,71세,상해없음,승용,남,36세,경상
2017082600100170,2017년 8월 26일 08시,토요일,경상남도 김해시 봉황동,경상사고,0,0,4,0,차대차 - 기타,안전운전불이행,건조,맑음,교차로 - 교차로안,승용,남,47세,경상,승용,남,54세,경상
2017082600100171,2017년 8월 26일 08시,토요일,경상남도 김해시 신문동,중상사고,0,2,0,0,차대차 - 측면충돌,신호위반,건조,맑음,교차로 - 교차로안,승합,남,36세,상해없음,승용,남,65세,중상
2017082600100196,2017년 8월 26일 09시,토요일,경상남도 진주시 옥봉동,경상사고,0,0,1,0,차대사람 - 횡단중,신호위반,건조,맑음,교차로 - 교차로안,승용,남,49세,상해없음,보행자,여,81세,경상
2017082600100197,2017년 8월 26일 09시,토요일,경상남도 통영시 북신동,중상사고,0,1,0,0,차대사람 - 횡단중,안전운전불이행,건조,맑음,단일로 - 기타,승용,남,56세,상해없음,보행자,남,10세,중상
2017082600100229,2017년 8월 26일 10시,토요일,경상남도 김해시 삼정동,중상사고,0,1,0,0,차대사람 - 기타,안전운전불이행,건조,맑음,단일로 - 기타,승용,남,61세,상해없음,보행자,남,75세,중상
2017082600100230,2017년 8월 26일 10시,토요일,경상남도 창녕군 대합면,중상사고,0,1,0,1,차대사람 - 기타,기타,건조,맑음,단일로 - 기타,승용,남,71세,부상신고,보행자,여,77세,중상
2017082600100231,2017년 8월 26일 10시,토요일,경상남도 남해군 남해읍,중상사고,0,1,0,0,차대사람 - 기타,안전운전불이행,건조,맑음,단일로 - 기타,승용,남,57세,상해없음,보행자,여,87세,중상
2017082600100308,2017년 8월 26일 12시,토요일,경상남도 김해시 서상동,경상사고,0,0,1,0,차대차 - 기타,안전운전불이행,건조,맑음,교차로 - 교차로안,승용,여,43세,상해없음,원동기,남,76세,경상
2017082600100309,2017년 8월 26일 12시,토요일,경상남도 창녕군 남지읍,경상사고,0,0,1,0,차대차 - 측면충돌,안전운전불이행,건조,맑음,단일로 - 기타,자전거,남,9세,경상,화물,남,50세,상해없음
2017082600100310,2017년 8월 26일 12시,토요일,경상남도 창원시 의창구 동정동,중상사고,0,1,0,0,차대차 - 기타,안전운전불이행,건조,맑음,단일로 - 기타,승용,남,49세,상해없음,이륜,남,37세,중상
2017082600100343,2017년 8월 26일 13시,토요일,경상남도 통영시 광도면,중상사고,0,1,0,0,차대차 - 추돌,안전운전불이행,건조,맑음,단일로 - 기타,승합,남,39세,상해없음,승용,남,55세,중상
2017082600100344,2017년 8월 26일 13시,토요일,경상남도 사천시 사남면,경상사고,0,0,1,0,차대차 - 추돌,안전운전불이행,건조,맑음,단일로 - 기타,승용,남,18세,상해없음,승용,여,32세,경상
2017082600100345,2017년 8월 26일 13시,토요일,경상남도 밀양시 삼랑진읍,경상사고,0,0,1,0,차대사람 - 횡단중,안전운전불이행,건조,맑음,교차로 - 교차로안,건설기계,남,47세,상해없음,보행자,남,2세,경상
2017082600100346,2017년 8월 26일 13시,토요일,경상남도 창원시 의창구 동읍,경상사고,0,0,1,0,차대차 - 측면충돌,안전운전불이행,건조,맑음,단일로 - 기타,승용,남,44세,상해없음,승용,여,31세,경상
2017082600100381,2017년 8월 26일 14시,토요일,경상남도 사천시 송포동,중상사고,0,1,0,0,차대사람 - 횡단중,안전운전불이행,건조,맑음,교차로 - 교차로부근,승용,남,33세,상해없음,보행자,남,13세,중상
2017082600100382,2017년 8월 26일 14시,토요일,경상남도 거제시 연초면,경상사고,0,0,3,0,차대차 - 측면충돌,교차로운행방법위반,건조,맑음,교차로 - 교차로안,승용,남,40세,경상,승용,남,62세,경상
2017082600100428,2017년 8월 26일 15시,토요일,경상남도 김해시 외동,경상사고,0,0,1,0,차대차 - 추돌,안전운전불이행,건조,맑음,단일로 - 기타,승용,남,52세,상해없음,승용,여,39세,경상
2017082600100429,2017년 8월 26일 15시,토요일,경상남도 김해시 부원동,경상사고,0,0,2,0,차대차 - 기타,안전운전불이행,건조,맑음,교차로 - 교차로안,승용,여,52세,상해없음,승용,남,24세,경상
2017082600100430,2017년 8월 26일 15시,토요일,경상남도 창녕군 고암면,경상사고,0,0,3,0,차대차 - 정면충돌,중앙선침범,건조,맑음,단일로 - 기타,승용,여,48세,상해없음,승용,여,29세,경상
2017082600100431,2017년 8월 26일 15시,토요일,경상남도 거제시 고현동,중상사고,0,1,0,0,차대차 - 기타,교차로운행방법위반,건조,맑음,교차로 - 교차로안,승용,여,40세,상해없음,이륜,남,27세,중상
2017082600100432,2017년 8월 26일 15시,토요일,경상남도 거제시 장평동,경상사고,0,0,1,0,차대차 - 측면충돌,안전운전불이행,건조,맑음,단일로 - 기타,승용,여,60세,상해없음,승용,여,43세,경상
2017082600100469,2017년 8월 26일 16시,토요일,경상남도 창녕군 창녕읍,부상신고사고,0,0,0,1,차대차 - 측면충돌,직진우회전진행방해,건조,맑음,교차로 - 교차로안,이륜,남,74세,부상신고,승용,남,26세,상해없음
2017082600100470,2017년 8월 26일 16시,토요일,경상남도 양산시 물금읍,중상사고,0,1,0,0,차대사람 - 기타,안전운전불이행,건조,맑음,기타 - 기타,승용,남,44세,상해없음,보행자,여,51세,중상
2017082600100471,2017년 8월 26일 16시,토요일,경상남도 거제시 장평동,경상사고,0,0,1,0,차대차 - 측면충돌,교차로운행방법위반,건조,맑음,교차로 - 교차로안,승용,여,38세,상해없음,자전거,남,24세,경상
2017082600100472,2017년 8월 26일 16시,토요일,경상남도 창원시 마산회원구 합성동,경상사고,0,0,1,0,차대사람 - 차도통행중,안전운전불이행,건조,맑음,단일로 - 기타,승용,남,24세,상해없음,보행자,여,23세,경상
2017082600100512,2017년 8월 26일 17시,토요일,경상남도 진주시 유곡동,경상사고,0,0,2,0,차대차 - 추돌,안전운전불이행,건조,맑음,교차로 - 교차로부근,화물,남,56세,상해없음,승용,남,33세,경상
2017082600100513,2017년 8월 26일 17시,토요일,경상남도 사천시 정동면,경상사고,0,0,1,0,차대차 - 추돌,안전거리미확보,건조,맑음,단일로 - 기타,승용,남,36세,상해없음,승용,여,42세,경상
2017082600100514,2017년 8월 26일 17시,토요일,경상남도 거창군 거창읍,중상사고,0,1,0,0,차대차 - 기타,중앙선침범,건조,맑음,단일로 - 기타,승용,남,49세,상해없음,이륜,남,63세,중상
2017082600100592,2017년 8월 26일 19시,토요일,경상남도 통영시 중앙동,경상사고,0,0,1,0,차대사람 - 횡단중,안전운전불이행,건조,맑음,단일로 - 기타,승용,남,63세,상해없음,보행자,여,46세,경상
2017082600100593,2017년 8월 26일 19시,토요일,경상남도 거제시 사등면,경상사고,0,0,1,0,차대차 - 추돌,안전운전불이행,건조,맑음,단일로 - 기타,승용,남,38세,상해없음,승용,남,58세,경상
2017082600100624,2017년 8월 26일 20시,토요일,경상남도 진주시 평거동,중상사고,0,1,0,0,차대사람 - 횡단중,안전운전불이행,건조,맑음,단일로 - 기타,원동기,남,18세,상해없음,보행자,여,58세,중상
2017082600100625,2017년 8월 26일 20시,토요일,경상남도 사천시 벌리동,경상사고,0,0,1,0,차대차 - 측면충돌,안전운전불이행,건조,맑음,교차로 - 교차로안,승용,남,58세,상해없음,승용,여,53세,경상
2017082600100626,2017년 8월 26일 20시,토요일,경상남도 양산시 신기동,중상사고,0,1,1,0,차대차 - 기타,차로위반,건조,맑음,단일로 - 기타,승용,남,48세,상해없음,승용,남,45세,중상
2017082600100627,2017년 8월 26일 20시,토요일,경상남도 거제시 상동동,경상사고,0,0,1,0,차대사람 - 기타,안전운전불이행,건조,맑음,단일로 - 기타,승용,남,37세,상해없음,보행자,남,60세,경상
2017082600100628,2017년 8월 26일 20시,토요일,경상남도 김해시 삼문동,경상사고,0,0,2,0,차대차 - 추돌,안전운전불이행,건조,기타,교차로 - 교차로부근,승용,남,46세,상해없음,승용,여,42세,경상
2017082600100651,2017년 8월 26일 21시,토요일,경상남도 진주시 이반성면,사망사고,1,1,0,0,차대차 - 정면충돌,중앙선침범,건조,맑음,단일로 - 기타,승용,남,25세,중상,승용,남,30세,사망
2017082600100662,2017년 8월 26일 22시,토요일,경상남도 김해시 진례면,중상사고,0,2,6,0,차대차 - 측면충돌,안전운전불이행,건조,맑음,단일로 - 기타,승용,남,46세,상해없음,승용,남,53세,중상
2017082600100673,2017년 8월 26일 22시,토요일,경상남도 김해시 삼정동,경상사고,0,0,1,0,차대사람 - 횡단중,안전운전불이행,건조,맑음,교차로 - 교차로안,승용,남,49세,상해없음,보행자,여,27세,경상
2017082600100674,2017년 8월 26일 22시,토요일,경상남도 김해시 대청동,경상사고,0,0,2,0,차대차 - 측면충돌,안전운전불이행,건조,맑음,교차로 - 교차로안,승용,여,38세,상해없음,승용,여,50세,경상
2017082700100072,2017년 8월 27일 03시,일요일,경상남도 김해시 어방동,중상사고,0,1,0,0,차대사람 - 횡단중,보행자보호의무위반,건조,맑음,교차로 - 교차로횡단보도내,승용,남,52세,상해없음,보행자,남,45세,중상
2017082700100091,2017년 8월 27일 06시,일요일,경상남도 거제시 하청면,중상사고,0,1,0,0,차대차 - 정면충돌,중앙선침범,건조,맑음,교차로 - 교차로부근,승용,남,27세,상해없음,화물,남,42세,중상
2017082700100099,2017년 8월 27일 07시,일요일,경상남도 양산시 중부동,경상사고,0,0,1,0,차대차 - 측면충돌,안전운전불이행,건조,맑음,단일로 - 기타,승용,남,30세,상해없음,승용,여,39세,경상
2017082700100119,2017년 8월 27일 08시,일요일,경상남도 창녕군 부곡면,중상사고,0,1,1,0,차대차 - 기타,안전운전불이행,건조,맑음,단일로 - 기타,승용,남,61세,상해없음,승용,여,53세,중상
2017082700100133,2017년 8월 27일 09시,일요일,경상남도 창녕군 길곡면,중상사고,0,1,0,0,차대차 - 기타,안전운전불이행,건조,맑음,단일로 - 기타,승용,여,47세,상해없음,이륜,남,78세,중상
2017082700100134,2017년 8월 27일 09시,일요일,경상남도 거제시 능포동,경상사고,0,0,2,0,차대차 - 추돌,안전운전불이행,건조,맑음,단일로 - 기타,승용,남,58세,상해없음,승용,남,57세,경상
2017082700100151,2017년 8월 27일 10시,일요일,경상남도 김해시 신문동,중상사고,0,1,0,0,차대차 - 측면충돌,차로위반,건조,맑음,단일로 - 기타,승용,남,55세,상해없음,원동기,남,17세,중상
2017082700100152,2017년 8월 27일 10시,일요일,경상남도 김해시 관동동,중상사고,0,2,0,0,차대차 - 측면충돌,교차로운행방법위반,건조,맑음,교차로 - 교차로안,승용,여,25세,상해없음,승용,남,28세,중상
2017082700100176,2017년 8월 27일 11시,일요일,경상남도 산청군 시천면,경상사고,0,0,3,0,차대차 - 측면충돌,안전운전불이행,건조,맑음,단일로 - 기타,승용,여,47세,경상,승용,남,53세,경상
2017082700100201,2017년 8월 27일 12시,일요일,경상남도 진주시 강남동,중상사고,0,1,0,0,차대차 - 측면충돌,신호위반,건조,맑음,단일로 - 기타,승용,남,49세,상해없음,자전거,남,13세,중상
2017082700100202,2017년 8월 27일 12시,일요일,경상남도 양산시 삼호동,경상사고,0,0,1,0,차대사람 - 횡단중,안전운전불이행,건조,맑음,단일로 - 기타,승용,남,24세,상해없음,보행자,여,9세,경상
2017082700100231,2017년 8월 27일 13시,일요일,경상남도 통영시 무전동,중상사고,0,1,0,0,차량단독 - 기타,안전운전불이행,건조,맑음,단일로 - 기타,승합,남,60세,상해없음,,,,
2017082700100232,2017년 8월 27일 13시,일요일,경상남도 김해시 외동,경상사고,0,0,1,0,차대사람 - 횡단중,보행자보호의무위반,건조,맑음,단일로 - 기타,승용,남,57세,상해없음,보행자,여,44세,경상
2017082700100255,2017년 8월 27일 14시,일요일,경상남도 통영시 광도면,경상사고,0,0,2,0,차대차 - 측면충돌,신호위반,건조,맑음,교차로 - 교차로안,승합,남,32세,상해없음,승용,남,54세,경상
2017082700100256,2017년 8월 27일 14시,일요일,경상남도 남해군 남해읍,중상사고,0,1,0,0,차대사람 - 횡단중,보행자보호의무위반,건조,맑음,교차로 - 교차로부근,승용,여,45세,상해없음,보행자,남,9세,중상
2017082700100257,2017년 8월 27일 14시,일요일,경상남도 창원시 의창구 동정동,경상사고,0,0,2,0,차대차 - 기타,안전운전불이행,건조,맑음,교차로 - 교차로부근,화물,남,67세,상해없음,승용,남,27세,경상
2017082700100266,2017년 8월 27일 15시,일요일,경상남도 밀양시 상남면,중상사고,0,1,0,0,차대차 - 측면충돌,안전거리미확보,건조,맑음,단일로 - 기타,승합,남,53세,상해없음,승용,여,55세,중상
2017082700100280,2017년 8월 27일 15시,일요일,경상남도 합천군 야로면,경상사고,0,0,1,0,차량단독 - 도로외이탈 - 추락,안전운전불이행,건조,맑음,단일로 - 기타,승용,남,70세,경상,,,,
2017082700100281,2017년 8월 27일 15시,일요일,경상남도 창원시 의창구 서상동,경상사고,0,0,2,0,차대차 - 측면충돌,신호위반,건조,맑음,교차로 - 교차로안,승용,여,38세,상해없음,승용,남,56세,경상
2017082700100309,2017년 8월 27일 16시,일요일,경상남도 창원시 마산합포구 상남동,경상사고,0,0,1,0,차대사람 - 차도통행중,안전운전불이행,건조,맑음,교차로 - 교차로부근,승용,여,31세,상해없음,보행자,남,58세,경상
2017082700100310,2017년 8월 27일 16시,일요일,경상남도 합천군 야로면,경상사고,0,0,1,0,차량단독 - 전도전복 - 전도,안전운전불이행,건조,맑음,단일로 - 기타,원동기,남,78세,경상,,,,
2017082700100311,2017년 8월 27일 16시,일요일,경상남도 창원시 마산회원구 구암동,중상사고,0,1,1,0,차대차 - 추돌,안전운전불이행,건조,맑음,단일로 - 기타,승용,남,25세,상해없음,승용,남,59세,경상
2017082700100344,2017년 8월 27일 17시,일요일,경상남도 진주시 대곡면,경상사고,0,0,2,0,차대차 - 측면충돌,중앙선침범,건조,맑음,단일로 - 기타,승용,여,58세,상해없음,화물,남,41세,경상
2017082700100393,2017년 8월 27일 19시,일요일,경상남도 김해시 내동,중상사고,0,1,0,0,차대차 - 측면충돌,신호위반,건조,맑음,단일로 - 기타,이륜,남,33세,중상,승용,남,49세,상해없음
2017082700100420,2017년 8월 27일 20시,일요일,경상남도 김해시 구산동,중상사고,0,1,0,0,차대차 - 측면충돌,안전운전불이행,건조,맑음,교차로 - 교차로안,승용,여,56세,상해없음,이륜,남,40세,중상
2017082700100421,2017년 8월 27일 20시,일요일,경상남도 양산시 물금읍,중상사고,0,1,0,0,차대차 - 측면충돌,신호위반,건조,맑음,교차로 - 교차로안,승용,여,28세,상해없음,이륜,남,16세,중상
2017082700100439,2017년 8월 27일 21시,일요일,경상남도 창원시 마산회원구 두척동,사망사고,1,0,0,0,차대차 - 기타,안전운전불이행,건조,맑음,단일로 - 기타,화물,남,65세,상해없음,이륜,남,27세,사망
2017082700100461,2017년 8월 27일 22시,일요일,경상남도 김해시 대동면,경상사고,0,0,1,0,차대사람 - 차도통행중,안전운전불이행,건조,맑음,단일로 - 기타,승용,남,39세,상해없음,보행자,여,72세,경상
2017082800100032,2017년 8월 28일 01시,월요일,경상남도 김해시 어방동,경상사고,0,0,1,0,차대사람 - 횡단중,안전운전불이행,건조,맑음,단일로 - 기타,승용,남,36세,상해없음,보행자,남,20세,경상
2017082800100096,2017년 8월 28일 07시,월요일,경상남도 거제시 거제면,사망사고,1,9,9,0,차대차 - 추돌,안전운전불이행,건조,맑음,단일로 - 기타,승합,남,48세,사망,승용,남,74세,상해없음
2017082800100134,2017년 8월 28일 08시,월요일,경상남도 창원시 의창구 소답동,중상사고,0,1,1,0,차대차 - 추돌,안전운전불이행,건조,맑음,교차로 - 교차로안,승합,여,48세,상해없음,승용,여,66세,경상
2017082800100169,2017년 8월 28일 09시,월요일,경상남도 밀양시 삼랑진읍,중상사고,0,1,0,0,차대사람 - 차도통행중,안전운전불이행,건조,맑음,단일로 - 기타,이륜,남,76세,상해없음,보행자,여,74세,중상
2017082800100170,2017년 8월 28일 09시,월요일,경상남도 밀양시 내이동,중상사고,0,1,0,0,차대사람 - 횡단중,안전운전불이행,건조,맑음,교차로 - 교차로부근,승용,남,60세,상해없음,보행자,여,66세,중상
2017082800100199,2017년 8월 28일 10시,월요일,경상남도 통영시 동호동,중상사고,0,1,0,0,차대사람 - 기타,안전운전불이행,건조,맑음,단일로 - 기타,승용,남,37세,상해없음,보행자,여,77세,중상
2017082800100223,2017년 8월 28일 11시,월요일,경상남도 진주시 장재동,중상사고,0,1,0,0,차대사람 - 횡단중,안전운전불이행,건조,맑음,단일로 - 기타,승용,남,34세,상해없음,보행자,여,10세,중상
2017082800100224,2017년 8월 28일 11시,월요일,경상남도 진주시 봉곡동,중상사고,0,1,0,0,차대차 - 측면충돌,안전운전불이행,건조,맑음,단일로 - 기타,승용,남,62세,상해없음,원동기,여,51세,중상
2017082800100225,2017년 8월 28일 11시,월요일,경상남도 창녕군 남지읍,중상사고,0,1,1,0,차대차 - 측면충돌,신호위반,건조,맑음,교차로 - 교차로안,승용,여,40세,상해없음,승용,남,75세,경상
2017082800100254,2017년 8월 28일 12시,월요일,경상남도 통영시 도산면,경상사고,0,0,2,0,차대차 - 측면충돌,안전운전불이행,건조,맑음,단일로 - 기타,승용,남,19세,상해없음,승용,여,30세,경상
2017082800100255,2017년 8월 28일 12시,월요일,경상남도 밀양시 삼문동,중상사고,0,1,0,0,차대사람 - 횡단중,보행자보호의무위반,건조,맑음,단일로 - 기타,화물,남,67세,상해없음,보행자,여,68세,중상
2017082800100256,2017년 8월 28일 12시,월요일,경상남도 창원시 성산구 상남동,경상사고,0,0,2,0,차대차 - 측면충돌,안전운전불이행,건조,맑음,단일로 - 기타,화물,남,35세,상해없음,승용,여,33세,경상
2017082800100291,2017년 8월 28일 13시,월요일,경상남도 창원시 진해구 용원동,사망사고,1,0,0,0,차대차 - 기타,안전운전불이행,건조,맑음,교차로 - 교차로횡단보도내,승용,남,37세,사망,특수,남,40세,기타불명
2017082800100292,2017년 8월 28일 13시,월요일,경상남도 통영시 도남동,중상사고,0,1,0,0,차대차 - 측면충돌,신호위반,건조,맑음,교차로 - 교차로안,승용,여,19세,상해없음,이륜,남,59세,중상
2017082800100293,2017년 8월 28일 13시,월요일,경상남도 합천군 율곡면,중상사고,0,2,0,0,차대차 - 측면충돌,안전운전불이행,건조,맑음,교차로 - 교차로안,승용,여,50세,상해없음,이륜,남,80세,중상
2017082800100326,2017년 8월 28일 14시,월요일,경상남도 김해시 생림면,경상사고,0,0,2,0,차대차 - 측면충돌,직진우회전진행방해,건조,맑음,교차로 - 교차로안,건설기계,남,28세,상해없음,화물,남,29세,경상
2017082800100327,2017년 8월 28일 14시,월요일,경상남도 함안군 산인면,경상사고,0,0,1,0,차대차 - 측면충돌,안전운전불이행,건조,맑음,단일로 - 기타,승합,남,52세,상해없음,승용,남,54세,경상
2017082800100359,2017년 8월 28일 15시,월요일,경상남도 김해시 삼정동,경상사고,0,0,2,0,차대차 - 측면충돌,안전운전불이행,건조,맑음,단일로 - 기타,승용,여,42세,경상,승용,여,38세,경상
2017082800100403,2017년 8월 28일 16시,월요일,경상남도 통영시 서호동,부상신고사고,0,0,0,1,차대차 - 기타,안전운전불이행,건조,맑음,주차장 - 주차장,승용,남,65세,상해없음,자전거,남,70세,부상신고
2017082800100404,2017년 8월 28일 16시,월요일,경상남도 밀양시 삼랑진읍,중상사고,0,1,0,0,차대차 - 정면충돌,중앙선침범,건조,맑음,교차로 - 교차로부근,화물,남,74세,상해없음,자전거,남,53세,중상
2017082800100405,2017년 8월 28일 16시,월요일,경상남도 김해시 삼계동,중상사고,0,1,0,0,차대차 - 측면충돌,직진우회전진행방해,건조,맑음,교차로 - 교차로안,승용,남,42세,상해없음,원동기,남,70세,중상
2017082800100406,2017년 8월 28일 16시,월요일,경상남도 함안군 대산면,중상사고,0,3,0,0,차대차 - 추돌,안전운전불이행,건조,맑음,단일로 - 기타,건설기계,남,34세,상해없음,승용,여,67세,중상
2017082800100446,2017년 8월 28일 17시,월요일,경상남도 거제시 연초면,부상신고사고,0,0,0,1,차량단독 - 기타,안전운전불이행,건조,맑음,단일로 - 기타,승용,남,55세,부상신고,,,,
2017082800100613,2017년 8월 28일 22시,월요일,경상남도 창원시 진해구 풍호동,경상사고,0,0,2,0,차대차 - 측면충돌,직진우회전진행방해,건조,맑음,교차로 - 교차로안,승용,여,59세,경상,원동기,남,17세,경상
2017082800100614,2017년 8월 28일 22시,월요일,경상남도 남해군 삼동면,중상사고,0,1,0,0,차대사람 - 차도통행중,안전운전불이행,건조,맑음,교차로 - 교차로부근,화물,여,48세,상해없음,보행자,남,56세,중상
2017082800100615,2017년 8월 28일 22시,월요일,경상남도 창원시 의창구 팔용동,경상사고,0,0,2,0,차대차 - 추돌,안전운전불이행,건조,맑음,단일로 - 기타,화물,남,62세,상해없음,승용,남,29세,경상
2017082800100645,2017년 8월 28일 23시,월요일,경상남도 진주시 대안동,경상사고,0,0,1,0,차대차 - 정면충돌,안전운전불이행,건조,맑음,단일로 - 기타,승용,남,22세,상해없음,승용,여,34세,경상
2017082900100030,2017년 8월 29일 00시,화요일,경상남도 사천시 사남면,경상사고,0,0,1,0,차량단독 - 공작물충돌,안전운전불이행,건조,맑음,단일로 - 기타,승용,남,28세,경상,,,,
2017082900100031,2017년 8월 29일 00시,화요일,경상남도 거제시 옥포동,경상사고,0,0,1,0,차대사람 - 차도통행중,안전운전불이행,건조,맑음,주차장 - 주차장,승용,남,27세,상해없음,보행자,남,51세,경상
2017082900100042,2017년 8월 29일 01시,화요일,경상남도 창원시 의창구 명서동,사망사고,1,0,0,0,차대차 - 정면충돌,안전운전불이행,건조,맑음,교차로 - 교차로부근,원동기,남,18세,사망,승용,남,59세,상해없음
2017082900100073,2017년 8월 29일 05시,화요일,경상남도 창원시 진해구 태평동,중상사고,0,1,0,0,차대사람 - 기타,안전운전불이행,건조,맑음,단일로 - 기타,기타불명,기타불명,미분류,기타불명,보행자,여,67세,중상
2017082900100074,2017년 8월 29일 05시,화요일,경상남도 김해시 삼정동,중상사고,0,1,0,0,차대사람 - 횡단중,안전운전불이행,건조,맑음,교차로 - 교차로안,승용,남,39세,상해없음,보행자,여,60세,중상
2017082900100104,2017년 8월 29일 07시,화요일,경상남도 진주시 금곡면,사망사고,1,0,1,0,차대차 - 기타,신호위반,건조,맑음,교차로 - 교차로안,화물,남,52세,사망,건설기계,남,43세,경상
2017082900100144,2017년 8월 29일 08시,화요일,경상남도 진주시 상대동,중상사고,0,1,0,0,차대사람 - 횡단중,신호위반,건조,맑음,교차로 - 교차로부근,승용,남,37세,상해없음,보행자,여,50세,중상
2017082900100145,2017년 8월 29일 08시,화요일,경상남도 김해시 부원동,경상사고,0,0,1,0,차대차 - 측면충돌,차로위반,건조,맑음,단일로 - 기타,승용,남,35세,상해없음,승용,여,49세,경상
2017082900100146,2017년 8월 29일 08시,화요일,경상남도 창원시 의창구 북면,경상사고,0,0,2,0,차대차 - 추돌,안전운전불이행,건조,맑음,단일로 - 기타,승용,남,30세,경상,승용,여,34세,경상
2017082900100147,2017년 8월 29일 08시,화요일,경상남도 김해시 풍유동,중상사고,0,1,0,0,차량단독 - 전도전복,안전운전불이행,건조,맑음,단일로 - 기타,이륜,남,51세,중상,미분류,미분류,미분류,미분류
2017082900100190,2017년 8월 29일 09시,화요일,경상남도 김해시 주촌면,중상사고,0,1,0,0,차대사람 - 기타,안전운전불이행,건조,맑음,단일로 - 기타,화물,남,40세,상해없음,보행자,여,63세,중상
2017082900100216,2017년 8월 29일 10시,화요일,경상남도 함양군 함양읍,부상신고사고,0,0,0,1,차대차 - 측면충돌,교차로운행방법위반,건조,맑음,교차로 - 교차로안,농기계,여,76세,부상신고,승용,남,56세,상해없음
2017082900100217,2017년 8월 29일 10시,화요일,경상남도 함양군 함양읍,부상신고사고,0,0,0,1,차대차 - 측면충돌,안전운전불이행,건조,맑음,단일로 - 기타,자전거,여,79세,부상신고,화물,남,48세,상해없음
2017082900100242,2017년 8월 29일 11시,화요일,경상남도 김해시 불암동,중상사고,0,1,0,0,차대차 - 측면충돌,신호위반,건조,맑음,교차로 - 교차로안,화물,남,61세,상해없음,이륜,남,46세,중상
2017082900100279,2017년 8월 29일 12시,화요일,경상남도 진주시 옥봉동,중상사고,0,1,0,0,차대차 - 측면충돌,중앙선침범,건조,맑음,단일로 - 기타,승용,남,69세,상해없음,승용,여,61세,중상
2017082900100280,2017년 8월 29일 12시,화요일,경상남도 김해시 삼정동,중상사고,0,2,0,0,차대차 - 측면충돌,신호위반,건조,맑음,교차로 - 교차로안,승용,남,22세,상해없음,승용,여,36세,중상
2017082900100308,2017년 8월 29일 13시,화요일,경상남도 김해시 삼계동,중상사고,0,1,0,0,차대사람 - 횡단중,안전운전불이행,건조,맑음,교차로 - 교차로횡단보도내,승용,남,30세,상해없음,보행자,여,15세,중상
2017082900100339,2017년 8월 29일 14시,화요일,경상남도 김해시 삼정동,경상사고,0,0,1,0,차대차 - 추돌,안전거리미확보,건조,맑음,단일로 - 기타,승용,남,52세,상해없음,승용,남,45세,경상
2017082900100340,2017년 8월 29일 14시,화요일,경상남도 창원시 의창구 대원동,경상사고,0,0,1,0,차대사람 - 차도통행중,안전운전불이행,건조,맑음,단일로 - 기타,화물,남,37세,상해없음,보행자,여,27세,경상
2017082900100341,2017년 8월 29일 14시,화요일,경상남도 창원시 성산구 상남동,경상사고,0,0,1,0,차대차 - 측면충돌,안전운전불이행,건조,맑음,단일로 - 기타,승용,남,71세,상해없음,승용,남,48세,경상
2017082900100374,2017년 8월 29일 15시,화요일,경상남도 사천시 동금동,중상사고,0,1,0,0,차대사람 - 차도통행중,보행자보호의무위반,건조,맑음,교차로 - 교차로안,승용,남,55세,상해없음,보행자,남,9세,중상
2017082900100375,2017년 8월 29일 15시,화요일,경상남도 김해시 대동면,경상사고,0,0,1,0,차대차 - 측면충돌,안전운전불이행,건조,맑음,교차로 - 교차로안,이륜,남,55세,경상,화물,남,59세,상해없음
2017082900100376,2017년 8월 29일 15시,화요일,경상남도 창원시 성산구 사파동,경상사고,0,0,1,0,차대차 - 측면충돌,안전운전불이행,건조,맑음,교차로 - 교차로안,승용,남,57세,상해없음,승용,남,65세,경상
2017082900100377,2017년 8월 29일 15시,화요일,경상남도 창원시 의창구 소답동,경상사고,0,0,1,0,차대차 - 측면충돌,안전운전불이행,건조,맑음,단일로 - 기타,승용,남,67세,상해없음,승용,남,51세,경상
2017082900100419,2017년 8월 29일 16시,화요일,경상남도 창원시 성산구 외동,경상사고,0,0,1,0,차대차 - 기타,안전운전불이행,건조,맑음,단일로 - 기타,화물,남,56세,상해없음,승합,남,58세,상해없음
2017082900100456,2017년 8월 29일 17시,화요일,경상남도 거제시 장목면,경상사고,0,0,2,0,차대차 - 측면충돌,기타,건조,맑음,교차로 - 교차로안,이륜,남,31세,상해없음,승용,남,35세,경상
2017082900100504,2017년 8월 29일 18시,화요일,경상남도 창원시 마산합포구 진전면,중상사고,0,1,0,0,차량단독 - 전도전복 - 전도,안전운전불이행,건조,맑음,단일로 - 기타,이륜,남,80세,중상,,,,