사고번호,사고일시,요일,시군구,사고내용,사망자수,중상자수,경상자수,부상신고자수,사고유형,법규위반,노면상태,기상상태,도로형태,가해운전자 차종,가해운전자 성별,가해운전자 연령,가해운전자 상해정도,피해운전자 차종,피해운전자 성별,피해운전자 연령,피해운전자 상해정도
2017082900100505,2017년 8월 29일 18시,화요일,경상남도 양산시 동면,경상사고,0,0,2,0,차대차 - 기타,안전운전불이행,건조,맑음,교차로 - 교차로부근,승용,여,30세,상해없음,승용,남,59세,상해없음
2017082900100506,2017년 8월 29일 18시,화요일,경상남도 창원시 성산구 중앙동,중상사고,0,1,1,0,차대차 - 측면충돌,신호위반,건조,맑음,교차로 - 교차로안,승용,남,28세,상해없음,승용,여,33세,중상
2017082900100542,2017년 8월 29일 19시,화요일,경상남도 진주시 문산읍,중상사고,0,2,0,0,차대차 - 정면충돌,중앙선침범,건조,맑음,단일로 - 기타,화물,남,53세,상해없음,화물,남,71세,중상
2017082900100543,2017년 8월 29일 19시,화요일,경상남도 밀양시 상남면,경상사고,0,0,1,0,차대차 - 측면충돌,안전운전불이행,건조,맑음,교차로 - 교차로부근,이륜,남,40세,상해없음,이륜,남,36세,경상
2017082900100544,2017년 8월 29일 19시,화요일,경상남도 양산시 동면,사망사고,1,0,0,0,차대사람 - 횡단중,보행자보호의무위반,건조,맑음,단일로 - 기타,승용,남,56세,상해없음,보행자,여,61세,사망
2017082900100545,2017년 8월 29일 19시,화요일,경상남도 거제시 고현동,중상사고,0,1,0,0,차대사람 - 기타,안전운전불이행,건조,맑음,기타 - 기타,자전거,남,53세,상해없음,보행자,여,74세,중상
2017082900100546,2017년 8월 29일 19시,화요일,경상남도 김해시 흥동,중상사고,0,1,0,0,차대사람 - 횡단중,안전운전불이행,건조,맑음,교차로 - 교차로안,승용,남,55세,상해없음,보행자,여,60세,중상
2017082900100578,2017년 8월 29일 20시,화요일,경상남도 김해시 무계동,중상사고,0,1,0,0,차대차 - 추돌,안전운전불이행,건조,맑음,단일로 - 기타,승용,남,23세,상해없음,이륜,남,25세,중상
2017082900100609,2017년 8월 29일 21시,화요일,경상남도 사천시 선구동,중상사고,0,1,0,0,차대사람 - 횡단중,보행자보호의무위반,건조,맑음,단일로 - 기타,승용,남,72세,상해없음,보행자,여,60세,중상
2017082900100610,2017년 8월 29일 21시,화요일,경상남도 창원시 성산구 웅남동,경상사고,0,0,1,0,차대차 - 추돌,안전운전불이행,건조,맑음,단일로 - 기타,승용,남,37세,상해없음,승용,남,42세,경상
2017083000100064,2017년 8월 30일 05시,수요일,경상남도 양산시 북부동,중상사고,0,1,0,0,차대사람 - 횡단중,보행자보호의무위반,건조,맑음,교차로 - 교차로횡단보도내,건설기계,남,47세,상해없음,보행자,여,89세,중상
2017083000100079,2017년 8월 30일 06시,수요일,경상남도 합천군 대병면,경상사고,0,0,1,0,차량단독 - 전도전복,안전운전불이행,건조,맑음,교차로 - 교차로안,화물,남,46세,경상,미분류,미분류,미분류,미분류
2017083000100098,2017년 8월 30일 07시,수요일,경상남도 창원시 진해구 용원동,경상사고,0,0,2,0,차대차 - 측면충돌,교차로운행방법위반,건조,맑음,교차로 - 교차로안,승용,남,22세,경상,승용,남,69세,경상
2017083000100099,2017년 8월 30일 07시,수요일,경상남도 창원시 성산구 성주동,중상사고,0,1,0,0,차대차 - 측면충돌,안전운전불이행,건조,맑음,교차로 - 교차로안,승용,남,53세,상해없음,자전거,남,38세,중상
2017083000100128,2017년 8월 30일 08시,수요일,경상남도 통영시 미수동,중상사고,0,1,0,0,차대사람 - 횡단중,안전운전불이행,건조,맑음,교차로 - 교차로부근,승용,남,48세,상해없음,보행자,여,7세,중상
2017083000100129,2017년 8월 30일 08시,수요일,경상남도 김해시 외동,경상사고,0,0,1,0,차대차 - 기타,안전운전불이행,건조,맑음,교차로 - 교차로안,승용,여,32세,상해없음,승합,남,47세,상해없음
2017083000100130,2017년 8월 30일 08시,수요일,경상남도 창원시 의창구 신월동,경상사고,0,0,1,0,차대차 - 추돌,안전운전불이행,건조,맑음,교차로 - 교차로부근,승용,여,33세,상해없음,승용,남,24세,경상
2017083000100164,2017년 8월 30일 09시,수요일,경상남도 창원시 진해구 풍호동,경상사고,0,0,1,0,차대차 - 측면충돌,안전거리미확보,건조,맑음,교차로 - 교차로부근,원동기,남,84세,경상,승합,여,40세,상해없음
2017083000100165,2017년 8월 30일 09시,수요일,경상남도 함양군 병곡면,경상사고,0,0,1,1,차대차 - 측면충돌,교차로운행방법위반,건조,맑음,교차로 - 교차로안,승용,여,57세,부상신고,화물,남,48세,경상
2017083000100193,2017년 8월 30일 10시,수요일,경상남도 진주시 주약동,중상사고,0,1,0,0,차량단독 - 기타,기타,건조,맑음,단일로 - 기타,승용,남,68세,상해없음,,,,
2017083000100194,2017년 8월 30일 10시,수요일,경상남도 김해시 생림면,사망사고,1,0,0,0,차대차 - 측면충돌,안전운전불이행,건조,맑음,교차로 - 교차로안,원동기,남,88세,사망,화물,남,70세,상해없음
2017083000100195,2017년 8월 30일 10시,수요일,경상남도 거창군 북상면,중상사고,0,1,1,0,차대차 - 기타,안전운전불이행,건조,맑음,단일로 - 기타,승용,남,68세,경상,농기계,남,60세,중상
2017083000100196,2017년 8월 30일 10시,수요일,경상남도 의령군 의령읍,중상사고,0,1,0,0,차대차 - 측면충돌,안전운전불이행,건조,맑음,단일로 - 기타,이륜,남,82세,중상,승용,남,60세,상해없음
2017083000100222,2017년 8월 30일 11시,수요일,경상남도 창원시 진해구 경화동,경상사고,0,0,1,0,차대차 - 측면충돌,안전운전불이행,건조,맑음,단일로 - 기타,승용,남,26세,상해없음,승용,여,61세,경상
2017083000100223,2017년 8월 30일 11시,수요일,경상남도 사천시 축동면,중상사고,0,1,0,0,차대차 - 측면충돌,안전운전불이행,건조,맑음,단일로 - 기타,승용,여,46세,상해없음,화물,남,31세,상해없음
2017083000100270,2017년 8월 30일 13시,수요일,경상남도 진주시 동성동,중상사고,0,1,0,0,차대사람 - 보도통행중,기타,건조,맑음,기타 - 기타,승용,여,44세,상해없음,보행자,남,55세,중상
2017083000100271,2017년 8월 30일 13시,수요일,경상남도 함양군 마천면,사망사고,1,0,0,0,차대차 - 측면충돌,신호위반,건조,맑음,교차로 - 교차로안,사륜오토바이(ATV),남,90세 이상,사망,화물,남,64세,상해없음
2017083000100272,2017년 8월 30일 13시,수요일,경상남도 김해시 흥동,중상사고,0,1,0,0,차대사람 - 기타,안전운전불이행,건조,맑음,단일로 - 기타,화물,남,55세,상해없음,보행자,남,19세,중상
2017083000100303,2017년 8월 30일 14시,수요일,경상남도 진주시 대평면,경상사고,0,0,1,0,차대차 - 측면충돌,안전운전불이행,건조,맑음,교차로 - 교차로안,승용,남,57세,상해없음,이륜,남,81세,경상
2017083000100304,2017년 8월 30일 14시,수요일,경상남도 양산시 중부동,중상사고,0,3,3,0,차대차 - 측면충돌,중앙선침범,건조,맑음,단일로 - 기타,원동기,남,28세,중상,이륜,남,41세,중상
2017083000100345,2017년 8월 30일 15시,수요일,경상남도 사천시 봉남동,경상사고,0,0,1,0,차대차 - 추돌,중앙선침범,건조,맑음,단일로 - 기타,이륜,남,51세,경상,승합,남,44세,상해없음
2017083000100346,2017년 8월 30일 15시,수요일,경상남도 남해군 남해읍,중상사고,0,1,0,0,차대차 - 측면충돌,안전운전불이행,건조,맑음,교차로 - 교차로부근,화물,남,72세,상해없음,승용,여,63세,중상
2017083000100347,2017년 8월 30일 15시,수요일,경상남도 의령군 의령읍,경상사고,0,0,1,0,차대차 - 측면충돌,안전운전불이행,건조,맑음,단일로 - 기타,화물,여,46세,상해없음,승용,남,32세,경상
2017083000100348,2017년 8월 30일 15시,수요일,경상남도 창원시 의창구 명서동,경상사고,0,0,1,0,차대차 - 기타,안전운전불이행,건조,맑음,단일로 - 기타,건설기계,남,47세,상해없음,승용,남,50세,경상
2017083000100407,2017년 8월 30일 17시,수요일,경상남도 창원시 진해구 석동,중상사고,0,1,0,0,차대차 - 추돌,안전운전불이행,건조,맑음,교차로 - 교차로부근,승용,남,40세,상해없음,자전거,남,73세,중상
2017083000100408,2017년 8월 30일 17시,수요일,경상남도 거창군 거창읍,중상사고,0,1,1,0,차대차 - 기타,안전운전불이행,건조,맑음,교차로 - 교차로안,승용,여,62세,경상,승용,남,49세,중상
2017083000100409,2017년 8월 30일 17시,수요일,경상남도 합천군 가회면,중상사고,0,3,2,1,차대차 - 정면충돌,교차로운행방법위반,건조,맑음,교차로 - 교차로안,화물,남,58세,경상,승합,남,54세,부상신고
2017083000100410,2017년 8월 30일 17시,수요일,경상남도 양산시 명곡동,경상사고,0,0,2,0,차대차 - 추돌,안전운전불이행,건조,맑음,단일로 - 기타,승용,여,24세,상해없음,승용,남,65세,상해없음
2017083000100411,2017년 8월 30일 17시,수요일,경상남도 고성군 고성읍,중상사고,0,1,0,0,차대사람 - 차도통행중,안전운전불이행,건조,맑음,단일로 - 기타,승용,남,56세,상해없음,보행자,여,13세,중상
2017083000100412,2017년 8월 30일 17시,수요일,경상남도 고성군 고성읍,경상사고,0,0,1,0,차대차 - 후진중충돌,안전운전불이행,건조,맑음,교차로 - 교차로안,화물,남,46세,상해없음,승용,여,39세,경상
2017083000100463,2017년 8월 30일 18시,수요일,경상남도 창녕군 유어면,부상신고사고,0,0,0,1,차량단독 - 기타,안전운전불이행,건조,맑음,단일로 - 기타,승용,여,60세,부상신고,,,,
2017083000100464,2017년 8월 30일 18시,수요일,경상남도 양산시 물금읍,중상사고,0,1,0,0,차대차 - 기타,직진우회전진행방해,건조,맑음,교차로 - 교차로안,승합,남,57세,상해없음,승용,여,51세,상해없음
2017083000100493,2017년 8월 30일 19시,수요일,경상남도 창원시 의창구 북면,중상사고,0,1,0,0,차대차 - 기타,중앙선침범,건조,맑음,단일로 - 기타,자전거,남,9세,중상,화물,남,52세,상해없음
2017083000100522,2017년 8월 30일 20시,수요일,경상남도 함안군 가야읍,경상사고,0,0,2,0,차대차 - 추돌,안전운전불이행,건조,맑음,교차로 - 교차로부근,화물,남,68세,상해없음,화물,여,43세,경상
2017083000100551,2017년 8월 30일 21시,수요일,경상남도 밀양시 내일동,경상사고,0,0,3,0,차대차 - 측면충돌,신호위반,건조,맑음,교차로 - 교차로안,승용,여,65세,상해없음,승용,남,29세,경상
2017083000100552,2017년 8월 30일 21시,수요일,경상남도 창원시 의창구 팔용동,경상사고,0,0,1,0,차대차 - 측면충돌,중앙선침범,건조,맑음,교차로 - 교차로안,승용,남,36세,상해없음,승용,남,58세,상해없음
2017083000100580,2017년 8월 30일 22시,수요일,경상남도 김해시 어방동,중상사고,0,1,0,0,차대사람 - 횡단중,신호위반,건조,맑음,교차로 - 교차로안,이륜,남,17세,상해없음,보행자,남,51세,중상
2017083000100581,2017년 8월 30일 22시,수요일,경상남도 창원시 성산구 사파동,중상사고,0,1,0,0,차대사람 - 횡단중,안전운전불이행,건조,맑음,단일로 - 기타,이륜,남,19세,기타불명,보행자,여,48세,중상
2017083100100060,2017년 8월 31일 05시,목요일,경상남도 김해시 무계동,경상사고,0,0,2,0,차대차 - 측면충돌,안전거리미확보,건조,맑음,단일로 - 기타,승용,남,64세,상해없음,승용,남,42세,경상
2017083100100080,2017년 8월 31일 06시,목요일,경상남도 창원시 진해구 용원동,경상사고,0,0,2,0,차대차 - 측면충돌,교차로운행방법위반,건조,맑음,교차로 - 교차로안,건설기계,남,52세,상해없음,승용,여,49세,경상
2017083100100081,2017년 8월 31일 06시,목요일,경상남도 김해시 전하동,중상사고,0,2,0,0,차대차 - 측면충돌,안전운전불이행,건조,맑음,교차로 - 교차로안,원동기,여,56세,중상,이륜,남,68세,중상
2017083100100099,2017년 8월 31일 07시,목요일,경상남도 진주시 칠암동,중상사고,0,1,0,0,차대차 - 기타,안전운전불이행,건조,맑음,단일로 - 기타,승용,여,54세,상해없음,자전거,남,26세,중상
2017083100100100,2017년 8월 31일 07시,목요일,경상남도 창원시 진해구 경화동,중상사고,0,1,0,0,차대사람 - 차도통행중,안전운전불이행,건조,맑음,단일로 - 기타,승용,남,48세,상해없음,보행자,여,88세,중상
2017083100100101,2017년 8월 31일 07시,목요일,경상남도 통영시 광도면,중상사고,0,1,6,1,차대차 - 추돌,과속,건조,맑음,단일로 - 기타,화물,남,49세,상해없음,승합,남,44세,경상
2017083100100102,2017년 8월 31일 07시,목요일,경상남도 통영시 봉평동,경상사고,0,0,1,0,차대차 - 측면충돌,안전운전불이행,건조,맑음,단일로 - 기타,승용,남,48세,상해없음,자전거,남,12세,경상
2017083100100145,2017년 8월 31일 08시,목요일,경상남도 통영시 무전동,경상사고,0,0,8,0,차대차 - 측면충돌,안전운전불이행,건조,맑음,단일로 - 기타,승합,남,60세,상해없음,승합,남,61세,상해없음
2017083100100146,2017년 8월 31일 08시,목요일,경상남도 함안군 칠원읍,경상사고,0,0,1,0,차대차 - 측면충돌,신호위반,건조,맑음,교차로 - 교차로안,건설기계,남,60세,상해없음,농기계,남,81세,경상
2017083100100147,2017년 8월 31일 08시,목요일,경상남도 창원시 의창구 서상동,경상사고,0,0,1,0,차대차 - 정면충돌,안전운전불이행,건조,맑음,단일로 - 기타,승용,여,44세,상해없음,승용,남,31세,경상
2017083100100180,2017년 8월 31일 09시,목요일,경상남도 고성군 거류면,중상사고,0,1,0,0,차대차 - 측면충돌,중앙선침범,건조,맑음,단일로 - 기타,화물,남,50세,상해없음,화물,남,73세,중상
2017083100100213,2017년 8월 31일 10시,목요일,경상남도 진주시 호탄동,경상사고,0,0,1,0,차대차 - 측면충돌,불법유턴,건조,맑음,교차로 - 교차로부근,승용,남,39세,상해없음,승용,남,29세,경상
2017083100100214,2017년 8월 31일 10시,목요일,경상남도 함양군 함양읍,경상사고,0,0,1,0,차대차 - 측면충돌,신호위반,건조,맑음,교차로 - 교차로안,승용,남,74세,상해없음,이륜,남,70세,경상
2017083100100250,2017년 8월 31일 11시,목요일,경상남도 양산시 물금읍,경상사고,0,0,3,0,차대차 - 측면충돌,신호위반,건조,맑음,교차로 - 교차로안,승용,남,51세,상해없음,승용,남,35세,경상
2017083100100251,2017년 8월 31일 11시,목요일,경상남도 거제시 아주동,경상사고,0,0,1,0,차대차 - 추돌,안전운전불이행,건조,맑음,교차로 - 교차로부근,승용,여,44세,상해없음,승용,여,37세,경상
2017083100100252,2017년 8월 31일 11시,목요일,경상남도 의령군 의령읍,중상사고,0,1,0,0,차대차 - 측면충돌,중앙선침범,건조,맑음,교차로 - 교차로부근,승용,남,51세,상해없음,화물,남,53세,중상
2017083100100253,2017년 8월 31일 11시,목요일,경상남도 의령군 정곡면,경상사고,0,0,1,0,차대차 - 측면충돌,중앙선침범,건조,맑음,단일로 - 기타,승용,남,57세,상해없음,화물,남,61세,경상
2017083100100277,2017년 8월 31일 12시,목요일,경상남도 창원시 의창구 서상동,경상사고,0,0,2,0,차대차 - 추돌,안전운전불이행,건조,맑음,교차로 - 교차로부근,승용,남,24세,상해없음,승용,남,32세,경상
2017083100100310,2017년 8월 31일 13시,목요일,경상남도 창원시 마산합포구 남성동,중상사고,0,1,0,0,차대사람 - 기타,신호위반,건조,맑음,교차로 - 교차로부근,승용,여,52세,상해없음,보행자,여,63세,중상
2017083100100311,2017년 8월 31일 13시,목요일,경상남도 통영시 산양읍,경상사고,0,0,1,0,차대차 - 측면충돌,직진우회전진행방해,건조,맑음,교차로 - 교차로안,화물,남,44세,상해없음,승용,남,42세,경상
2017083100100312,2017년 8월 31일 13시,목요일,경상남도 창원시 의창구 봉곡동,경상사고,0,0,1,0,차대사람 - 기타,안전운전불이행,건조,맑음,단일로 - 기타,건설기계,남,27세,상해없음,보행자,여,45세,경상
2017083100100342,2017년 8월 31일 14시,목요일,경상남도 하동군 악양면,경상사고,0,0,1,0,차량단독 - 기타,안전운전불이행,건조,맑음,단일로 - 기타,사륜오토바이(ATV),남,79세,경상,,,,
2017083100100343,2017년 8월 31일 14시,목요일,경상남도 창원시 의창구 팔용동,중상사고,0,1,0,0,차대사람 - 기타,안전운전불이행,건조,맑음,주차장 - 주차장,승용,남,32세,상해없음,보행자,여,57세,중상
2017083100100379,2017년 8월 31일 15시,목요일,경상남도 거제시 거제면,중상사고,0,1,1,0,차대차 - 기타,교차로운행방법위반,건조,맑음,교차로 - 교차로안,승용,남,28세,상해없음,화물,여,65세,중상
2017083100100380,2017년 8월 31일 15시,목요일,경상남도 거제시 아주동,경상사고,0,0,1,0,차대차 - 정면충돌,신호위반,건조,맑음,교차로 - 교차로안,승용,남,56세,상해없음,승용,여,33세,경상
2017083100100422,2017년 8월 31일 16시,목요일,경상남도 김해시 진영읍,경상사고,0,0,5,0,차대차 - 추돌,안전거리미확보,건조,맑음,단일로 - 기타,화물,남,56세,상해없음,화물,남,34세,경상
2017083100100423,2017년 8월 31일 16시,목요일,경상남도 함안군 칠원읍,경상사고,0,0,3,0,차대차 - 추돌,안전운전불이행,건조,맑음,단일로 - 기타,승용,남,24세,상해없음,승용,남,37세,경상
2017083100100468,2017년 8월 31일 17시,목요일,경상남도 창원시 마산회원구 회원동,중상사고,0,1,0,0,차대사람 - 기타,안전운전불이행,건조,맑음,교차로 - 교차로안,화물,남,24세,상해없음,보행자,여,46세,중상
2017083100100543,2017년 8월 31일 19시,목요일,경상남도 진주시 초전동,중상사고,0,1,0,0,차대사람 - 횡단중,신호위반,건조,맑음,교차로 - 교차로횡단보도내,승용,남,61세,상해없음,보행자,여,29세,중상
2017083100100575,2017년 8월 31일 20시,목요일,경상남도 창원시 마산합포구 해운동,중상사고,0,1,0,0,차대사람 - 차도통행중,안전운전불이행,건조,맑음,단일로 - 기타,화물,남,69세,상해없음,보행자,남,40세,중상
2017083100100576,2017년 8월 31일 20시,목요일,경상남도 양산시 중부동,경상사고,0,0,1,0,차대사람 - 횡단중,보행자보호의무위반,건조,맑음,교차로 - 교차로안,승용,남,35세,상해없음,보행자,여,54세,경상
2017083100100605,2017년 8월 31일 21시,목요일,경상남도 진주시 신안동,중상사고,0,1,1,0,차대사람 - 횡단중,보행자보호의무위반,건조,맑음,교차로 - 교차로횡단보도내,승용,남,27세,상해없음,보행자,여,27세,중상
2017083100100606,2017년 8월 31일 21시,목요일,경상남도 김해시 내동,중상사고,0,1,0,0,차대차 - 측면충돌,안전운전불이행,건조,맑음,단일로 - 기타,승용,남,30세,상해없음,승합,남,54세,상해없음
2017083100100607,2017년 8월 31일 21시,목요일,경상남도 양산시 삼호동,중상사고,0,1,0,0,차대사람 - 횡단중,안전운전불이행,건조,맑음,교차로 - 교차로안,승용,남,40세,상해없음,보행자,남,55세,중상
2017083100100608,2017년 8월 31일 21시,목요일,경상남도 양산시 물금읍,경상사고,0,0,2,0,차대차 - 추돌,안전거리미확보,건조,맑음,단일로 - 기타,승용,남,56세,상해없음,승용,남,64세,경상
2017083100100609,2017년 8월 31일 21시,목요일,경상남도 창원시 성산구 상남동,경상사고,0,0,1,0,차대차 - 추돌,안전운전불이행,건조,맑음,단일로 - 기타,승용,남,50세,상해없음,승용,여,30세,경상
2017083100100657,2017년 8월 31일 23시,목요일,경상남도 김해시 안동,경상사고,0,0,1,0,차대사람 - 길가장자리구역통행중,안전운전불이행,건조,맑음,단일로 - 기타,승용,남,23세,상해없음,보행자,여,65세,경상
2017083100100658,2017년 8월 31일 23시,목요일,경상남도 합천군 합천읍,경상사고,0,0,2,0,차대차 - 측면충돌,교차로운행방법위반,건조,맑음,교차로 - 교차로안,승용,여,53세,경상,특수,남,63세,경상
2017090100100026,2017년 9월 1일 00시,금요일,경상남도 양산시 물금읍,경상사고,0,0,1,0,차량단독 - 공작물충돌,안전운전불이행,건조,맑음,단일로 - 기타,승용,남,54세,상해없음,,,,
2017090100100033,2017년 9월 1일 00시,금요일,경상남도 양산시 북부동,경상사고,0,0,1,0,차대차 - 측면충돌,교차로운행방법위반,건조,맑음,교차로 - 교차로안,승용,남,39세,상해없음,승용,남,47세,경상
2017090100100034,2017년 9월 1일 00시,금요일,경상남도 거제시 장평동,중상사고,0,1,0,0,차대사람 - 횡단중,보행자보호의무위반,건조,맑음,교차로 - 교차로횡단보도내,승용,남,20세,상해없음,보행자,여,25세,중상
2017090100100051,2017년 9월 1일 01시,금요일,경상남도 창원시 진해구 경화동,중상사고,0,1,1,0,차대차 - 측면충돌,직진우회전진행방해,건조,맑음,교차로 - 교차로안,승용,남,44세,경상,화물,남,44세,상해없음
2017090100100062,2017년 9월 1일 02시,금요일,경상남도 김해시 대청동,중상사고,0,1,0,0,차대차 - 기타,안전운전불이행,건조,맑음,단일로 - 기타,승용,남,30세,상해없음,승용,남,35세,중상
2017090100100072,2017년 9월 1일 03시,금요일,경상남도 통영시 봉평동,경상사고,0,0,1,0,차대사람 - 횡단중,보행자보호의무위반,건조,맑음,단일로 - 기타,승용,남,53세,상해없음,보행자,남,43세,경상
2017090100100128,2017년 9월 1일 07시,금요일,경상남도 양산시 산막동,경상사고,0,0,1,0,차대차 - 기타,안전운전불이행,건조,맑음,단일로 - 기타,화물,남,59세,상해없음,승용,남,48세,경상
2017090100100143,2017년 9월 1일 07시,금요일,경상남도 김해시 외동,경상사고,0,0,1,0,차대사람 - 길가장자리구역통행중,안전운전불이행,건조,맑음,단일로 - 기타,승용,여,44세,상해없음,보행자,여,62세,경상
2017090100100195,2017년 9월 1일 08시,금요일,경상남도 통영시 용남면,경상사고,0,0,1,0,차대차 - 추돌,안전거리미확보,건조,맑음,단일로 - 기타,건설기계,남,42세,상해없음,승용,남,56세,경상
2017090100100196,2017년 9월 1일 08시,금요일,경상남도 의령군 의령읍,중상사고,0,1,0,0,차대차 - 측면충돌,안전운전불이행,건조,맑음,교차로 - 교차로부근,승용,여,61세,상해없음,승용,남,40세,중상
2017090100100295,2017년 9월 1일 11시,금요일,경상남도 밀양시 삼문동,중상사고,0,1,0,0,차대차 - 측면충돌,안전운전불이행,건조,맑음,교차로 - 교차로안,승용,남,49세,상해없음,자전거,남,67세,중상
2017090100100296,2017년 9월 1일 11시,금요일,경상남도 고성군 고성읍,경상사고,0,0,1,0,차대사람 - 차도통행중,안전운전불이행,건조,맑음,단일로 - 기타,화물,남,67세,상해없음,보행자,남,59세,경상
2017090100100297,2017년 9월 1일 11시,금요일,경상남도 거제시 옥포동,중상사고,0,1,0,0,차대차 - 추돌,안전거리미확보,건조,맑음,단일로 - 기타,승용,남,46세,상해없음,승용,남,67세,중상
2017090100100316,2017년 9월 1일 12시,금요일,경상남도 양산시 물금읍,경상사고,0,0,2,0,차대차 - 측면충돌,안전거리미확보,건조,맑음,단일로 - 기타,특수,남,68세,상해없음,승용,남,36세,경상
2017090100100329,2017년 9월 1일 12시,금요일,경상남도 김해시 외동,중상사고,0,1,0,0,차대차 - 측면충돌,신호위반,건조,맑음,단일로 - 기타,이륜,남,24세,중상,승용,남,26세,상해없음
2017090100100330,2017년 9월 1일 12시,금요일,경상남도 거창군 거창읍,중상사고,0,1,0,0,차대사람 - 기타,안전운전불이행,건조,맑음,단일로 - 기타,화물,남,70세,상해없음,보행자,여,69세,중상
2017090100100362,2017년 9월 1일 13시,금요일,경상남도 사천시 향촌동,중상사고,0,1,0,0,차대사람 - 길가장자리구역통행중,안전운전불이행,건조,맑음,단일로 - 기타,승용,남,51세,상해없음,보행자,여,59세,중상
2017090100100363,2017년 9월 1일 13시,금요일,경상남도 창원시 의창구 서상동,경상사고,0,0,1,0,차대차 - 추돌,안전거리미확보,건조,맑음,단일로 - 기타,건설기계,남,59세,상해없음,승용,남,31세,상해없음
2017090100100364,2017년 9월 1일 13시,금요일,경상남도 김해시 진례면,경상사고,0,0,1,0,차대차 - 측면충돌,안전운전불이행,건조,맑음,교차로 - 교차로안,화물,남,35세,상해없음,승용,남,59세,상해없음
2017090100100390,2017년 9월 1일 14시,금요일,경상남도 김해시 내동,중상사고,0,1,0,0,차대사람 - 횡단중,안전운전불이행,건조,맑음,교차로 - 교차로안,승용,남,21세,상해없음,보행자,남,59세,중상
2017090100100391,2017년 9월 1일 14시,금요일,경상남도 하동군 화개면,중상사고,0,3,4,0,차대차 - 정면충돌,중앙선침범,건조,맑음,단일로 - 기타,승용,여,52세,중상,승합,남,59세,상해없음
2017090100100392,2017년 9월 1일 14시,금요일,경상남도 남해군 이동면,경상사고,0,0,1,0,차량단독 - 전도전복 - 전도,안전운전불이행,건조,맑음,단일로 - 기타,화물,여,55세,경상,,,,
2017090100100437,2017년 9월 1일 15시,금요일,경상남도 창원시 마산합포구 중앙동2가,경상사고,0,0,1,0,차대차 - 측면충돌,안전운전불이행,건조,맑음,교차로 - 교차로안,승용,남,47세,상해없음,이륜,남,37세,경상
2017090100100438,2017년 9월 1일 15시,금요일,경상남도 창원시 마산합포구 진동면,경상사고,0,0,1,0,차대차 - 측면충돌,교차로운행방법위반,건조,맑음,교차로 - 교차로안,승용,남,40세,상해없음,이륜,남,68세,경상
2017090100100439,2017년 9월 1일 15시,금요일,경상남도 고성군 고성읍,경상사고,0,0,1,0,차대사람 - 차도통행중,안전운전불이행,건조,맑음,단일로 - 기타,농기계,남,72세,상해없음,보행자,남,68세,경상
2017090100100478,2017년 9월 1일 16시,금요일,경상남도 진주시 수곡면,중상사고,0,1,0,0,차대차 - 측면충돌,교차로운행방법위반,건조,맑음,교차로 - 교차로안,이륜,남,69세,상해없음,자전거,남,86세,중상
2017090100100479,2017년 9월 1일 16시,금요일,경상남도 거제시 고현동,경상사고,0,0,1,0,차대차 - 기타,안전운전불이행,건조,맑음,단일로 - 기타,승용,여,57세,상해없음,자전거,남,10세,경상
2017090100100480,2017년 9월 1일 16시,금요일,경상남도 거제시 사등면,중상사고,0,1,0,0,차대차 - 추돌,안전거리미확보,건조,맑음,단일로 - 기타,특수,남,43세,상해없음,화물,남,67세,상해없음
2017090100100481,2017년 9월 1일 16시,금요일,경상남도 산청군 신등면,중상사고,0,2,0,0,차대차 - 측면충돌,교차로운행방법위반,건조,맑음,교차로 - 교차로안,승용,남,52세,상해없음,승용,여,43세,중상
2017090100100534,2017년 9월 1일 17시,금요일,경상남도 김해시 삼방동,중상사고,0,1,0,0,차대차 - 측면충돌,안전운전불이행,건조,맑음,단일로 - 기타,이륜,남,18세,중상,승용,남,43세,상해없음
2017090100100599,2017년 9월 1일 18시,금요일,경상남도 진주시 봉곡동,경상사고,0,0,1,0,차대차 - 측면충돌,교차로운행방법위반,건조,맑음,교차로 - 교차로안,승용,남,61세,상해없음,자전거,남,13세,경상
2017090100100600,2017년 9월 1일 18시,금요일,경상남도 진주시 금산면,중상사고,0,1,0,0,차대사람 - 횡단중,보행자보호의무위반,건조,맑음,교차로 - 교차로부근,승합,남,71세,상해없음,보행자,남,74세,중상
2017090100100601,2017년 9월 1일 18시,금요일,경상남도 진주시 초전동,중상사고,0,1,0,0,차대차 - 측면충돌,교차로운행방법위반,건조,맑음,교차로 - 교차로안,승용,여,58세,상해없음,자전거,남,80세,중상
2017090100100602,2017년 9월 1일 18시,금요일,경상남도 창원시 진해구 평안동,경상사고,0,0,1,0,차대사람 - 차도통행중,안전운전불이행,건조,맑음,교차로 - 교차로횡단보도내,승용,남,43세,상해없음,보행자,여,58세,경상
2017090100100603,2017년 9월 1일 18시,금요일,경상남도 창원시 의창구 대원동,경상사고,0,0,1,0,차대차 - 측면충돌,신호위반,건조,맑음,교차로 - 교차로안,승용,남,28세,상해없음,승용,남,30세,경상
2017090100100604,2017년 9월 1일 18시,금요일,경상남도 창원시 마산회원구 구암동,경상사고,0,0,1,0,차대사람 - 길가장자리구역통행중,안전운전불이행,건조,맑음,기타 - 기타,승용,여,46세,상해없음,보행자,여,76세,경상