사고번호,사고일시,요일,시군구,사고내용,사망자수,중상자수,경상자수,부상신고자수,사고유형,법규위반,노면상태,기상상태,도로형태,가해운전자 차종,가해운전자 성별,가해운전자 연령,가해운전자 상해정도,피해운전자 차종,피해운전자 성별,피해운전자 연령,피해운전자 상해정도
2017090600100038,2017년 9월 6일 01시,수요일,경상남도 창원시 성산구 반림동,경상사고,0,0,2,0,차대차 - 측면충돌,안전운전불이행,젖음/습기,비,단일로 - 기타,승용,남,55세,상해없음,승용,남,54세,경상
2017090600100093,2017년 9월 6일 07시,수요일,경상남도 밀양시 부북면,부상신고사고,0,0,0,4,차량단독 - 공작물충돌,안전운전불이행,젖음/습기,비,교차로 - 교차로부근,승용,여,53세,부상신고,,,,
2017090600100094,2017년 9월 6일 07시,수요일,경상남도 남해군 이동면,중상사고,0,1,0,1,차대차 - 추돌,안전운전불이행,젖음/습기,흐림,단일로 - 기타,원동기,남,44세,중상,승용,남,73세,부상신고
2017090600100121,2017년 9월 6일 08시,수요일,경상남도 진주시 가좌동,중상사고,0,1,0,0,차대차 - 측면충돌,안전운전불이행,젖음/습기,흐림,교차로 - 교차로부근,승합,남,53세,상해없음,승용,여,47세,중상
2017090600100162,2017년 9월 6일 09시,수요일,경상남도 진주시 옥봉동,경상사고,0,0,1,0,차대차 - 기타,중앙선침범,건조,맑음,단일로 - 기타,화물,남,33세,상해없음,화물,남,62세,경상
2017090600100163,2017년 9월 6일 09시,수요일,경상남도 거제시 아주동,경상사고,0,0,1,0,차대차 - 후진중충돌,안전운전불이행,건조,맑음,주차장 - 주차장,승용,여,46세,상해없음,승용,남,40세,경상
2017090600100225,2017년 9월 6일 11시,수요일,경상남도 김해시 구산동,경상사고,0,0,1,0,차대사람 - 기타,보행자보호의무위반,젖음/습기,흐림,교차로 - 교차로횡단보도내,승용,여,61세,상해없음,보행자,여,60세,경상
2017090600100247,2017년 9월 6일 12시,수요일,경상남도 창원시 의창구 봉곡동,경상사고,0,0,1,0,차대사람 - 기타,안전운전불이행,건조,맑음,단일로 - 기타,승용,남,62세,상해없음,보행자,여,39세,경상
2017090600100271,2017년 9월 6일 13시,수요일,경상남도 창원시 마산합포구 해운동,경상사고,0,0,1,0,차대차 - 기타,안전거리미확보,젖음/습기,흐림,교차로 - 교차로부근,승용,여,34세,상해없음,승용,여,49세,경상
2017090600100346,2017년 9월 6일 15시,수요일,경상남도 사천시 용현면,부상신고사고,0,0,0,1,차대차 - 측면충돌,안전운전불이행,젖음/습기,비,교차로 - 교차로안,특수,남,42세,상해없음,승용,여,62세,부상신고
2017090600100347,2017년 9월 6일 15시,수요일,경상남도 창원시 성산구 남산동,경상사고,0,0,1,0,차대차 - 측면충돌,안전운전불이행,건조,맑음,단일로 - 기타,기타불명,기타불명,미분류,기타불명,자전거,남,34세,경상
2017090600100376,2017년 9월 6일 16시,수요일,경상남도 김해시 진영읍,경상사고,0,0,1,0,차대차 - 측면충돌,안전운전불이행,젖음/습기,비,단일로 - 기타,화물,남,67세,경상,특수,남,58세,상해없음
2017090600100397,2017년 9월 6일 17시,수요일,경상남도 김해시 대동면,경상사고,0,0,1,0,차대차 - 기타,안전거리미확보,젖음/습기,비,단일로 - 기타,승용,남,55세,상해없음,승용,남,41세,경상
2017090600100415,2017년 9월 6일 17시,수요일,경상남도 김해시 율하동,중상사고,0,1,3,0,차대차 - 정면충돌,안전운전불이행,젖음/습기,비,교차로 - 교차로안,승용,남,22세,경상,승용,남,32세,중상
2017090600100468,2017년 9월 6일 18시,수요일,경상남도 김해시 구산동,중상사고,0,1,0,0,차대차 - 측면충돌,직진우회전진행방해,젖음/습기,비,교차로 - 교차로부근,승용,남,36세,상해없음,승용,여,42세,중상
2017090600100469,2017년 9월 6일 18시,수요일,경상남도 양산시 산막동,경상사고,0,0,1,0,차대차 - 추돌,안전운전불이행,젖음/습기,비,단일로 - 기타,화물,남,59세,상해없음,승용,여,48세,경상
2017090600100517,2017년 9월 6일 19시,수요일,경상남도 진주시 진성면,경상사고,0,0,1,0,차대차 - 기타,중앙선침범,건조,맑음,단일로 - 기타,승용,남,47세,상해없음,화물,남,57세,경상
2017090600100518,2017년 9월 6일 19시,수요일,경상남도 창원시 의창구 봉곡동,경상사고,0,0,2,0,차대차 - 측면충돌,안전거리미확보,젖음/습기,비,단일로 - 기타,승용,여,45세,상해없음,화물,남,69세,경상
2017090600100563,2017년 9월 6일 20시,수요일,경상남도 사천시 사천읍,부상신고사고,0,0,0,1,차대사람 - 차도통행중,안전운전불이행,젖음/습기,맑음,단일로 - 기타,승용,남,52세,상해없음,보행자,남,36세,부상신고
2017090600100564,2017년 9월 6일 20시,수요일,경상남도 김해시 삼계동,경상사고,0,0,2,0,차대차 - 추돌,안전운전불이행,젖음/습기,비,교차로 - 교차로부근,승용,남,47세,상해없음,승용,남,51세,경상
2017090600100565,2017년 9월 6일 20시,수요일,경상남도 양산시 북정동,경상사고,0,0,1,0,차대차 - 정면충돌,안전운전불이행,젖음/습기,비,단일로 - 기타,승용,남,43세,상해없음,원동기,남,36세,경상
2017090600100595,2017년 9월 6일 21시,수요일,경상남도 창원시 진해구 자은동,경상사고,0,0,1,0,차대차 - 측면충돌,안전운전불이행,젖음/습기,비,단일로 - 기타,승용,남,35세,상해없음,원동기,남,28세,경상
2017090600100630,2017년 9월 6일 22시,수요일,경상남도 창원시 진해구 풍호동,중상사고,0,1,0,0,차대차 - 측면충돌,신호위반,젖음/습기,비,교차로 - 교차로안,승용,남,62세,상해없음,원동기,남,27세,중상
2017090600100631,2017년 9월 6일 22시,수요일,경상남도 김해시 내동,중상사고,0,1,0,0,차대사람 - 횡단중,안전운전불이행,젖음/습기,비,교차로 - 교차로부근,승용,남,25세,상해없음,보행자,남,17세,중상
2017090600100632,2017년 9월 6일 22시,수요일,경상남도 창원시 마산회원구 내서읍,경상사고,0,0,2,0,차대차 - 측면충돌,안전운전불이행,젖음/습기,비,교차로 - 교차로안,승용,남,54세,상해없음,승용,남,28세,경상
2017090600100661,2017년 9월 6일 23시,수요일,경상남도 김해시 삼계동,중상사고,0,1,0,0,차대사람 - 차도통행중,안전운전불이행,젖음/습기,비,교차로 - 교차로부근,승용,남,46세,상해없음,보행자,여,47세,중상
2017090600100662,2017년 9월 6일 23시,수요일,경상남도 거제시 장평동,경상사고,0,0,1,0,차대차 - 정면충돌,안전운전불이행,기타,비,교차로 - 교차로안,이륜,남,39세,경상,승용,남,37세,상해없음
2017090700100084,2017년 9월 7일 05시,목요일,경상남도 진주시 대안동,중상사고,0,1,0,0,차대사람 - 차도통행중,안전운전불이행,건조,맑음,교차로 - 교차로부근,화물,남,42세,상해없음,보행자,여,80세,중상
2017090700100112,2017년 9월 7일 07시,목요일,경상남도 김해시 대동면,중상사고,0,1,0,0,차대사람 - 횡단중,보행자보호의무위반,젖음/습기,흐림,단일로 - 기타,화물,남,45세,상해없음,보행자,여,69세,중상
2017090700100113,2017년 9월 7일 07시,목요일,경상남도 김해시 주촌면,중상사고,0,2,1,0,차대차 - 측면충돌,안전운전불이행,젖음/습기,비,단일로 - 기타,승용,남,49세,중상,화물,남,43세,중상
2017090700100146,2017년 9월 7일 08시,목요일,경상남도 김해시 삼계동,중상사고,0,1,1,0,차대차 - 측면충돌,중앙선침범,건조,맑음,단일로 - 기타,승합,남,55세,상해없음,승용,남,57세,경상
2017090700100147,2017년 9월 7일 08시,목요일,경상남도 창원시 성산구 토월동,중상사고,0,1,0,0,차대차 - 추돌,안전거리미확보,젖음/습기,흐림,단일로 - 기타,화물,남,37세,상해없음,승용,여,61세,중상
2017090700100148,2017년 9월 7일 08시,목요일,경상남도 창원시 의창구 명서동,경상사고,0,0,1,0,차대사람 - 횡단중,안전운전불이행,젖음/습기,비,단일로 - 기타,승용,남,37세,상해없음,보행자,여,61세,경상
2017090700100149,2017년 9월 7일 08시,목요일,경상남도 김해시 진례면,경상사고,0,0,1,0,차대차 - 측면충돌,신호위반,건조,맑음,교차로 - 교차로안,승용,남,48세,상해없음,승용,남,32세,경상
2017090700100179,2017년 9월 7일 09시,목요일,경상남도 함안군 칠서면,중상사고,0,1,0,0,차대차 - 측면충돌,신호위반,건조,맑음,교차로 - 교차로부근,특수,남,43세,상해없음,승용,여,60세,중상
2017090700100206,2017년 9월 7일 10시,목요일,경상남도 통영시 도산면,사망사고,1,0,0,0,차대차 - 측면충돌,중앙선침범,건조,맑음,교차로 - 교차로부근,승용,남,38세,상해없음,사륜오토바이(ATV),남,83세,사망
2017090700100207,2017년 9월 7일 10시,목요일,경상남도 밀양시 내일동,중상사고,0,1,0,0,차대사람 - 횡단중,안전운전불이행,건조,맑음,단일로 - 기타,승용,여,67세,상해없음,보행자,여,70세,중상
2017090700100243,2017년 9월 7일 12시,목요일,경상남도 합천군 삼가면,경상사고,0,0,1,0,차대차 - 후진중충돌,안전운전불이행,건조,맑음,교차로 - 교차로안,승합,남,52세,상해없음,승용,남,49세,경상
2017090700100272,2017년 9월 7일 13시,목요일,경상남도 김해시 삼방동,중상사고,0,2,2,0,차대차 - 추돌,안전운전불이행,건조,맑음,단일로 - 기타,화물,남,43세,상해없음,화물,남,57세,중상
2017090700100273,2017년 9월 7일 13시,목요일,경상남도 양산시 다방동,경상사고,0,0,1,0,차대차 - 측면충돌,중앙선침범,건조,맑음,교차로 - 교차로부근,화물,남,69세,상해없음,승용,여,28세,경상
2017090700100274,2017년 9월 7일 13시,목요일,경상남도 창원시 성산구 신촌동,중상사고,0,1,0,0,차대차 - 추돌,안전운전불이행,건조,맑음,단일로 - 기타,건설기계,남,52세,상해없음,화물,남,55세,중상
2017090700100343,2017년 9월 7일 15시,목요일,경상남도 창원시 마산합포구 진전면,경상사고,0,0,3,0,차대차 - 추돌,안전운전불이행,건조,맑음,단일로 - 기타,승용,여,58세,경상,화물,남,66세,경상
2017090700100344,2017년 9월 7일 15시,목요일,경상남도 창녕군 창녕읍,중상사고,0,1,0,0,차대차 - 기타,안전운전불이행,건조,맑음,교차로 - 교차로안,승합,남,34세,상해없음,이륜,남,62세,중상
2017090700100380,2017년 9월 7일 16시,목요일,경상남도 사천시 축동면,중상사고,0,1,0,0,차대차 - 추돌,안전거리미확보,건조,맑음,단일로 - 기타,화물,남,78세,상해없음,화물,남,23세,상해없음
2017090700100381,2017년 9월 7일 16시,목요일,경상남도 김해시 삼정동,경상사고,0,0,3,0,차대차 - 측면충돌,안전운전불이행,건조,맑음,교차로 - 교차로안,승용,남,55세,상해없음,승용,여,57세,경상
2017090700100382,2017년 9월 7일 16시,목요일,경상남도 함양군 함양읍,경상사고,0,0,1,0,차대사람 - 횡단중,보행자보호의무위반,건조,맑음,교차로 - 교차로부근,승용,여,54세,상해없음,보행자,여,68세,경상
2017090700100461,2017년 9월 7일 18시,목요일,경상남도 통영시 동호동,경상사고,0,0,1,0,차대차 - 측면충돌,안전운전불이행,건조,맑음,단일로 - 기타,승용,남,80세,상해없음,승용,여,52세,경상
2017090700100462,2017년 9월 7일 18시,목요일,경상남도 김해시 삼계동,경상사고,0,0,1,0,차대차 - 기타,차로위반,건조,맑음,교차로 - 교차로안,화물,남,28세,상해없음,승용,남,50세,경상
2017090700100497,2017년 9월 7일 19시,목요일,경상남도 진주시 평거동,중상사고,0,1,0,0,차대차 - 기타,신호위반,건조,맑음,교차로 - 교차로안,승용,남,71세,상해없음,이륜,남,22세,중상
2017090700100498,2017년 9월 7일 19시,목요일,경상남도 양산시 명동,중상사고,0,1,0,0,차대사람 - 차도통행중,안전운전불이행,건조,맑음,단일로 - 기타,승용,여,50세,상해없음,보행자,여,69세,중상
2017090700100499,2017년 9월 7일 19시,목요일,경상남도 남해군 창선면,중상사고,0,1,0,0,차대차 - 측면충돌,중앙선침범,젖음/습기,맑음,단일로 - 기타,화물,남,19세,상해없음,승용,남,47세,중상
2017090700100500,2017년 9월 7일 19시,목요일,경상남도 창원시 성산구 대방동,경상사고,0,0,1,0,차대차 - 측면충돌,안전운전불이행,건조,맑음,교차로 - 교차로안,승용,남,54세,상해없음,승용,남,31세,경상
2017090700100536,2017년 9월 7일 20시,목요일,경상남도 김해시 안동,중상사고,0,1,0,0,차대사람 - 기타,안전운전불이행,건조,맑음,단일로 - 기타,승용,남,55세,상해없음,보행자,남,69세,중상
2017090700100537,2017년 9월 7일 20시,목요일,경상남도 함양군 함양읍,경상사고,0,0,1,0,차대차 - 측면충돌,교차로운행방법위반,건조,맑음,교차로 - 교차로안,승용,남,64세,상해없음,이륜,남,49세,경상
2017090700100538,2017년 9월 7일 20시,목요일,경상남도 창원시 의창구 용호동,중상사고,0,1,0,0,차대사람 - 횡단중,보행자보호의무위반,건조,맑음,교차로 - 교차로안,승용,남,67세,기타불명,보행자,남,49세,중상
2017090700100566,2017년 9월 7일 21시,목요일,경상남도 진주시 신안동,경상사고,0,0,1,0,차대사람 - 보도통행중,기타,건조,맑음,단일로 - 기타,원동기,여,18세,상해없음,보행자,여,54세,경상
2017090700100567,2017년 9월 7일 21시,목요일,경상남도 김해시 동상동,경상사고,0,0,1,0,차대차 - 기타,안전운전불이행,건조,맑음,교차로 - 교차로안,이륜,남,26세,경상,화물,남,60세,상해없음
2017090700100568,2017년 9월 7일 21시,목요일,경상남도 김해시 내동,중상사고,0,1,0,0,차대사람 - 기타,안전운전불이행,건조,맑음,단일로 - 기타,승합,남,39세,상해없음,보행자,여,53세,중상
2017090700100569,2017년 9월 7일 21시,목요일,경상남도 창원시 마산회원구 구암동,경상사고,0,0,1,0,차대차 - 측면충돌,신호위반,건조,맑음,교차로 - 교차로안,승용,남,50세,상해없음,승용,여,29세,경상
2017090700100588,2017년 9월 7일 22시,목요일,경상남도 통영시 광도면,경상사고,0,0,1,0,차대사람 - 횡단중,안전운전불이행,건조,맑음,교차로 - 교차로부근,승용,남,60세,상해없음,보행자,남,65세,경상
2017090700100589,2017년 9월 7일 22시,목요일,경상남도 거제시 수월동,경상사고,0,0,1,0,차대차 - 추돌,안전거리미확보,건조,맑음,단일로 - 기타,화물,남,43세,상해없음,승용,여,33세,경상
2017090700100616,2017년 9월 7일 23시,목요일,경상남도 창원시 성산구 상남동,경상사고,0,0,1,0,차대차 - 측면충돌,교차로운행방법위반,건조,맑음,교차로 - 교차로안,승용,남,48세,상해없음,승용,남,25세,경상
2017090800100047,2017년 9월 8일 01시,금요일,경상남도 거제시 고현동,경상사고,0,0,1,0,차대차 - 측면충돌,직진우회전진행방해,건조,맑음,교차로 - 교차로안,승용,남,45세,상해없음,승용,여,40세,상해없음
2017090800100058,2017년 9월 8일 02시,금요일,경상남도 거제시 고현동,경상사고,0,0,1,0,차대사람 - 기타,안전운전불이행,건조,맑음,단일로 - 기타,승용,남,45세,상해없음,보행자,남,47세,경상
2017090800100110,2017년 9월 8일 07시,금요일,경상남도 거제시 고현동,중상사고,0,1,0,0,차대차 - 측면충돌,신호위반,건조,맑음,교차로 - 교차로안,승용,여,50세,상해없음,자전거,남,25세,중상
2017090800100111,2017년 9월 8일 07시,금요일,경상남도 김해시 진영읍,중상사고,0,1,0,0,차대차 - 측면충돌,안전운전불이행,건조,맑음,교차로 - 교차로안,이륜,남,76세,중상,화물,남,72세,상해없음
2017090800100188,2017년 9월 8일 09시,금요일,경상남도 통영시 용남면,경상사고,0,0,1,0,차대차 - 측면충돌,안전운전불이행,건조,맑음,교차로 - 교차로부근,승용,남,65세,상해없음,화물,남,51세,경상
2017090800100189,2017년 9월 8일 09시,금요일,경상남도 창녕군 창녕읍,경상사고,0,0,1,0,차대사람 - 기타,안전운전불이행,건조,맑음,교차로 - 교차로부근,승용,여,42세,상해없음,보행자,남,78세,경상
2017090800100220,2017년 9월 8일 10시,금요일,경상남도 함양군 함양읍,부상신고사고,0,0,0,1,차량단독 - 전도전복,안전운전불이행,건조,맑음,단일로 - 기타,원동기,남,56세,부상신고,미분류,미분류,미분류,미분류
2017090800100255,2017년 9월 8일 11시,금요일,경상남도 함안군 산인면,부상신고사고,0,0,0,1,차량단독 - 전도전복 - 전복,안전운전불이행,건조,맑음,단일로 - 기타,승용,남,43세,부상신고,,,,
2017090800100287,2017년 9월 8일 12시,금요일,경상남도 산청군 금서면,중상사고,0,1,0,0,차대차 - 측면충돌,교차로운행방법위반,건조,맑음,교차로 - 교차로안,승용,여,24세,상해없음,이륜,남,56세,중상
2017090800100288,2017년 9월 8일 12시,금요일,경상남도 김해시 부곡동,경상사고,0,0,1,0,차대차 - 측면충돌,불법유턴,건조,맑음,교차로 - 교차로부근,화물,남,38세,상해없음,승용,여,32세,경상
2017090800100306,2017년 9월 8일 13시,금요일,경상남도 통영시 북신동,경상사고,0,0,2,0,차대차 - 측면충돌,직진우회전진행방해,건조,맑음,교차로 - 교차로안,승용,남,24세,상해없음,승용,남,57세,경상
2017090800100307,2017년 9월 8일 13시,금요일,경상남도 양산시 명동,경상사고,0,0,1,0,차대사람 - 횡단중,보행자보호의무위반,건조,맑음,교차로 - 교차로횡단보도내,승용,여,55세,상해없음,보행자,여,59세,경상
2017090800100308,2017년 9월 8일 13시,금요일,경상남도 창원시 의창구 도계동,경상사고,0,0,1,0,차대차 - 측면충돌,안전운전불이행,건조,맑음,교차로 - 교차로안,승용,남,25세,상해없음,이륜,남,40세,경상
2017090800100349,2017년 9월 8일 14시,금요일,경상남도 고성군 고성읍,중상사고,0,1,0,0,차대차 - 측면충돌,교차로운행방법위반,건조,맑음,교차로 - 교차로안,승용,남,27세,상해없음,원동기,남,48세,중상
2017090800100383,2017년 9월 8일 15시,금요일,경상남도 합천군 합천읍,중상사고,0,1,0,0,차대차 - 측면충돌,안전운전불이행,건조,맑음,교차로 - 교차로안,이륜,남,67세,중상,승용,여,57세,상해없음
2017090800100384,2017년 9월 8일 15시,금요일,경상남도 창녕군 남지읍,경상사고,0,0,1,0,차대차 - 정면충돌,안전운전불이행,건조,맑음,단일로 - 기타,승용,남,47세,상해없음,화물,남,55세,경상
2017090800100385,2017년 9월 8일 15시,금요일,경상남도 산청군 단성면,경상사고,0,0,1,0,차대차 - 측면충돌,교차로운행방법위반,건조,맑음,교차로 - 교차로안,승용,여,51세,경상,승합,남,68세,상해없음
2017090800100428,2017년 9월 8일 16시,금요일,경상남도 창원시 마산합포구 서성동,중상사고,0,1,0,0,차량단독 - 기타,안전운전불이행,건조,맑음,단일로 - 기타,승합,남,37세,상해없음,,,,
2017090800100429,2017년 9월 8일 16시,금요일,경상남도 진주시 초전동,경상사고,0,0,1,0,차대사람 - 횡단중,보행자보호의무위반,건조,맑음,단일로 - 기타,화물,남,56세,상해없음,보행자,여,10세,경상
2017090800100430,2017년 9월 8일 16시,금요일,경상남도 합천군 대양면,중상사고,0,1,1,0,차대차 - 정면충돌,중앙선침범,건조,맑음,단일로 - 기타,승용,남,26세,경상,승용,여,34세,중상
2017090800100431,2017년 9월 8일 16시,금요일,경상남도 창원시 의창구 명서동,중상사고,0,1,1,0,차대차 - 측면충돌,안전운전불이행,건조,맑음,단일로 - 기타,승용,여,49세,경상,원동기,남,33세,중상
2017090800100477,2017년 9월 8일 17시,금요일,경상남도 거창군 거창읍,중상사고,0,1,0,0,차대차 - 추돌,안전운전불이행,건조,맑음,단일로 - 기타,화물,남,40세,상해없음,승용,여,61세,중상
2017090800100478,2017년 9월 8일 17시,금요일,경상남도 거제시 옥포동,중상사고,0,1,2,0,차대차 - 추돌,안전거리미확보,건조,맑음,단일로 - 기타,화물,남,54세,상해없음,승용,남,28세,경상
2017090800100479,2017년 9월 8일 17시,금요일,경상남도 산청군 시천면,중상사고,0,1,0,0,차대차 - 기타,안전운전불이행,건조,맑음,단일로 - 기타,기타불명,기타불명,미분류,기타불명,농기계,남,76세,중상
2017090800100480,2017년 9월 8일 17시,금요일,경상남도 창원시 의창구 팔용동,중상사고,0,1,0,0,차대사람 - 횡단중,안전운전불이행,건조,맑음,교차로 - 교차로횡단보도내,기타불명,기타불명,미분류,기타불명,보행자,여,21세,중상
2017090800100481,2017년 9월 8일 17시,금요일,경상남도 창원시 의창구 팔용동,경상사고,0,0,1,0,차대사람 - 기타,안전운전불이행,건조,흐림,단일로 - 기타,승용,남,21세,상해없음,보행자,남,11세,경상
2017090800100567,2017년 9월 8일 19시,금요일,경상남도 밀양시 내이동,중상사고,0,1,0,0,차대차 - 측면충돌,안전운전불이행,건조,맑음,교차로 - 교차로안,화물,여,54세,상해없음,원동기,남,68세,중상
2017090800100568,2017년 9월 8일 19시,금요일,경상남도 거제시 고현동,부상신고사고,0,0,0,1,차대차 - 기타,신호위반,건조,맑음,교차로 - 교차로안,기타불명,기타불명,미분류,기타불명,승용,여,30세,부상신고
2017090800100569,2017년 9월 8일 19시,금요일,경상남도 함안군 칠북면,중상사고,0,1,1,0,차대차 - 측면충돌,안전운전불이행,건조,맑음,교차로 - 교차로안,화물,남,36세,상해없음,이륜,남,54세,중상
2017090800100570,2017년 9월 8일 19시,금요일,경상남도 창원시 성산구 불모산동,중상사고,0,1,1,0,차대차 - 측면충돌,안전운전불이행,건조,맑음,단일로 - 기타,화물,남,38세,상해없음,승용,남,38세,경상
2017090800100620,2017년 9월 8일 20시,금요일,경상남도 김해시 구산동,중상사고,0,1,0,0,차대사람 - 횡단중,보행자보호의무위반,건조,맑음,교차로 - 교차로안,승용,남,20세,상해없음,보행자,여,68세,중상
2017090800100621,2017년 9월 8일 20시,금요일,경상남도 양산시 물금읍,경상사고,0,0,1,0,차대차 - 측면충돌,차로위반,건조,맑음,단일로 - 기타,승합,남,44세,상해없음,승용,여,54세,경상
2017090800100650,2017년 9월 8일 21시,금요일,경상남도 창원시 마산합포구 홍문동,경상사고,0,0,3,0,차대차 - 기타,교차로운행방법위반,건조,맑음,교차로 - 교차로안,화물,남,64세,상해없음,승용,남,31세,경상
2017090800100651,2017년 9월 8일 21시,금요일,경상남도 진주시 봉곡동,중상사고,0,1,0,0,차대사람 - 기타,안전운전불이행,건조,맑음,단일로 - 기타,승용,여,51세,상해없음,보행자,여,57세,중상
2017090800100652,2017년 9월 8일 21시,금요일,경상남도 진주시 가좌동,경상사고,0,0,1,0,차대차 - 측면충돌,교차로운행방법위반,건조,맑음,교차로 - 교차로안,승용,남,30세,상해없음,원동기,남,21세,경상
2017090800100653,2017년 9월 8일 21시,금요일,경상남도 양산시 명동,경상사고,0,0,1,0,차대차 - 측면충돌,안전운전불이행,건조,맑음,단일로 - 기타,승용,남,46세,상해없음,이륜,남,39세,경상
2017090800100654,2017년 9월 8일 21시,금요일,경상남도 창원시 의창구 팔용동,경상사고,0,0,1,0,차대차 - 정면충돌,안전운전불이행,건조,맑음,단일로 - 기타,승합,남,68세,상해없음,승용,남,62세,경상
2017090800100674,2017년 9월 8일 22시,금요일,경상남도 김해시 삼정동,경상사고,0,0,2,0,차대차 - 측면충돌,중앙선침범,건조,맑음,단일로 - 기타,승용,남,39세,상해없음,승용,남,55세,경상
2017090800100694,2017년 9월 8일 22시,금요일,경상남도 창원시 마산합포구 신포동2가,경상사고,0,0,2,0,차대차 - 측면충돌,신호위반,건조,맑음,교차로 - 교차로안,승용,남,67세,상해없음,승용,남,62세,경상
2017090800100695,2017년 9월 8일 22시,금요일,경상남도 고성군 마암면,경상사고,0,0,3,0,차대차 - 후진중충돌,기타,건조,맑음,단일로 - 기타,승용,남,55세,상해없음,승용,남,41세,경상
2017090800100715,2017년 9월 8일 23시,금요일,경상남도 진주시 하대동,경상사고,0,0,2,0,차대차 - 추돌,안전운전불이행,건조,맑음,단일로 - 기타,승용,남,25세,상해없음,승용,남,60세,경상
2017090800100716,2017년 9월 8일 23시,금요일,경상남도 김해시 관동동,중상사고,0,1,2,0,차대차 - 측면충돌,교차로운행방법위반,건조,맑음,교차로 - 교차로안,승용,남,25세,경상,승용,남,29세,경상
2017090900100027,2017년 9월 9일 00시,토요일,경상남도 창원시 마산회원구 회원동,중상사고,0,1,0,0,차대차 - 기타,안전운전불이행,건조,맑음,교차로 - 교차로부근,승용,남,63세,상해없음,원동기,남,36세,중상
2017090900100087,2017년 9월 9일 04시,토요일,경상남도 창원시 성산구 상남동,부상신고사고,0,0,0,1,차대사람 - 기타,안전운전불이행,건조,맑음,단일로 - 기타,기타불명,기타불명,미분류,기타불명,보행자,남,23세,부상신고
2017090900100104,2017년 9월 9일 05시,토요일,경상남도 창원시 마산합포구 오동동,중상사고,0,1,1,0,차량단독 - 기타,안전운전불이행,건조,맑음,단일로 - 기타,승용,남,64세,상해없음,,,,
2017090900100105,2017년 9월 9일 05시,토요일,경상남도 통영시 태평동,경상사고,0,0,1,0,차대차 - 측면충돌,신호위반,건조,맑음,교차로 - 교차로안,승용,남,39세,경상,승용,남,45세,상해없음
2017090900100106,2017년 9월 9일 05시,토요일,경상남도 양산시 중부동,중상사고,0,1,0,0,차대사람 - 기타,안전운전불이행,건조,맑음,교차로 - 교차로횡단보도내,승용,남,25세,상해없음,보행자,남,64세,중상
2017090900100107,2017년 9월 9일 05시,토요일,경상남도 의령군 화정면,중상사고,0,1,0,0,차량단독 - 도로외이탈 - 추락,안전운전불이행,젖음/습기,안개,단일로 - 기타,승용,남,66세,중상,,,,
2017090900100129,2017년 9월 9일 06시,토요일,경상남도 창원시 마산합포구 현동,중상사고,0,1,1,0,차대차 - 정면충돌,중앙선침범,건조,맑음,단일로 - 기타,승용,남,64세,중상,화물,남,51세,경상
2017090900100130,2017년 9월 9일 06시,토요일,경상남도 김해시 부원동,경상사고,0,0,1,0,차대차 - 측면충돌,안전운전불이행,건조,맑음,단일로 - 기타,화물,남,60세,상해없음,승용,남,32세,경상
2017090900100163,2017년 9월 9일 08시,토요일,경상남도 사천시 곤명면,경상사고,0,0,1,0,차대차 - 측면충돌,신호위반,건조,맑음,교차로 - 교차로안,화물,남,59세,상해없음,승용,여,54세,경상
2017090900100190,2017년 9월 9일 09시,토요일,경상남도 함안군 군북면,사망사고,1,0,0,0,차대차 - 측면충돌,교차로운행방법위반,건조,맑음,교차로 - 교차로안,화물,남,45세,상해없음,이륜,남,75세,사망
2017090900100222,2017년 9월 9일 10시,토요일,경상남도 통영시 광도면,중상사고,0,1,1,0,차대차 - 정면충돌,중앙선침범,건조,맑음,단일로 - 기타,승용,남,24세,상해없음,승용,여,37세,경상
2017090900100223,2017년 9월 9일 10시,토요일,경상남도 김해시 대성동,중상사고,0,1,0,0,차대차 - 측면충돌,교차로운행방법위반,건조,맑음,교차로 - 교차로안,승용,여,48세,상해없음,자전거,남,73세,중상
2017090900100263,2017년 9월 9일 12시,토요일,경상남도 밀양시 상동면,경상사고,0,0,6,0,차대차 - 추돌,안전운전불이행,건조,맑음,단일로 - 기타,승용,여,39세,경상,승용,남,39세,경상
2017090900100283,2017년 9월 9일 12시,토요일,경상남도 창원시 진해구 풍호동,경상사고,0,0,1,0,차대차 - 측면충돌,안전거리미확보,건조,맑음,교차로 - 교차로부근,원동기,남,78세,경상,승용,남,31세,상해없음
2017090900100320,2017년 9월 9일 13시,토요일,경상남도 거창군 거창읍,경상사고,0,0,1,0,차대차 - 기타,안전운전불이행,건조,맑음,단일로 - 기타,자전거,남,44세,경상,승용,여,46세,상해없음
2017090900100321,2017년 9월 9일 13시,토요일,경상남도 산청군 산청읍,중상사고,0,1,0,0,차대차 - 측면충돌,교차로운행방법위반,건조,맑음,교차로 - 교차로부근,화물,남,61세,상해없음,이륜,남,54세,중상
2017090900100365,2017년 9월 9일 14시,토요일,경상남도 김해시 대성동,중상사고,0,1,0,0,차대차 - 기타,신호위반,건조,맑음,교차로 - 교차로안,이륜,남,32세,상해없음,이륜,남,31세,중상
2017090900100366,2017년 9월 9일 14시,토요일,경상남도 함양군 함양읍,경상사고,0,0,2,0,차대차 - 측면충돌,교차로운행방법위반,건조,맑음,교차로 - 교차로안,승용,남,52세,상해없음,사륜오토바이(ATV),남,81세,경상
2017090900100367,2017년 9월 9일 14시,토요일,경상남도 남해군 고현면,중상사고,0,3,0,0,차대차 - 추돌,안전운전불이행,건조,맑음,단일로 - 터널,화물,남,52세,상해없음,승용,여,49세,중상