사고번호,사고일시,요일,시군구,사고내용,사망자수,중상자수,경상자수,부상신고자수,사고유형,법규위반,노면상태,기상상태,도로형태,가해운전자 차종,가해운전자 성별,가해운전자 연령,가해운전자 상해정도,피해운전자 차종,피해운전자 성별,피해운전자 연령,피해운전자 상해정도
2017090900100385,2017년 9월 9일 15시,토요일,경상남도 김해시 진례면,중상사고,0,1,0,0,차대차 - 추돌,안전운전불이행,건조,맑음,단일로 - 기타,특수,남,25세,상해없음,화물,남,34세,중상
2017090900100405,2017년 9월 9일 15시,토요일,경상남도 창원시 진해구 경화동,경상사고,0,0,1,0,차대차 - 측면충돌,안전운전불이행,건조,맑음,교차로 - 교차로부근,승용,여,33세,상해없음,승용,남,40세,경상
2017090900100406,2017년 9월 9일 15시,토요일,경상남도 김해시 지내동,경상사고,0,0,1,0,차대차 - 측면충돌,교차로운행방법위반,건조,맑음,교차로 - 교차로안,자전거,남,10세,경상,승용,남,52세,상해없음
2017090900100434,2017년 9월 9일 16시,토요일,경상남도 밀양시 무안면,중상사고,0,2,1,0,차대차 - 측면충돌,안전운전불이행,건조,맑음,단일로 - 기타,승합,남,56세,상해없음,화물,남,63세,경상
2017090900100476,2017년 9월 9일 17시,토요일,경상남도 창원시 마산합포구 진동면,경상사고,0,0,1,0,차대차 - 측면충돌,교차로운행방법위반,건조,맑음,교차로 - 교차로안,승용,남,53세,상해없음,승용,남,49세,경상
2017090900100477,2017년 9월 9일 17시,토요일,경상남도 진주시 문산읍,경상사고,0,0,1,0,차대사람 - 차도통행중,안전운전불이행,건조,맑음,단일로 - 기타,승합,남,37세,상해없음,보행자,여,76세,경상
2017090900100478,2017년 9월 9일 17시,토요일,경상남도 김해시 무계동,중상사고,0,1,0,0,차대사람 - 기타,보행자보호의무위반,건조,맑음,교차로 - 교차로안,승용,남,29세,상해없음,보행자,남,68세,중상
2017090900100512,2017년 9월 9일 18시,토요일,경상남도 창원시 진해구 석동,경상사고,0,0,1,0,차대차 - 측면충돌,안전운전불이행,건조,맑음,교차로 - 교차로부근,승용,남,32세,상해없음,승용,여,31세,경상
2017090900100513,2017년 9월 9일 18시,토요일,경상남도 합천군 야로면,경상사고,0,0,1,0,차대차 - 측면충돌,교차로운행방법위반,건조,맑음,교차로 - 교차로안,화물,여,63세,경상,특수,남,51세,상해없음
2017090900100514,2017년 9월 9일 18시,토요일,경상남도 산청군 산청읍,경상사고,0,0,2,0,차대차 - 측면충돌,교차로운행방법위반,건조,맑음,교차로 - 교차로안,승용,남,61세,경상,승용,남,41세,경상
2017090900100553,2017년 9월 9일 19시,토요일,경상남도 김해시 삼방동,경상사고,0,0,1,0,차대사람 - 횡단중,보행자보호의무위반,건조,맑음,교차로 - 교차로안,승용,남,61세,상해없음,보행자,여,30세,경상
2017090900100626,2017년 9월 9일 21시,토요일,경상남도 김해시 어방동,중상사고,0,1,0,0,차대사람 - 길가장자리구역통행중,안전운전불이행,건조,맑음,단일로 - 기타,승용,남,30세,상해없음,보행자,여,63세,중상
2017091000100026,2017년 9월 10일 00시,일요일,경상남도 통영시 미수동,중상사고,0,1,0,0,차대사람 - 차도통행중,안전운전불이행,건조,맑음,단일로 - 기타,승용,남,31세,상해없음,보행자,여,61세,중상
2017091000100027,2017년 9월 10일 00시,일요일,경상남도 양산시 중부동,중상사고,0,1,0,0,차대사람 - 기타,안전운전불이행,건조,맑음,교차로 - 교차로안,승용,남,63세,상해없음,보행자,남,58세,중상
2017091000100028,2017년 9월 10일 00시,일요일,경상남도 거제시 고현동,중상사고,0,1,0,0,차대차 - 정면충돌,안전운전불이행,건조,맑음,단일로 - 기타,승용,남,39세,상해없음,승용,남,33세,중상
2017091000100059,2017년 9월 10일 02시,일요일,경상남도 창원시 의창구 봉림동,중상사고,0,2,0,0,차대차 - 측면충돌,신호위반,건조,맑음,교차로 - 교차로안,승용,남,25세,상해없음,승용,남,29세,중상
2017091000100072,2017년 9월 10일 03시,일요일,경상남도 통영시 무전동,경상사고,0,0,1,0,차대차 - 추돌,안전운전불이행,건조,맑음,교차로 - 교차로부근,승용,여,47세,상해없음,승용,여,34세,경상
2017091000100087,2017년 9월 10일 04시,일요일,경상남도 창원시 마산합포구 월남동1가,중상사고,0,1,0,0,차대사람 - 기타,안전운전불이행,건조,맑음,단일로 - 기타,승용,남,72세,상해없음,보행자,여,65세,중상
2017091000100088,2017년 9월 10일 04시,일요일,경상남도 진주시 평거동,경상사고,0,0,1,0,차대사람 - 차도통행중,안전운전불이행,건조,맑음,단일로 - 기타,승용,남,57세,상해없음,보행자,남,26세,경상
2017091000100108,2017년 9월 10일 06시,일요일,경상남도 거제시 사등면,중상사고,0,2,0,0,차대차 - 측면충돌,안전운전불이행,건조,맑음,단일로 - 기타,승합,남,48세,상해없음,승용,남,54세,중상
2017091000100109,2017년 9월 10일 06시,일요일,경상남도 남해군 이동면,부상신고사고,0,0,0,1,차량단독 - 도로외이탈 - 기타,안전운전불이행,건조,맑음,단일로 - 기타,이륜,남,70세,부상신고,,,,
2017091000100134,2017년 9월 10일 08시,일요일,경상남도 김해시 불암동,중상사고,0,1,0,0,차대차 - 측면충돌,신호위반,건조,맑음,교차로 - 교차로안,승용,남,41세,상해없음,이륜,남,44세,중상
2017091000100154,2017년 9월 10일 09시,일요일,경상남도 진주시 대평면,경상사고,0,0,1,0,차대차 - 측면충돌,직진우회전진행방해,건조,맑음,교차로 - 교차로안,사륜오토바이(ATV),남,86세,경상,승용,남,74세,상해없음
2017091000100169,2017년 9월 10일 10시,일요일,경상남도 창원시 마산합포구 월포동,경상사고,0,0,2,0,차대차 - 추돌,안전거리미확보,건조,맑음,단일로 - 기타,승용,여,62세,경상,승용,남,35세,상해없음
2017091000100184,2017년 9월 10일 11시,일요일,경상남도 진주시 이현동,경상사고,0,0,1,0,차대차 - 측면충돌,중앙선침범,건조,맑음,교차로 - 교차로부근,승용,남,53세,상해없음,원동기,남,39세,경상
2017091000100185,2017년 9월 10일 11시,일요일,경상남도 김해시 동상동,경상사고,0,0,1,0,차대사람 - 차도통행중,안전운전불이행,건조,맑음,교차로 - 교차로안,승용,남,53세,상해없음,보행자,여,27세,경상
2017091000100211,2017년 9월 10일 12시,일요일,경상남도 사천시 노룡동,경상사고,0,0,1,0,차대차 - 측면충돌,안전거리미확보,건조,맑음,교차로 - 교차로부근,승용,남,73세,상해없음,이륜,남,25세,경상
2017091000100212,2017년 9월 10일 12시,일요일,경상남도 김해시 삼계동,경상사고,0,0,1,0,차대차 - 추돌,안전거리미확보,건조,맑음,단일로 - 기타,승용,남,56세,상해없음,승용,남,55세,상해없음
2017091000100213,2017년 9월 10일 12시,일요일,경상남도 김해시 부원동,경상사고,0,0,5,0,차대차 - 추돌,안전운전불이행,건조,맑음,단일로 - 기타,승용,남,31세,상해없음,화물,남,30세,경상
2017091000100242,2017년 9월 10일 13시,일요일,경상남도 통영시 무전동,부상신고사고,0,0,0,1,차대차 - 측면충돌,안전운전불이행,건조,맑음,교차로 - 교차로안,이륜,남,42세,부상신고,승용,남,70세,상해없음
2017091000100243,2017년 9월 10일 13시,일요일,경상남도 창원시 의창구 봉곡동,사망사고,1,0,0,0,차대사람 - 기타,안전운전불이행,건조,맑음,교차로 - 교차로안,승용,남,61세,상해없음,보행자,남,57세,사망
2017091000100271,2017년 9월 10일 14시,일요일,경상남도 창원시 진해구 이동,경상사고,0,0,1,0,차대차 - 측면충돌,교차로운행방법위반,건조,맑음,교차로 - 교차로안,승용,남,46세,상해없음,이륜,남,55세,경상
2017091000100272,2017년 9월 10일 14시,일요일,경상남도 사천시 선구동,경상사고,0,0,2,0,차대차 - 측면충돌,안전거리미확보,건조,맑음,단일로 - 기타,승용,여,56세,상해없음,승용,남,55세,경상
2017091000100273,2017년 9월 10일 14시,일요일,경상남도 양산시 평산동,경상사고,0,0,4,0,차대차 - 추돌,안전운전불이행,건조,맑음,단일로 - 기타,승용,남,46세,상해없음,승용,남,55세,경상
2017091000100274,2017년 9월 10일 14시,일요일,경상남도 고성군 마암면,중상사고,0,1,0,0,차대차 - 추돌,안전거리미확보,건조,맑음,단일로 - 기타,화물,남,66세,상해없음,승용,남,63세,중상
2017091000100301,2017년 9월 10일 15시,일요일,경상남도 하동군 화개면,중상사고,0,1,0,0,차대사람 - 길가장자리구역통행중,안전운전불이행,건조,맑음,단일로 - 기타,승용,남,59세,상해없음,보행자,남,70세,중상
2017091000100302,2017년 9월 10일 15시,일요일,경상남도 김해시 진영읍,경상사고,0,0,3,0,차대차 - 추돌,안전운전불이행,건조,맑음,교차로 - 교차로부근,승용,남,28세,상해없음,승용,남,39세,경상
2017091000100333,2017년 9월 10일 16시,일요일,경상남도 거제시 하청면,중상사고,0,2,0,0,차대차 - 추돌,안전거리미확보,건조,맑음,교차로 - 교차로부근,화물,남,60세,상해없음,승용,남,51세,중상
2017091000100334,2017년 9월 10일 16시,일요일,경상남도 창원시 마산회원구 내서읍,중상사고,0,1,0,0,차대차 - 측면충돌,안전운전불이행,건조,맑음,기타 - 기타,승용,남,24세,상해없음,이륜,남,47세,중상
2017091000100373,2017년 9월 10일 17시,일요일,경상남도 남해군 설천면,중상사고,0,2,1,0,차대차 - 정면충돌,중앙선침범,건조,맑음,단일로 - 기타,승용,여,44세,경상,승용,남,67세,중상
2017091000100374,2017년 9월 10일 17시,일요일,경상남도 김해시 관동동,중상사고,0,1,0,1,차대차 - 측면충돌,안전운전불이행,건조,맑음,교차로 - 교차로안,승용,남,56세,상해없음,승용,남,49세,중상
2017091000100400,2017년 9월 10일 18시,일요일,경상남도 거제시 상동동,경상사고,0,0,1,0,차대차 - 기타,안전운전불이행,건조,맑음,단일로 - 기타,이륜,남,19세,경상,승용,남,49세,상해없음
2017091000100437,2017년 9월 10일 19시,일요일,경상남도 창원시 마산합포구 진동면,부상신고사고,0,0,0,1,차량단독 - 전도전복,안전운전불이행,건조,맑음,단일로 - 기타,원동기,남,65세,부상신고,미분류,미분류,미분류,미분류
2017091000100438,2017년 9월 10일 19시,일요일,경상남도 통영시 용남면,중상사고,0,1,0,0,차대차 - 기타,안전운전불이행,건조,흐림,단일로 - 기타,특수,남,46세,상해없음,자전거,남,33세,중상
2017091000100439,2017년 9월 10일 19시,일요일,경상남도 합천군 가회면,중상사고,0,2,0,0,차량단독 - 도로외이탈 - 추락,안전운전불이행,건조,맑음,단일로 - 기타,승용,여,46세,중상,,,,
2017091000100469,2017년 9월 10일 20시,일요일,경상남도 양산시 평산동,중상사고,0,1,0,0,차대차 - 기타,신호위반,건조,맑음,교차로 - 교차로안,원동기,남,19세,상해없음,원동기,남,38세,중상
2017091000100482,2017년 9월 10일 21시,일요일,경상남도 김해시 주촌면,경상사고,0,0,4,0,차대차 - 측면충돌,안전거리미확보,건조,맑음,단일로 - 기타,화물,남,48세,상해없음,승용,남,24세,상해없음
2017091000100493,2017년 9월 10일 21시,일요일,경상남도 거창군 거창읍,경상사고,0,0,1,0,차대차 - 측면충돌,신호위반,건조,맑음,교차로 - 교차로안,화물,남,64세,상해없음,승용,여,38세,경상
2017091000100516,2017년 9월 10일 22시,일요일,경상남도 창원시 마산합포구 오동동,경상사고,0,0,1,0,차대사람 - 길가장자리구역통행중,안전운전불이행,건조,맑음,교차로 - 교차로안,승용,남,50세,상해없음,보행자,남,64세,경상
2017091000100517,2017년 9월 10일 22시,일요일,경상남도 양산시 삼호동,경상사고,0,0,1,0,차대차 - 기타,신호위반,건조,맑음,교차로 - 교차로안,승용,남,61세,상해없음,승용,남,26세,경상
2017091000100518,2017년 9월 10일 22시,일요일,경상남도 창원시 성산구 성산동,중상사고,0,1,1,0,차대차 - 측면충돌,신호위반,건조,맑음,교차로 - 교차로안,승용,남,24세,상해없음,승용,남,49세,중상
2017091000100536,2017년 9월 10일 23시,일요일,경상남도 창원시 의창구 소답동,중상사고,0,1,0,0,차대사람 - 횡단중,안전운전불이행,건조,맑음,교차로 - 교차로안,승용,남,53세,기타불명,보행자,남,62세,중상
2017091100100026,2017년 9월 11일 00시,월요일,경상남도 함양군 함양읍,중상사고,0,1,1,0,차대차 - 추돌,안전운전불이행,건조,맑음,교차로 - 교차로안,승용,여,46세,상해없음,화물,남,58세,경상
2017091100100027,2017년 9월 11일 00시,월요일,경상남도 양산시 북정동,경상사고,0,0,1,0,차대차 - 측면충돌,안전운전불이행,건조,맑음,기타 - 기타,승용,여,24세,상해없음,승용,남,55세,상해없음
2017091100100060,2017년 9월 11일 03시,월요일,경상남도 창원시 의창구 동읍,경상사고,0,0,1,0,차량단독 - 기타,안전운전불이행,젖음/습기,비,단일로 - 기타,승용,남,43세,경상,,,,
2017091100100061,2017년 9월 11일 03시,월요일,경상남도 창원시 의창구 동읍,중상사고,0,1,0,0,차대차 - 측면충돌,안전운전불이행,젖음/습기,비,단일로 - 기타,화물,남,37세,중상,승용,남,25세,상해없음
2017091100100093,2017년 9월 11일 05시,월요일,경상남도 거제시 능포동,사망사고,1,1,0,0,차량단독 - 공작물충돌,과속,젖음/습기,비,단일로 - 기타,승용,남,48세,중상,,,,
2017091100100115,2017년 9월 11일 06시,월요일,경상남도 사천시 대방동,경상사고,0,0,1,0,차대차 - 측면충돌,신호위반,젖음/습기,비,교차로 - 교차로안,승용,여,47세,상해없음,승용,여,61세,경상
2017091100100116,2017년 9월 11일 06시,월요일,경상남도 합천군 청덕면,중상사고,0,1,0,0,차량단독 - 전도전복,안전운전불이행,젖음/습기,비,단일로 - 기타,승용,남,32세,중상,미분류,미분류,미분류,미분류
2017091100100148,2017년 9월 11일 07시,월요일,경상남도 양산시 물금읍,중상사고,0,1,0,0,차대차 - 측면충돌,안전거리미확보,젖음/습기,비,교차로 - 교차로안,승용,여,50세,상해없음,승용,남,40세,중상
2017091100100191,2017년 9월 11일 08시,월요일,경상남도 김해시 내동,경상사고,0,0,1,0,차대차 - 측면충돌,신호위반,젖음/습기,비,교차로 - 교차로안,승용,남,49세,상해없음,승용,여,52세,경상
2017091100100192,2017년 9월 11일 08시,월요일,경상남도 창원시 의창구 소계동,중상사고,0,1,2,0,차대차 - 추돌,안전운전불이행,젖음/습기,비,단일로 - 기타,승용,여,29세,상해없음,승용,남,36세,경상
2017091100100237,2017년 9월 11일 09시,월요일,경상남도 창원시 성산구 상남동,중상사고,0,1,0,0,차대사람 - 차도통행중,안전운전불이행,젖음/습기,비,교차로 - 교차로부근,승용,여,46세,기타불명,보행자,여,77세,중상
2017091100100275,2017년 9월 11일 10시,월요일,경상남도 진주시 장대동,중상사고,0,1,0,0,차대사람 - 횡단중,보행자보호의무위반,젖음/습기,비,교차로 - 교차로안,화물,남,77세,상해없음,보행자,여,64세,중상
2017091100100308,2017년 9월 11일 11시,월요일,경상남도 거제시 고현동,경상사고,0,0,2,0,차대차 - 측면충돌,직진우회전진행방해,젖음/습기,비,교차로 - 교차로안,승용,여,45세,경상,승용,남,40세,경상
2017091100100309,2017년 9월 11일 11시,월요일,경상남도 남해군 상주면,부상신고사고,0,0,0,1,차량단독 - 전도전복,안전운전불이행,젖음/습기,비,단일로 - 기타,화물,남,56세,부상신고,미분류,미분류,미분류,미분류
2017091100100359,2017년 9월 11일 13시,월요일,경상남도 양산시 북정동,경상사고,0,0,1,1,차대차 - 측면충돌,안전운전불이행,젖음/습기,흐림,교차로 - 교차로안,승용,여,40세,부상신고,화물,남,72세,경상
2017091100100391,2017년 9월 11일 14시,월요일,경상남도 양산시 상북면,중상사고,0,3,11,1,차대차 - 기타,안전운전불이행,젖음/습기,비,교차로 - 교차로안,승합,남,49세,부상신고,화물,남,35세,상해없음
2017091100100413,2017년 9월 11일 15시,월요일,경상남도 의령군 정곡면,중상사고,0,1,0,0,차량단독 - 도로외이탈 - 추락,안전운전불이행,젖음/습기,흐림,단일로 - 기타,승용,여,32세,중상,,,,
2017091100100414,2017년 9월 11일 15시,월요일,경상남도 창원시 의창구 북면,경상사고,0,0,2,0,차대차 - 정면충돌,중앙선침범,건조,맑음,단일로 - 기타,승용,남,66세,상해없음,승용,여,46세,경상
2017091100100415,2017년 9월 11일 15시,월요일,경상남도 김해시 한림면,경상사고,0,0,1,0,차대차 - 측면충돌,안전운전불이행,젖음/습기,비,단일로 - 기타,화물,남,56세,상해없음,승용,여,56세,경상
2017091100100450,2017년 9월 11일 16시,월요일,경상남도 사천시 선구동,중상사고,0,1,0,0,차대차 - 측면충돌,안전운전불이행,건조,맑음,교차로 - 교차로안,승용,남,69세,상해없음,승합,남,51세,상해없음
2017091100100478,2017년 9월 11일 17시,월요일,경상남도 통영시 용남면,중상사고,0,1,0,0,차대차 - 측면충돌,중앙선침범,건조,맑음,단일로 - 기타,승용,남,63세,상해없음,승용,남,56세,중상
2017091100100513,2017년 9월 11일 18시,월요일,경상남도 창원시 마산합포구 진전면,경상사고,0,0,1,0,차대차 - 측면충돌,신호위반,건조,맑음,교차로 - 교차로안,승용,여,48세,상해없음,승합,남,46세,경상
2017091100100514,2017년 9월 11일 18시,월요일,경상남도 하동군 하동읍,경상사고,0,0,1,0,차대차 - 측면충돌,교차로운행방법위반,건조,맑음,교차로 - 교차로안,이륜,남,72세,경상,승합,여,41세,상해없음
2017091100100554,2017년 9월 11일 19시,월요일,경상남도 창원시 마산합포구 진전면,사망사고,1,0,0,0,차대사람 - 길가장자리구역통행중,안전운전불이행,건조,맑음,단일로 - 기타,승용,남,24세,상해없음,보행자,남,31세,사망
2017091100100589,2017년 9월 11일 20시,월요일,경상남도 김해시 풍유동,부상신고사고,0,0,0,1,차대차 - 측면충돌,신호위반,건조,맑음,교차로 - 교차로안,자전거,남,31세,부상신고,승용,남,50세,상해없음
2017091100100590,2017년 9월 11일 20시,월요일,경상남도 거창군 남상면,사망사고,1,0,0,0,차대차 - 추돌,안전운전불이행,건조,맑음,단일로 - 기타,화물,남,63세,사망,화물,남,57세,상해없음
2017091100100644,2017년 9월 11일 22시,월요일,경상남도 김해시 삼계동,경상사고,0,0,1,0,차대차 - 측면충돌,안전운전불이행,건조,맑음,교차로 - 교차로안,자전거,남,11세,경상,화물,남,62세,기타불명
2017091100100671,2017년 9월 11일 23시,월요일,경상남도 김해시 불암동,중상사고,0,1,0,0,차대차 - 측면충돌,신호위반,건조,맑음,교차로 - 교차로안,승용,남,51세,상해없음,자전거,남,73세,중상
2017091200100044,2017년 9월 12일 01시,화요일,경상남도 양산시 동면,중상사고,0,1,0,0,차량단독 - 기타,안전운전불이행,건조,맑음,단일로 - 기타,이륜,남,17세,중상,,,,
2017091200100070,2017년 9월 12일 05시,화요일,경상남도 김해시 진영읍,중상사고,0,1,1,0,차대차 - 측면충돌,안전운전불이행,건조,맑음,교차로 - 교차로부근,승용,남,74세,경상,승용,남,57세,중상
2017091200100082,2017년 9월 12일 06시,화요일,경상남도 진주시 정촌면,중상사고,0,1,0,0,차대차 - 측면충돌,신호위반,건조,맑음,교차로 - 교차로안,승용,남,54세,상해없음,승용,여,57세,중상
2017091200100109,2017년 9월 12일 07시,화요일,경상남도 진주시 초전동,부상신고사고,0,0,0,1,차대차 - 측면충돌,교차로운행방법위반,건조,맑음,교차로 - 교차로안,자전거,남,16세,부상신고,승용,여,43세,상해없음
2017091200100110,2017년 9월 12일 07시,화요일,경상남도 창원시 진해구 용원동,중상사고,0,1,1,0,차대차 - 측면충돌,신호위반,건조,맑음,교차로 - 교차로안,승용,남,34세,경상,승용,남,44세,중상
2017091200100111,2017년 9월 12일 07시,화요일,경상남도 창원시 성산구 중앙동,경상사고,0,0,1,0,차대차 - 추돌,안전운전불이행,건조,맑음,단일로 - 기타,승합,남,29세,경상,승합,남,61세,상해없음
2017091200100150,2017년 9월 12일 08시,화요일,경상남도 창원시 마산합포구 완월동,경상사고,0,0,1,0,차대사람 - 기타,안전운전불이행,건조,맑음,단일로 - 기타,승용,남,25세,상해없음,보행자,남,84세,경상
2017091200100184,2017년 9월 12일 09시,화요일,경상남도 창원시 마산합포구 남성동,중상사고,0,1,0,0,차대차 - 측면충돌,안전운전불이행,건조,맑음,교차로 - 교차로안,승용,남,64세,상해없음,이륜,남,61세,중상
2017091200100185,2017년 9월 12일 09시,화요일,경상남도 통영시 항남동,중상사고,0,1,0,0,차대차 - 측면충돌,안전운전불이행,건조,맑음,교차로 - 교차로횡단보도내,자전거,남,56세,중상,승용,남,61세,상해없음
2017091200100186,2017년 9월 12일 09시,화요일,경상남도 사천시 사천읍,경상사고,0,0,1,0,차대차 - 측면충돌,교차로운행방법위반,건조,맑음,교차로 - 교차로안,승용,남,43세,상해없음,승용,남,54세,경상
2017091200100217,2017년 9월 12일 10시,화요일,경상남도 고성군 상리면,경상사고,0,0,2,0,차대차 - 추돌,안전거리미확보,건조,맑음,단일로 - 기타,화물,남,61세,상해없음,승합,남,55세,경상
2017091200100268,2017년 9월 12일 12시,화요일,경상남도 창녕군 대합면,사망사고,1,0,0,0,차대사람 - 기타,안전운전불이행,건조,맑음,교차로 - 교차로안,화물,남,61세,상해없음,보행자,여,49세,사망
2017091200100269,2017년 9월 12일 12시,화요일,경상남도 함양군 함양읍,중상사고,0,1,0,0,차대사람 - 횡단중,보행자보호의무위반,건조,맑음,교차로 - 교차로부근,화물,남,41세,상해없음,보행자,여,75세,중상
2017091200100270,2017년 9월 12일 12시,화요일,경상남도 고성군 하이면,사망사고,1,0,0,0,차대사람 - 차도통행중,안전운전불이행,건조,맑음,단일로 - 기타,승용,남,52세,상해없음,보행자,여,58세,사망
2017091200100294,2017년 9월 12일 13시,화요일,경상남도 김해시 동상동,중상사고,0,1,0,0,차대차 - 기타,신호위반,건조,맑음,교차로 - 교차로안,승합,남,58세,상해없음,승용,남,65세,상해없음
2017091200100295,2017년 9월 12일 13시,화요일,경상남도 양산시 중부동,중상사고,0,1,0,0,차대차 - 측면충돌,교차로운행방법위반,건조,맑음,교차로 - 교차로안,화물,남,30세,상해없음,이륜,남,48세,중상
2017091200100354,2017년 9월 12일 15시,화요일,경상남도 창원시 마산합포구 중앙동3가,경상사고,0,0,2,0,차대사람 - 횡단중,보행자보호의무위반,건조,맑음,교차로 - 교차로횡단보도내,화물,남,66세,상해없음,보행자,여,28세,경상
2017091200100355,2017년 9월 12일 15시,화요일,경상남도 거제시 일운면,경상사고,0,0,1,0,차대사람 - 기타,안전운전불이행,건조,맑음,기타 - 기타,승용,남,61세,상해없음,보행자,여,23세,경상
2017091200100392,2017년 9월 12일 16시,화요일,경상남도 창원시 마산합포구 월남동4가,부상신고사고,0,0,0,1,차대차 - 측면충돌,안전운전불이행,건조,맑음,기타 - 기타,이륜,남,80세,부상신고,승용,남,54세,상해없음
2017091200100393,2017년 9월 12일 16시,화요일,경상남도 함안군 가야읍,중상사고,0,1,1,0,차대차 - 측면충돌,교차로운행방법위반,건조,맑음,교차로 - 교차로안,승합,남,60세,경상,승용,여,41세,중상
2017091200100428,2017년 9월 12일 17시,화요일,경상남도 진주시 상대동,중상사고,0,1,0,0,차대차 - 측면충돌,안전운전불이행,건조,맑음,단일로 - 기타,승용,남,43세,상해없음,이륜,남,26세,중상
2017091200100429,2017년 9월 12일 17시,화요일,경상남도 진주시 하대동,중상사고,0,1,0,0,차대차 - 기타,안전거리미확보,건조,맑음,교차로 - 교차로안,승용,여,59세,상해없음,승용,남,51세,상해없음
2017091200100430,2017년 9월 12일 17시,화요일,경상남도 창원시 진해구 이동,중상사고,0,1,0,0,차대사람 - 기타,보행자보호의무위반,건조,맑음,교차로 - 교차로부근,승용,남,29세,상해없음,보행자,여,74세,중상
2017091200100431,2017년 9월 12일 17시,화요일,경상남도 김해시 진영읍,중상사고,0,1,3,0,차대차 - 측면충돌,신호위반,건조,맑음,교차로 - 교차로안,승용,남,26세,상해없음,승합,남,56세,중상
2017091200100473,2017년 9월 12일 18시,화요일,경상남도 거창군 거창읍,중상사고,0,1,0,0,차대사람 - 횡단중,보행자보호의무위반,건조,맑음,교차로 - 교차로부근,화물,남,47세,상해없음,보행자,남,5세,중상
2017091200100515,2017년 9월 12일 19시,화요일,경상남도 김해시 구산동,경상사고,0,0,1,0,차대차 - 추돌,안전운전불이행,건조,맑음,단일로 - 기타,화물,남,56세,상해없음,승용,남,46세,경상
2017091200100516,2017년 9월 12일 19시,화요일,경상남도 거창군 거창읍,경상사고,0,0,1,0,차대차 - 측면충돌,중앙선침범,건조,맑음,교차로 - 교차로안,자전거,남,12세,경상,승용,남,49세,상해없음
2017091200100545,2017년 9월 12일 20시,화요일,경상남도 거제시 거제면,중상사고,0,1,0,0,차대차 - 측면충돌,기타,건조,맑음,단일로 - 기타,승합,남,64세,상해없음,승용,여,53세,중상
2017091200100546,2017년 9월 12일 20시,화요일,경상남도 창원시 성산구 사파동,경상사고,0,0,1,0,차대사람 - 차도통행중,안전운전불이행,건조,맑음,교차로 - 교차로부근,승용,남,70세,상해없음,보행자,여,28세,경상
2017091200100569,2017년 9월 12일 21시,화요일,경상남도 창원시 마산회원구 내서읍,경상사고,0,0,3,0,차대차 - 기타,안전운전불이행,건조,맑음,교차로 - 교차로부근,승합,남,52세,상해없음,승용,남,26세,경상
2017091300100076,2017년 9월 13일 06시,수요일,경상남도 양산시 북부동,경상사고,0,0,1,0,차대사람 - 기타,안전운전불이행,건조,맑음,교차로 - 교차로안,승용,남,39세,상해없음,보행자,여,32세,경상
2017091300100112,2017년 9월 13일 07시,수요일,경상남도 양산시 유산동,중상사고,0,1,0,0,차대사람 - 횡단중,보행자보호의무위반,건조,맑음,교차로 - 교차로안,승용,여,28세,상해없음,보행자,남,35세,중상
2017091300100146,2017년 9월 13일 08시,수요일,경상남도 김해시 삼계동,중상사고,0,1,0,0,차대차 - 추돌,안전운전불이행,건조,맑음,단일로 - 기타,화물,남,27세,상해없음,승용,남,59세,중상
2017091300100183,2017년 9월 13일 09시,수요일,경상남도 창원시 진해구 용원동,중상사고,0,1,0,0,차대사람 - 차도통행중,안전운전불이행,건조,맑음,단일로 - 기타,승용,여,34세,상해없음,보행자,여,76세,중상
2017091300100184,2017년 9월 13일 09시,수요일,경상남도 고성군 회화면,중상사고,0,1,0,0,차대차 - 정면충돌,중앙선침범,건조,맑음,단일로 - 기타,화물,남,73세,상해없음,화물,남,55세,중상
2017091300100185,2017년 9월 13일 09시,수요일,경상남도 남해군 남해읍,중상사고,0,1,1,0,차대사람 - 보도통행중,보행자보호의무위반,건조,맑음,교차로 - 교차로부근,승용,남,72세,상해없음,보행자,여,73세,중상
2017091300100186,2017년 9월 13일 09시,수요일,경상남도 김해시 수가동,중상사고,0,1,0,0,차대차 - 기타,교차로운행방법위반,건조,맑음,교차로 - 교차로안,승용,남,37세,상해없음,승용,남,30세,중상
2017091300100187,2017년 9월 13일 09시,수요일,경상남도 김해시 전하동,경상사고,0,0,1,0,차대차 - 측면충돌,안전운전불이행,건조,맑음,교차로 - 교차로안,건설기계,남,61세,상해없음,승용,남,52세,상해없음
2017091300100222,2017년 9월 13일 10시,수요일,경상남도 김해시 생림면,중상사고,0,1,1,0,차대차 - 기타,안전거리미확보,건조,맑음,단일로 - 기타,화물,남,68세,경상,승용,여,51세,중상
2017091300100247,2017년 9월 13일 11시,수요일,경상남도 통영시 태평동,중상사고,0,1,0,0,차대사람 - 횡단중,기타,건조,맑음,단일로 - 기타,화물,남,56세,상해없음,보행자,여,72세,중상
2017091300100248,2017년 9월 13일 11시,수요일,경상남도 밀양시 하남읍,경상사고,0,0,1,0,차대차 - 측면충돌,신호위반,건조,맑음,교차로 - 교차로안,승용,여,50세,상해없음,원동기,남,66세,경상