사고번호,사고일시,요일,시군구,사고내용,사망자수,중상자수,경상자수,부상신고자수,사고유형,법규위반,노면상태,기상상태,도로형태,가해운전자 차종,가해운전자 성별,가해운전자 연령,가해운전자 상해정도,피해운전자 차종,피해운전자 성별,피해운전자 연령,피해운전자 상해정도
2017091300100249,2017년 9월 13일 11시,수요일,경상남도 함양군 수동면,중상사고,0,1,1,0,차대차 - 측면충돌,교차로운행방법위반,건조,맑음,교차로 - 교차로안,화물,남,66세,경상,건설기계,남,50세,중상
2017091300100250,2017년 9월 13일 11시,수요일,경상남도 하동군 악양면,중상사고,0,1,0,0,차대차 - 측면충돌,안전운전불이행,건조,맑음,단일로 - 기타,화물,남,67세,상해없음,이륜,여,48세,중상
2017091300100251,2017년 9월 13일 11시,수요일,경상남도 창원시 마산회원구 봉암동,중상사고,0,1,0,0,차대차 - 기타,신호위반,건조,맑음,교차로 - 교차로안,승용,남,56세,상해없음,승용,남,70세,중상
2017091300100287,2017년 9월 13일 12시,수요일,경상남도 거창군 거창읍,중상사고,0,1,1,0,차대차 - 측면충돌,안전운전불이행,건조,맑음,교차로 - 교차로안,승용,여,62세,경상,승용,남,63세,상해없음
2017091300100288,2017년 9월 13일 12시,수요일,경상남도 창원시 의창구 명곡동,경상사고,0,0,1,0,차대차 - 측면충돌,신호위반,건조,맑음,교차로 - 교차로안,승용,남,65세,상해없음,승용,여,54세,경상
2017091300100324,2017년 9월 13일 13시,수요일,경상남도 창원시 진해구 경화동,경상사고,0,0,1,0,차대차 - 측면충돌,교차로운행방법위반,건조,맑음,교차로 - 교차로안,원동기,남,80세,경상,승용,여,67세,상해없음
2017091300100369,2017년 9월 13일 14시,수요일,경상남도 김해시 동상동,경상사고,0,0,1,0,차대차 - 기타,중앙선침범,건조,맑음,단일로 - 기타,원동기,남,24세,경상,승용,남,46세,상해없음
2017091300100370,2017년 9월 13일 14시,수요일,경상남도 김해시 대청동,경상사고,0,0,1,0,차대차 - 추돌,안전운전불이행,건조,맑음,단일로 - 기타,화물,남,57세,상해없음,승용,여,40세,경상
2017091300100399,2017년 9월 13일 15시,수요일,경상남도 진주시 일반성면,중상사고,0,1,0,0,차대차 - 측면충돌,안전운전불이행,건조,맑음,단일로 - 기타,사륜오토바이(ATV),남,80세,상해없음,원동기,남,81세,중상
2017091300100400,2017년 9월 13일 15시,수요일,경상남도 남해군 창선면,중상사고,0,1,0,0,차대차 - 측면충돌,안전운전불이행,건조,맑음,교차로 - 교차로부근,승용,여,46세,상해없음,이륜,남,64세,중상
2017091300100431,2017년 9월 13일 16시,수요일,경상남도 하동군 화개면,중상사고,0,1,0,0,차대사람 - 길가장자리구역통행중,안전운전불이행,건조,맑음,단일로 - 기타,승용,남,48세,상해없음,보행자,남,12세,중상
2017091300100432,2017년 9월 13일 16시,수요일,경상남도 창원시 성산구 남양동,경상사고,0,0,1,0,차대사람 - 차도통행중,안전운전불이행,건조,맑음,단일로 - 기타,기타불명,기타불명,미분류,기타불명,보행자,남,60세,경상
2017091300100433,2017년 9월 13일 16시,수요일,경상남도 창원시 마산회원구 내서읍,중상사고,0,1,1,0,차대차 - 측면충돌,신호위반,건조,맑음,교차로 - 교차로안,화물,남,47세,상해없음,승용,남,58세,중상
2017091300100484,2017년 9월 13일 17시,수요일,경상남도 김해시 내동,경상사고,0,0,1,0,차대차 - 기타,안전운전불이행,건조,맑음,교차로 - 교차로횡단보도내,자전거,남,12세,경상,승용,여,50세,상해없음
2017091300100485,2017년 9월 13일 17시,수요일,경상남도 거제시 두모동,경상사고,0,0,3,0,차대차 - 추돌,안전거리미확보,건조,맑음,교차로 - 교차로부근,화물,남,31세,상해없음,승용,남,47세,경상
2017091300100486,2017년 9월 13일 17시,수요일,경상남도 거제시 아주동,중상사고,0,1,0,0,차대사람 - 횡단중,보행자보호의무위반,건조,맑음,교차로 - 교차로횡단보도내,승합,남,69세,상해없음,보행자,여,10세,중상
2017091300100487,2017년 9월 13일 17시,수요일,경상남도 의령군 유곡면,중상사고,0,2,0,0,차대차 - 측면충돌,과속,건조,맑음,교차로 - 교차로안,승용,남,61세,상해없음,승용,남,66세,상해없음
2017091300100488,2017년 9월 13일 17시,수요일,경상남도 창원시 의창구 북면,중상사고,0,4,4,0,차대차 - 추돌,안전운전불이행,건조,맑음,단일로 - 기타,승용,여,30세,중상,승용,남,45세,중상
2017091300100537,2017년 9월 13일 18시,수요일,경상남도 양산시 물금읍,경상사고,0,0,2,0,차대차 - 측면충돌,신호위반,건조,맑음,교차로 - 교차로안,승합,남,57세,상해없음,승용,남,35세,경상
2017091300100583,2017년 9월 13일 19시,수요일,경상남도 밀양시 내이동,경상사고,0,0,1,0,차대차 - 측면충돌,교차로운행방법위반,건조,맑음,교차로 - 교차로안,승용,남,59세,상해없음,자전거,여,60세,경상
2017091300100584,2017년 9월 13일 19시,수요일,경상남도 김해시 부곡동,중상사고,0,2,0,0,차대차 - 측면충돌,안전운전불이행,건조,맑음,교차로 - 교차로안,승용,남,30세,상해없음,승용,남,38세,중상
2017091300100615,2017년 9월 13일 20시,수요일,경상남도 하동군 화개면,사망사고,1,0,0,0,차대사람 - 길가장자리구역통행중,안전운전불이행,건조,맑음,단일로 - 기타,승용,여,47세,상해없음,보행자,여,68세,사망
2017091300100616,2017년 9월 13일 20시,수요일,경상남도 김해시 전하동,경상사고,0,0,2,0,차대차 - 측면충돌,안전운전불이행,건조,맑음,교차로 - 교차로안,승용,남,33세,상해없음,승용,남,61세,경상
2017091300100673,2017년 9월 13일 22시,수요일,경상남도 창원시 성산구 남양동,경상사고,0,0,3,0,차대차 - 추돌,안전운전불이행,건조,맑음,단일로 - 기타,승용,남,36세,상해없음,승용,남,44세,경상
2017091400100124,2017년 9월 14일 07시,목요일,경상남도 밀양시 가곡동,중상사고,0,1,0,0,차대차 - 측면충돌,안전운전불이행,건조,맑음,교차로 - 교차로안,승용,여,37세,상해없음,화물,남,23세,중상
2017091400100125,2017년 9월 14일 07시,목요일,경상남도 김해시 부원동,경상사고,0,0,1,0,차대사람 - 길가장자리구역통행중,안전운전불이행,건조,맑음,단일로 - 기타,승용,여,26세,상해없음,보행자,남,46세,경상
2017091400100126,2017년 9월 14일 07시,목요일,경상남도 양산시 교동,경상사고,0,0,1,0,차대차 - 기타,교차로운행방법위반,건조,맑음,교차로 - 교차로안,승용,여,25세,상해없음,승용,남,40세,경상
2017091400100127,2017년 9월 14일 07시,목요일,경상남도 거제시 고현동,경상사고,0,0,1,0,차대차 - 측면충돌,안전운전불이행,건조,맑음,교차로 - 교차로안,이륜,남,30세,경상,승용,여,47세,기타불명
2017091400100128,2017년 9월 14일 07시,목요일,경상남도 김해시 진영읍,경상사고,0,0,2,0,차대차 - 측면충돌,안전운전불이행,건조,맑음,교차로 - 교차로부근,승용,남,44세,경상,화물,남,49세,경상
2017091400100169,2017년 9월 14일 08시,목요일,경상남도 창원시 진해구 죽곡동,중상사고,0,1,1,0,차대차 - 기타,신호위반,건조,맑음,교차로 - 교차로안,승용,남,62세,상해없음,승용,여,37세,경상
2017091400100170,2017년 9월 14일 08시,목요일,경상남도 사천시 정동면,경상사고,0,0,2,0,차대차 - 측면충돌,안전운전불이행,건조,맑음,교차로 - 교차로안,승용,여,44세,경상,승용,남,24세,경상
2017091400100171,2017년 9월 14일 08시,목요일,경상남도 창원시 성산구 내동,경상사고,0,0,1,0,차대차 - 측면충돌,신호위반,건조,맑음,교차로 - 교차로안,승용,남,23세,상해없음,승용,남,32세,경상
2017091400100172,2017년 9월 14일 08시,목요일,경상남도 창원시 의창구 명서동,경상사고,0,0,1,0,차대사람 - 기타,안전운전불이행,건조,맑음,단일로 - 기타,원동기,남,73세,상해없음,보행자,여,51세,경상
2017091400100225,2017년 9월 14일 09시,목요일,경상남도 진주시 초전동,중상사고,0,1,0,0,차대사람 - 기타,안전운전불이행,건조,맑음,단일로 - 기타,화물,남,44세,상해없음,보행자,여,59세,중상
2017091400100226,2017년 9월 14일 09시,목요일,경상남도 양산시 물금읍,중상사고,0,1,0,0,차대차 - 기타,안전운전불이행,건조,맑음,단일로 - 기타,승용,남,56세,상해없음,자전거,여,61세,중상
2017091400100254,2017년 9월 14일 10시,목요일,경상남도 김해시 삼방동,중상사고,0,1,0,0,차대차 - 측면충돌,안전운전불이행,건조,맑음,교차로 - 교차로안,승용,여,29세,상해없음,승용,여,25세,중상
2017091400100318,2017년 9월 14일 12시,목요일,경상남도 창원시 마산합포구 진동면,경상사고,0,0,1,0,차대차 - 측면충돌,안전운전불이행,건조,맑음,교차로 - 교차로안,화물,남,67세,상해없음,승용,여,43세,경상
2017091400100319,2017년 9월 14일 12시,목요일,경상남도 창원시 진해구 경화동,중상사고,0,1,0,0,차대차 - 측면충돌,안전운전불이행,건조,맑음,교차로 - 교차로안,승용,남,75세,상해없음,승용,여,34세,중상
2017091400100320,2017년 9월 14일 12시,목요일,경상남도 통영시 광도면,경상사고,0,0,2,1,차대차 - 후진중충돌,안전운전불이행,건조,맑음,단일로 - 기타,승용,여,38세,부상신고,승용,여,24세,경상
2017091400100321,2017년 9월 14일 12시,목요일,경상남도 의령군 칠곡면,중상사고,0,1,0,0,차대차 - 측면충돌,안전운전불이행,건조,맑음,교차로 - 교차로안,이륜,여,63세,중상,건설기계,남,49세,상해없음
2017091400100348,2017년 9월 14일 13시,목요일,경상남도 진주시 상대동,경상사고,0,0,1,0,차대차 - 측면충돌,신호위반,건조,맑음,교차로 - 교차로안,승용,여,42세,상해없음,화물,남,55세,경상
2017091400100349,2017년 9월 14일 13시,목요일,경상남도 하동군 하동읍,경상사고,0,0,1,0,차량단독 - 전도전복 - 전도,중앙선침범,건조,맑음,기타 - 기타,이륜,남,70세,상해없음,,,,
2017091400100350,2017년 9월 14일 13시,목요일,경상남도 거제시 옥포동,중상사고,0,1,0,0,차대사람 - 횡단중,보행자보호의무위반,건조,맑음,교차로 - 교차로횡단보도내,승용,남,68세,상해없음,보행자,여,34세,중상
2017091400100351,2017년 9월 14일 13시,목요일,경상남도 창원시 의창구 동읍,중상사고,0,1,0,0,차대차 - 측면충돌,중앙선침범,건조,맑음,단일로 - 기타,화물,남,58세,상해없음,승용,여,41세,중상
2017091400100392,2017년 9월 14일 14시,목요일,경상남도 창원시 진해구 가주동,경상사고,0,0,1,0,차량단독 - 전도전복,안전운전불이행,건조,맑음,단일로 - 기타,화물,남,48세,경상,미분류,미분류,미분류,미분류
2017091400100393,2017년 9월 14일 14시,목요일,경상남도 사천시 벌리동,경상사고,0,0,3,0,차대차 - 측면충돌,직진우회전진행방해,건조,맑음,교차로 - 교차로안,화물,남,75세,상해없음,승합,남,59세,상해없음
2017091400100394,2017년 9월 14일 14시,목요일,경상남도 창녕군 도천면,중상사고,0,1,0,0,차대차 - 정면충돌,중앙선침범,건조,맑음,교차로 - 교차로부근,화물,남,45세,상해없음,화물,남,33세,중상
2017091400100411,2017년 9월 14일 15시,목요일,경상남도 김해시 대동면,경상사고,0,0,3,1,차대차 - 기타,안전거리미확보,건조,맑음,단일로 - 기타,승용,남,61세,상해없음,승용,남,40세,경상
2017091400100422,2017년 9월 14일 15시,목요일,경상남도 창원시 마산회원구 내서읍,경상사고,0,0,1,0,차대차 - 측면충돌,안전운전불이행,건조,맑음,교차로 - 교차로부근,화물,남,47세,상해없음,승용,남,56세,경상
2017091400100465,2017년 9월 14일 16시,목요일,경상남도 창원시 의창구 사림동,중상사고,0,1,0,0,차대차 - 기타,안전운전불이행,건조,맑음,단일로 - 기타,승용,여,47세,상해없음,승용,남,31세,상해없음
2017091400100466,2017년 9월 14일 16시,목요일,경상남도 창원시 성산구 상남동,경상사고,0,0,1,0,차대사람 - 횡단중,보행자보호의무위반,건조,맑음,교차로 - 교차로횡단보도내,승용,여,52세,상해없음,보행자,여,49세,경상
2017091400100521,2017년 9월 14일 17시,목요일,경상남도 사천시 용현면,중상사고,0,1,3,0,차대차 - 추돌,안전운전불이행,건조,맑음,단일로 - 기타,화물,남,63세,상해없음,승용,남,30세,중상
2017091400100522,2017년 9월 14일 17시,목요일,경상남도 고성군 고성읍,중상사고,0,2,0,0,차대차 - 측면충돌,신호위반,건조,맑음,교차로 - 교차로안,승용,여,52세,상해없음,승용,남,49세,중상
2017091400100572,2017년 9월 14일 18시,목요일,경상남도 창원시 진해구 경화동,경상사고,0,0,2,0,차대차 - 기타,안전운전불이행,건조,맑음,단일로 - 기타,승용,남,67세,상해없음,승용,남,50세,경상
2017091400100656,2017년 9월 14일 20시,목요일,경상남도 창원시 마산회원구 양덕동,중상사고,0,1,0,0,차대사람 - 기타,안전운전불이행,건조,맑음,단일로 - 기타,승용,남,66세,상해없음,보행자,남,50세,중상
2017091400100676,2017년 9월 14일 21시,목요일,경상남도 김해시 내동,경상사고,0,0,1,0,차대차 - 기타,안전운전불이행,건조,맑음,단일로 - 기타,승용,남,54세,기타불명,자전거,남,7세,경상
2017091400100707,2017년 9월 14일 22시,목요일,경상남도 거제시 아주동,경상사고,0,0,1,0,차대사람 - 보도통행중,기타,건조,맑음,단일로 - 기타,승용,남,60세,상해없음,보행자,남,25세,경상
2017091400100732,2017년 9월 14일 23시,목요일,경상남도 진주시 이현동,경상사고,0,0,2,0,차대사람 - 횡단중,보행자보호의무위반,건조,맑음,교차로 - 교차로부근,승용,남,58세,상해없음,보행자,남,49세,경상
2017091400100733,2017년 9월 14일 23시,목요일,경상남도 사천시 사천읍,사망사고,1,0,0,0,차대사람 - 횡단중,안전운전불이행,건조,맑음,교차로 - 교차로안,승용,남,36세,기타불명,보행자,남,26세,사망
2017091500100024,2017년 9월 15일 00시,금요일,경상남도 거제시 고현동,중상사고,0,2,2,0,차대차 - 측면충돌,신호위반,건조,맑음,교차로 - 교차로안,승용,남,48세,상해없음,승용,남,66세,중상
2017091500100068,2017년 9월 15일 05시,금요일,경상남도 창원시 진해구 풍호동,중상사고,0,1,0,0,차대사람 - 횡단중,보행자보호의무위반,건조,맑음,교차로 - 교차로횡단보도내,승용,남,54세,상해없음,보행자,여,58세,중상
2017091500100095,2017년 9월 15일 07시,금요일,경상남도 김해시 구산동,경상사고,0,0,1,0,차대차 - 측면충돌,신호위반,건조,맑음,교차로 - 교차로안,승용,남,23세,상해없음,승용,남,57세,경상
2017091500100141,2017년 9월 15일 08시,금요일,경상남도 창원시 마산합포구 동성동,경상사고,0,0,1,0,차대사람 - 차도통행중,안전운전불이행,건조,맑음,단일로 - 기타,화물,남,55세,상해없음,보행자,여,64세,경상
2017091500100142,2017년 9월 15일 08시,금요일,경상남도 창원시 진해구 덕산동,중상사고,0,1,0,0,차대차 - 추돌,안전운전불이행,건조,맑음,단일로 - 기타,승용,여,24세,상해없음,승용,여,54세,중상
2017091500100143,2017년 9월 15일 08시,금요일,경상남도 김해시 삼계동,중상사고,0,1,0,0,차대사람 - 횡단중,안전운전불이행,건조,맑음,단일로 - 기타,승용,여,46세,상해없음,보행자,여,17세,중상
2017091500100167,2017년 9월 15일 09시,금요일,경상남도 김해시 부곡동,중상사고,0,2,0,0,차대차 - 측면충돌,안전거리미확보,건조,맑음,단일로 - 기타,건설기계,남,44세,상해없음,승용,여,59세,중상
2017091500100254,2017년 9월 15일 11시,금요일,경상남도 합천군 초계면,중상사고,0,1,0,0,차대차 - 기타,안전운전불이행,건조,맑음,단일로 - 기타,화물,남,62세,상해없음,자전거,남,74세,중상
2017091500100255,2017년 9월 15일 11시,금요일,경상남도 거제시 고현동,중상사고,0,2,0,0,차대차 - 측면충돌,신호위반,건조,맑음,단일로 - 기타,승용,남,48세,상해없음,승용,남,58세,중상
2017091500100271,2017년 9월 15일 12시,금요일,경상남도 함안군 가야읍,중상사고,0,2,0,0,차대차 - 추돌,안전운전불이행,건조,맑음,교차로 - 교차로안,화물,여,64세,상해없음,승용,여,52세,중상
2017091500100299,2017년 9월 15일 13시,금요일,경상남도 양산시 상북면,중상사고,0,1,0,0,차대사람 - 기타,안전운전불이행,건조,맑음,단일로 - 기타,사륜오토바이(ATV),남,73세,상해없음,보행자,여,75세,중상
2017091500100300,2017년 9월 15일 13시,금요일,경상남도 양산시 하북면,경상사고,0,0,1,0,차대차 - 추돌,안전운전불이행,건조,맑음,교차로 - 교차로부근,건설기계,남,42세,상해없음,화물,남,58세,경상
2017091500100333,2017년 9월 15일 14시,금요일,경상남도 진주시 상평동,경상사고,0,0,1,0,차대사람 - 횡단중,안전운전불이행,건조,맑음,교차로 - 교차로안,화물,남,57세,상해없음,보행자,남,46세,경상
2017091500100334,2017년 9월 15일 14시,금요일,경상남도 김해시 진영읍,경상사고,0,0,1,0,차대차 - 추돌,안전운전불이행,건조,맑음,단일로 - 기타,화물,남,57세,상해없음,이륜,남,54세,경상
2017091500100378,2017년 9월 15일 15시,금요일,경상남도 창원시 마산합포구 월포동,중상사고,0,1,1,0,차대차 - 추돌,안전운전불이행,건조,맑음,교차로 - 교차로부근,승용,남,61세,상해없음,승용,여,37세,경상
2017091500100379,2017년 9월 15일 15시,금요일,경상남도 창원시 진해구 용원동,중상사고,0,1,0,0,차대차 - 측면충돌,신호위반,건조,맑음,교차로 - 교차로안,특수,남,37세,상해없음,화물,남,50세,중상
2017091500100380,2017년 9월 15일 15시,금요일,경상남도 사천시 벌리동,부상신고사고,0,0,0,1,차대차 - 추돌,안전거리미확보,건조,맑음,단일로 - 기타,이륜,남,20세,부상신고,승용,여,35세,상해없음
2017091500100427,2017년 9월 15일 16시,금요일,경상남도 창원시 마산합포구 예곡동,경상사고,0,0,1,0,차대차 - 추돌,안전거리미확보,건조,맑음,단일로 - 기타,승용,남,70세,상해없음,승용,여,63세,경상
2017091500100428,2017년 9월 15일 16시,금요일,경상남도 창녕군 고암면,경상사고,0,0,1,0,차량단독 - 기타,안전운전불이행,건조,맑음,단일로 - 기타,이륜,여,66세,경상,,,,
2017091500100429,2017년 9월 15일 16시,금요일,경상남도 양산시 삼호동,경상사고,0,0,1,0,차대차 - 측면충돌,직진우회전진행방해,건조,맑음,교차로 - 교차로안,승용,남,71세,기타불명,승용,여,43세,경상
2017091500100430,2017년 9월 15일 16시,금요일,경상남도 하동군 악양면,중상사고,0,4,0,0,차량단독 - 공작물충돌,안전운전불이행,건조,맑음,단일로 - 기타,승용,여,61세,중상,,,,
2017091500100431,2017년 9월 15일 16시,금요일,경상남도 하동군 적량면,중상사고,0,1,0,0,차대차 - 측면충돌,안전운전불이행,건조,맑음,단일로 - 기타,이륜,여,74세,중상,화물,남,85세,상해없음
2017091500100432,2017년 9월 15일 16시,금요일,경상남도 김해시 진영읍,경상사고,0,0,1,0,차대사람 - 횡단중,보행자보호의무위반,건조,맑음,교차로 - 교차로안,승용,여,37세,상해없음,보행자,남,20세,경상
2017091500100485,2017년 9월 15일 17시,금요일,경상남도 창원시 성산구 성산동,경상사고,0,0,1,0,차대차 - 측면충돌,교차로운행방법위반,건조,맑음,교차로 - 교차로안,화물,남,50세,상해없음,승용,여,24세,경상
2017091500100528,2017년 9월 15일 18시,금요일,경상남도 밀양시 삼랑진읍,중상사고,0,1,0,0,차대차 - 기타,중앙선침범,건조,맑음,단일로 - 기타,승용,남,33세,상해없음,자전거,남,47세,중상
2017091500100529,2017년 9월 15일 18시,금요일,경상남도 창원시 마산회원구 구암동,중상사고,0,1,0,0,차대사람 - 횡단중,보행자보호의무위반,건조,맑음,교차로 - 교차로횡단보도내,승용,여,55세,상해없음,보행자,여,75세,중상
2017091500100584,2017년 9월 15일 19시,금요일,경상남도 창원시 진해구 여좌동,중상사고,0,1,0,0,차대차 - 측면충돌,안전운전불이행,건조,맑음,교차로 - 교차로부근,승용,여,31세,상해없음,원동기,남,23세,중상
2017091500100585,2017년 9월 15일 19시,금요일,경상남도 창녕군 장마면,중상사고,0,1,0,1,차대차 - 기타,안전운전불이행,건조,맑음,단일로 - 기타,승용,남,35세,부상신고,승용,남,51세,상해없음
2017091500100586,2017년 9월 15일 19시,금요일,경상남도 거제시 장평동,중상사고,0,2,1,0,차대차 - 추돌,안전거리미확보,건조,맑음,단일로 - 기타,승용,남,30세,상해없음,승용,남,32세,중상
2017091500100587,2017년 9월 15일 19시,금요일,경상남도 창원시 마산회원구 내서읍,중상사고,0,1,0,0,차대차 - 측면충돌,안전운전불이행,건조,맑음,단일로 - 기타,승용,남,47세,상해없음,자전거,남,12세,중상
2017091500100672,2017년 9월 15일 21시,금요일,경상남도 김해시 외동,경상사고,0,0,1,0,차대차 - 기타,안전거리미확보,건조,맑음,단일로 - 기타,승용,남,45세,상해없음,원동기,남,19세,경상
2017091500100708,2017년 9월 15일 22시,금요일,경상남도 밀양시 내이동,경상사고,0,0,1,0,차대사람 - 횡단중,안전운전불이행,건조,흐림,교차로 - 교차로안,이륜,남,43세,상해없음,보행자,여,54세,경상
2017091500100709,2017년 9월 15일 22시,금요일,경상남도 거창군 거창읍,경상사고,0,0,1,0,차대차 - 측면충돌,안전운전불이행,건조,맑음,교차로 - 교차로안,이륜,남,71세,경상,화물,남,54세,상해없음
2017091500100710,2017년 9월 15일 22시,금요일,경상남도 양산시 평산동,중상사고,0,1,0,0,차대사람 - 기타,안전운전불이행,건조,맑음,기타 - 기타,승용,남,55세,상해없음,보행자,여,56세,중상
2017091600100028,2017년 9월 16일 00시,토요일,경상남도 창원시 의창구 사림동,중상사고,0,1,0,0,차대사람 - 기타,안전운전불이행,건조,맑음,교차로 - 교차로안,승용,남,28세,상해없음,보행자,남,28세,중상
2017091600100149,2017년 9월 16일 08시,토요일,경상남도 진주시 인사동,경상사고,0,0,3,0,차대차 - 측면충돌,신호위반,건조,맑음,교차로 - 교차로안,화물,남,39세,상해없음,승용,남,25세,경상
2017091600100150,2017년 9월 16일 08시,토요일,경상남도 사천시 사천읍,경상사고,0,0,1,0,차대차 - 기타,중앙선침범,건조,맑음,단일로 - 기타,승용,남,46세,상해없음,승용,여,46세,경상
2017091600100181,2017년 9월 16일 09시,토요일,경상남도 거제시 고현동,중상사고,0,1,0,0,차대차 - 측면충돌,직진우회전진행방해,건조,맑음,교차로 - 교차로안,이륜,남,38세,중상,승용,여,38세,상해없음
2017091600100182,2017년 9월 16일 09시,토요일,경상남도 김해시 풍유동,경상사고,0,0,1,0,차대차 - 측면충돌,안전운전불이행,건조,맑음,단일로 - 기타,승용,남,50세,상해없음,자전거,남,78세,경상
2017091600100216,2017년 9월 16일 10시,토요일,경상남도 밀양시 부북면,사망사고,1,0,1,0,차량단독 - 공작물충돌,안전운전불이행,건조,맑음,단일로 - 기타,승용,여,57세,경상,,,,
2017091600100256,2017년 9월 16일 11시,토요일,경상남도 양산시 덕계동,중상사고,0,1,0,0,차대사람 - 횡단중,안전운전불이행,건조,맑음,단일로 - 기타,승용,남,27세,상해없음,보행자,남,67세,중상
2017091600100257,2017년 9월 16일 11시,토요일,경상남도 함안군 칠원읍,경상사고,0,0,2,0,차대차 - 추돌,안전운전불이행,건조,맑음,단일로 - 터널,승합,여,55세,상해없음,승용,남,33세,경상
2017091600100294,2017년 9월 16일 12시,토요일,경상남도 김해시 구산동,중상사고,0,1,1,0,차대차 - 추돌,안전거리미확보,건조,흐림,단일로 - 기타,승합,남,38세,상해없음,승용,남,60세,중상
2017091600100329,2017년 9월 16일 13시,토요일,경상남도 김해시 삼계동,경상사고,0,0,1,0,차대차 - 후진중충돌,안전운전불이행,건조,맑음,단일로 - 기타,승용,남,34세,상해없음,승용,여,38세,경상
2017091600100397,2017년 9월 16일 15시,토요일,경상남도 양산시 신기동,경상사고,0,0,2,0,차대차 - 추돌,안전거리미확보,건조,맑음,단일로 - 기타,승용,남,59세,상해없음,승용,여,47세,경상
2017091600100398,2017년 9월 16일 15시,토요일,경상남도 김해시 대청동,중상사고,0,1,0,0,차대사람 - 차도통행중,기타,건조,맑음,교차로 - 교차로안,승용,남,39세,상해없음,보행자,남,7세,중상
2017091600100399,2017년 9월 16일 15시,토요일,경상남도 창원시 의창구 동읍,경상사고,0,0,1,0,차대차 - 추돌,안전운전불이행,건조,맑음,단일로 - 기타,승용,남,67세,상해없음,승용,남,22세,경상
2017091600100425,2017년 9월 16일 16시,토요일,경상남도 양산시 남부동,중상사고,0,1,0,0,차대사람 - 횡단중,안전운전불이행,건조,맑음,단일로 - 기타,원동기,남,73세,상해없음,보행자,여,72세,중상
2017091600100426,2017년 9월 16일 16시,토요일,경상남도 거제시 고현동,경상사고,0,0,1,0,차대차 - 측면충돌,직진우회전진행방해,건조,맑음,교차로 - 교차로안,승용,남,76세,상해없음,이륜,남,21세,경상
2017091600100463,2017년 9월 16일 17시,토요일,경상남도 김해시 한림면,경상사고,0,0,1,0,차대차 - 측면충돌,안전운전불이행,건조,맑음,단일로 - 기타,승용,여,49세,상해없음,자전거,남,43세,경상
2017091600100464,2017년 9월 16일 17시,토요일,경상남도 김해시 진영읍,경상사고,0,0,1,0,차대차 - 측면충돌,교차로운행방법위반,건조,맑음,교차로 - 교차로안,이륜,남,49세,경상,승용,남,58세,상해없음
2017091600100465,2017년 9월 16일 17시,토요일,경상남도 거창군 남상면,경상사고,0,0,2,0,차대차 - 측면충돌,안전운전불이행,건조,맑음,단일로 - 기타,승합,남,60세,상해없음,승용,남,41세,경상
2017091600100505,2017년 9월 16일 18시,토요일,경상남도 진주시 주약동,경상사고,0,0,3,0,차대차 - 추돌,안전거리미확보,건조,맑음,교차로 - 교차로부근,승용,남,41세,상해없음,승용,남,44세,경상
2017091600100506,2017년 9월 16일 18시,토요일,경상남도 창원시 진해구 이동,경상사고,0,0,1,0,차대차 - 측면충돌,안전운전불이행,건조,맑음,교차로 - 교차로안,승용,남,42세,상해없음,승용,여,49세,경상
2017091600100589,2017년 9월 16일 21시,토요일,경상남도 사천시 대방동,중상사고,0,3,0,0,차대차 - 측면충돌,직진우회전진행방해,건조,맑음,교차로 - 교차로안,이륜,남,52세,중상,승용,여,48세,중상
2017091600100590,2017년 9월 16일 21시,토요일,경상남도 김해시 삼정동,경상사고,0,0,2,0,차대차 - 기타,교차로운행방법위반,건조,맑음,교차로 - 교차로안,이륜,남,33세,경상,승용,남,32세,경상
2017091600100619,2017년 9월 16일 22시,토요일,경상남도 사천시 사천읍,경상사고,0,0,1,0,차대사람 - 기타,안전운전불이행,건조,맑음,교차로 - 교차로부근,승용,남,58세,상해없음,보행자,남,42세,경상
2017091600100620,2017년 9월 16일 22시,토요일,경상남도 김해시 관동동,중상사고,0,2,0,0,차대차 - 측면충돌,신호위반,건조,맑음,교차로 - 교차로안,이륜,남,16세,중상,자전거,남,11세,중상
2017091700100053,2017년 9월 17일 03시,일요일,경상남도 함안군 칠원읍,경상사고,0,0,5,0,차대차 - 측면충돌,신호위반,건조,맑음,교차로 - 교차로안,승용,남,26세,상해없음,승용,남,55세,경상
2017091700100061,2017년 9월 17일 04시,일요일,경상남도 창원시 마산합포구 대외동,중상사고,0,1,1,0,차대차 - 기타,교차로운행방법위반,건조,맑음,교차로 - 교차로안,이륜,남,16세,상해없음,승용,남,30세,경상
2017091700100062,2017년 9월 17일 04시,일요일,경상남도 김해시 어방동,경상사고,0,0,2,0,차대차 - 측면충돌,신호위반,건조,맑음,교차로 - 교차로안,승용,남,24세,상해없음,승용,남,49세,경상
2017091700100079,2017년 9월 17일 06시,일요일,경상남도 의령군 부림면,중상사고,0,1,0,0,차량단독 - 도로외이탈 - 추락,안전운전불이행,건조,맑음,단일로 - 기타,화물,남,45세,중상,,,,
2017091700100095,2017년 9월 17일 07시,일요일,경상남도 창원시 의창구 소답동,중상사고,0,1,0,0,차대차 - 측면충돌,신호위반,건조,흐림,교차로 - 교차로안,승용,여,54세,상해없음,승용,남,60세,중상