사고번호,사고일시,요일,시군구,사고내용,사망자수,중상자수,경상자수,부상신고자수,사고유형,법규위반,노면상태,기상상태,도로형태,가해운전자 차종,가해운전자 성별,가해운전자 연령,가해운전자 상해정도,피해운전자 차종,피해운전자 성별,피해운전자 연령,피해운전자 상해정도
2017092600100479,2017년 9월 26일 17시,화요일,경상남도 함안군 함안면,중상사고,0,1,0,0,차대사람 - 횡단중,안전운전불이행,건조,맑음,단일로 - 기타,승용,여,26세,상해없음,보행자,남,84세,중상
2017092600100480,2017년 9월 26일 17시,화요일,경상남도 창원시 마산회원구 구암동,경상사고,0,0,1,0,차대사람 - 횡단중,안전운전불이행,건조,맑음,교차로 - 교차로부근,승용,남,65세,상해없음,보행자,여,83세,경상
2017092600100523,2017년 9월 26일 18시,화요일,경상남도 통영시 광도면,중상사고,0,2,1,0,차대차 - 추돌,안전운전불이행,젖음/습기,흐림,단일로 - 기타,화물,남,65세,상해없음,승용,여,29세,중상
2017092600100524,2017년 9월 26일 18시,화요일,경상남도 통영시 봉평동,부상신고사고,0,0,0,1,차대사람 - 횡단중,안전운전불이행,건조,맑음,단일로 - 기타,이륜,남,71세,상해없음,보행자,남,69세,부상신고
2017092600100525,2017년 9월 26일 18시,화요일,경상남도 사천시 대방동,중상사고,0,1,0,0,차대사람 - 길가장자리구역통행중,안전운전불이행,건조,맑음,단일로 - 기타,승용,남,73세,상해없음,보행자,여,70세,중상
2017092600100572,2017년 9월 26일 19시,화요일,경상남도 사천시 사남면,중상사고,0,1,0,0,차대차 - 측면충돌,직진우회전진행방해,건조,맑음,교차로 - 교차로안,승합,여,55세,상해없음,이륜,남,49세,중상
2017092600100573,2017년 9월 26일 19시,화요일,경상남도 거제시 장평동,중상사고,0,1,0,0,차대사람 - 횡단중,보행자보호의무위반,건조,맑음,교차로 - 교차로안,승용,남,51세,상해없음,보행자,여,39세,중상
2017092600100574,2017년 9월 26일 19시,화요일,경상남도 거제시 능포동,경상사고,0,0,1,0,차대사람 - 기타,안전운전불이행,건조,맑음,단일로 - 기타,승용,여,55세,상해없음,보행자,여,70세,경상
2017092600100575,2017년 9월 26일 19시,화요일,경상남도 거제시 하청면,중상사고,0,1,0,0,차대사람 - 횡단중,안전운전불이행,건조,맑음,교차로 - 교차로부근,승용,남,28세,상해없음,보행자,남,18세,중상
2017092600100576,2017년 9월 26일 19시,화요일,경상남도 거제시 장승포동,경상사고,0,0,3,0,차대차 - 측면충돌,안전거리미확보,건조,맑음,교차로 - 교차로부근,승용,남,40세,상해없음,승용,남,33세,경상
2017092600100615,2017년 9월 26일 20시,화요일,경상남도 사천시 축동면,경상사고,0,0,1,0,차대사람 - 횡단중,안전운전불이행,건조,맑음,교차로 - 교차로안,승용,남,35세,상해없음,보행자,남,50세,경상
2017092600100616,2017년 9월 26일 20시,화요일,경상남도 김해시 내동,경상사고,0,0,2,0,차대차 - 기타,안전운전불이행,건조,맑음,교차로 - 교차로안,원동기,남,54세,경상,자전거,남,14세,경상
2017092600100647,2017년 9월 26일 21시,화요일,경상남도 김해시 동상동,중상사고,0,1,0,0,차대차 - 기타,신호위반,건조,맑음,교차로 - 교차로안,원동기,남,33세,중상,화물,남,48세,상해없음
2017092600100648,2017년 9월 26일 21시,화요일,경상남도 창원시 의창구 팔용동,경상사고,0,0,1,0,차대차 - 측면충돌,안전운전불이행,건조,맑음,단일로 - 기타,승용,남,49세,상해없음,승용,남,29세,경상
2017092600100649,2017년 9월 26일 21시,화요일,경상남도 창원시 의창구 팔용동,경상사고,0,0,1,0,차대차 - 기타,안전운전불이행,건조,맑음,교차로 - 교차로안,승용,여,50세,상해없음,자전거,여,24세,경상
2017092700100068,2017년 9월 27일 04시,수요일,경상남도 김해시 주촌면,중상사고,0,1,0,0,차대차 - 추돌,안전운전불이행,건조,맑음,단일로 - 기타,승용,남,27세,상해없음,화물,남,68세,중상
2017092700100072,2017년 9월 27일 04시,수요일,경상남도 창녕군 남지읍,중상사고,0,1,0,0,차대차 - 추돌,안전운전불이행,젖음/습기,비,교차로 - 교차로부근,승용,여,32세,상해없음,원동기,남,68세,중상
2017092700100092,2017년 9월 27일 05시,수요일,경상남도 사천시 향촌동,중상사고,0,1,4,2,차대차 - 측면충돌,안전운전불이행,젖음/습기,비,단일로 - 기타,승용,남,19세,상해없음,승용,남,47세,부상신고
2017092700100108,2017년 9월 27일 06시,수요일,경상남도 창원시 마산합포구 교방동,중상사고,0,1,0,0,차대차 - 측면충돌,신호위반,젖음/습기,비,교차로 - 교차로안,화물,남,76세,상해없음,승용,남,40세,중상
2017092700100109,2017년 9월 27일 06시,수요일,경상남도 함양군 안의면,부상신고사고,0,0,0,1,차대차 - 정면충돌,중앙선침범,젖음/습기,비,단일로 - 기타,승용,남,53세,부상신고,화물,남,60세,기타불명
2017092700100110,2017년 9월 27일 06시,수요일,경상남도 거제시 사등면,경상사고,0,0,1,0,차대차 - 추돌,안전운전불이행,젖음/습기,비,단일로 - 기타,화물,남,57세,상해없음,승용,남,57세,경상
2017092700100143,2017년 9월 27일 07시,수요일,경상남도 창원시 진해구 죽곡동,경상사고,0,0,4,0,차대차 - 기타,안전운전불이행,젖음/습기,비,단일로 - 교량,승용,남,59세,상해없음,승용,남,46세,경상
2017092700100144,2017년 9월 27일 07시,수요일,경상남도 김해시 내동,중상사고,0,1,4,0,차대차 - 기타,안전운전불이행,건조,맑음,단일로 - 기타,승용,남,37세,상해없음,승용,여,30세,중상
2017092700100145,2017년 9월 27일 07시,수요일,경상남도 거제시 사등면,중상사고,0,2,1,0,차대차 - 추돌,안전거리미확보,젖음/습기,비,단일로 - 기타,화물,남,20세,상해없음,승용,남,52세,중상
2017092700100146,2017년 9월 27일 07시,수요일,경상남도 창원시 마산회원구 내서읍,경상사고,0,0,2,0,차대차 - 기타,안전운전불이행,젖음/습기,비,단일로 - 기타,승용,남,49세,상해없음,승용,여,50세,경상
2017092700100264,2017년 9월 27일 10시,수요일,경상남도 김해시 내동,경상사고,0,0,2,0,차대차 - 측면충돌,신호위반,젖음/습기,비,교차로 - 교차로안,승용,남,72세,상해없음,승용,여,23세,경상
2017092700100265,2017년 9월 27일 10시,수요일,경상남도 합천군 대양면,중상사고,0,1,0,0,차량단독 - 공작물충돌,안전운전불이행,젖음/습기,비,단일로 - 기타,승용,남,47세,중상,,,,
2017092700100337,2017년 9월 27일 12시,수요일,경상남도 통영시 북신동,중상사고,0,1,1,0,차대차 - 측면충돌,차로위반,건조,맑음,단일로 - 기타,승용,남,58세,상해없음,승합,남,46세,상해없음
2017092700100338,2017년 9월 27일 12시,수요일,경상남도 사천시 사남면,중상사고,0,1,0,2,차대차 - 측면충돌,직진우회전진행방해,젖음/습기,비,교차로 - 교차로안,승용,남,73세,부상신고,승용,남,44세,부상신고
2017092700100339,2017년 9월 27일 12시,수요일,경상남도 거제시 고현동,경상사고,0,0,1,0,차대차 - 측면충돌,교차로운행방법위반,젖음/습기,흐림,교차로 - 교차로안,화물,남,66세,상해없음,승용,여,33세,경상
2017092700100411,2017년 9월 27일 14시,수요일,경상남도 진주시 신안동,중상사고,0,2,0,0,차대차 - 추돌,안전거리미확보,건조,맑음,단일로 - 기타,승용,남,49세,상해없음,승용,여,41세,중상
2017092700100412,2017년 9월 27일 14시,수요일,경상남도 밀양시 산외면,사망사고,1,0,0,0,차대차 - 기타,안전운전불이행,젖음/습기,비,단일로 - 기타,화물,남,49세,사망,화물,남,59세,상해없음
2017092700100413,2017년 9월 27일 14시,수요일,경상남도 고성군 거류면,중상사고,0,1,0,0,차대차 - 측면충돌,교차로운행방법위반,건조,맑음,교차로 - 교차로안,화물,남,74세,상해없음,이륜,남,71세,중상
2017092700100447,2017년 9월 27일 15시,수요일,경상남도 하동군 진교면,경상사고,0,0,1,0,차대차 - 정면충돌,중앙선침범,건조,맑음,단일로 - 기타,건설기계,남,41세,상해없음,화물,남,48세,경상
2017092700100448,2017년 9월 27일 15시,수요일,경상남도 김해시 대청동,경상사고,0,0,1,0,차대차 - 측면충돌,교차로운행방법위반,건조,맑음,교차로 - 교차로안,화물,남,48세,상해없음,승용,남,61세,경상
2017092700100487,2017년 9월 27일 16시,수요일,경상남도 거제시 하청면,경상사고,0,0,1,0,차대차 - 측면충돌,안전운전불이행,건조,맑음,기타 - 기타,이륜,남,77세,경상,승용,여,23세,상해없음
2017092700100519,2017년 9월 27일 17시,수요일,경상남도 양산시 평산동,중상사고,0,2,0,0,차대차 - 추돌,안전운전불이행,젖음/습기,비,교차로 - 교차로부근,화물,남,62세,상해없음,승용,남,50세,중상
2017092700100520,2017년 9월 27일 17시,수요일,경상남도 거제시 장평동,중상사고,0,1,1,0,차대차 - 기타,안전운전불이행,건조,맑음,단일로 - 기타,승용,여,51세,상해없음,승용,여,30세,상해없음
2017092700100521,2017년 9월 27일 17시,수요일,경상남도 거제시 장평동,경상사고,0,0,1,0,차대사람 - 기타,안전운전불이행,건조,맑음,단일로 - 기타,이륜,남,45세,상해없음,보행자,남,38세,경상
2017092700100559,2017년 9월 27일 18시,수요일,경상남도 창원시 진해구 자은동,경상사고,0,0,1,0,차량단독 - 전도전복 - 전도,안전운전불이행,건조,맑음,기타 - 기타,원동기,남,16세,경상,,,,
2017092700100560,2017년 9월 27일 18시,수요일,경상남도 창녕군 부곡면,사망사고,1,0,0,0,차대차 - 기타,안전운전불이행,젖음/습기,비,단일로 - 기타,승용,남,41세,상해없음,승용,남,46세,상해없음
2017092700100607,2017년 9월 27일 19시,수요일,경상남도 거제시 장평동,경상사고,0,0,1,0,차대차 - 기타,안전운전불이행,기타,비,교차로 - 교차로안,승합,남,56세,상해없음,승용,여,65세,경상
2017092700100645,2017년 9월 27일 20시,수요일,경상남도 통영시 미수동,중상사고,0,1,0,0,차대사람 - 횡단중,안전운전불이행,건조,맑음,교차로 - 교차로안,승용,여,33세,상해없음,보행자,남,14세,중상
2017092700100724,2017년 9월 27일 23시,수요일,경상남도 사천시 벌리동,경상사고,0,0,2,0,차대차 - 측면충돌,직진우회전진행방해,건조,맑음,교차로 - 교차로안,승용,남,50세,상해없음,승용,여,60세,경상
2017092800100084,2017년 9월 28일 05시,목요일,경상남도 양산시 동면,중상사고,0,1,0,0,차대차 - 기타,신호위반,건조,맑음,교차로 - 교차로안,화물,남,43세,상해없음,이륜,남,33세,중상
2017092800100097,2017년 9월 28일 06시,목요일,경상남도 양산시 물금읍,경상사고,0,0,1,0,차대차 - 측면충돌,신호위반,건조,맑음,교차로 - 교차로안,화물,남,61세,상해없음,승용,여,44세,경상
2017092800100126,2017년 9월 28일 07시,목요일,경상남도 사천시 용현면,중상사고,0,1,3,1,차대차 - 추돌,안전거리미확보,건조,맑음,교차로 - 교차로부근,승합,남,48세,상해없음,승용,남,38세,중상
2017092800100127,2017년 9월 28일 07시,목요일,경상남도 창원시 성산구 외동,중상사고,0,1,0,0,차대차 - 기타,안전운전불이행,건조,맑음,단일로 - 기타,승용,남,50세,상해없음,자전거,남,16세,중상
2017092800100171,2017년 9월 28일 08시,목요일,경상남도 창원시 진해구 장천동,중상사고,0,1,0,0,차대사람 - 기타,안전운전불이행,건조,맑음,기타 - 기타,특수,남,57세,상해없음,보행자,남,56세,중상
2017092800100172,2017년 9월 28일 08시,목요일,경상남도 거제시 사등면,경상사고,0,0,1,0,차대차 - 후진중충돌,안전운전불이행,건조,맑음,단일로 - 지하차도(도로)내,승합,여,43세,상해없음,승용,여,39세,경상
2017092800100173,2017년 9월 28일 08시,목요일,경상남도 함안군 가야읍,중상사고,0,1,0,0,차대차 - 측면충돌,안전운전불이행,건조,맑음,교차로 - 교차로횡단보도내,승용,여,33세,상해없음,자전거,남,49세,중상
2017092800100174,2017년 9월 28일 08시,목요일,경상남도 창원시 의창구 대원동,경상사고,0,0,1,0,차대차 - 추돌,안전운전불이행,건조,맑음,단일로 - 교량,승용,남,34세,상해없음,승용,여,49세,경상
2017092800100175,2017년 9월 28일 08시,목요일,경상남도 김해시 대청동,중상사고,0,1,0,0,차대사람 - 횡단중,안전운전불이행,건조,맑음,단일로 - 기타,승용,여,62세,상해없음,보행자,여,61세,중상
2017092800100214,2017년 9월 28일 09시,목요일,경상남도 사천시 사남면,경상사고,0,0,1,0,차대차 - 추돌,안전운전불이행,건조,맑음,단일로 - 기타,원동기,남,73세,경상,승합,남,48세,상해없음
2017092800100257,2017년 9월 28일 10시,목요일,경상남도 통영시 무전동,경상사고,0,0,2,0,차대차 - 측면충돌,안전운전불이행,건조,맑음,교차로 - 교차로부근,승합,남,59세,상해없음,이륜,남,75세,경상
2017092800100258,2017년 9월 28일 10시,목요일,경상남도 양산시 주진동,경상사고,0,0,2,0,차대차 - 추돌,안전거리미확보,건조,맑음,교차로 - 교차로부근,화물,남,71세,상해없음,승용,남,64세,경상
2017092800100259,2017년 9월 28일 10시,목요일,경상남도 거제시 고현동,경상사고,0,0,1,0,차대차 - 측면충돌,안전운전불이행,건조,맑음,교차로 - 교차로안,승용,여,59세,경상,승용,남,63세,상해없음
2017092800100294,2017년 9월 28일 11시,목요일,경상남도 진주시 상봉동,경상사고,0,0,1,0,차대사람 - 차도통행중,교차로운행방법위반,건조,맑음,교차로 - 교차로안,승용,여,37세,상해없음,보행자,여,61세,경상
2017092800100295,2017년 9월 28일 11시,목요일,경상남도 창원시 진해구 이동,중상사고,0,1,0,0,차대차 - 측면충돌,교차로운행방법위반,건조,맑음,교차로 - 교차로안,승용,여,43세,상해없음,승용,여,48세,중상
2017092800100321,2017년 9월 28일 12시,목요일,경상남도 창원시 의창구 팔용동,중상사고,0,1,1,0,차대차 - 추돌,안전운전불이행,건조,맑음,단일로 - 기타,화물,남,57세,상해없음,승용,남,34세,경상
2017092800100359,2017년 9월 28일 13시,목요일,경상남도 창원시 마산합포구 예곡동,경상사고,0,0,4,0,차대차 - 추돌,안전운전불이행,건조,맑음,단일로 - 기타,화물,남,33세,상해없음,승용,남,31세,경상
2017092800100360,2017년 9월 28일 13시,목요일,경상남도 진주시 평거동,경상사고,0,0,1,0,차대차 - 기타,교차로운행방법위반,건조,맑음,교차로 - 교차로안,승용,여,27세,상해없음,원동기,남,50세,경상
2017092800100401,2017년 9월 28일 14시,목요일,경상남도 통영시 중앙동,경상사고,0,0,2,0,차대차 - 측면충돌,안전거리미확보,건조,맑음,단일로 - 기타,승용,남,67세,상해없음,승합,남,40세,경상
2017092800100402,2017년 9월 28일 14시,목요일,경상남도 사천시 동금동,부상신고사고,0,0,0,1,차대차 - 측면충돌,안전운전불이행,건조,맑음,단일로 - 기타,원동기,남,74세,부상신고,화물,남,41세,상해없음
2017092800100403,2017년 9월 28일 14시,목요일,경상남도 사천시 서포면,중상사고,0,1,0,0,차대차 - 측면충돌,중앙선침범,건조,맑음,단일로 - 기타,승용,남,48세,상해없음,화물,남,51세,중상
2017092800100404,2017년 9월 28일 14시,목요일,경상남도 의령군 부림면,경상사고,0,0,1,0,차대차 - 기타,안전운전불이행,건조,맑음,교차로 - 교차로안,화물,남,50세,상해없음,자전거,남,77세,경상
2017092800100441,2017년 9월 28일 15시,목요일,경상남도 김해시 어방동,경상사고,0,0,1,0,차대사람 - 횡단중,보행자보호의무위반,건조,맑음,교차로 - 교차로부근,승용,남,37세,상해없음,보행자,여,77세,경상
2017092800100442,2017년 9월 28일 15시,목요일,경상남도 함양군 수동면,중상사고,0,2,2,0,차대차 - 추돌,안전운전불이행,건조,맑음,교차로 - 교차로안,승용,남,80세,경상,승용,남,63세,상해없음
2017092800100443,2017년 9월 28일 15시,목요일,경상남도 거제시 능포동,경상사고,0,0,1,0,차대차 - 기타,안전운전불이행,건조,맑음,교차로 - 교차로부근,자전거,남,48세,경상,승용,남,40세,상해없음
2017092800100530,2017년 9월 28일 17시,목요일,경상남도 창녕군 대지면,부상신고사고,0,0,0,1,차량단독 - 기타,안전운전불이행,건조,맑음,단일로 - 기타,이륜,남,67세,부상신고,,,,
2017092800100531,2017년 9월 28일 17시,목요일,경상남도 창원시 의창구 명서동,경상사고,0,0,1,0,차대차 - 기타,안전운전불이행,건조,맑음,교차로 - 교차로안,승용,남,56세,상해없음,원동기,남,36세,경상
2017092800100578,2017년 9월 28일 18시,목요일,경상남도 사천시 서포면,중상사고,0,1,0,0,차대차 - 측면충돌,교차로운행방법위반,건조,맑음,교차로 - 교차로안,승용,남,35세,상해없음,승용,여,62세,중상
2017092800100579,2017년 9월 28일 18시,목요일,경상남도 양산시 물금읍,경상사고,0,0,1,0,차대차 - 측면충돌,신호위반,건조,맑음,교차로 - 교차로안,승합,남,54세,상해없음,승용,남,33세,경상
2017092800100580,2017년 9월 28일 18시,목요일,경상남도 거제시 고현동,중상사고,0,1,0,0,차대사람 - 기타,안전운전불이행,건조,맑음,교차로 - 교차로안,승용,남,19세,상해없음,보행자,남,61세,중상
2017092800100638,2017년 9월 28일 19시,목요일,경상남도 창원시 마산합포구 해운동,경상사고,0,0,1,0,차대사람 - 횡단중,안전운전불이행,건조,맑음,교차로 - 교차로안,승용,남,64세,상해없음,보행자,여,72세,경상
2017092800100639,2017년 9월 28일 19시,목요일,경상남도 양산시 삼호동,경상사고,0,0,1,0,차대차 - 측면충돌,교차로운행방법위반,건조,맑음,교차로 - 교차로안,승용,여,57세,상해없음,원동기,남,43세,경상
2017092800100640,2017년 9월 28일 19시,목요일,경상남도 거제시 아주동,경상사고,0,0,2,0,차대차 - 측면충돌,직진우회전진행방해,건조,맑음,교차로 - 교차로안,승용,남,26세,경상,승용,남,49세,상해없음
2017092800100641,2017년 9월 28일 19시,목요일,경상남도 창원시 마산회원구 양덕동,중상사고,0,1,0,0,차대차 - 기타,중앙선침범,건조,맑음,단일로 - 기타,승용,여,45세,상해없음,이륜,여,52세,중상
2017092800100683,2017년 9월 28일 20시,목요일,경상남도 사천시 사천읍,경상사고,0,0,1,0,차대차 - 추돌,안전운전불이행,건조,맑음,단일로 - 기타,승용,남,43세,상해없음,승용,여,33세,경상
2017092800100721,2017년 9월 28일 21시,목요일,경상남도 통영시 용남면,중상사고,0,1,0,0,차대사람 - 횡단중,안전운전불이행,건조,맑음,교차로 - 교차로횡단보도내,승용,남,61세,상해없음,보행자,남,16세,중상
2017092800100722,2017년 9월 28일 21시,목요일,경상남도 김해시 부원동,중상사고,0,1,1,0,차대차 - 측면충돌,신호위반,건조,맑음,교차로 - 교차로부근,승용,남,61세,상해없음,원동기,남,18세,중상
2017092800100749,2017년 9월 28일 22시,목요일,경상남도 김해시 구산동,중상사고,0,1,0,0,차대사람 - 기타,기타,건조,맑음,단일로 - 기타,승합,남,47세,상해없음,보행자,여,65세,중상
2017092900100092,2017년 9월 29일 04시,금요일,경상남도 사천시 벌리동,중상사고,0,2,0,0,차대차 - 측면충돌,신호위반,건조,맑음,교차로 - 교차로안,화물,남,46세,상해없음,승합,남,44세,중상
2017092900100121,2017년 9월 29일 06시,금요일,경상남도 창녕군 영산면,사망사고,1,0,0,0,차대차 - 측면충돌,신호위반,건조,맑음,교차로 - 교차로안,자전거,남,76세,사망,승용,남,55세,상해없음
2017092900100122,2017년 9월 29일 06시,금요일,경상남도 창원시 성산구 신촌동,중상사고,0,1,0,0,차대차 - 측면충돌,안전운전불이행,건조,맑음,교차로 - 교차로안,승용,남,63세,상해없음,이륜,남,61세,중상
2017092900100160,2017년 9월 29일 07시,금요일,경상남도 창녕군 영산면,경상사고,0,0,1,0,차대사람 - 횡단중,안전운전불이행,건조,맑음,단일로 - 기타,이륜,여,55세,상해없음,보행자,남,41세,경상
2017092900100161,2017년 9월 29일 07시,금요일,경상남도 양산시 물금읍,경상사고,0,0,1,0,차대차 - 측면충돌,안전거리미확보,건조,맑음,단일로 - 기타,승용,남,48세,상해없음,화물,남,37세,경상
2017092900100162,2017년 9월 29일 07시,금요일,경상남도 창원시 의창구 대산면,경상사고,0,0,1,0,차대차 - 측면충돌,안전운전불이행,건조,맑음,교차로 - 교차로안,승용,남,59세,상해없음,승용,남,27세,경상
2017092900100213,2017년 9월 29일 08시,금요일,경상남도 창원시 진해구 두동,중상사고,0,1,0,0,차대사람 - 횡단중,안전운전불이행,건조,맑음,단일로 - 기타,승용,남,58세,상해없음,보행자,여,63세,중상
2017092900100214,2017년 9월 29일 08시,금요일,경상남도 양산시 어곡동,경상사고,0,0,1,0,차대차 - 측면충돌,기타,건조,맑음,단일로 - 기타,승용,여,68세,경상,승용,여,27세,상해없음
2017092900100215,2017년 9월 29일 08시,금요일,경상남도 창원시 의창구 소답동,중상사고,0,1,0,0,차대차 - 기타,안전운전불이행,건조,맑음,단일로 - 기타,원동기,남,22세,중상,승용,남,60세,상해없음
2017092900100257,2017년 9월 29일 09시,금요일,경상남도 함양군 함양읍,중상사고,0,1,0,1,차대차 - 측면충돌,신호위반,건조,맑음,교차로 - 교차로안,승용,남,64세,부상신고,승용,여,40세,중상
2017092900100258,2017년 9월 29일 09시,금요일,경상남도 양산시 상북면,경상사고,0,0,1,0,차대차 - 기타,교차로운행방법위반,건조,맑음,교차로 - 교차로안,승용,여,44세,상해없음,자전거,여,62세,경상
2017092900100259,2017년 9월 29일 09시,금요일,경상남도 하동군 하동읍,중상사고,0,1,0,0,차대차 - 측면충돌,교차로운행방법위반,건조,맑음,교차로 - 교차로안,이륜,남,84세,중상,승용,남,39세,상해없음
2017092900100293,2017년 9월 29일 10시,금요일,경상남도 진주시 충무공동,중상사고,0,1,0,0,차대사람 - 횡단중,신호위반,건조,맑음,교차로 - 교차로안,승용,여,42세,상해없음,보행자,남,36세,중상
2017092900100294,2017년 9월 29일 10시,금요일,경상남도 함안군 칠서면,경상사고,0,0,2,0,차대차 - 측면충돌,교차로운행방법위반,건조,맑음,교차로 - 교차로안,화물,여,59세,경상,승용,남,45세,경상
2017092900100324,2017년 9월 29일 11시,금요일,경상남도 통영시 미수동,경상사고,0,0,1,0,차대사람 - 기타,안전운전불이행,건조,맑음,단일로 - 기타,승용,여,52세,상해없음,보행자,남,65세,경상
2017092900100325,2017년 9월 29일 11시,금요일,경상남도 고성군 대가면,중상사고,0,1,0,0,차대차 - 정면충돌,안전운전불이행,건조,맑음,단일로 - 기타,승용,여,67세,상해없음,승용,여,60세,중상
2017092900100326,2017년 9월 29일 11시,금요일,경상남도 창원시 성산구 상남동,중상사고,0,1,0,0,차대차 - 추돌,안전운전불이행,건조,맑음,단일로 - 기타,승용,남,55세,상해없음,승용,남,45세,중상
2017092900100359,2017년 9월 29일 12시,금요일,경상남도 진주시 사봉면,경상사고,0,0,1,0,차대차 - 측면충돌,신호위반,건조,맑음,교차로 - 교차로안,승용,남,77세,상해없음,승용,여,57세,경상
2017092900100360,2017년 9월 29일 12시,금요일,경상남도 김해시 상동면,중상사고,0,1,0,0,차대차 - 측면충돌,중앙선침범,건조,맑음,단일로 - 기타,화물,남,28세,상해없음,화물,남,27세,중상
2017092900100361,2017년 9월 29일 12시,금요일,경상남도 거창군 거창읍,경상사고,0,0,2,0,차대차 - 기타,안전운전불이행,건조,맑음,교차로 - 교차로안,승용,여,64세,경상,화물,남,47세,경상
2017092900100398,2017년 9월 29일 13시,금요일,경상남도 남해군 삼동면,중상사고,0,3,0,1,차량단독 - 도로외이탈 - 기타,안전운전불이행,건조,맑음,단일로 - 기타,화물,남,72세,부상신고,,,,
2017092900100399,2017년 9월 29일 13시,금요일,경상남도 창원시 의창구 팔용동,중상사고,0,1,0,0,차대차 - 기타,신호위반,건조,맑음,교차로 - 교차로안,승용,여,43세,상해없음,자전거,여,53세,중상
2017092900100474,2017년 9월 29일 15시,금요일,경상남도 김해시 생림면,중상사고,0,1,0,0,차대차 - 추돌,안전운전불이행,건조,맑음,단일로 - 기타,승용,여,60세,상해없음,이륜,남,23세,중상
2017092900100475,2017년 9월 29일 15시,금요일,경상남도 창원시 마산회원구 석전동,중상사고,0,1,0,0,차대차 - 추돌,안전운전불이행,건조,맑음,단일로 - 기타,승용,남,66세,상해없음,승용,여,39세,중상
2017092900100540,2017년 9월 29일 16시,금요일,경상남도 김해시 진영읍,중상사고,0,1,0,0,차대사람 - 횡단중,보행자보호의무위반,건조,맑음,교차로 - 교차로횡단보도내,승용,여,45세,상해없음,보행자,여,34세,중상
2017092900100590,2017년 9월 29일 17시,금요일,경상남도 창원시 마산합포구 구산면,경상사고,0,0,1,0,차대차 - 정면충돌,중앙선침범,건조,맑음,단일로 - 기타,승용,여,44세,상해없음,승용,여,59세,경상
2017092900100639,2017년 9월 29일 18시,금요일,경상남도 창원시 마산합포구 진동면,경상사고,0,0,1,0,차대차 - 기타,안전운전불이행,건조,기타,교차로 - 교차로부근,승용,남,36세,상해없음,이륜,남,26세,경상
2017092900100640,2017년 9월 29일 18시,금요일,경상남도 진주시 판문동,중상사고,0,1,0,0,차대차 - 측면충돌,중앙선침범,건조,맑음,단일로 - 기타,화물,남,45세,상해없음,건설기계,남,21세,중상
2017092900100641,2017년 9월 29일 18시,금요일,경상남도 의령군 대의면,중상사고,0,1,0,0,차대차 - 측면충돌,신호위반,건조,맑음,교차로 - 교차로안,화물,남,67세,상해없음,승용,여,46세,중상
2017092900100642,2017년 9월 29일 18시,금요일,경상남도 창원시 성산구 중앙동,경상사고,0,0,1,0,차대차 - 측면충돌,안전운전불이행,건조,맑음,단일로 - 기타,승용,여,33세,상해없음,승용,여,44세,경상
2017092900100643,2017년 9월 29일 18시,금요일,경상남도 창원시 마산회원구 내서읍,경상사고,0,0,1,0,차대차 - 기타,안전운전불이행,건조,맑음,교차로 - 교차로부근,화물,남,62세,상해없음,이륜,남,26세,경상
2017092900100705,2017년 9월 29일 19시,금요일,경상남도 거창군 거창읍,중상사고,0,1,0,0,차대차 - 기타,안전운전불이행,건조,맑음,교차로 - 교차로안,화물,남,43세,상해없음,이륜,남,16세,중상
2017092900100706,2017년 9월 29일 19시,금요일,경상남도 거제시 아주동,경상사고,0,0,1,0,차대차 - 기타,안전운전불이행,건조,맑음,단일로 - 기타,이륜,남,35세,경상,승용,남,42세,상해없음
2017092900100707,2017년 9월 29일 19시,금요일,경상남도 거제시 문동동,경상사고,0,0,2,0,차대차 - 추돌,안전운전불이행,건조,맑음,단일로 - 기타,승용,남,24세,상해없음,승용,남,34세,경상
2017092900100708,2017년 9월 29일 19시,금요일,경상남도 창원시 의창구 팔용동,경상사고,0,0,2,0,차대차 - 측면충돌,안전운전불이행,건조,맑음,단일로 - 기타,승용,여,38세,경상,승용,남,56세,경상
2017092900100760,2017년 9월 29일 20시,금요일,경상남도 진주시 하대동,경상사고,0,0,1,0,차대사람 - 보도통행중,안전운전불이행,건조,맑음,단일로 - 기타,이륜,남,17세,상해없음,보행자,여,44세,경상
2017092900100761,2017년 9월 29일 20시,금요일,경상남도 양산시 동면,경상사고,0,0,2,0,차대차 - 추돌,안전거리미확보,건조,맑음,단일로 - 기타,승합,남,46세,상해없음,승용,남,42세,경상
2017092900100762,2017년 9월 29일 20시,금요일,경상남도 양산시 물금읍,부상신고사고,0,0,0,2,차대차 - 측면충돌,안전거리미확보,건조,맑음,단일로 - 기타,이륜,남,48세,부상신고,이륜,남,18세,부상신고
2017092900100763,2017년 9월 29일 20시,금요일,경상남도 거제시 고현동,경상사고,0,0,1,0,차대차 - 기타,안전운전불이행,건조,맑음,교차로 - 교차로안,기타불명,기타불명,미분류,기타불명,이륜,남,41세,경상
2017092900100764,2017년 9월 29일 20시,금요일,경상남도 거제시 고현동,경상사고,0,0,2,0,차대차 - 기타,안전운전불이행,건조,맑음,단일로 - 기타,승용,여,39세,상해없음,승용,남,47세,경상
2017092900100802,2017년 9월 29일 21시,금요일,경상남도 창원시 진해구 자은동,중상사고,0,3,1,0,차대차 - 추돌,안전거리미확보,건조,맑음,교차로 - 교차로부근,이륜,남,50세,중상,승용,여,32세,상해없음