사고번호,사고일시,요일,시군구,사고내용,사망자수,중상자수,경상자수,부상신고자수,사고유형,법규위반,노면상태,기상상태,도로형태,가해운전자 차종,가해운전자 성별,가해운전자 연령,가해운전자 상해정도,피해운전자 차종,피해운전자 성별,피해운전자 연령,피해운전자 상해정도
2017092900100803,2017년 9월 29일 21시,금요일,경상남도 창원시 마산회원구 내서읍,경상사고,0,0,1,0,차대사람 - 기타,안전운전불이행,건조,맑음,단일로 - 기타,승용,여,23세,상해없음,보행자,남,38세,경상
2017092900100832,2017년 9월 29일 22시,금요일,경상남도 창원시 의창구 중동,중상사고,0,1,0,0,차대사람 - 기타,안전운전불이행,건조,맑음,단일로 - 기타,승용,여,57세,상해없음,보행자,남,56세,중상
2017093000100050,2017년 9월 30일 01시,토요일,경상남도 진주시 상대동,중상사고,0,1,0,0,차대차 - 추돌,안전운전불이행,건조,맑음,교차로 - 교차로부근,승용,남,33세,상해없음,승용,남,35세,상해없음
2017093000100051,2017년 9월 30일 01시,토요일,경상남도 양산시 중부동,경상사고,0,0,3,0,차대차 - 추돌,안전운전불이행,건조,맑음,교차로 - 교차로부근,승용,남,28세,상해없음,승용,남,50세,경상
2017093000100107,2017년 9월 30일 06시,토요일,경상남도 창원시 의창구 서상동,중상사고,0,1,0,0,차대차 - 추돌,안전운전불이행,건조,맑음,단일로 - 기타,승용,남,21세,상해없음,승용,남,51세,중상
2017093000100120,2017년 9월 30일 07시,토요일,경상남도 사천시 사천읍,중상사고,0,1,0,0,차대차 - 측면충돌,직진우회전진행방해,건조,맑음,단일로 - 기타,건설기계,남,51세,상해없음,승용,남,63세,중상
2017093000100121,2017년 9월 30일 07시,토요일,경상남도 함안군 가야읍,경상사고,0,0,1,0,차대차 - 측면충돌,안전운전불이행,건조,맑음,교차로 - 교차로부근,건설기계,남,34세,상해없음,승용,남,48세,경상
2017093000100195,2017년 9월 30일 10시,토요일,경상남도 창원시 마산회원구 내서읍,경상사고,0,0,1,0,차대차 - 측면충돌,안전운전불이행,건조,맑음,교차로 - 교차로부근,승용,남,62세,상해없음,이륜,남,36세,경상
2017093000100234,2017년 9월 30일 11시,토요일,경상남도 거창군 거창읍,경상사고,0,0,1,0,차대차 - 측면충돌,안전운전불이행,건조,맑음,단일로 - 기타,자전거,남,70세,경상,승용,여,62세,상해없음
2017093000100235,2017년 9월 30일 11시,토요일,경상남도 창원시 성산구 가음동,경상사고,0,0,3,0,차대차 - 추돌,안전운전불이행,건조,맑음,단일로 - 기타,승용,남,35세,상해없음,승용,여,32세,경상
2017093000100236,2017년 9월 30일 11시,토요일,경상남도 창원시 마산회원구 석전동,중상사고,0,1,0,0,차대사람 - 차도통행중,보행자보호의무위반,건조,맑음,교차로 - 교차로횡단보도내,승용,남,45세,상해없음,보행자,여,58세,중상
2017093000100237,2017년 9월 30일 11시,토요일,경상남도 창원시 의창구 팔용동,부상신고사고,0,0,0,1,차대차 - 측면충돌,중앙선침범,건조,맑음,단일로 - 기타,자전거,남,13세,부상신고,승용,남,26세,상해없음
2017093000100348,2017년 9월 30일 14시,토요일,경상남도 통영시 서호동,부상신고사고,0,0,0,1,차대차 - 측면충돌,안전운전불이행,건조,맑음,단일로 - 기타,이륜,남,22세,부상신고,승용,여,40세,상해없음
2017093000100349,2017년 9월 30일 14시,토요일,경상남도 통영시 도산면,경상사고,0,0,2,0,차대차 - 측면충돌,안전운전불이행,건조,맑음,단일로 - 기타,화물,남,41세,상해없음,승용,남,34세,경상
2017093000100350,2017년 9월 30일 14시,토요일,경상남도 통영시 도천동,경상사고,0,0,1,0,차대차 - 추돌,안전운전불이행,건조,맑음,단일로 - 기타,승용,여,47세,상해없음,승용,남,67세,경상
2017093000100351,2017년 9월 30일 14시,토요일,경상남도 양산시 남부동,경상사고,0,0,1,0,차대차 - 기타,안전운전불이행,건조,맑음,단일로 - 기타,승합,여,48세,기타불명,승용,여,54세,경상
2017093000100393,2017년 9월 30일 15시,토요일,경상남도 창원시 마산합포구 신포동2가,중상사고,0,1,1,0,차대차 - 측면충돌,기타,건조,맑음,교차로 - 교차로안,승용,남,80세,상해없음,승용,여,62세,상해없음
2017093000100394,2017년 9월 30일 15시,토요일,경상남도 창원시 마산합포구 진동면,경상사고,0,0,2,0,차대차 - 추돌,안전거리미확보,건조,맑음,단일로 - 기타,승용,여,55세,상해없음,승용,남,41세,경상
2017093000100435,2017년 9월 30일 16시,토요일,경상남도 진주시 내동면,중상사고,0,1,0,0,차대사람 - 횡단중,안전운전불이행,건조,맑음,교차로 - 교차로횡단보도내,승용,남,48세,상해없음,보행자,여,73세,중상
2017093000100436,2017년 9월 30일 16시,토요일,경상남도 김해시 진영읍,경상사고,0,0,1,0,차대사람 - 기타,안전운전불이행,건조,맑음,단일로 - 기타,승합,남,46세,상해없음,보행자,남,3세,경상
2017093000100473,2017년 9월 30일 17시,토요일,경상남도 김해시 불암동,중상사고,0,1,4,0,차대차 - 기타,안전운전불이행,건조,맑음,단일로 - 기타,화물,남,60세,상해없음,승용,남,52세,경상
2017093000100517,2017년 9월 30일 18시,토요일,경상남도 사천시 곤양면,중상사고,0,1,0,0,차대차 - 측면충돌,안전운전불이행,건조,맑음,단일로 - 기타,화물,남,56세,상해없음,승용,여,57세,중상
2017093000100518,2017년 9월 30일 18시,토요일,경상남도 김해시 외동,경상사고,0,0,1,0,차대차 - 기타,교차로운행방법위반,건조,맑음,교차로 - 교차로안,승용,남,52세,상해없음,원동기,남,23세,경상
2017093000100519,2017년 9월 30일 18시,토요일,경상남도 합천군 합천읍,사망사고,1,0,0,0,차대차 - 측면충돌,신호위반,건조,맑음,교차로 - 교차로안,자전거,남,10세,사망,승용,남,37세,상해없음
2017093000100520,2017년 9월 30일 18시,토요일,경상남도 창녕군 창녕읍,중상사고,0,1,0,0,차대차 - 측면충돌,안전운전불이행,건조,맑음,교차로 - 교차로부근,승용,남,53세,상해없음,원동기,여,58세,중상
2017093000100556,2017년 9월 30일 19시,토요일,경상남도 김해시 진영읍,경상사고,0,0,2,0,차대차 - 측면충돌,안전운전불이행,건조,맑음,단일로 - 기타,승용,남,42세,상해없음,화물,남,49세,경상
2017093000100597,2017년 9월 30일 20시,토요일,경상남도 거제시 고현동,경상사고,0,0,1,0,차대차 - 기타,교차로운행방법위반,건조,맑음,교차로 - 교차로안,승합,남,55세,상해없음,자전거,남,35세,경상
2017093000100598,2017년 9월 30일 20시,토요일,경상남도 창원시 성산구 신촌동,경상사고,0,0,5,0,차대차 - 측면충돌,신호위반,건조,맑음,교차로 - 교차로안,승용,남,28세,상해없음,승용,남,50세,경상
2017093000100627,2017년 9월 30일 21시,토요일,경상남도 창원시 의창구 명서동,중상사고,0,1,2,0,차대차 - 측면충돌,신호위반,건조,맑음,교차로 - 교차로안,승용,남,33세,경상,이륜,남,17세,중상
2017093000100678,2017년 9월 30일 23시,토요일,경상남도 창원시 성산구 중앙동,경상사고,0,0,1,0,차대차 - 측면충돌,중앙선침범,건조,맑음,교차로 - 교차로안,자전거,남,27세,상해없음,원동기,남,34세,경상
2017093000100679,2017년 9월 30일 23시,토요일,경상남도 창원시 마산회원구 합성동,경상사고,0,0,1,0,차대사람 - 차도통행중,안전운전불이행,건조,맑음,교차로 - 교차로안,승용,남,58세,상해없음,보행자,남,57세,경상
2017100100100072,2017년 10월 1일 02시,일요일,경상남도 창원시 마산회원구 양덕동,경상사고,0,0,1,0,차대사람 - 기타,안전운전불이행,건조,맑음,단일로 - 기타,승용,남,53세,상해없음,보행자,남,28세,경상
2017100100100079,2017년 10월 1일 03시,일요일,경상남도 김해시 대동면,사망사고,1,2,0,0,차대차 - 측면충돌,중앙선침범,건조,맑음,단일로 - 기타,승용,남,59세,사망,승용,남,45세,중상
2017100100100087,2017년 10월 1일 03시,일요일,경상남도 양산시 삼호동,부상신고사고,0,0,0,1,차대차 - 기타,신호위반,건조,맑음,교차로 - 교차로안,기타불명,기타불명,미분류,기타불명,이륜,남,19세,부상신고
2017100100100098,2017년 10월 1일 04시,일요일,경상남도 진주시 지수면,사망사고,1,0,0,0,차대사람 - 기타,과속,건조,맑음,단일로 - 기타,승용,남,26세,상해없음,보행자,남,31세,사망
2017100100100103,2017년 10월 1일 05시,일요일,경상남도 진주시 봉곡동,경상사고,0,0,1,0,차대차 - 측면충돌,안전거리미확보,건조,맑음,단일로 - 기타,승용,남,25세,상해없음,이륜,남,53세,경상
2017100100100125,2017년 10월 1일 07시,일요일,경상남도 양산시 하북면,중상사고,0,2,0,0,차대차 - 추돌,안전운전불이행,건조,맑음,단일로 - 기타,승용,남,23세,상해없음,화물,남,43세,기타불명
2017100100100137,2017년 10월 1일 08시,일요일,경상남도 고성군 거류면,중상사고,0,1,3,0,차대차 - 추돌,안전운전불이행,건조,흐림,단일로 - 기타,승용,남,40세,상해없음,승용,남,66세,중상
2017100100100156,2017년 10월 1일 09시,일요일,경상남도 사천시 향촌동,중상사고,0,1,0,0,차대사람 - 차도통행중,안전운전불이행,건조,맑음,교차로 - 교차로안,승용,여,56세,상해없음,보행자,여,56세,중상
2017100100100157,2017년 10월 1일 09시,일요일,경상남도 사천시 용현면,부상신고사고,0,0,0,3,차대차 - 측면충돌,교차로운행방법위반,건조,맑음,교차로 - 교차로부근,화물,남,81세,상해없음,승용,남,24세,상해없음
2017100100100158,2017년 10월 1일 09시,일요일,경상남도 창원시 의창구 도계동,경상사고,0,0,1,0,차대차 - 기타,안전운전불이행,건조,맑음,단일로 - 기타,승용,남,54세,상해없음,자전거,여,17세,경상
2017100100100177,2017년 10월 1일 10시,일요일,경상남도 진주시 상봉동,중상사고,0,1,0,0,차대사람 - 횡단중,보행자보호의무위반,건조,맑음,단일로 - 기타,승용,남,63세,상해없음,보행자,남,4세,중상
2017100100100178,2017년 10월 1일 10시,일요일,경상남도 합천군 초계면,경상사고,0,0,2,0,차대차 - 측면충돌,교차로운행방법위반,건조,맑음,교차로 - 교차로안,화물,남,51세,경상,승용,남,47세,경상
2017100100100194,2017년 10월 1일 11시,일요일,경상남도 의령군 의령읍,중상사고,0,2,0,0,차대차 - 측면충돌,교차로운행방법위반,건조,맑음,교차로 - 교차로안,승용,남,22세,상해없음,화물,남,54세,중상
2017100100100242,2017년 10월 1일 13시,일요일,경상남도 창원시 진해구 경화동,경상사고,0,0,4,0,차대차 - 기타,안전거리미확보,건조,맑음,단일로 - 기타,승용,여,52세,상해없음,승용,남,38세,경상
2017100100100243,2017년 10월 1일 13시,일요일,경상남도 사천시 정동면,경상사고,0,0,1,0,차대차 - 측면충돌,직진우회전진행방해,건조,맑음,교차로 - 교차로안,화물,남,79세,상해없음,승용,여,53세,경상
2017100100100244,2017년 10월 1일 13시,일요일,경상남도 거제시 옥포동,경상사고,0,0,1,0,차대사람 - 기타,안전운전불이행,건조,맑음,단일로 - 기타,승용,여,44세,상해없음,보행자,여,75세,경상
2017100100100245,2017년 10월 1일 13시,일요일,경상남도 함안군 칠원읍,중상사고,0,1,0,0,차대차 - 측면충돌,안전운전불이행,건조,맑음,단일로 - 기타,승용,여,37세,상해없음,승용,남,55세,중상
2017100100100266,2017년 10월 1일 14시,일요일,경상남도 진주시 내동면,경상사고,0,0,4,0,차대차 - 측면충돌,안전거리미확보,건조,맑음,단일로 - 기타,건설기계,남,47세,상해없음,승용,남,47세,경상
2017100100100267,2017년 10월 1일 14시,일요일,경상남도 밀양시 교동,중상사고,0,1,1,0,차대차 - 측면충돌,중앙선침범,건조,맑음,단일로 - 기타,승용,남,59세,상해없음,승용,남,50세,경상
2017100100100268,2017년 10월 1일 14시,일요일,경상남도 남해군 창선면,경상사고,0,0,2,0,차대차 - 측면충돌,안전운전불이행,건조,맑음,단일로 - 기타,승용,남,67세,상해없음,승용,여,21세,경상
2017100100100295,2017년 10월 1일 15시,일요일,경상남도 거창군 거창읍,경상사고,0,0,1,0,차대사람 - 기타,안전운전불이행,건조,흐림,주차장 - 주차장,화물,남,56세,상해없음,보행자,여,77세,경상
2017100100100296,2017년 10월 1일 15시,일요일,경상남도 창원시 의창구 명서동,중상사고,0,1,1,0,차대차 - 측면충돌,중앙선침범,건조,흐림,단일로 - 기타,승용,남,44세,상해없음,승용,남,34세,중상
2017100100100350,2017년 10월 1일 17시,일요일,경상남도 진주시 하대동,중상사고,0,1,0,0,차대사람 - 차도통행중,안전운전불이행,건조,맑음,단일로 - 기타,원동기,남,17세,상해없음,보행자,남,6세,중상
2017100100100351,2017년 10월 1일 17시,일요일,경상남도 거제시 고현동,경상사고,0,0,1,0,차대차 - 측면충돌,안전거리미확보,건조,맑음,단일로 - 기타,승용,남,43세,상해없음,승용,남,28세,경상
2017100100100352,2017년 10월 1일 17시,일요일,경상남도 창원시 의창구 북면,중상사고,0,2,0,0,차대차 - 정면충돌,안전운전불이행,젖음/습기,비,단일로 - 기타,특수,남,51세,상해없음,화물,남,59세,중상
2017100100100393,2017년 10월 1일 18시,일요일,경상남도 함안군 가야읍,중상사고,0,1,0,0,차대차 - 측면충돌,안전운전불이행,젖음/습기,비,교차로 - 교차로안,승용,여,49세,상해없음,이륜,남,33세,중상
2017100100100394,2017년 10월 1일 18시,일요일,경상남도 김해시 진례면,경상사고,0,0,1,0,차대차 - 측면충돌,안전운전불이행,건조,맑음,교차로 - 교차로안,승용,남,25세,상해없음,승용,여,23세,경상
2017100100100437,2017년 10월 1일 19시,일요일,경상남도 김해시 외동,경상사고,0,0,4,0,차대차 - 추돌,안전운전불이행,젖음/습기,비,단일로 - 기타,승용,남,61세,상해없음,승용,여,36세,경상
2017100100100438,2017년 10월 1일 19시,일요일,경상남도 김해시 생림면,경상사고,0,0,2,0,차대차 - 측면충돌,중앙선침범,젖음/습기,비,단일로 - 기타,승용,남,54세,경상,승용,남,70세,경상
2017100100100439,2017년 10월 1일 19시,일요일,경상남도 양산시 남부동,중상사고,0,1,0,0,차대차 - 추돌,안전거리미확보,젖음/습기,비,교차로 - 교차로부근,원동기,남,57세,중상,승용,남,61세,상해없음
2017100100100440,2017년 10월 1일 19시,일요일,경상남도 창원시 성산구 가음정동,경상사고,0,0,1,0,차대차 - 추돌,안전운전불이행,젖음/습기,비,교차로 - 교차로부근,승용,남,48세,상해없음,승용,여,42세,경상
2017100100100491,2017년 10월 1일 20시,일요일,경상남도 통영시 도남동,경상사고,0,0,2,0,차대차 - 측면충돌,중앙선침범,젖음/습기,비,교차로 - 교차로부근,승용,남,39세,상해없음,승용,남,54세,경상
2017100100100492,2017년 10월 1일 20시,일요일,경상남도 거제시 아주동,경상사고,0,0,1,0,차대차 - 측면충돌,안전운전불이행,건조,맑음,단일로 - 기타,승용,여,32세,상해없음,승용,여,21세,상해없음
2017100100100530,2017년 10월 1일 21시,일요일,경상남도 창원시 의창구 소답동,중상사고,0,1,0,0,차대사람 - 횡단중,보행자보호의무위반,젖음/습기,비,교차로 - 교차로부근,승용,여,47세,상해없음,보행자,여,40세,중상
2017100100100569,2017년 10월 1일 22시,일요일,경상남도 사천시 축동면,중상사고,0,1,1,0,차대차 - 추돌,안전운전불이행,젖음/습기,비,단일로 - 기타,승용,남,56세,상해없음,승용,남,45세,중상
2017100100100570,2017년 10월 1일 22시,일요일,경상남도 김해시 삼계동,중상사고,0,2,1,0,차대차 - 측면충돌,직진우회전진행방해,젖음/습기,비,교차로 - 교차로안,승용,남,47세,경상,승용,여,52세,중상
2017100100100599,2017년 10월 1일 23시,일요일,경상남도 김해시 동상동,경상사고,0,0,2,0,차대차 - 측면충돌,중앙선침범,젖음/습기,비,교차로 - 교차로부근,승용,여,52세,상해없음,승용,남,62세,경상
2017100200100072,2017년 10월 2일 02시,월요일,경상남도 진주시 대안동,경상사고,0,0,2,0,차대차 - 기타,안전운전불이행,젖음/습기,비,교차로 - 교차로안,승용,남,28세,기타불명,승용,여,37세,경상
2017100200100085,2017년 10월 2일 03시,월요일,경상남도 사천시 사천읍,경상사고,0,0,1,0,차대차 - 측면충돌,신호위반,젖음/습기,비,교차로 - 교차로안,승용,남,27세,상해없음,승용,남,52세,경상
2017100200100097,2017년 10월 2일 04시,월요일,경상남도 거제시 장평동,사망사고,1,1,0,0,차량단독 - 기타,안전운전불이행,젖음/습기,비,단일로 - 기타,승용,남,32세,상해없음,,,,
2017100200100098,2017년 10월 2일 04시,월요일,경상남도 거제시 장목면,경상사고,0,0,1,0,차대차 - 기타,안전운전불이행,젖음/습기,비,단일로 - 기타,기타불명,기타불명,미분류,기타불명,승용,남,49세,경상
2017100200100130,2017년 10월 2일 06시,월요일,경상남도 진주시 가좌동,경상사고,0,0,1,0,차대차 - 추돌,안전거리미확보,건조,맑음,단일로 - 기타,승용,남,26세,상해없음,승용,여,60세,경상
2017100200100131,2017년 10월 2일 06시,월요일,경상남도 통영시 서호동,경상사고,0,0,4,0,차대차 - 측면충돌,교차로운행방법위반,젖음/습기,비,교차로 - 교차로안,승용,남,58세,상해없음,승용,남,65세,경상
2017100200100132,2017년 10월 2일 06시,월요일,경상남도 김해시 어방동,경상사고,0,0,2,0,차대차 - 기타,신호위반,젖음/습기,비,교차로 - 교차로안,승용,남,29세,상해없음,승용,남,49세,경상
2017100200100162,2017년 10월 2일 08시,월요일,경상남도 양산시 신기동,경상사고,0,0,1,0,차대차 - 측면충돌,신호위반,젖음/습기,비,교차로 - 교차로안,승용,여,24세,상해없음,승용,여,37세,경상
2017100200100163,2017년 10월 2일 08시,월요일,경상남도 김해시 부곡동,중상사고,0,1,0,0,차대차 - 측면충돌,신호위반,건조,맑음,교차로 - 교차로안,화물,남,79세,상해없음,승용,남,24세,중상
2017100200100193,2017년 10월 2일 09시,월요일,경상남도 밀양시 용평동,중상사고,0,1,0,0,차대차 - 추돌,중앙선침범,젖음/습기,비,단일로 - 기타,승용,여,62세,상해없음,승용,남,60세,중상
2017100200100194,2017년 10월 2일 09시,월요일,경상남도 김해시 외동,중상사고,0,1,0,0,차대차 - 측면충돌,신호위반,건조,맑음,교차로 - 교차로안,승합,남,71세,상해없음,승용,여,46세,중상
2017100200100293,2017년 10월 2일 12시,월요일,경상남도 통영시 태평동,중상사고,0,1,0,0,차대사람 - 길가장자리구역통행중,안전운전불이행,건조,맑음,단일로 - 기타,승용,남,21세,상해없음,보행자,여,58세,중상
2017100200100294,2017년 10월 2일 12시,월요일,경상남도 거제시 상동동,경상사고,0,0,1,0,차대차 - 측면충돌,안전운전불이행,건조,맑음,교차로 - 교차로부근,승용,남,71세,상해없음,이륜,남,55세,경상
2017100200100295,2017년 10월 2일 12시,월요일,경상남도 창원시 마산회원구 합성동,경상사고,0,0,1,0,차대사람 - 기타,안전운전불이행,건조,맑음,단일로 - 기타,승용,남,55세,상해없음,보행자,여,62세,경상
2017100200100318,2017년 10월 2일 13시,월요일,경상남도 창원시 의창구 북면,경상사고,0,0,6,0,차대차 - 추돌,안전운전불이행,건조,맑음,단일로 - 기타,화물,남,29세,상해없음,승용,남,40세,경상
2017100200100371,2017년 10월 2일 14시,월요일,경상남도 창원시 마산합포구 신포동2가,경상사고,0,0,1,0,차대차 - 추돌,안전거리미확보,건조,맑음,단일로 - 기타,승용,남,48세,상해없음,승용,남,62세,상해없음
2017100200100372,2017년 10월 2일 14시,월요일,경상남도 사천시 곤양면,경상사고,0,0,1,0,차대사람 - 횡단중,안전운전불이행,건조,맑음,단일로 - 기타,승용,여,57세,상해없음,보행자,여,49세,경상
2017100200100373,2017년 10월 2일 14시,월요일,경상남도 김해시 동상동,중상사고,0,1,0,0,차대사람 - 기타,안전운전불이행,건조,맑음,단일로 - 기타,승용,남,24세,상해없음,보행자,남,64세,중상
2017100200100411,2017년 10월 2일 15시,월요일,경상남도 진주시 장대동,중상사고,0,1,0,0,차대사람 - 횡단중,보행자보호의무위반,건조,맑음,단일로 - 기타,승용,남,22세,상해없음,보행자,여,48세,중상
2017100200100412,2017년 10월 2일 15시,월요일,경상남도 김해시 부원동,경상사고,0,0,1,0,차대차 - 측면충돌,교차로운행방법위반,건조,흐림,교차로 - 교차로안,승용,남,43세,상해없음,자전거,남,70세,경상
2017100200100413,2017년 10월 2일 15시,월요일,경상남도 합천군 율곡면,경상사고,0,0,1,0,차대차 - 측면충돌,안전운전불이행,건조,흐림,교차로 - 교차로안,화물,남,57세,상해없음,승용,남,79세,경상
2017100200100414,2017년 10월 2일 15시,월요일,경상남도 남해군 상주면,경상사고,0,0,1,0,차대사람 - 기타,안전운전불이행,건조,맑음,단일로 - 기타,화물,남,47세,상해없음,보행자,여,70세,경상
2017100200100415,2017년 10월 2일 15시,월요일,경상남도 창원시 의창구 소계동,경상사고,0,0,2,0,차대차 - 기타,안전운전불이행,건조,흐림,교차로 - 교차로안,화물,남,29세,상해없음,원동기,남,79세,경상
2017100200100452,2017년 10월 2일 16시,월요일,경상남도 창녕군 창녕읍,중상사고,0,1,0,0,차대사람 - 길가장자리구역통행중,안전운전불이행,건조,맑음,단일로 - 기타,승용,여,56세,상해없음,보행자,여,78세,중상
2017100200100453,2017년 10월 2일 16시,월요일,경상남도 거제시 하청면,중상사고,0,1,0,0,차대차 - 측면충돌,안전운전불이행,건조,맑음,단일로 - 기타,승용,남,54세,상해없음,승용,여,58세,중상
2017100200100504,2017년 10월 2일 17시,월요일,경상남도 사천시 용강동,중상사고,0,1,0,0,차대차 - 측면충돌,직진우회전진행방해,건조,맑음,교차로 - 교차로안,화물,남,53세,상해없음,이륜,남,54세,중상
2017100200100538,2017년 10월 2일 18시,월요일,경상남도 남해군 남해읍,부상신고사고,0,0,0,1,차대차 - 측면충돌,중앙선침범,젖음/습기,흐림,단일로 - 기타,화물,남,36세,상해없음,이륜,남,74세,부상신고
2017100200100581,2017년 10월 2일 19시,월요일,경상남도 산청군 산청읍,경상사고,0,0,2,0,차대차 - 추돌,안전운전불이행,건조,맑음,단일로 - 기타,승용,남,48세,상해없음,승용,남,60세,경상
2017100200100646,2017년 10월 2일 21시,월요일,경상남도 양산시 물금읍,경상사고,0,0,1,0,차대차 - 측면충돌,안전운전불이행,건조,맑음,교차로 - 교차로안,승용,남,62세,상해없음,승용,남,33세,경상
2017100200100647,2017년 10월 2일 21시,월요일,경상남도 양산시 물금읍,경상사고,0,0,1,0,차대사람 - 횡단중,신호위반,건조,맑음,교차로 - 교차로횡단보도내,원동기,남,16세,상해없음,보행자,남,7세,경상
2017100200100695,2017년 10월 2일 23시,월요일,경상남도 양산시 중부동,경상사고,0,0,1,0,차대사람 - 기타,안전운전불이행,젖음/습기,흐림,단일로 - 기타,승용,남,59세,상해없음,보행자,남,60세,경상
2017100300100022,2017년 10월 3일 00시,화요일,경상남도 김해시 외동,경상사고,0,0,2,0,차대차 - 측면충돌,안전운전불이행,건조,맑음,교차로 - 교차로안,승용,남,30세,상해없음,승용,남,52세,경상
2017100300100023,2017년 10월 3일 00시,화요일,경상남도 거제시 고현동,경상사고,0,0,1,0,차대차 - 기타,안전거리미확보,건조,맑음,단일로 - 기타,기타불명,기타불명,미분류,기타불명,이륜,남,31세,경상
2017100300100063,2017년 10월 3일 04시,화요일,경상남도 사천시 사천읍,경상사고,0,0,1,0,차대차 - 측면충돌,직진우회전진행방해,건조,맑음,교차로 - 교차로부근,승용,여,63세,경상,승용,남,56세,상해없음
2017100300100070,2017년 10월 3일 05시,화요일,경상남도 김해시 내동,중상사고,0,1,0,0,차량단독 - 전도전복 - 전복,안전운전불이행,건조,맑음,단일로 - 기타,이륜,남,17세,중상,,,,
2017100300100081,2017년 10월 3일 06시,화요일,경상남도 통영시 태평동,중상사고,0,1,0,0,차대사람 - 기타,안전운전불이행,건조,맑음,단일로 - 기타,승합,남,52세,상해없음,보행자,여,75세,중상
2017100300100119,2017년 10월 3일 10시,화요일,경상남도 거제시 연초면,경상사고,0,0,2,2,차대차 - 추돌,안전거리미확보,건조,맑음,단일로 - 기타,승용,여,39세,경상,승용,남,36세,상해없음
2017100300100142,2017년 10월 3일 11시,화요일,경상남도 창원시 마산합포구 중앙동2가,경상사고,0,0,1,0,차대차 - 기타,안전운전불이행,건조,맑음,교차로 - 교차로안,승용,남,32세,상해없음,승합,남,59세,경상
2017100300100143,2017년 10월 3일 11시,화요일,경상남도 사천시 용현면,중상사고,0,5,2,0,차대차 - 측면충돌,안전운전불이행,건조,맑음,단일로 - 기타,승용,남,49세,중상,승용,남,47세,중상
2017100300100144,2017년 10월 3일 11시,화요일,경상남도 사천시 서동,중상사고,0,1,0,0,차대사람 - 길가장자리구역통행중,안전운전불이행,건조,맑음,단일로 - 기타,화물,남,26세,상해없음,보행자,남,49세,중상
2017100300100145,2017년 10월 3일 11시,화요일,경상남도 창원시 의창구 팔용동,중상사고,0,1,1,0,차대차 - 측면충돌,안전운전불이행,건조,맑음,교차로 - 교차로안,승용,남,56세,상해없음,승용,남,41세,경상
2017100300100174,2017년 10월 3일 12시,화요일,경상남도 김해시 진영읍,중상사고,0,2,0,0,차대차 - 추돌,안전운전불이행,건조,맑음,단일로 - 기타,승용,남,33세,상해없음,승용,남,31세,중상
2017100300100197,2017년 10월 3일 13시,화요일,경상남도 거창군 거창읍,경상사고,0,0,1,0,차대차 - 기타,안전운전불이행,건조,맑음,교차로 - 교차로안,이륜,남,76세,경상,승용,남,41세,상해없음
2017100300100198,2017년 10월 3일 13시,화요일,경상남도 창녕군 남지읍,경상사고,0,0,2,0,차대차 - 기타,신호위반,건조,맑음,교차로 - 교차로안,승용,남,48세,상해없음,승용,남,41세,경상
2017100300100199,2017년 10월 3일 13시,화요일,경상남도 함안군 칠원읍,중상사고,0,1,1,0,차대차 - 추돌,안전운전불이행,건조,맑음,단일로 - 기타,승용,여,28세,상해없음,승용,여,45세,경상
2017100300100226,2017년 10월 3일 14시,화요일,경상남도 진주시 상대동,경상사고,0,0,2,0,차대차 - 기타,안전운전불이행,건조,맑음,단일로 - 기타,승합,남,47세,상해없음,승용,여,40세,상해없음
2017100300100227,2017년 10월 3일 14시,화요일,경상남도 거창군 거창읍,경상사고,0,0,5,0,차대차 - 기타,안전운전불이행,건조,맑음,교차로 - 교차로안,화물,남,32세,경상,승용,남,37세,경상
2017100300100228,2017년 10월 3일 14시,화요일,경상남도 합천군 가야면,중상사고,0,1,0,0,차대사람 - 길가장자리구역통행중,안전운전불이행,건조,맑음,단일로 - 기타,승용,남,52세,상해없음,보행자,여,7세,중상
2017100300100255,2017년 10월 3일 15시,화요일,경상남도 창원시 마산합포구 상남동,경상사고,0,0,1,0,차대차 - 기타,교차로운행방법위반,건조,맑음,교차로 - 교차로안,이륜,남,69세,상해없음,승용,남,63세,상해없음
2017100300100280,2017년 10월 3일 16시,화요일,경상남도 하동군 화개면,부상신고사고,0,0,0,1,차량단독 - 전도전복,안전운전불이행,건조,맑음,단일로 - 기타,승용,남,41세,부상신고,미분류,미분류,미분류,미분류
2017100300100324,2017년 10월 3일 18시,화요일,경상남도 통영시 중앙동,경상사고,0,0,1,0,차대사람 - 기타,안전운전불이행,건조,맑음,단일로 - 기타,승합,남,60세,상해없음,보행자,남,61세,경상
2017100300100341,2017년 10월 3일 19시,화요일,경상남도 창녕군 남지읍,경상사고,0,0,2,0,차대차 - 기타,안전운전불이행,건조,맑음,교차로 - 교차로부근,승용,남,37세,상해없음,승용,남,60세,경상
2017100300100342,2017년 10월 3일 19시,화요일,경상남도 창원시 마산회원구 양덕동,경상사고,0,0,1,0,차대차 - 측면충돌,안전운전불이행,건조,맑음,단일로 - 기타,승용,남,34세,상해없음,이륜,남,34세,경상
2017100300100367,2017년 10월 3일 20시,화요일,경상남도 김해시 부원동,경상사고,0,0,2,1,차대차 - 측면충돌,직진우회전진행방해,건조,맑음,교차로 - 교차로안,승용,남,48세,부상신고,승용,남,35세,경상