사고번호,사고일시,요일,시군구,사고내용,사망자수,중상자수,경상자수,부상신고자수,사고유형,법규위반,노면상태,기상상태,도로형태,가해운전자 차종,가해운전자 성별,가해운전자 연령,가해운전자 상해정도,피해운전자 차종,피해운전자 성별,피해운전자 연령,피해운전자 상해정도
2017100300100406,2017년 10월 3일 22시,화요일,경상남도 거제시 능포동,경상사고,0,0,2,0,차대차 - 기타,중앙선침범,젖음/습기,비,단일로 - 기타,승용,남,51세,상해없음,승용,남,40세,경상
2017100300100422,2017년 10월 3일 23시,화요일,경상남도 통영시 항남동,부상신고사고,0,0,0,1,차대사람 - 횡단중,안전운전불이행,건조,맑음,단일로 - 기타,화물,남,57세,상해없음,보행자,남,3세,부상신고
2017100400100041,2017년 10월 4일 02시,수요일,경상남도 남해군 미조면,경상사고,0,0,1,0,차량단독 - 전도전복 - 전도,안전운전불이행,건조,맑음,단일로 - 기타,승용,남,29세,상해없음,,,,
2017100400100073,2017년 10월 4일 06시,수요일,경상남도 창원시 진해구 자은동,중상사고,0,1,0,0,차대차 - 기타,안전거리미확보,건조,맑음,단일로 - 기타,승용,남,62세,상해없음,승합,남,51세,상해없음
2017100400100097,2017년 10월 4일 09시,수요일,경상남도 하동군 화개면,중상사고,0,1,0,0,차대사람 - 길가장자리구역통행중,기타,건조,맑음,단일로 - 기타,승용,여,42세,상해없음,보행자,남,58세,중상
2017100400100111,2017년 10월 4일 10시,수요일,경상남도 거제시 수월동,중상사고,0,1,0,0,차대차 - 기타,직진우회전진행방해,건조,맑음,교차로 - 교차로안,승용,여,65세,상해없음,승용,남,69세,상해없음
2017100400100112,2017년 10월 4일 10시,수요일,경상남도 산청군 시천면,경상사고,0,0,1,0,차대차 - 측면충돌,안전운전불이행,건조,맑음,단일로 - 기타,승용,남,20세,상해없음,원동기,남,31세,경상
2017100400100138,2017년 10월 4일 11시,수요일,경상남도 창원시 진해구 용원동,중상사고,0,1,2,0,차대차 - 측면충돌,신호위반,건조,맑음,교차로 - 교차로안,승용,남,26세,경상,승용,남,35세,중상
2017100400100139,2017년 10월 4일 11시,수요일,경상남도 사천시 용현면,중상사고,0,3,2,0,차대차 - 측면충돌,중앙선침범,건조,맑음,교차로 - 교차로부근,승용,남,65세,경상,승용,남,59세,경상
2017100400100140,2017년 10월 4일 11시,수요일,경상남도 김해시 부원동,경상사고,0,0,1,0,차대차 - 측면충돌,직진우회전진행방해,건조,맑음,교차로 - 교차로안,승용,남,41세,기타불명,승용,남,63세,경상
2017100400100141,2017년 10월 4일 11시,수요일,경상남도 양산시 동면,경상사고,0,0,1,0,차대차 - 측면충돌,안전거리미확보,건조,맑음,교차로 - 교차로부근,승용,남,60세,상해없음,승용,남,29세,경상
2017100400100165,2017년 10월 4일 12시,수요일,경상남도 양산시 덕계동,경상사고,0,0,2,0,차대차 - 기타,중앙선침범,건조,맑음,단일로 - 기타,승용,남,56세,상해없음,승합,남,42세,경상
2017100400100166,2017년 10월 4일 12시,수요일,경상남도 하동군 고전면,경상사고,0,0,2,0,차대차 - 추돌,안전운전불이행,건조,맑음,단일로 - 기타,승용,남,61세,상해없음,승용,남,36세,경상
2017100400100190,2017년 10월 4일 13시,수요일,경상남도 창원시 마산합포구 우산동,중상사고,0,2,0,0,차대차 - 추돌,안전거리미확보,건조,맑음,단일로 - 기타,승용,남,18세,상해없음,승용,남,44세,중상
2017100400100191,2017년 10월 4일 13시,수요일,경상남도 밀양시 내이동,중상사고,0,1,1,0,차대차 - 측면충돌,신호위반,건조,맑음,교차로 - 교차로안,승용,남,74세,상해없음,승용,남,42세,경상
2017100400100192,2017년 10월 4일 13시,수요일,경상남도 함양군 함양읍,경상사고,0,0,2,0,차대차 - 측면충돌,교차로운행방법위반,건조,맑음,교차로 - 교차로안,이륜,여,53세,경상,승용,남,34세,경상
2017100400100219,2017년 10월 4일 14시,수요일,경상남도 창원시 마산합포구 자산동,부상신고사고,0,0,0,1,차대사람 - 기타,안전운전불이행,건조,맑음,단일로 - 기타,승합,남,39세,상해없음,보행자,남,59세,부상신고
2017100400100309,2017년 10월 4일 18시,수요일,경상남도 창원시 마산합포구 우산동,중상사고,0,1,7,0,차대차 - 추돌,안전거리미확보,건조,맑음,단일로 - 기타,승용,남,33세,경상,승용,남,50세,경상
2017100400100310,2017년 10월 4일 18시,수요일,경상남도 진주시 신안동,경상사고,0,0,1,0,차대차 - 측면충돌,안전운전불이행,건조,맑음,교차로 - 교차로안,승용,남,60세,상해없음,승용,남,35세,경상
2017100400100311,2017년 10월 4일 18시,수요일,경상남도 창녕군 도천면,중상사고,0,1,0,0,차대차 - 추돌,안전운전불이행,건조,맑음,단일로 - 기타,승용,남,43세,상해없음,이륜,남,47세,중상
2017100400100312,2017년 10월 4일 18시,수요일,경상남도 남해군 남해읍,중상사고,0,2,0,0,차대차 - 측면충돌,중앙선침범,건조,맑음,단일로 - 기타,승용,여,26세,상해없음,승용,남,64세,중상
2017100400100327,2017년 10월 4일 19시,수요일,경상남도 김해시 삼정동,중상사고,0,1,0,0,차대사람 - 기타,안전운전불이행,건조,맑음,단일로 - 기타,승용,남,32세,상해없음,보행자,남,42세,중상
2017100400100345,2017년 10월 4일 20시,수요일,경상남도 창원시 진해구 여좌동,경상사고,0,0,1,0,차대사람 - 차도통행중,안전운전불이행,건조,맑음,교차로 - 교차로안,승용,남,24세,상해없음,보행자,남,55세,경상
2017100400100346,2017년 10월 4일 20시,수요일,경상남도 창원시 마산회원구 내서읍,경상사고,0,0,2,0,차대차 - 추돌,안전운전불이행,건조,맑음,교차로 - 교차로부근,승용,남,47세,상해없음,승용,남,35세,경상
2017100400100347,2017년 10월 4일 20시,수요일,경상남도 창원시 의창구 도계동,중상사고,0,1,0,0,차대사람 - 횡단중,안전운전불이행,건조,맑음,단일로 - 기타,승용,남,26세,상해없음,보행자,남,5세,중상
2017100400100385,2017년 10월 4일 23시,수요일,경상남도 김해시 동상동,경상사고,0,0,2,0,차대차 - 기타,중앙선침범,건조,맑음,교차로 - 교차로부근,이륜,남,16세,경상,승용,남,62세,경상
2017100500100047,2017년 10월 5일 03시,목요일,경상남도 함양군 함양읍,경상사고,0,0,4,0,차대차 - 측면충돌,신호위반,건조,맑음,교차로 - 교차로안,승용,여,46세,경상,승용,여,48세,경상
2017100500100048,2017년 10월 5일 03시,목요일,경상남도 창원시 의창구 동정동,경상사고,0,0,1,0,차대차 - 추돌,안전운전불이행,건조,맑음,단일로 - 기타,승용,남,34세,상해없음,승용,남,54세,경상
2017100500100061,2017년 10월 5일 04시,목요일,경상남도 양산시 물금읍,중상사고,0,1,1,0,차대차 - 측면충돌,신호위반,건조,맑음,교차로 - 교차로안,승용,남,58세,상해없음,승합,남,58세,경상
2017100500100075,2017년 10월 5일 06시,목요일,경상남도 양산시 삼호동,중상사고,0,1,0,0,차대사람 - 횡단중,안전운전불이행,건조,맑음,단일로 - 기타,승용,남,72세,상해없음,보행자,여,71세,중상
2017100500100083,2017년 10월 5일 07시,목요일,경상남도 창원시 마산회원구 봉암동,중상사고,0,1,1,0,차대차 - 기타,신호위반,건조,맑음,교차로 - 교차로부근,화물,남,53세,상해없음,승용,여,24세,중상
2017100500100084,2017년 10월 5일 07시,목요일,경상남도 창원시 의창구 서상동,사망사고,1,0,0,0,차대사람 - 기타,안전운전불이행,건조,맑음,단일로 - 기타,승용,남,25세,상해없음,보행자,여,57세,사망
2017100500100139,2017년 10월 5일 12시,목요일,경상남도 창원시 진해구 제덕동,경상사고,0,0,5,0,차대차 - 추돌,안전운전불이행,건조,맑음,단일로 - 기타,원동기,남,23세,경상,승용,남,34세,경상
2017100500100140,2017년 10월 5일 12시,목요일,경상남도 사천시 서포면,중상사고,0,2,3,0,차대차 - 측면충돌,신호위반,건조,맑음,교차로 - 교차로안,화물,남,53세,상해없음,승용,여,59세,경상
2017100500100141,2017년 10월 5일 12시,목요일,경상남도 창녕군 유어면,중상사고,0,1,0,0,차대사람 - 기타,안전운전불이행,건조,맑음,단일로 - 기타,자전거,남,51세,상해없음,보행자,남,2세,중상
2017100500100163,2017년 10월 5일 13시,목요일,경상남도 함양군 안의면,중상사고,0,1,1,0,차대차 - 정면충돌,안전운전불이행,젖음/습기,흐림,단일로 - 기타,승용,여,71세,중상,화물,여,61세,경상
2017100500100186,2017년 10월 5일 14시,목요일,경상남도 통영시 항남동,부상신고사고,0,0,0,1,차대차 - 측면충돌,안전운전불이행,건조,맑음,단일로 - 기타,자전거,남,64세,부상신고,승합,남,46세,상해없음
2017100500100187,2017년 10월 5일 14시,목요일,경상남도 남해군 창선면,중상사고,0,1,1,0,차대차 - 측면충돌,중앙선침범,건조,맑음,단일로 - 기타,화물,남,65세,상해없음,승용,남,49세,중상
2017100500100207,2017년 10월 5일 15시,목요일,경상남도 거창군 거창읍,중상사고,0,1,0,0,차대사람 - 횡단중,안전운전불이행,건조,맑음,단일로 - 기타,화물,남,69세,상해없음,보행자,여,72세,중상
2017100500100208,2017년 10월 5일 15시,목요일,경상남도 산청군 신안면,경상사고,0,0,1,1,차대차 - 측면충돌,중앙선침범,건조,맑음,단일로 - 기타,화물,남,50세,상해없음,승용,남,34세,경상
2017100500100209,2017년 10월 5일 15시,목요일,경상남도 창원시 성산구 내동,부상신고사고,0,0,0,1,차대사람 - 차도통행중,안전운전불이행,건조,맑음,단일로 - 기타,승용,여,41세,상해없음,보행자,여,39세,부상신고
2017100500100229,2017년 10월 5일 16시,목요일,경상남도 사천시 곤양면,중상사고,0,1,0,0,차대사람 - 횡단중,안전운전불이행,건조,맑음,단일로 - 기타,승용,남,45세,상해없음,보행자,남,5세,중상
2017100500100230,2017년 10월 5일 16시,목요일,경상남도 사천시 사천읍,중상사고,0,1,1,2,차대차 - 정면충돌,중앙선침범,건조,맑음,단일로 - 기타,이륜,남,39세,중상,승용,남,63세,상해없음
2017100500100231,2017년 10월 5일 16시,목요일,경상남도 거제시 하청면,중상사고,0,1,0,0,차대사람 - 기타,보행자보호의무위반,건조,맑음,단일로 - 기타,승용,남,48세,상해없음,보행자,남,70세,중상
2017100500100250,2017년 10월 5일 17시,목요일,경상남도 진주시 명석면,경상사고,0,0,1,0,차대차 - 추돌,안전운전불이행,건조,맑음,단일로 - 기타,승용,남,31세,경상,승용,남,28세,상해없음
2017100500100251,2017년 10월 5일 17시,목요일,경상남도 거제시 능포동,경상사고,0,0,1,0,차대차 - 기타,안전운전불이행,건조,맑음,교차로 - 교차로안,승용,남,46세,상해없음,이륜,남,27세,경상
2017100500100296,2017년 10월 5일 19시,목요일,경상남도 사천시 사천읍,중상사고,0,1,0,0,차대차 - 측면충돌,직진우회전진행방해,건조,맑음,교차로 - 교차로안,승용,여,31세,상해없음,원동기,남,18세,중상
2017100500100317,2017년 10월 5일 20시,목요일,경상남도 진주시 주약동,경상사고,0,0,1,0,차대차 - 측면충돌,직진우회전진행방해,젖음/습기,비,교차로 - 교차로안,승용,남,63세,경상,승용,남,48세,상해없음
2017100500100318,2017년 10월 5일 20시,목요일,경상남도 창원시 진해구 덕산동,경상사고,0,0,1,0,차대차 - 측면충돌,안전운전불이행,건조,맑음,교차로 - 교차로안,자전거,남,78세,경상,승용,남,45세,상해없음
2017100500100319,2017년 10월 5일 20시,목요일,경상남도 통영시 봉평동,중상사고,0,1,0,0,차대사람 - 횡단중,안전운전불이행,건조,맑음,교차로 - 교차로안,승용,여,23세,상해없음,보행자,남,70세,중상
2017100500100320,2017년 10월 5일 20시,목요일,경상남도 창원시 의창구 용호동,경상사고,0,0,1,0,차대사람 - 횡단중,안전운전불이행,젖음/습기,비,단일로 - 기타,승용,남,57세,상해없음,보행자,남,35세,경상
2017100500100321,2017년 10월 5일 20시,목요일,경상남도 김해시 명법동,중상사고,0,5,0,0,차대차 - 추돌,안전운전불이행,젖음/습기,흐림,교차로 - 교차로안,승합,남,50세,상해없음,승용,남,63세,중상
2017100500100343,2017년 10월 5일 21시,목요일,경상남도 진주시 망경동,중상사고,0,1,0,0,차대사람 - 보도통행중,보행자보호의무위반,젖음/습기,비,교차로 - 교차로횡단보도내,승용,남,27세,상해없음,보행자,여,62세,중상
2017100500100344,2017년 10월 5일 21시,목요일,경상남도 진주시 장대동,경상사고,0,0,1,0,차대사람 - 횡단중,안전운전불이행,젖음/습기,비,단일로 - 기타,승용,남,47세,상해없음,보행자,남,68세,경상
2017100500100345,2017년 10월 5일 21시,목요일,경상남도 통영시 서호동,경상사고,0,0,1,0,차대차 - 측면충돌,차로위반,건조,맑음,단일로 - 기타,승용,남,47세,상해없음,승용,남,72세,경상
2017100500100370,2017년 10월 5일 22시,목요일,경상남도 진주시 평거동,경상사고,0,0,4,0,차대차 - 측면충돌,직진우회전진행방해,젖음/습기,비,교차로 - 교차로안,승용,남,57세,상해없음,승용,남,35세,경상
2017100500100371,2017년 10월 5일 22시,목요일,경상남도 창원시 진해구 경화동,경상사고,0,0,3,0,차대차 - 측면충돌,교차로운행방법위반,건조,맑음,교차로 - 교차로안,승용,남,63세,경상,승용,남,33세,경상
2017100500100372,2017년 10월 5일 22시,목요일,경상남도 거제시 옥포동,경상사고,0,0,1,0,차대차 - 기타,중앙선침범,젖음/습기,비,단일로 - 기타,기타불명,기타불명,미분류,기타불명,승용,여,36세,경상
2017100500100390,2017년 10월 5일 23시,목요일,경상남도 진주시 망경동,중상사고,0,1,2,2,차대차 - 추돌,안전운전불이행,젖음/습기,비,단일로 - 기타,화물,남,65세,상해없음,승용,남,59세,중상
2017100600100022,2017년 10월 6일 00시,금요일,경상남도 거제시 상동동,경상사고,0,0,1,0,차대차 - 기타,안전운전불이행,젖음/습기,비,교차로 - 교차로안,승용,남,49세,상해없음,이륜,남,23세,경상
2017100600100071,2017년 10월 6일 03시,금요일,경상남도 양산시 동면,경상사고,0,0,3,1,차대차 - 기타,안전운전불이행,젖음/습기,비,교차로 - 교차로부근,승용,기타불명,미분류,기타불명,승용,남,54세,경상
2017100600100113,2017년 10월 6일 07시,금요일,경상남도 통영시 광도면,중상사고,0,1,0,0,차대사람 - 기타,안전운전불이행,건조,맑음,단일로 - 기타,승용,남,58세,상해없음,보행자,여,72세,중상
2017100600100231,2017년 10월 6일 14시,금요일,경상남도 거창군 신원면,경상사고,0,0,2,0,차대차 - 측면충돌,중앙선침범,건조,맑음,단일로 - 기타,승용,여,56세,경상,승용,남,60세,경상
2017100600100251,2017년 10월 6일 15시,금요일,경상남도 통영시 북신동,경상사고,0,0,2,0,차대차 - 측면충돌,직진우회전진행방해,건조,맑음,교차로 - 교차로안,승용,남,44세,경상,승용,남,54세,경상
2017100600100252,2017년 10월 6일 15시,금요일,경상남도 창녕군 남지읍,경상사고,0,0,1,0,차대차 - 기타,직진우회전진행방해,젖음/습기,맑음,교차로 - 교차로안,승용,남,32세,상해없음,사륜오토바이(ATV),남,38세,경상
2017100600100271,2017년 10월 6일 16시,금요일,경상남도 통영시 중앙동,부상신고사고,0,0,0,1,차대사람 - 기타,안전운전불이행,건조,맑음,단일로 - 기타,기타불명,기타불명,미분류,기타불명,보행자,여,5세,부상신고
2017100600100272,2017년 10월 6일 16시,금요일,경상남도 창녕군 고암면,경상사고,0,0,1,0,차대차 - 측면충돌,신호위반,건조,맑음,교차로 - 교차로안,승용,남,55세,상해없음,화물,남,43세,상해없음
2017100600100273,2017년 10월 6일 16시,금요일,경상남도 양산시 삼호동,중상사고,0,1,0,0,차량단독 - 공작물충돌,안전운전불이행,건조,맑음,교차로 - 교차로부근,승용,남,18세,상해없음,,,,
2017100600100284,2017년 10월 6일 17시,금요일,경상남도 창원시 진해구 풍호동,중상사고,0,1,0,0,차대차 - 기타,교차로운행방법위반,건조,맑음,교차로 - 교차로안,승용,남,39세,상해없음,이륜,남,19세,중상
2017100600100285,2017년 10월 6일 17시,금요일,경상남도 함양군 지곡면,부상신고사고,0,0,0,1,차대차 - 기타,안전운전불이행,건조,맑음,단일로 - 기타,원동기,남,54세,부상신고,농기계,남,35세,상해없음
2017100600100315,2017년 10월 6일 18시,금요일,경상남도 합천군 가야면,중상사고,0,1,0,0,차대사람 - 길가장자리구역통행중,안전운전불이행,건조,맑음,단일로 - 기타,승용,남,68세,상해없음,보행자,남,68세,중상
2017100600100338,2017년 10월 6일 19시,금요일,경상남도 진주시 수정동,중상사고,0,1,1,0,차대사람 - 횡단중,안전운전불이행,건조,맑음,교차로 - 교차로안,이륜,남,21세,경상,보행자,여,50세,중상
2017100600100339,2017년 10월 6일 19시,금요일,경상남도 거창군 거창읍,중상사고,0,1,3,0,차대차 - 추돌,안전운전불이행,건조,맑음,단일로 - 교량,승용,남,33세,기타불명,이륜,남,19세,중상
2017100600100361,2017년 10월 6일 20시,금요일,경상남도 창원시 마산합포구 해운동,경상사고,0,0,1,0,차대사람 - 차도통행중,안전운전불이행,건조,맑음,기타 - 기타,승용,여,50세,상해없음,보행자,남,28세,경상
2017100600100389,2017년 10월 6일 21시,금요일,경상남도 창원시 마산합포구 신포동2가,경상사고,0,0,1,0,차대차 - 기타,안전운전불이행,건조,맑음,교차로 - 교차로안,승용,남,50세,상해없음,승용,남,58세,상해없음
2017100600100418,2017년 10월 6일 22시,금요일,경상남도 창원시 진해구 용원동,경상사고,0,0,1,0,차대차 - 측면충돌,교차로운행방법위반,건조,맑음,교차로 - 교차로안,승용,남,27세,상해없음,원동기,남,36세,경상
2017100700100026,2017년 10월 7일 00시,토요일,경상남도 진주시 계동,부상신고사고,0,0,0,1,차대사람 - 차도통행중,안전운전불이행,건조,맑음,단일로 - 기타,승용,남,32세,상해없음,보행자,남,53세,부상신고
2017100700100027,2017년 10월 7일 00시,토요일,경상남도 밀양시 내이동,경상사고,0,0,1,0,차대사람 - 횡단중,보행자보호의무위반,건조,맑음,단일로 - 기타,승용,남,56세,상해없음,보행자,남,23세,경상
2017100700100028,2017년 10월 7일 00시,토요일,경상남도 김해시 어방동,중상사고,0,1,1,0,차대차 - 측면충돌,교차로운행방법위반,건조,맑음,교차로 - 교차로안,승용,남,47세,상해없음,승용,여,30세,상해없음
2017100700100098,2017년 10월 7일 07시,토요일,경상남도 통영시 도천동,중상사고,0,1,0,0,차대차 - 측면충돌,안전운전불이행,건조,맑음,교차로 - 교차로안,승용,남,58세,상해없음,이륜,남,79세,중상
2017100700100120,2017년 10월 7일 09시,토요일,경상남도 통영시 미수동,경상사고,0,0,2,0,차대차 - 추돌,안전거리미확보,건조,맑음,교차로 - 교차로부근,승용,남,73세,상해없음,승용,남,43세,경상
2017100700100121,2017년 10월 7일 09시,토요일,경상남도 창원시 마산회원구 회원동,경상사고,0,0,1,0,차대사람 - 기타,안전운전불이행,건조,맑음,단일로 - 기타,승용,여,58세,상해없음,보행자,여,59세,경상
2017100700100141,2017년 10월 7일 10시,토요일,경상남도 밀양시 산외면,경상사고,0,0,1,0,차대차 - 측면충돌,신호위반,건조,맑음,교차로 - 교차로안,승용,남,59세,상해없음,승용,여,53세,경상
2017100700100142,2017년 10월 7일 10시,토요일,경상남도 양산시 북부동,경상사고,0,0,1,0,차대사람 - 차도통행중,안전운전불이행,건조,맑음,단일로 - 기타,승용,여,40세,상해없음,보행자,남,60세,경상
2017100700100143,2017년 10월 7일 10시,토요일,경상남도 창원시 성산구 상남동,중상사고,0,1,0,0,차대차 - 측면충돌,안전운전불이행,건조,맑음,단일로 - 기타,승합,남,55세,상해없음,이륜,남,24세,중상
2017100700100144,2017년 10월 7일 10시,토요일,경상남도 창원시 의창구 봉곡동,경상사고,0,0,1,0,차대차 - 측면충돌,안전운전불이행,건조,맑음,단일로 - 기타,승용,남,32세,상해없음,승용,남,51세,경상
2017100700100197,2017년 10월 7일 12시,토요일,경상남도 통영시 도산면,경상사고,0,0,4,0,차대차 - 측면충돌,안전운전불이행,건조,맑음,교차로 - 교차로안,승용,남,60세,기타불명,화물,남,32세,경상
2017100700100198,2017년 10월 7일 12시,토요일,경상남도 김해시 어방동,경상사고,0,0,1,0,차대사람 - 차도통행중,안전운전불이행,건조,맑음,교차로 - 교차로안,승용,여,44세,상해없음,보행자,남,61세,경상
2017100700100199,2017년 10월 7일 12시,토요일,경상남도 거제시 양정동,경상사고,0,0,6,0,차대차 - 기타,안전거리미확보,건조,맑음,단일로 - 기타,승용,남,63세,상해없음,승용,남,32세,경상
2017100700100226,2017년 10월 7일 13시,토요일,경상남도 거제시 상동동,경상사고,0,0,1,0,차대차 - 기타,안전운전불이행,건조,맑음,단일로 - 기타,승용,남,38세,상해없음,이륜,남,32세,경상
2017100700100253,2017년 10월 7일 14시,토요일,경상남도 김해시 외동,중상사고,0,2,2,0,차대차 - 추돌,안전거리미확보,건조,맑음,교차로 - 교차로부근,승용,남,50세,상해없음,승용,남,20세,중상
2017100700100254,2017년 10월 7일 14시,토요일,경상남도 하동군 양보면,중상사고,0,2,0,0,차량단독 - 도로외이탈 - 기타,안전운전불이행,건조,맑음,단일로 - 기타,승용,남,68세,상해없음,,,,
2017100700100289,2017년 10월 7일 15시,토요일,경상남도 거창군 마리면,중상사고,0,2,3,0,차대차 - 기타,안전운전불이행,건조,맑음,교차로 - 교차로안,승용,남,69세,경상,승용,여,32세,중상
2017100700100290,2017년 10월 7일 15시,토요일,경상남도 양산시 평산동,경상사고,0,0,1,2,차대차 - 기타,안전운전불이행,건조,맑음,교차로 - 교차로부근,승용,남,77세,부상신고,승용,남,43세,부상신고
2017100700100384,2017년 10월 7일 18시,토요일,경상남도 창녕군 창녕읍,중상사고,0,1,0,0,차대사람 - 기타,안전운전불이행,건조,맑음,단일로 - 기타,승용,남,66세,상해없음,보행자,남,5세,중상
2017100700100385,2017년 10월 7일 18시,토요일,경상남도 창원시 의창구 용호동,중상사고,0,1,0,0,차대사람 - 횡단중,안전운전불이행,건조,맑음,단일로 - 기타,이륜,남,23세,상해없음,보행자,여,58세,중상
2017100700100464,2017년 10월 7일 21시,토요일,경상남도 통영시 광도면,중상사고,0,1,0,0,차대사람 - 횡단중,안전운전불이행,건조,맑음,교차로 - 교차로부근,승용,남,41세,상해없음,보행자,남,40세,중상
2017100700100465,2017년 10월 7일 21시,토요일,경상남도 함양군 함양읍,사망사고,1,1,0,0,차대차 - 정면충돌,중앙선침범,건조,맑음,교차로 - 교차로부근,농기계,남,77세,사망,승용,남,54세,중상
2017100700100488,2017년 10월 7일 22시,토요일,경상남도 김해시 진례면,경상사고,0,0,2,0,차대차 - 측면충돌,신호위반,건조,맑음,교차로 - 교차로안,승용,남,62세,상해없음,승용,남,32세,경상
2017100700100513,2017년 10월 7일 23시,토요일,경상남도 통영시 무전동,경상사고,0,0,1,0,차대사람 - 보도통행중,안전운전불이행,건조,맑음,기타 - 기타,승용,남,24세,상해없음,보행자,남,48세,경상
2017100800100023,2017년 10월 8일 00시,일요일,경상남도 김해시 내동,경상사고,0,0,1,0,차대차 - 추돌,안전거리미확보,건조,맑음,교차로 - 교차로부근,승용,남,38세,상해없음,승용,여,48세,상해없음
2017100800100049,2017년 10월 8일 03시,일요일,경상남도 거제시 옥포동,중상사고,0,3,0,0,차대차 - 기타,중앙선침범,건조,맑음,교차로 - 교차로안,승용,여,29세,상해없음,승용,남,26세,중상
2017100800100063,2017년 10월 8일 05시,일요일,경상남도 창원시 마산회원구 합성동,중상사고,0,1,0,0,차대사람 - 기타,안전운전불이행,건조,맑음,단일로 - 기타,화물,남,50세,상해없음,보행자,여,57세,중상
2017100800100087,2017년 10월 8일 08시,일요일,경상남도 창원시 성산구 성산동,경상사고,0,0,1,0,차대차 - 측면충돌,신호위반,건조,맑음,교차로 - 교차로안,승용,남,54세,상해없음,승용,남,26세,경상
2017100800100121,2017년 10월 8일 10시,일요일,경상남도 김해시 한림면,중상사고,0,1,0,0,차량단독 - 기타,안전운전불이행,건조,맑음,교차로 - 교차로안,승용,남,61세,중상,,,,
2017100800100139,2017년 10월 8일 11시,일요일,경상남도 사천시 서동,경상사고,0,0,1,0,차대사람 - 차도통행중,안전운전불이행,건조,맑음,단일로 - 기타,승용,남,80세,상해없음,보행자,여,59세,경상
2017100800100140,2017년 10월 8일 11시,일요일,경상남도 사천시 늑도동,중상사고,0,1,3,0,차대차 - 추돌,안전운전불이행,건조,맑음,단일로 - 기타,승용,여,33세,상해없음,화물,남,58세,경상
2017100800100141,2017년 10월 8일 11시,일요일,경상남도 함안군 칠원읍,부상신고사고,0,0,0,1,차대차 - 측면충돌,불법유턴,건조,맑음,교차로 - 교차로안,이륜,남,76세,부상신고,승용,남,60세,상해없음
2017100800100155,2017년 10월 8일 12시,일요일,경상남도 사천시 동금동,경상사고,0,0,2,0,차대사람 - 횡단중,보행자보호의무위반,건조,맑음,교차로 - 교차로횡단보도내,화물,남,42세,상해없음,보행자,여,22세,경상
2017100800100156,2017년 10월 8일 12시,일요일,경상남도 창원시 의창구 도계동,경상사고,0,0,1,0,차대차 - 기타,차로위반,건조,맑음,단일로 - 기타,승용,여,70세,기타불명,승합,남,57세,상해없음
2017100800100177,2017년 10월 8일 13시,일요일,경상남도 사천시 용현면,경상사고,0,0,2,0,차대차 - 측면충돌,안전운전불이행,건조,맑음,단일로 - 기타,승용,남,78세,상해없음,화물,남,60세,경상
2017100800100178,2017년 10월 8일 13시,일요일,경상남도 창원시 성산구 중앙동,경상사고,0,0,1,0,차대사람 - 차도통행중,안전운전불이행,건조,맑음,단일로 - 기타,승용,남,73세,상해없음,보행자,남,31세,경상
2017100800100202,2017년 10월 8일 14시,일요일,경상남도 김해시 삼계동,경상사고,0,0,1,0,차대차 - 추돌,안전운전불이행,건조,맑음,교차로 - 교차로부근,승용,남,50세,상해없음,승용,여,41세,경상
2017100800100253,2017년 10월 8일 16시,일요일,경상남도 창원시 진해구 광화동,부상신고사고,0,0,0,1,차대차 - 측면충돌,안전운전불이행,건조,맑음,단일로 - 기타,승용,남,25세,상해없음,자전거,남,11세,부상신고
2017100800100254,2017년 10월 8일 16시,일요일,경상남도 거제시 상동동,중상사고,0,1,8,0,차대차 - 추돌,안전운전불이행,건조,맑음,단일로 - 기타,승용,여,18세,상해없음,승용,여,37세,경상
2017100800100255,2017년 10월 8일 16시,일요일,경상남도 거제시 남부면,중상사고,0,1,0,0,차대사람 - 기타,안전운전불이행,건조,맑음,기타 - 기타,승용,여,23세,상해없음,보행자,남,84세,중상
2017100800100256,2017년 10월 8일 16시,일요일,경상남도 의령군 대의면,중상사고,0,1,1,0,차대차 - 측면충돌,신호위반,건조,맑음,교차로 - 교차로안,이륜,남,26세,중상,승용,여,45세,경상
2017100800100257,2017년 10월 8일 16시,일요일,경상남도 창원시 마산회원구 회성동,경상사고,0,0,1,0,차대사람 - 차도통행중,안전운전불이행,건조,맑음,단일로 - 기타,화물,남,42세,상해없음,보행자,남,57세,경상
2017100800100258,2017년 10월 8일 16시,일요일,경상남도 김해시 진영읍,중상사고,0,1,0,0,차대차 - 측면충돌,안전운전불이행,건조,맑음,단일로 - 기타,이륜,남,76세,중상,승용,남,30세,상해없음
2017100800100320,2017년 10월 8일 18시,일요일,경상남도 사천시 향촌동,중상사고,0,1,0,0,차대차 - 측면충돌,신호위반,건조,맑음,교차로 - 교차로안,승용,남,65세,상해없음,승용,남,51세,중상
2017100800100321,2017년 10월 8일 18시,일요일,경상남도 창원시 마산회원구 구암동,중상사고,0,1,0,0,차대사람 - 차도통행중,안전운전불이행,건조,맑음,단일로 - 기타,화물,남,41세,상해없음,보행자,남,64세,중상
2017100800100322,2017년 10월 8일 18시,일요일,경상남도 창원시 의창구 북면,중상사고,0,1,0,0,차대사람 - 기타,안전운전불이행,건조,맑음,단일로 - 기타,승용,남,61세,상해없음,보행자,여,80세,중상