사고번호,사고일시,요일,시군구,사고내용,사망자수,중상자수,경상자수,부상신고자수,사고유형,법규위반,노면상태,기상상태,도로형태,가해운전자 차종,가해운전자 성별,가해운전자 연령,가해운전자 상해정도,피해운전자 차종,피해운전자 성별,피해운전자 연령,피해운전자 상해정도
2017100800100348,2017년 10월 8일 19시,일요일,경상남도 함안군 산인면,경상사고,0,0,2,0,차대차 - 추돌,안전운전불이행,건조,맑음,단일로 - 기타,승용,남,57세,상해없음,승용,남,58세,경상
2017100800100403,2017년 10월 8일 22시,일요일,경상남도 양산시 물금읍,경상사고,0,0,1,0,차대차 - 기타,신호위반,건조,맑음,교차로 - 교차로안,승용,남,34세,상해없음,승용,여,35세,경상
2017100800100404,2017년 10월 8일 22시,일요일,경상남도 양산시 동면,경상사고,0,0,1,0,차대차 - 기타,안전운전불이행,건조,맑음,교차로 - 교차로안,승용,남,31세,상해없음,승용,남,39세,경상
2017100800100421,2017년 10월 8일 23시,일요일,경상남도 함안군 가야읍,경상사고,0,0,2,0,차대차 - 추돌,안전운전불이행,건조,맑음,단일로 - 기타,승용,남,50세,상해없음,승용,여,58세,경상
2017100900100027,2017년 10월 9일 00시,월요일,경상남도 창원시 마산합포구 오동동,중상사고,0,1,0,0,차대사람 - 횡단중,안전운전불이행,건조,맑음,단일로 - 기타,승용,남,55세,상해없음,보행자,여,22세,중상
2017100900100028,2017년 10월 9일 00시,월요일,경상남도 창녕군 영산면,사망사고,1,0,0,0,차대차 - 정면충돌,안전운전불이행,건조,맑음,교차로 - 교차로부근,원동기,남,19세,사망,승용,남,65세,상해없음
2017100900100048,2017년 10월 9일 02시,월요일,경상남도 창원시 성산구 중앙동,경상사고,0,0,1,0,차대사람 - 기타,안전운전불이행,건조,맑음,단일로 - 기타,승용,남,58세,상해없음,보행자,남,35세,경상
2017100900100052,2017년 10월 9일 03시,월요일,경상남도 김해시 진영읍,경상사고,0,0,1,0,차대차 - 추돌,안전운전불이행,건조,맑음,교차로 - 교차로부근,승용,남,50세,상해없음,승용,남,33세,경상
2017100900100053,2017년 10월 9일 03시,월요일,경상남도 김해시 관동동,중상사고,0,1,0,0,차대차 - 추돌,안전운전불이행,건조,맑음,단일로 - 기타,건설기계,남,40세,상해없음,승용,남,64세,중상
2017100900100060,2017년 10월 9일 04시,월요일,경상남도 창원시 마산회원구 석전동,사망사고,1,0,0,0,차대차 - 추돌,안전운전불이행,건조,맑음,단일로 - 기타,승용,남,48세,상해없음,자전거,남,38세,사망
2017100900100082,2017년 10월 9일 06시,월요일,경상남도 창원시 마산합포구 자산동,사망사고,1,0,0,0,차대차 - 추돌,안전운전불이행,건조,맑음,단일로 - 기타,승용,남,68세,사망,승용,기타불명,미분류,기타불명
2017100900100083,2017년 10월 9일 06시,월요일,경상남도 창원시 의창구 명서동,경상사고,0,0,1,0,차대차 - 측면충돌,안전운전불이행,건조,맑음,교차로 - 교차로안,승용,남,43세,상해없음,자전거,남,63세,경상
2017100900100088,2017년 10월 9일 07시,월요일,경상남도 거제시 옥포동,사망사고,1,0,0,0,차대사람 - 횡단중,안전운전불이행,건조,맑음,교차로 - 교차로안,승용,여,50세,상해없음,보행자,남,52세,사망
2017100900100089,2017년 10월 9일 07시,월요일,경상남도 창원시 성산구 가음동,경상사고,0,0,1,0,차대차 - 측면충돌,안전운전불이행,건조,맑음,교차로 - 교차로안,승용,여,27세,상해없음,승용,남,52세,경상
2017100900100100,2017년 10월 9일 08시,월요일,경상남도 김해시 동상동,경상사고,0,0,2,0,차대차 - 기타,안전운전불이행,건조,맑음,단일로 - 기타,이륜,남,47세,경상,승용,여,41세,경상
2017100900100101,2017년 10월 9일 08시,월요일,경상남도 창원시 성산구 대방동,중상사고,0,1,0,0,차대차 - 측면충돌,신호위반,건조,맑음,교차로 - 교차로안,승용,남,47세,상해없음,승용,남,62세,중상
2017100900100128,2017년 10월 9일 10시,월요일,경상남도 밀양시 무안면,사망사고,1,0,0,0,차대차 - 측면충돌,안전운전불이행,건조,맑음,단일로 - 기타,화물,남,65세,상해없음,이륜,남,64세,사망
2017100900100129,2017년 10월 9일 10시,월요일,경상남도 김해시 내동,중상사고,0,1,0,0,차대차 - 기타,안전거리미확보,건조,맑음,교차로 - 교차로안,승용,여,50세,상해없음,승용,남,45세,중상
2017100900100130,2017년 10월 9일 10시,월요일,경상남도 합천군 쌍백면,경상사고,0,0,1,0,차대차 - 측면충돌,안전운전불이행,건조,맑음,교차로 - 교차로부근,농기계,남,75세,경상,승용,남,26세,상해없음
2017100900100131,2017년 10월 9일 10시,월요일,경상남도 하동군 하동읍,중상사고,0,1,0,0,차대차 - 측면충돌,교차로운행방법위반,건조,맑음,교차로 - 교차로안,승용,남,65세,상해없음,이륜,여,49세,중상
2017100900100132,2017년 10월 9일 10시,월요일,경상남도 의령군 대의면,중상사고,0,1,0,0,차대사람 - 길가장자리구역통행중,안전운전불이행,건조,맑음,단일로 - 기타,이륜,기타불명,미분류,기타불명,보행자,여,79세,중상
2017100900100133,2017년 10월 9일 10시,월요일,경상남도 창원시 의창구 동읍,중상사고,0,1,0,0,차대사람 - 차도통행중,안전운전불이행,건조,맑음,교차로 - 교차로안,승용,남,39세,상해없음,보행자,여,73세,중상
2017100900100148,2017년 10월 9일 11시,월요일,경상남도 함양군 서하면,중상사고,0,1,0,1,차대차 - 측면충돌,중앙선침범,건조,맑음,단일로 - 기타,화물,남,44세,부상신고,승용,여,55세,중상
2017100900100149,2017년 10월 9일 11시,월요일,경상남도 고성군 마암면,중상사고,0,1,0,0,차대차 - 기타,안전운전불이행,건조,맑음,단일로 - 기타,건설기계,남,50세,상해없음,이륜,남,76세,중상
2017100900100166,2017년 10월 9일 12시,월요일,경상남도 통영시 북신동,경상사고,0,0,1,0,차대차 - 측면충돌,교차로운행방법위반,건조,맑음,교차로 - 교차로안,승용,남,76세,상해없음,승용,여,51세,경상
2017100900100167,2017년 10월 9일 12시,월요일,경상남도 김해시 내동,중상사고,0,2,1,0,차대차 - 기타,교차로운행방법위반,건조,맑음,교차로 - 교차로안,이륜,남,27세,중상,이륜,남,18세,경상
2017100900100168,2017년 10월 9일 12시,월요일,경상남도 합천군 합천읍,경상사고,0,0,1,0,차대차 - 측면충돌,교차로운행방법위반,건조,맑음,교차로 - 교차로안,화물,남,61세,상해없음,화물,남,82세,상해없음
2017100900100190,2017년 10월 9일 13시,월요일,경상남도 통영시 북신동,중상사고,0,1,0,0,차대차 - 측면충돌,교차로운행방법위반,건조,맑음,교차로 - 교차로안,승용,남,58세,상해없음,승용,남,63세,상해없음
2017100900100191,2017년 10월 9일 13시,월요일,경상남도 김해시 삼계동,중상사고,0,1,0,0,차대차 - 기타,안전운전불이행,건조,맑음,단일로 - 기타,화물,남,60세,상해없음,자전거,남,59세,중상
2017100900100217,2017년 10월 9일 14시,월요일,경상남도 창원시 마산합포구 신포동2가,중상사고,0,1,0,0,차대사람 - 기타,안전운전불이행,건조,맑음,단일로 - 기타,승용,남,54세,상해없음,보행자,여,75세,중상
2017100900100218,2017년 10월 9일 14시,월요일,경상남도 창녕군 장마면,사망사고,1,0,1,0,차대차 - 기타,안전운전불이행,건조,맑음,단일로 - 기타,농기계,남,57세,상해없음,화물,남,61세,경상
2017100900100243,2017년 10월 9일 15시,월요일,경상남도 진주시 옥봉동,경상사고,0,0,2,0,차대차 - 추돌,안전운전불이행,건조,맑음,단일로 - 기타,승용,여,22세,상해없음,승용,남,61세,경상
2017100900100244,2017년 10월 9일 15시,월요일,경상남도 창원시 진해구 청안동,부상신고사고,0,0,0,1,차대사람 - 기타,안전운전불이행,건조,맑음,기타 - 기타,기타불명,기타불명,미분류,기타불명,보행자,남,8세,부상신고
2017100900100245,2017년 10월 9일 15시,월요일,경상남도 사천시 향촌동,부상신고사고,0,0,0,1,차량단독 - 전도전복 - 전도,안전운전불이행,건조,맑음,단일로 - 기타,이륜,남,77세,부상신고,,,,
2017100900100246,2017년 10월 9일 15시,월요일,경상남도 거제시 사등면,중상사고,0,1,2,0,차대차 - 추돌,안전거리미확보,건조,맑음,단일로 - 기타,화물,남,35세,상해없음,승용,남,50세,중상
2017100900100288,2017년 10월 9일 16시,월요일,경상남도 거제시 상동동,중상사고,0,2,0,0,차대차 - 기타,기타,건조,맑음,단일로 - 기타,승용,남,44세,상해없음,승용,여,43세,중상
2017100900100327,2017년 10월 9일 17시,월요일,경상남도 통영시 도산면,경상사고,0,0,1,0,차대차 - 추돌,안전운전불이행,건조,맑음,단일로 - 기타,화물,남,45세,상해없음,화물,여,67세,경상
2017100900100328,2017년 10월 9일 17시,월요일,경상남도 창원시 성산구 성주동,경상사고,0,0,2,0,차대차 - 추돌,안전운전불이행,건조,맑음,교차로 - 교차로안,승용,남,18세,상해없음,화물,남,33세,경상
2017100900100362,2017년 10월 9일 18시,월요일,경상남도 김해시 진영읍,중상사고,0,1,0,0,차대사람 - 보도통행중,안전운전불이행,건조,맑음,교차로 - 교차로안,승용,남,24세,상해없음,보행자,남,56세,중상
2017100900100431,2017년 10월 9일 21시,월요일,경상남도 김해시 외동,중상사고,0,2,0,0,차대차 - 측면충돌,교차로운행방법위반,건조,맑음,교차로 - 교차로부근,승용,남,40세,상해없음,승용,남,32세,중상
2017100900100432,2017년 10월 9일 21시,월요일,경상남도 창원시 마산회원구 석전동,중상사고,0,1,0,0,차대사람 - 횡단중,안전운전불이행,건조,맑음,교차로 - 교차로안,승용,남,25세,상해없음,보행자,여,57세,중상
2017100900100433,2017년 10월 9일 21시,월요일,경상남도 창원시 마산회원구 내서읍,중상사고,0,1,0,0,차대사람 - 횡단중,신호위반,건조,맑음,교차로 - 교차로부근,원동기,남,47세,상해없음,보행자,여,59세,중상
2017100900100450,2017년 10월 9일 22시,월요일,경상남도 남해군 남해읍,중상사고,0,1,0,0,차대사람 - 길가장자리구역통행중,안전운전불이행,건조,맑음,단일로 - 기타,승용,여,44세,상해없음,보행자,남,31세,중상
2017101000100089,2017년 10월 10일 07시,화요일,경상남도 창원시 의창구 팔용동,중상사고,0,1,0,0,차대차 - 기타,안전운전불이행,건조,맑음,교차로 - 교차로횡단보도내,승용,남,21세,상해없음,자전거,남,25세,중상
2017101000100125,2017년 10월 10일 08시,화요일,경상남도 김해시 부원동,경상사고,0,0,1,0,차대차 - 기타,안전운전불이행,건조,맑음,교차로 - 교차로안,승용,여,52세,경상,승용,남,68세,상해없음
2017101000100126,2017년 10월 10일 08시,화요일,경상남도 양산시 어곡동,중상사고,0,1,0,0,차대차 - 측면충돌,신호위반,건조,맑음,교차로 - 교차로안,승용,남,42세,상해없음,화물,남,73세,중상
2017101000100127,2017년 10월 10일 08시,화요일,경상남도 함안군 칠원읍,경상사고,0,0,1,0,차대차 - 추돌,안전운전불이행,건조,맑음,단일로 - 기타,승용,여,34세,상해없음,승용,여,45세,경상
2017101000100163,2017년 10월 10일 09시,화요일,경상남도 창원시 진해구 자은동,중상사고,0,1,0,0,차대사람 - 기타,안전운전불이행,건조,맑음,기타 - 기타,승용,여,28세,상해없음,보행자,여,67세,중상
2017101000100194,2017년 10월 10일 10시,화요일,경상남도 창원시 진해구 용원동,중상사고,0,1,0,0,차대차 - 측면충돌,신호위반,건조,맑음,교차로 - 교차로안,건설기계,남,60세,상해없음,승용,남,35세,중상
2017101000100195,2017년 10월 10일 10시,화요일,경상남도 통영시 무전동,경상사고,0,0,1,0,차대차 - 측면충돌,안전운전불이행,건조,맑음,단일로 - 기타,승용,여,50세,상해없음,승용,여,62세,경상
2017101000100196,2017년 10월 10일 10시,화요일,경상남도 창원시 마산회원구 회원동,경상사고,0,0,1,0,차대차 - 측면충돌,안전운전불이행,건조,맑음,교차로 - 교차로부근,승용,남,31세,기타불명,승용,남,65세,경상
2017101000100223,2017년 10월 10일 11시,화요일,경상남도 창원시 마산합포구 진북면,중상사고,0,1,0,0,차대차 - 측면충돌,교차로운행방법위반,건조,맑음,교차로 - 교차로안,승용,여,50세,상해없음,이륜,남,81세,중상
2017101000100257,2017년 10월 10일 12시,화요일,경상남도 거창군 거창읍,중상사고,0,1,0,0,차대차 - 기타,안전운전불이행,건조,맑음,교차로 - 교차로부근,이륜,남,76세,중상,화물,남,42세,상해없음
2017101000100258,2017년 10월 10일 12시,화요일,경상남도 남해군 남해읍,중상사고,0,1,0,0,차대사람 - 횡단중,보행자보호의무위반,건조,맑음,교차로 - 교차로부근,화물,남,56세,상해없음,보행자,여,70세,중상
2017101000100259,2017년 10월 10일 12시,화요일,경상남도 김해시 삼문동,경상사고,0,0,1,0,차대차 - 측면충돌,신호위반,건조,맑음,교차로 - 교차로안,승용,남,51세,상해없음,승용,여,42세,경상
2017101000100282,2017년 10월 10일 13시,화요일,경상남도 산청군 신안면,중상사고,0,1,2,0,차대차 - 측면충돌,안전운전불이행,건조,맑음,단일로 - 기타,화물,남,41세,상해없음,화물,남,72세,경상
2017101000100323,2017년 10월 10일 14시,화요일,경상남도 사천시 벌리동,중상사고,0,1,0,0,차대차 - 측면충돌,중앙선침범,건조,맑음,교차로 - 교차로안,자전거,남,80세,중상,화물,남,35세,상해없음
2017101000100348,2017년 10월 10일 15시,화요일,경상남도 남해군 남해읍,중상사고,0,1,0,0,차대사람 - 보도통행중,보행자보호의무위반,건조,맑음,단일로 - 기타,승용,남,44세,상해없음,보행자,여,54세,중상
2017101000100382,2017년 10월 10일 16시,화요일,경상남도 사천시 동동,부상신고사고,0,0,0,1,차대사람 - 기타,안전운전불이행,건조,맑음,단일로 - 기타,승용,여,55세,상해없음,보행자,여,44세,부상신고
2017101000100383,2017년 10월 10일 16시,화요일,경상남도 거제시 연초면,경상사고,0,0,3,0,차대차 - 추돌,안전운전불이행,건조,맑음,교차로 - 교차로부근,승용,여,28세,상해없음,승용,남,30세,경상
2017101000100413,2017년 10월 10일 17시,화요일,경상남도 김해시 외동,경상사고,0,0,1,3,차대차 - 기타,안전운전불이행,건조,맑음,교차로 - 교차로안,승용,여,33세,상해없음,승용,남,51세,경상
2017101000100455,2017년 10월 10일 18시,화요일,경상남도 합천군 청덕면,경상사고,0,0,1,0,차대차 - 추돌,안전운전불이행,건조,맑음,단일로 - 기타,승용,여,42세,상해없음,농기계,남,47세,경상
2017101000100456,2017년 10월 10일 18시,화요일,경상남도 거제시 연초면,중상사고,0,1,0,0,차대사람 - 횡단중,보행자보호의무위반,건조,맑음,교차로 - 교차로횡단보도내,승용,남,27세,상해없음,보행자,여,63세,중상
2017101000100457,2017년 10월 10일 18시,화요일,경상남도 남해군 고현면,경상사고,0,0,1,0,차대차 - 추돌,안전운전불이행,건조,맑음,단일로 - 기타,화물,남,45세,상해없음,승용,남,46세,경상
2017101000100458,2017년 10월 10일 18시,화요일,경상남도 창원시 마산회원구 두척동,경상사고,0,0,2,0,차대차 - 추돌,안전운전불이행,건조,맑음,단일로 - 기타,승용,여,21세,상해없음,승용,남,59세,경상
2017101000100530,2017년 10월 10일 20시,화요일,경상남도 통영시 광도면,부상신고사고,0,0,0,1,차대차 - 추돌,안전운전불이행,젖음/습기,흐림,단일로 - 기타,승용,여,56세,상해없음,승용,남,63세,부상신고
2017101000100555,2017년 10월 10일 21시,화요일,경상남도 창원시 의창구 팔용동,중상사고,0,1,0,0,차대차 - 측면충돌,신호위반,건조,맑음,교차로 - 교차로안,승용,여,45세,상해없음,승용,여,26세,중상
2017101000100597,2017년 10월 10일 23시,화요일,경상남도 통영시 무전동,경상사고,0,0,1,0,차대차 - 측면충돌,안전거리미확보,건조,맑음,단일로 - 기타,기타불명,기타불명,미분류,기타불명,승합,남,40세,상해없음
2017101000100598,2017년 10월 10일 23시,화요일,경상남도 창원시 성산구 중앙동,경상사고,0,0,1,0,차대사람 - 보도통행중,안전운전불이행,건조,맑음,단일로 - 기타,이륜,남,38세,상해없음,보행자,남,55세,경상
2017101100100037,2017년 10월 11일 00시,수요일,경상남도 양산시 북부동,경상사고,0,0,1,0,차대차 - 기타,신호위반,건조,맑음,교차로 - 교차로안,승용,남,26세,상해없음,승용,남,53세,경상
2017101100100078,2017년 10월 11일 05시,수요일,경상남도 사천시 용현면,사망사고,1,0,0,0,차대사람 - 기타,중앙선침범,건조,맑음,단일로 - 기타,건설기계,남,52세,상해없음,보행자,여,56세,사망
2017101100100116,2017년 10월 11일 07시,수요일,경상남도 거제시 장평동,경상사고,0,0,1,0,차대차 - 기타,안전운전불이행,건조,맑음,기타 - 기타,승합,남,62세,상해없음,승용,여,37세,경상
2017101100100157,2017년 10월 11일 08시,수요일,경상남도 진주시 칠암동,경상사고,0,0,1,0,차대사람 - 횡단중,안전운전불이행,건조,맑음,교차로 - 교차로안,승용,여,53세,상해없음,보행자,남,13세,경상
2017101100100158,2017년 10월 11일 08시,수요일,경상남도 사천시 곤명면,경상사고,0,0,2,0,차대차 - 추돌,안전운전불이행,건조,맑음,단일로 - 기타,승용,남,52세,경상,승용,남,50세,경상
2017101100100159,2017년 10월 11일 08시,수요일,경상남도 양산시 물금읍,부상신고사고,0,0,0,3,차대차 - 측면충돌,차로위반,건조,맑음,단일로 - 기타,승용,남,58세,상해없음,화물,남,37세,부상신고
2017101100100218,2017년 10월 11일 10시,수요일,경상남도 김해시 삼계동,중상사고,0,1,0,0,차량단독 - 기타,안전운전불이행,건조,맑음,기타 - 기타,원동기,남,56세,중상,,,,
2017101100100219,2017년 10월 11일 10시,수요일,경상남도 양산시 중부동,경상사고,0,0,1,1,차대차 - 측면충돌,신호위반,건조,맑음,교차로 - 교차로안,승용,여,48세,부상신고,승용,여,56세,경상
2017101100100256,2017년 10월 11일 11시,수요일,경상남도 양산시 유산동,중상사고,0,2,0,0,차대차 - 측면충돌,중앙선침범,건조,맑음,단일로 - 기타,화물,여,52세,상해없음,화물,남,36세,중상
2017101100100257,2017년 10월 11일 11시,수요일,경상남도 김해시 풍유동,중상사고,0,4,0,0,차대차 - 측면충돌,안전운전불이행,건조,흐림,교차로 - 교차로부근,승용,여,44세,상해없음,승용,여,64세,중상
2017101100100279,2017년 10월 11일 12시,수요일,경상남도 거제시 하청면,경상사고,0,0,1,0,차대차 - 기타,안전운전불이행,건조,맑음,단일로 - 기타,승용,여,50세,상해없음,농기계,남,73세,경상
2017101100100280,2017년 10월 11일 12시,수요일,경상남도 함안군 대산면,경상사고,0,0,1,0,차대사람 - 횡단중,안전운전불이행,건조,맑음,단일로 - 기타,화물,남,53세,상해없음,보행자,여,77세,경상
2017101100100330,2017년 10월 11일 14시,수요일,경상남도 사천시 용강동,경상사고,0,0,2,0,차대차 - 측면충돌,안전운전불이행,건조,맑음,단일로 - 기타,승용,남,55세,상해없음,승용,여,59세,경상
2017101100100356,2017년 10월 11일 15시,수요일,경상남도 거제시 상동동,경상사고,0,0,1,0,차대차 - 기타,교차로운행방법위반,건조,맑음,교차로 - 교차로부근,화물,남,59세,상해없음,승용,남,62세,경상
2017101100100385,2017년 10월 11일 16시,수요일,경상남도 창원시 의창구 북면,경상사고,0,0,3,0,차대차 - 기타,안전거리미확보,건조,맑음,단일로 - 기타,승용,남,76세,상해없음,승용,남,43세,경상
2017101100100424,2017년 10월 11일 17시,수요일,경상남도 사천시 용현면,중상사고,0,1,0,0,차대차 - 측면충돌,안전운전불이행,건조,맑음,교차로 - 교차로안,승용,남,70세,상해없음,이륜,남,63세,중상
2017101100100464,2017년 10월 11일 18시,수요일,경상남도 밀양시 초동면,사망사고,1,0,0,0,차대사람 - 길가장자리구역통행중,안전운전불이행,건조,맑음,단일로 - 기타,승용,여,58세,상해없음,보행자,여,74세,사망
2017101100100503,2017년 10월 11일 19시,수요일,경상남도 창원시 마산합포구 진동면,중상사고,0,1,0,0,차량단독 - 기타,안전운전불이행,건조,맑음,단일로 - 기타,승합,남,47세,상해없음,,,,
2017101100100504,2017년 10월 11일 19시,수요일,경상남도 사천시 사천읍,경상사고,0,0,1,0,차대차 - 측면충돌,신호위반,건조,맑음,교차로 - 교차로안,승용,남,39세,상해없음,승용,남,49세,경상
2017101100100505,2017년 10월 11일 19시,수요일,경상남도 양산시 삼호동,경상사고,0,0,1,0,차대사람 - 횡단중,안전운전불이행,건조,맑음,교차로 - 교차로안,승합,남,60세,상해없음,보행자,남,56세,경상
2017101100100506,2017년 10월 11일 19시,수요일,경상남도 김해시 진영읍,경상사고,0,0,1,0,차대차 - 측면충돌,안전운전불이행,건조,맑음,단일로 - 기타,기타불명,기타불명,미분류,기타불명,자전거,남,45세,경상
2017101100100537,2017년 10월 11일 20시,수요일,경상남도 진주시 상봉동,중상사고,0,2,0,0,차대사람 - 차도통행중,안전운전불이행,건조,맑음,단일로 - 기타,원동기,남,32세,중상,보행자,여,78세,중상
2017101100100538,2017년 10월 11일 20시,수요일,경상남도 통영시 욕지면,중상사고,0,1,0,0,차대사람 - 기타,안전운전불이행,건조,맑음,기타 - 기타,승용,남,49세,상해없음,보행자,남,55세,중상
2017101100100539,2017년 10월 11일 20시,수요일,경상남도 합천군 쌍백면,중상사고,0,2,1,0,차대차 - 측면충돌,안전운전불이행,건조,맑음,단일로 - 기타,승용,여,46세,경상,승용,남,22세,중상
2017101100100540,2017년 10월 11일 20시,수요일,경상남도 하동군 진교면,경상사고,0,0,1,0,차대차 - 측면충돌,교차로운행방법위반,건조,맑음,교차로 - 교차로안,승용,남,22세,상해없음,승용,여,28세,경상
2017101100100566,2017년 10월 11일 21시,수요일,경상남도 거제시 연초면,중상사고,0,1,0,0,차대차 - 기타,안전운전불이행,건조,맑음,기타 - 기타,승용,여,38세,상해없음,자전거,남,47세,중상
2017101100100567,2017년 10월 11일 21시,수요일,경상남도 김해시 삼문동,경상사고,0,0,2,0,차대차 - 추돌,안전운전불이행,건조,맑음,단일로 - 기타,승용,여,52세,상해없음,승용,남,23세,경상
2017101100100609,2017년 10월 11일 23시,수요일,경상남도 거제시 상동동,경상사고,0,0,3,0,차대차 - 기타,신호위반,건조,맑음,단일로 - 기타,화물,남,57세,상해없음,승용,남,51세,경상
2017101200100059,2017년 10월 12일 03시,목요일,경상남도 거제시 연초면,중상사고,0,1,0,0,차대사람 - 기타,안전운전불이행,건조,맑음,단일로 - 기타,승용,남,36세,상해없음,보행자,남,38세,중상
2017101200100082,2017년 10월 12일 06시,목요일,경상남도 거제시 옥포동,중상사고,0,1,0,0,차대차 - 기타,신호위반,건조,맑음,교차로 - 교차로안,승용,여,37세,상해없음,원동기,남,56세,중상
2017101200100083,2017년 10월 12일 06시,목요일,경상남도 김해시 대청동,부상신고사고,0,0,0,1,차량단독 - 전도전복,안전운전불이행,건조,맑음,단일로 - 기타,승용,여,26세,상해없음,미분류,미분류,미분류,미분류
2017101200100098,2017년 10월 12일 07시,목요일,경상남도 하동군 진교면,중상사고,0,1,0,0,차대차 - 측면충돌,신호위반,건조,맑음,교차로 - 교차로안,승용,남,39세,상해없음,승합,남,61세,상해없음
2017101200100193,2017년 10월 12일 10시,목요일,경상남도 양산시 삼호동,경상사고,0,0,1,0,차대차 - 기타,안전운전불이행,건조,맑음,단일로 - 기타,화물,남,64세,기타불명,승용,여,54세,경상
2017101200100212,2017년 10월 12일 11시,목요일,경상남도 김해시 대청동,경상사고,0,0,1,0,차대차 - 기타,안전운전불이행,건조,맑음,교차로 - 교차로부근,화물,남,30세,상해없음,승용,남,55세,상해없음
2017101200100250,2017년 10월 12일 12시,목요일,경상남도 창녕군 계성면,경상사고,0,0,1,1,차량단독 - 기타,안전운전불이행,젖음/습기,비,단일로 - 기타,승용,남,34세,부상신고,,,,
2017101200100251,2017년 10월 12일 12시,목요일,경상남도 거제시 장목면,경상사고,0,0,3,0,차대차 - 정면충돌,중앙선침범,젖음/습기,비,단일로 - 기타,승합,남,55세,상해없음,승용,여,32세,경상
2017101200100252,2017년 10월 12일 12시,목요일,경상남도 창원시 성산구 남산동,중상사고,0,1,0,0,차대차 - 측면충돌,신호위반,건조,맑음,교차로 - 교차로안,승용,남,55세,상해없음,승용,남,39세,중상
2017101200100279,2017년 10월 12일 13시,목요일,경상남도 김해시 봉황동,경상사고,0,0,1,0,차대차 - 측면충돌,직진우회전진행방해,젖음/습기,비,교차로 - 교차로안,자전거,남,56세,경상,화물,남,57세,상해없음
2017101200100318,2017년 10월 12일 14시,목요일,경상남도 진주시 상대동,중상사고,0,1,0,0,차대차 - 기타,신호위반,건조,맑음,교차로 - 교차로안,승용,남,57세,상해없음,이륜,남,32세,중상
2017101200100319,2017년 10월 12일 14시,목요일,경상남도 밀양시 내이동,경상사고,0,0,1,0,차대사람 - 차도통행중,안전운전불이행,젖음/습기,비,단일로 - 기타,승용,남,60세,기타불명,보행자,남,23세,경상
2017101200100344,2017년 10월 12일 15시,목요일,경상남도 김해시 외동,경상사고,0,0,1,0,차대차 - 측면충돌,안전운전불이행,젖음/습기,비,단일로 - 기타,이륜,남,36세,경상,승용,남,51세,상해없음
2017101200100380,2017년 10월 12일 16시,목요일,경상남도 김해시 삼방동,사망사고,1,0,0,0,차대차 - 기타,안전운전불이행,젖음/습기,비,교차로 - 교차로부근,화물,남,63세,사망,승용,남,28세,상해없음
2017101200100381,2017년 10월 12일 16시,목요일,경상남도 양산시 동면,경상사고,0,0,2,0,차대차 - 측면충돌,안전운전불이행,건조,맑음,교차로 - 교차로안,승용,여,42세,경상,승용,여,52세,경상
2017101200100382,2017년 10월 12일 16시,목요일,경상남도 창원시 성산구 신촌동,중상사고,0,1,0,0,차대차 - 측면충돌,신호위반,젖음/습기,비,교차로 - 교차로안,승용,남,26세,상해없음,승용,남,33세,중상
2017101200100383,2017년 10월 12일 16시,목요일,경상남도 창원시 의창구 봉곡동,경상사고,0,0,1,0,차대사람 - 기타,안전운전불이행,젖음/습기,비,단일로 - 기타,승용,남,54세,상해없음,보행자,남,14세,경상
2017101200100417,2017년 10월 12일 17시,목요일,경상남도 사천시 사천읍,경상사고,0,0,2,0,차대차 - 측면충돌,직진우회전진행방해,젖음/습기,비,교차로 - 교차로안,승용,남,48세,상해없음,승용,여,37세,경상
2017101200100418,2017년 10월 12일 17시,목요일,경상남도 창녕군 창녕읍,경상사고,0,0,1,0,차대차 - 측면충돌,신호위반,젖음/습기,비,교차로 - 교차로안,승합,남,59세,상해없음,화물,남,56세,경상
2017101200100462,2017년 10월 12일 18시,목요일,경상남도 창원시 진해구 이동,경상사고,0,0,1,0,차대사람 - 차도통행중,안전운전불이행,젖음/습기,비,단일로 - 기타,승용,남,27세,상해없음,보행자,여,54세,경상
2017101200100463,2017년 10월 12일 18시,목요일,경상남도 거제시 장평동,경상사고,0,0,1,0,차대차 - 추돌,안전운전불이행,젖음/습기,비,단일로 - 기타,승용,남,45세,상해없음,승용,여,31세,경상
2017101200100464,2017년 10월 12일 18시,목요일,경상남도 창원시 성산구 중앙동,경상사고,0,0,1,0,차대차 - 추돌,안전운전불이행,건조,맑음,단일로 - 기타,승용,남,60세,상해없음,승용,여,40세,경상
2017101200100465,2017년 10월 12일 18시,목요일,경상남도 창원시 성산구 가음동,중상사고,0,1,0,0,차대사람 - 횡단중,안전운전불이행,서리/결빙,비,교차로 - 교차로횡단보도내,승용,남,29세,상해없음,보행자,여,88세,중상
2017101200100466,2017년 10월 12일 18시,목요일,경상남도 창원시 의창구 봉곡동,경상사고,0,0,2,0,차대차 - 측면충돌,신호위반,건조,맑음,교차로 - 교차로안,승용,여,49세,상해없음,승용,남,55세,경상
2017101200100518,2017년 10월 12일 19시,목요일,경상남도 김해시 어방동,경상사고,0,0,1,0,차대차 - 측면충돌,중앙선침범,젖음/습기,비,단일로 - 기타,승용,남,38세,상해없음,이륜,남,20세,경상