사고번호,사고일시,요일,시군구,사고내용,사망자수,중상자수,경상자수,부상신고자수,사고유형,법규위반,노면상태,기상상태,도로형태,가해운전자 차종,가해운전자 성별,가해운전자 연령,가해운전자 상해정도,피해운전자 차종,피해운전자 성별,피해운전자 연령,피해운전자 상해정도
2017101200100519,2017년 10월 12일 19시,목요일,경상남도 김해시 외동,중상사고,0,1,0,0,차대차 - 측면충돌,신호위반,젖음/습기,비,교차로 - 교차로안,승용,남,56세,상해없음,승용,남,40세,중상
2017101200100520,2017년 10월 12일 19시,목요일,경상남도 양산시 중부동,경상사고,0,0,1,0,차대사람 - 기타,보행자보호의무위반,젖음/습기,비,교차로 - 교차로횡단보도내,기타불명,기타불명,미분류,기타불명,보행자,여,17세,경상
2017101200100521,2017년 10월 12일 19시,목요일,경상남도 고성군 고성읍,중상사고,0,3,5,0,차대차 - 추돌,안전거리미확보,젖음/습기,비,단일로 - 기타,화물,남,66세,상해없음,승용,남,55세,경상
2017101200100551,2017년 10월 12일 20시,목요일,경상남도 양산시 물금읍,경상사고,0,0,1,0,차대차 - 추돌,안전운전불이행,건조,맑음,교차로 - 교차로부근,승용,여,40세,상해없음,승용,남,27세,경상
2017101200100573,2017년 10월 12일 21시,목요일,경상남도 창원시 마산합포구 중앙동1가,중상사고,0,1,0,0,차대사람 - 횡단중,안전운전불이행,젖음/습기,비,단일로 - 기타,승용,남,30세,상해없음,보행자,남,56세,중상
2017101200100574,2017년 10월 12일 21시,목요일,경상남도 진주시 내동면,경상사고,0,0,1,0,차대차 - 측면충돌,안전운전불이행,건조,맑음,교차로 - 교차로부근,승용,남,42세,상해없음,승용,여,31세,경상
2017101200100575,2017년 10월 12일 21시,목요일,경상남도 통영시 미수동,경상사고,0,0,1,0,차대차 - 추돌,안전운전불이행,젖음/습기,비,단일로 - 교량,승용,남,38세,상해없음,승용,여,30세,경상
2017101200100576,2017년 10월 12일 21시,목요일,경상남도 거제시 고현동,경상사고,0,0,1,0,차대차 - 추돌,안전거리미확보,젖음/습기,비,교차로 - 교차로부근,승용,여,34세,상해없음,승용,여,48세,경상
2017101200100577,2017년 10월 12일 21시,목요일,경상남도 창원시 성산구 반림동,경상사고,0,0,1,0,차대차 - 기타,안전운전불이행,건조,맑음,단일로 - 기타,승용,남,57세,상해없음,자전거,남,54세,경상
2017101200100606,2017년 10월 12일 22시,목요일,경상남도 양산시 물금읍,경상사고,0,0,2,0,차대차 - 측면충돌,안전운전불이행,젖음/습기,비,교차로 - 교차로안,승용,남,37세,상해없음,승용,남,72세,경상
2017101300100031,2017년 10월 13일 00시,금요일,경상남도 거제시 옥포동,경상사고,0,0,1,0,차대차 - 측면충돌,안전운전불이행,건조,맑음,기타 - 기타,승용,여,41세,상해없음,승용,남,39세,경상
2017101300100039,2017년 10월 13일 01시,금요일,경상남도 창녕군 대지면,경상사고,0,0,1,0,차대차 - 추돌,안전운전불이행,젖음/습기,비,교차로 - 교차로안,화물,남,54세,상해없음,화물,남,41세,경상
2017101300100040,2017년 10월 13일 01시,금요일,경상남도 창원시 의창구 봉곡동,경상사고,0,0,1,0,차대차 - 측면충돌,안전운전불이행,건조,맑음,단일로 - 기타,승용,남,46세,상해없음,승용,남,69세,경상
2017101300100050,2017년 10월 13일 02시,금요일,경상남도 김해시 삼문동,중상사고,0,1,2,0,차대차 - 측면충돌,신호위반,건조,맑음,교차로 - 교차로안,승용,여,51세,경상,승용,여,35세,중상
2017101300100058,2017년 10월 13일 03시,금요일,경상남도 김해시 진영읍,중상사고,0,2,0,0,차대차 - 추돌,안전운전불이행,건조,맑음,단일로 - 기타,승용,남,56세,중상,승용,남,49세,상해없음
2017101300100073,2017년 10월 13일 05시,금요일,경상남도 거제시 고현동,중상사고,0,1,0,0,차대사람 - 횡단중,안전운전불이행,건조,맑음,교차로 - 교차로횡단보도내,승용,여,44세,상해없음,보행자,여,84세,중상
2017101300100074,2017년 10월 13일 05시,금요일,경상남도 창원시 의창구 서상동,경상사고,0,0,1,0,차대차 - 기타,안전운전불이행,건조,맑음,단일로 - 기타,승용,남,62세,상해없음,승합,남,49세,상해없음
2017101300100091,2017년 10월 13일 06시,금요일,경상남도 양산시 북부동,중상사고,0,1,0,0,차대차 - 측면충돌,안전운전불이행,건조,맑음,교차로 - 교차로안,승용,남,52세,상해없음,자전거,여,66세,중상
2017101300100122,2017년 10월 13일 07시,금요일,경상남도 김해시 어방동,경상사고,0,0,1,0,차대사람 - 기타,안전운전불이행,건조,맑음,단일로 - 기타,승용,남,70세,기타불명,보행자,여,15세,경상
2017101300100163,2017년 10월 13일 08시,금요일,경상남도 양산시 신기동,경상사고,0,0,1,0,차대차 - 측면충돌,중앙선침범,건조,맑음,교차로 - 교차로안,승합,남,76세,상해없음,승용,남,38세,경상
2017101300100203,2017년 10월 13일 09시,금요일,경상남도 진주시 칠암동,중상사고,0,1,0,0,차대차 - 측면충돌,안전거리미확보,건조,맑음,교차로 - 교차로안,승용,남,63세,상해없음,승용,남,30세,중상
2017101300100204,2017년 10월 13일 09시,금요일,경상남도 통영시 도천동,경상사고,0,0,3,0,차대차 - 측면충돌,안전운전불이행,건조,맑음,단일로 - 기타,승용,여,58세,상해없음,승용,남,44세,경상
2017101300100205,2017년 10월 13일 09시,금요일,경상남도 고성군 하이면,중상사고,0,1,0,0,차대차 - 측면충돌,중앙선침범,건조,맑음,단일로 - 기타,승합,남,59세,상해없음,이륜,남,68세,중상
2017101300100233,2017년 10월 13일 10시,금요일,경상남도 창원시 진해구 충무동,경상사고,0,0,1,0,차대사람 - 차도통행중,안전운전불이행,건조,맑음,단일로 - 기타,승용,여,73세,상해없음,보행자,남,78세,경상
2017101300100234,2017년 10월 13일 10시,금요일,경상남도 통영시 용남면,경상사고,0,0,2,0,차대차 - 추돌,안전운전불이행,건조,맑음,단일로 - 기타,건설기계,남,63세,상해없음,승용,여,49세,경상
2017101300100235,2017년 10월 13일 10시,금요일,경상남도 밀양시 상남면,중상사고,0,1,0,0,차대차 - 기타,안전운전불이행,건조,맑음,교차로 - 교차로횡단보도내,승용,남,70세,상해없음,자전거,남,48세,중상
2017101300100236,2017년 10월 13일 10시,금요일,경상남도 김해시 부원동,경상사고,0,0,1,0,차대차 - 추돌,안전거리미확보,건조,맑음,단일로 - 기타,화물,남,60세,상해없음,승용,여,58세,경상
2017101300100237,2017년 10월 13일 10시,금요일,경상남도 창원시 의창구 봉곡동,경상사고,0,0,1,0,차대차 - 기타,안전운전불이행,건조,맑음,단일로 - 기타,기타불명,기타불명,미분류,기타불명,자전거,남,75세,경상
2017101300100267,2017년 10월 13일 11시,금요일,경상남도 창녕군 유어면,중상사고,0,1,0,0,차량단독 - 전도전복,안전운전불이행,건조,맑음,단일로 - 기타,이륜,여,53세,중상,미분류,미분류,미분류,미분류
2017101300100268,2017년 10월 13일 11시,금요일,경상남도 산청군 산청읍,경상사고,0,0,2,0,차대차 - 측면충돌,중앙선침범,건조,맑음,단일로 - 기타,농기계,남,73세,경상,승용,남,46세,상해없음
2017101300100293,2017년 10월 13일 12시,금요일,경상남도 거제시 고현동,경상사고,0,0,3,0,차대차 - 기타,불법유턴,건조,맑음,단일로 - 기타,승용,여,60세,상해없음,승용,여,50세,경상
2017101300100355,2017년 10월 13일 14시,금요일,경상남도 거창군 거창읍,중상사고,0,1,0,0,차대사람 - 기타,안전운전불이행,건조,맑음,단일로 - 기타,화물,남,76세,상해없음,보행자,남,84세,중상
2017101300100356,2017년 10월 13일 14시,금요일,경상남도 함안군 대산면,경상사고,0,0,1,0,차대차 - 추돌,안전운전불이행,건조,맑음,교차로 - 교차로안,화물,남,63세,상해없음,승용,여,47세,경상
2017101300100397,2017년 10월 13일 15시,금요일,경상남도 김해시 내동,중상사고,0,1,1,0,차대차 - 측면충돌,신호위반,건조,맑음,교차로 - 교차로안,승용,남,45세,상해없음,이륜,남,36세,중상
2017101300100442,2017년 10월 13일 16시,금요일,경상남도 김해시 내동,중상사고,0,1,0,0,차대차 - 측면충돌,안전운전불이행,건조,맑음,교차로 - 교차로안,승용,여,43세,상해없음,이륜,남,26세,중상
2017101300100489,2017년 10월 13일 17시,금요일,경상남도 사천시 향촌동,사망사고,1,0,0,0,차대차 - 측면충돌,신호위반,건조,맑음,교차로 - 교차로안,원동기,남,82세,사망,승용,남,29세,상해없음
2017101300100490,2017년 10월 13일 17시,금요일,경상남도 합천군 삼가면,경상사고,0,0,1,0,차량단독 - 공작물충돌,안전운전불이행,건조,맑음,단일로 - 기타,화물,남,58세,경상,,,,
2017101300100491,2017년 10월 13일 17시,금요일,경상남도 거제시 아주동,경상사고,0,0,1,0,차대차 - 기타,차로위반,건조,맑음,단일로 - 기타,승용,남,62세,상해없음,승용,남,52세,경상
2017101300100546,2017년 10월 13일 18시,금요일,경상남도 창원시 마산합포구 진전면,경상사고,0,0,3,0,차대차 - 추돌,안전거리미확보,건조,맑음,단일로 - 기타,승용,남,71세,경상,승용,남,37세,경상
2017101300100547,2017년 10월 13일 18시,금요일,경상남도 진주시 망경동,사망사고,1,0,0,0,차대사람 - 횡단중,안전운전불이행,건조,맑음,단일로 - 기타,승용,여,65세,상해없음,보행자,여,73세,사망
2017101300100548,2017년 10월 13일 18시,금요일,경상남도 양산시 물금읍,중상사고,0,1,0,0,차량단독 - 기타,기타,건조,맑음,단일로 - 기타,승합,남,53세,상해없음,,,,
2017101300100598,2017년 10월 13일 19시,금요일,경상남도 양산시 중부동,경상사고,0,0,1,0,차대차 - 측면충돌,신호위반,건조,맑음,교차로 - 교차로안,승용,남,58세,상해없음,자전거,남,9세,경상
2017101300100599,2017년 10월 13일 19시,금요일,경상남도 양산시 동면,중상사고,0,1,3,0,차대차 - 추돌,안전운전불이행,건조,맑음,단일로 - 기타,화물,남,49세,상해없음,승합,남,32세,중상
2017101300100600,2017년 10월 13일 19시,금요일,경상남도 김해시 진영읍,중상사고,0,1,0,0,차대사람 - 횡단중,안전운전불이행,건조,맑음,단일로 - 기타,승합,남,24세,상해없음,보행자,남,30세,중상
2017101300100653,2017년 10월 13일 21시,금요일,경상남도 창원시 마산합포구 교방동,경상사고,0,0,1,0,차대차 - 측면충돌,안전운전불이행,건조,맑음,단일로 - 기타,승용,여,43세,상해없음,건설기계,남,62세,기타불명
2017101300100683,2017년 10월 13일 22시,금요일,경상남도 진주시 칠암동,경상사고,0,0,1,0,차대사람 - 횡단중,보행자보호의무위반,건조,맑음,단일로 - 기타,원동기,남,16세,상해없음,보행자,여,34세,경상
2017101300100684,2017년 10월 13일 22시,금요일,경상남도 거창군 거창읍,중상사고,0,1,0,0,차대사람 - 기타,안전운전불이행,건조,맑음,단일로 - 기타,이륜,남,17세,상해없음,보행자,여,43세,중상
2017101400100070,2017년 10월 14일 03시,토요일,경상남도 하동군 진교면,경상사고,0,0,1,0,차량단독 - 도로외이탈 - 기타,안전운전불이행,건조,맑음,단일로 - 기타,특수,남,34세,경상,,,,
2017101400100071,2017년 10월 14일 03시,토요일,경상남도 거제시 연초면,중상사고,0,2,0,0,차대차 - 기타,신호위반,건조,맑음,교차로 - 교차로안,이륜,남,62세,중상,승용,여,42세,중상
2017101400100118,2017년 10월 14일 06시,토요일,경상남도 진주시 강남동,사망사고,1,0,0,0,차대사람 - 차도통행중,안전운전불이행,건조,맑음,단일로 - 기타,화물,여,53세,상해없음,보행자,남,18세,사망
2017101400100119,2017년 10월 14일 06시,토요일,경상남도 양산시 동면,중상사고,0,1,0,0,차대차 - 기타,안전운전불이행,건조,맑음,단일로 - 기타,승용,남,59세,상해없음,승용,남,47세,중상
2017101400100134,2017년 10월 14일 07시,토요일,경상남도 통영시 도남동,중상사고,0,1,0,0,차대사람 - 횡단중,안전운전불이행,건조,맑음,단일로 - 기타,승용,남,75세,상해없음,보행자,여,59세,중상
2017101400100168,2017년 10월 14일 09시,토요일,경상남도 양산시 동면,경상사고,0,0,2,0,차대차 - 측면충돌,신호위반,건조,맑음,교차로 - 교차로안,승용,여,44세,상해없음,승용,남,44세,경상
2017101400100169,2017년 10월 14일 09시,토요일,경상남도 창원시 의창구 팔용동,경상사고,0,0,1,0,차대차 - 기타,안전운전불이행,건조,맑음,단일로 - 기타,건설기계,남,53세,상해없음,승용,여,60세,경상
2017101400100208,2017년 10월 14일 10시,토요일,경상남도 함양군 안의면,부상신고사고,0,0,0,1,차량단독 - 도로외이탈 - 추락,안전운전불이행,젖음/습기,맑음,단일로 - 기타,화물,남,60세,부상신고,,,,
2017101400100276,2017년 10월 14일 12시,토요일,경상남도 창원시 마산회원구 회성동,경상사고,0,0,2,0,차대차 - 기타,안전운전불이행,건조,맑음,교차로 - 교차로부근,특수,남,58세,상해없음,승용,여,39세,경상
2017101400100316,2017년 10월 14일 13시,토요일,경상남도 김해시 삼계동,중상사고,0,2,3,0,차대차 - 측면충돌,안전거리미확보,건조,맑음,단일로 - 기타,승용,여,29세,경상,승용,남,31세,경상
2017101400100317,2017년 10월 14일 13시,토요일,경상남도 양산시 상북면,중상사고,0,1,0,0,차대차 - 측면충돌,안전운전불이행,건조,맑음,단일로 - 교량,화물,남,41세,상해없음,이륜,남,25세,중상
2017101400100355,2017년 10월 14일 14시,토요일,경상남도 진주시 유곡동,경상사고,0,0,1,0,차대차 - 기타,안전운전불이행,건조,맑음,교차로 - 교차로안,원동기,남,20세,경상,승용,남,62세,상해없음
2017101400100356,2017년 10월 14일 14시,토요일,경상남도 진주시 금곡면,중상사고,0,2,0,0,차대차 - 기타,기타,건조,맑음,교차로 - 교차로안,승용,남,61세,중상,승용,여,41세,중상
2017101400100394,2017년 10월 14일 15시,토요일,경상남도 사천시 선구동,중상사고,0,1,0,0,차대차 - 기타,안전운전불이행,건조,맑음,단일로 - 기타,원동기,남,80세,상해없음,원동기,남,44세,중상
2017101400100395,2017년 10월 14일 15시,토요일,경상남도 김해시 외동,중상사고,0,1,0,0,차대사람 - 기타,안전운전불이행,건조,맑음,단일로 - 기타,자전거,남,30세,상해없음,보행자,여,36세,중상
2017101400100396,2017년 10월 14일 15시,토요일,경상남도 거창군 거창읍,중상사고,0,1,0,0,차대차 - 측면충돌,안전운전불이행,건조,맑음,교차로 - 교차로안,승용,여,69세,상해없음,자전거,남,76세,중상
2017101400100466,2017년 10월 14일 17시,토요일,경상남도 김해시 봉황동,중상사고,0,1,0,0,차대차 - 기타,안전운전불이행,건조,맑음,교차로 - 교차로안,승용,남,35세,상해없음,자전거,여,69세,중상
2017101400100467,2017년 10월 14일 17시,토요일,경상남도 거창군 거창읍,부상신고사고,0,0,0,1,차대차 - 측면충돌,중앙선침범,건조,맑음,단일로 - 기타,승용,여,36세,상해없음,승합,여,54세,부상신고
2017101400100468,2017년 10월 14일 17시,토요일,경상남도 창원시 마산회원구 회원동,경상사고,0,0,1,0,차대사람 - 길가장자리구역통행중,안전운전불이행,건조,맑음,단일로 - 기타,승용,남,67세,상해없음,보행자,여,70세,경상
2017101400100512,2017년 10월 14일 18시,토요일,경상남도 진주시 진성면,경상사고,0,0,1,0,차대차 - 추돌,안전운전불이행,건조,맑음,단일로 - 기타,승용,남,44세,상해없음,농기계,남,61세,경상
2017101400100513,2017년 10월 14일 18시,토요일,경상남도 통영시 북신동,경상사고,0,0,1,0,차대차 - 기타,안전거리미확보,건조,맑음,교차로 - 교차로안,승용,남,49세,상해없음,승용,남,52세,상해없음
2017101400100514,2017년 10월 14일 18시,토요일,경상남도 김해시 외동,경상사고,0,0,1,0,차대차 - 기타,안전운전불이행,건조,맑음,단일로 - 기타,원동기,남,17세,경상,화물,남,50세,상해없음
2017101400100548,2017년 10월 14일 19시,토요일,경상남도 사천시 사천읍,경상사고,0,0,1,0,차대차 - 추돌,안전운전불이행,건조,맑음,단일로 - 기타,화물,남,64세,상해없음,승용,남,40세,경상
2017101400100587,2017년 10월 14일 20시,토요일,경상남도 거제시 사등면,경상사고,0,0,1,0,차대차 - 기타,안전거리미확보,건조,맑음,단일로 - 기타,승용,여,34세,상해없음,승용,여,34세,상해없음
2017101400100588,2017년 10월 14일 20시,토요일,경상남도 김해시 진영읍,경상사고,0,0,1,0,차대차 - 추돌,안전운전불이행,건조,맑음,단일로 - 기타,승용,남,52세,상해없음,화물,남,51세,경상
2017101400100618,2017년 10월 14일 21시,토요일,경상남도 양산시 평산동,경상사고,0,0,1,0,차대차 - 측면충돌,교차로운행방법위반,건조,맑음,교차로 - 교차로안,승용,남,43세,상해없음,승용,남,34세,경상
2017101400100619,2017년 10월 14일 21시,토요일,경상남도 거제시 상동동,경상사고,0,0,1,0,차대차 - 후진중충돌,안전운전불이행,건조,맑음,주차장 - 주차장,화물,여,58세,상해없음,승용,여,33세,경상
2017101400100639,2017년 10월 14일 22시,토요일,경상남도 김해시 구산동,경상사고,0,0,1,0,차량단독 - 기타,기타,건조,맑음,단일로 - 기타,승용,남,52세,상해없음,,,,
2017101400100664,2017년 10월 14일 23시,토요일,경상남도 창원시 성산구 상남동,중상사고,0,1,0,0,차대사람 - 횡단중,신호위반,건조,맑음,교차로 - 교차로횡단보도내,승용,남,57세,상해없음,보행자,남,23세,중상
2017101500100060,2017년 10월 15일 02시,일요일,경상남도 거창군 거창읍,중상사고,0,1,0,0,차대차 - 기타,안전운전불이행,건조,맑음,단일로 - 기타,이륜,남,16세,중상,승용,남,48세,기타불명
2017101500100061,2017년 10월 15일 02시,일요일,경상남도 창원시 의창구 북면,중상사고,0,1,0,0,차대차 - 기타,안전운전불이행,건조,맑음,단일로 - 기타,승용,여,52세,상해없음,승용,남,27세,중상
2017101500100103,2017년 10월 15일 06시,일요일,경상남도 김해시 삼정동,경상사고,0,0,1,0,차대사람 - 기타,안전운전불이행,젖음/습기,비,교차로 - 교차로안,화물,남,44세,상해없음,보행자,남,57세,경상
2017101500100104,2017년 10월 15일 06시,일요일,경상남도 양산시 북부동,경상사고,0,0,1,0,차대차 - 측면충돌,신호위반,젖음/습기,비,교차로 - 교차로안,승용,남,65세,상해없음,화물,남,57세,경상
2017101500100140,2017년 10월 15일 09시,일요일,경상남도 함양군 함양읍,경상사고,0,0,2,0,차대차 - 정면충돌,안전운전불이행,건조,맑음,단일로 - 기타,승용,여,21세,경상,승용,남,56세,경상
2017101500100155,2017년 10월 15일 10시,일요일,경상남도 창원시 의창구 명서동,경상사고,0,0,1,0,차대차 - 추돌,안전운전불이행,젖음/습기,흐림,단일로 - 기타,승용,남,54세,상해없음,승용,여,56세,경상
2017101500100169,2017년 10월 15일 11시,일요일,경상남도 창원시 마산합포구 해운동,중상사고,0,2,0,0,차대차 - 정면충돌,신호위반,젖음/습기,흐림,교차로 - 교차로안,승용,여,60세,상해없음,승용,남,46세,중상
2017101500100170,2017년 10월 15일 11시,일요일,경상남도 진주시 가좌동,경상사고,0,0,1,0,차대차 - 측면충돌,안전거리미확보,건조,맑음,교차로 - 교차로부근,승용,여,43세,경상,승용,남,37세,상해없음
2017101500100194,2017년 10월 15일 12시,일요일,경상남도 밀양시 내이동,중상사고,0,2,0,0,차대차 - 측면충돌,신호위반,건조,맑음,교차로 - 교차로안,승용,남,67세,상해없음,승용,남,60세,중상
2017101500100218,2017년 10월 15일 13시,일요일,경상남도 창원시 진해구 서중동,중상사고,0,1,1,0,차대차 - 추돌,안전운전불이행,건조,맑음,단일로 - 기타,승용,남,61세,상해없음,승용,남,28세,중상
2017101500100219,2017년 10월 15일 13시,일요일,경상남도 양산시 물금읍,부상신고사고,0,0,0,1,차대차 - 기타,안전거리미확보,젖음/습기,비,단일로 - 기타,이륜,남,36세,부상신고,승용,남,56세,상해없음
2017101500100283,2017년 10월 15일 15시,일요일,경상남도 창녕군 남지읍,중상사고,0,1,0,0,차대차 - 기타,안전운전불이행,건조,맑음,교차로 - 교차로부근,이륜,남,74세,중상,승용,여,41세,상해없음
2017101500100284,2017년 10월 15일 15시,일요일,경상남도 창녕군 영산면,중상사고,0,1,0,0,차대차 - 기타,안전운전불이행,건조,맑음,교차로 - 교차로안,화물,여,57세,상해없음,이륜,여,54세,중상
2017101500100298,2017년 10월 15일 16시,일요일,경상남도 양산시 다방동,중상사고,0,4,0,0,차대차 - 추돌,안전운전불이행,젖음/습기,비,단일로 - 기타,화물,여,59세,상해없음,승용,여,39세,중상
2017101500100312,2017년 10월 15일 16시,일요일,경상남도 밀양시 내이동,중상사고,0,1,0,0,차대사람 - 차도통행중,안전운전불이행,건조,맑음,단일로 - 기타,승용,여,63세,상해없음,보행자,여,73세,중상
2017101500100338,2017년 10월 15일 17시,일요일,경상남도 창원시 마산합포구 신포동1가,중상사고,0,1,0,0,차대차 - 기타,교차로운행방법위반,젖음/습기,흐림,교차로 - 교차로안,화물,남,36세,상해없음,승용,남,65세,상해없음
2017101500100339,2017년 10월 15일 17시,일요일,경상남도 양산시 중부동,경상사고,0,0,1,1,차대차 - 추돌,안전운전불이행,젖음/습기,비,단일로 - 기타,승용,남,48세,부상신고,승용,남,51세,경상
2017101500100380,2017년 10월 15일 18시,일요일,경상남도 창원시 마산합포구 해운동,중상사고,0,1,0,0,차대사람 - 횡단중,안전운전불이행,젖음/습기,비,단일로 - 기타,승용,여,53세,상해없음,보행자,여,75세,중상
2017101500100381,2017년 10월 15일 18시,일요일,경상남도 진주시 평거동,경상사고,0,0,1,0,차대사람 - 기타,신호위반,젖음/습기,비,교차로 - 교차로안,승용,남,54세,상해없음,보행자,남,52세,경상
2017101500100382,2017년 10월 15일 18시,일요일,경상남도 창원시 성산구 중앙동,중상사고,0,1,0,0,차대사람 - 차도통행중,신호위반,젖음/습기,비,단일로 - 기타,승용,남,35세,상해없음,보행자,여,25세,중상
2017101500100411,2017년 10월 15일 19시,일요일,경상남도 양산시 중부동,중상사고,0,1,0,0,차대차 - 측면충돌,기타,젖음/습기,맑음,단일로 - 기타,승용,남,53세,상해없음,이륜,남,24세,중상
2017101500100441,2017년 10월 15일 20시,일요일,경상남도 거제시 양정동,경상사고,0,0,1,0,차대차 - 측면충돌,직진우회전진행방해,젖음/습기,비,교차로 - 교차로안,승용,남,21세,상해없음,승용,남,37세,경상
2017101500100442,2017년 10월 15일 20시,일요일,경상남도 창원시 마산회원구 합성동,중상사고,0,1,0,0,차대사람 - 기타,안전운전불이행,건조,맑음,기타 - 기타,승용,남,61세,상해없음,보행자,남,63세,중상
2017101500100443,2017년 10월 15일 20시,일요일,경상남도 김해시 진례면,중상사고,0,1,0,0,차대사람 - 차도통행중,안전운전불이행,젖음/습기,흐림,교차로 - 교차로안,이륜,남,50세,상해없음,보행자,남,19세,중상
2017101500100473,2017년 10월 15일 21시,일요일,경상남도 거제시 옥포동,경상사고,0,0,3,0,차대차 - 기타,안전운전불이행,건조,맑음,교차로 - 교차로부근,승용,남,60세,상해없음,승용,남,48세,경상
2017101500100474,2017년 10월 15일 21시,일요일,경상남도 창원시 마산회원구 합성동,중상사고,0,1,4,0,차대차 - 기타,안전운전불이행,건조,맑음,단일로 - 기타,승용,여,34세,중상,승용,남,49세,경상
2017101500100505,2017년 10월 15일 23시,일요일,경상남도 거창군 거창읍,중상사고,0,1,0,0,차량단독 - 기타,안전운전불이행,건조,맑음,단일로 - 기타,이륜,남,17세,중상,,,,
2017101600100030,2017년 10월 16일 00시,월요일,경상남도 김해시 삼정동,경상사고,0,0,1,0,차대차 - 추돌,안전운전불이행,건조,맑음,단일로 - 기타,승용,남,20세,상해없음,승용,여,25세,경상
2017101600100062,2017년 10월 16일 05시,월요일,경상남도 합천군 봉산면,경상사고,0,0,1,0,차량단독 - 전도전복,안전운전불이행,건조,맑음,단일로 - 기타,승용,남,53세,경상,미분류,미분류,미분류,미분류
2017101600100090,2017년 10월 16일 07시,월요일,경상남도 진주시 대곡면,중상사고,0,2,0,0,차대차 - 측면충돌,중앙선침범,건조,맑음,단일로 - 기타,승용,여,53세,중상,승용,남,47세,중상
2017101600100091,2017년 10월 16일 07시,월요일,경상남도 밀양시 교동,경상사고,0,0,1,0,차대차 - 측면충돌,교차로운행방법위반,건조,맑음,교차로 - 교차로안,화물,남,51세,상해없음,승용,여,58세,경상
2017101600100125,2017년 10월 16일 08시,월요일,경상남도 진주시 계동,중상사고,0,1,0,0,차대사람 - 차도통행중,안전운전불이행,건조,맑음,단일로 - 기타,화물,남,42세,상해없음,보행자,남,62세,중상
2017101600100150,2017년 10월 16일 09시,월요일,경상남도 양산시 평산동,경상사고,0,0,1,0,차대차 - 정면충돌,중앙선침범,건조,맑음,단일로 - 기타,승용,여,42세,상해없음,승용,남,47세,경상
2017101600100205,2017년 10월 16일 11시,월요일,경상남도 창원시 마산합포구 예곡동,경상사고,0,0,1,0,차대차 - 측면충돌,신호위반,건조,맑음,교차로 - 교차로안,승용,남,72세,상해없음,승용,남,51세,경상
2017101600100206,2017년 10월 16일 11시,월요일,경상남도 창원시 마산합포구 현동,경상사고,0,0,1,0,차대차 - 측면충돌,신호위반,건조,맑음,교차로 - 교차로안,승용,남,64세,상해없음,승용,남,37세,경상
2017101600100207,2017년 10월 16일 11시,월요일,경상남도 창녕군 창녕읍,중상사고,0,1,2,0,차대차 - 측면충돌,안전운전불이행,건조,맑음,교차로 - 교차로부근,승용,여,79세,경상,화물,남,52세,경상
2017101600100239,2017년 10월 16일 12시,월요일,경상남도 창원시 마산합포구 남성동,경상사고,0,0,1,0,차대차 - 추돌,안전운전불이행,건조,맑음,교차로 - 교차로부근,승용,남,64세,상해없음,승용,남,54세,경상
2017101600100270,2017년 10월 16일 13시,월요일,경상남도 양산시 유산동,경상사고,0,0,1,0,차대차 - 기타,안전운전불이행,건조,맑음,단일로 - 기타,승용,여,55세,상해없음,승용,남,41세,상해없음
2017101600100271,2017년 10월 16일 13시,월요일,경상남도 거제시 장평동,중상사고,0,1,0,0,차대차 - 추돌,안전운전불이행,건조,맑음,단일로 - 기타,승용,남,25세,상해없음,이륜,여,31세,중상
2017101600100272,2017년 10월 16일 13시,월요일,경상남도 거제시 사등면,중상사고,0,1,0,0,차대사람 - 기타,안전운전불이행,건조,맑음,단일로 - 기타,승용,남,43세,상해없음,보행자,남,52세,중상
2017101600100273,2017년 10월 16일 13시,월요일,경상남도 창원시 마산회원구 회성동,경상사고,0,0,1,0,차대차 - 측면충돌,안전운전불이행,건조,맑음,단일로 - 기타,건설기계,남,51세,상해없음,이륜,남,40세,경상
2017101600100308,2017년 10월 16일 14시,월요일,경상남도 김해시 삼방동,중상사고,0,1,0,0,차대사람 - 횡단중,안전운전불이행,건조,맑음,단일로 - 기타,승용,여,43세,상해없음,보행자,남,4세,중상
2017101600100309,2017년 10월 16일 14시,월요일,경상남도 창원시 의창구 팔용동,경상사고,0,0,2,0,차대차 - 기타,안전운전불이행,건조,맑음,단일로 - 기타,특수,남,47세,기타불명,승용,남,67세,경상
2017101600100338,2017년 10월 16일 15시,월요일,경상남도 진주시 신안동,경상사고,0,0,1,0,차대사람 - 차도통행중,신호위반,건조,맑음,교차로 - 교차로횡단보도내,원동기,남,19세,상해없음,보행자,여,78세,경상
2017101600100339,2017년 10월 16일 15시,월요일,경상남도 거창군 거창읍,중상사고,0,1,0,0,차대사람 - 횡단중,보행자보호의무위반,건조,맑음,교차로 - 교차로안,승용,여,51세,상해없음,보행자,남,12세,중상
2017101600100340,2017년 10월 16일 15시,월요일,경상남도 남해군 삼동면,경상사고,0,0,1,0,차대차 - 추돌,안전운전불이행,건조,맑음,단일로 - 기타,승합,남,42세,상해없음,승용,남,59세,경상