사고번호,사고일시,요일,시군구,사고내용,사망자수,중상자수,경상자수,부상신고자수,사고유형,법규위반,노면상태,기상상태,도로형태,가해운전자 차종,가해운전자 성별,가해운전자 연령,가해운전자 상해정도,피해운전자 차종,피해운전자 성별,피해운전자 연령,피해운전자 상해정도
2017101600100373,2017년 10월 16일 16시,월요일,경상남도 거제시 사등면,사망사고,1,0,0,0,차량단독 - 공작물충돌,안전운전불이행,건조,맑음,단일로 - 기타,승용,남,58세,사망,,,,
2017101600100402,2017년 10월 16일 17시,월요일,경상남도 창원시 의창구 도계동,중상사고,0,1,0,0,차대차 - 측면충돌,안전거리미확보,건조,맑음,단일로 - 기타,승용,여,59세,상해없음,이륜,남,24세,중상
2017101600100454,2017년 10월 16일 18시,월요일,경상남도 사천시 송포동,경상사고,0,0,1,0,차대차 - 측면충돌,직진우회전진행방해,건조,맑음,교차로 - 교차로안,화물,남,67세,상해없음,화물,남,65세,경상
2017101600100455,2017년 10월 16일 18시,월요일,경상남도 김해시 어방동,경상사고,0,0,3,0,차대차 - 측면충돌,직진우회전진행방해,건조,맑음,교차로 - 교차로안,승용,남,57세,상해없음,승용,남,63세,상해없음
2017101600100456,2017년 10월 16일 18시,월요일,경상남도 거제시 두모동,중상사고,0,1,0,0,차대차 - 측면충돌,신호위반,건조,맑음,교차로 - 교차로부근,승용,여,52세,상해없음,승용,남,25세,중상
2017101600100507,2017년 10월 16일 19시,월요일,경상남도 통영시 광도면,경상사고,0,0,1,0,차대사람 - 횡단중,보행자보호의무위반,건조,맑음,교차로 - 교차로횡단보도내,승용,남,60세,상해없음,보행자,여,77세,경상
2017101600100508,2017년 10월 16일 19시,월요일,경상남도 함안군 가야읍,중상사고,0,1,0,0,차대차 - 측면충돌,신호위반,건조,맑음,교차로 - 교차로안,승용,남,31세,상해없음,승용,여,47세,중상
2017101600100509,2017년 10월 16일 19시,월요일,경상남도 창원시 마산회원구 내서읍,중상사고,0,1,1,0,차대차 - 정면충돌,신호위반,건조,맑음,교차로 - 교차로안,승용,여,55세,상해없음,승용,남,37세,경상
2017101600100510,2017년 10월 16일 19시,월요일,경상남도 김해시 관동동,경상사고,0,0,2,0,차대차 - 측면충돌,안전운전불이행,건조,맑음,교차로 - 교차로안,승용,남,62세,경상,승용,여,48세,경상
2017101600100537,2017년 10월 16일 20시,월요일,경상남도 통영시 북신동,경상사고,0,0,1,0,차대사람 - 횡단중,보행자보호의무위반,건조,맑음,교차로 - 교차로안,승용,여,22세,상해없음,보행자,여,44세,경상
2017101600100584,2017년 10월 16일 22시,월요일,경상남도 사천시 동금동,경상사고,0,0,1,0,차대차 - 측면충돌,직진우회전진행방해,건조,맑음,교차로 - 교차로안,이륜,남,16세,경상,승용,남,55세,상해없음
2017101700100040,2017년 10월 17일 01시,화요일,경상남도 김해시 봉황동,경상사고,0,0,2,0,차대차 - 기타,안전운전불이행,건조,맑음,단일로 - 기타,승용,남,41세,상해없음,승용,남,27세,경상
2017101700100115,2017년 10월 17일 07시,화요일,경상남도 창원시 마산합포구 교방동,중상사고,0,2,0,1,차대차 - 측면충돌,교차로운행방법위반,건조,맑음,교차로 - 교차로안,승용,여,62세,상해없음,승용,남,46세,중상
2017101700100116,2017년 10월 17일 07시,화요일,경상남도 진주시 금산면,중상사고,0,1,0,0,차대차 - 정면충돌,중앙선침범,건조,맑음,단일로 - 기타,승용,남,33세,상해없음,승합,남,66세,중상
2017101700100117,2017년 10월 17일 07시,화요일,경상남도 사천시 용현면,중상사고,0,2,4,0,차대차 - 추돌,과속,건조,맑음,단일로 - 기타,승용,여,26세,상해없음,승용,남,64세,경상
2017101700100118,2017년 10월 17일 07시,화요일,경상남도 밀양시 내일동,경상사고,0,0,2,0,차대차 - 측면충돌,교차로운행방법위반,건조,맑음,교차로 - 교차로안,승용,여,54세,상해없음,승용,남,47세,경상
2017101700100151,2017년 10월 17일 08시,화요일,경상남도 창원시 진해구 태백동,부상신고사고,0,0,0,1,차량단독 - 전도전복 - 전도,안전운전불이행,건조,맑음,단일로 - 기타,화물,남,44세,부상신고,,,,
2017101700100152,2017년 10월 17일 08시,화요일,경상남도 통영시 한산면,경상사고,0,0,3,0,차대차 - 측면충돌,안전운전불이행,건조,맑음,단일로 - 기타,승합,남,61세,상해없음,승용,남,51세,상해없음
2017101700100153,2017년 10월 17일 08시,화요일,경상남도 통영시 정량동,경상사고,0,0,1,0,차대차 - 측면충돌,안전운전불이행,건조,맑음,단일로 - 기타,승용,남,57세,상해없음,이륜,남,36세,경상
2017101700100154,2017년 10월 17일 08시,화요일,경상남도 양산시 물금읍,중상사고,0,1,0,0,차대차 - 측면충돌,신호위반,건조,맑음,교차로 - 교차로횡단보도내,화물,남,49세,상해없음,자전거,남,14세,중상
2017101700100195,2017년 10월 17일 09시,화요일,경상남도 창원시 진해구 여좌동,중상사고,0,1,0,0,차대사람 - 차도통행중,안전운전불이행,건조,맑음,단일로 - 기타,화물,남,31세,상해없음,보행자,남,55세,중상
2017101700100196,2017년 10월 17일 09시,화요일,경상남도 창원시 성산구 신촌동,경상사고,0,0,1,0,차대차 - 추돌,안전운전불이행,건조,맑음,단일로 - 기타,승용,여,57세,상해없음,화물,남,57세,경상
2017101700100238,2017년 10월 17일 10시,화요일,경상남도 통영시 도남동,중상사고,0,1,1,0,차대차 - 측면충돌,안전운전불이행,건조,맑음,교차로 - 교차로부근,화물,남,67세,상해없음,이륜,여,27세,경상
2017101700100239,2017년 10월 17일 10시,화요일,경상남도 양산시 북부동,경상사고,0,0,3,0,차대차 - 측면충돌,중앙선침범,건조,맑음,단일로 - 기타,승용,여,68세,상해없음,화물,남,54세,경상
2017101700100266,2017년 10월 17일 11시,화요일,경상남도 거제시 고현동,경상사고,0,0,1,0,차대차 - 기타,교차로운행방법위반,건조,맑음,교차로 - 교차로안,승용,남,21세,상해없음,승합,여,52세,상해없음
2017101700100390,2017년 10월 17일 15시,화요일,경상남도 통영시 광도면,중상사고,0,1,1,0,차대차 - 측면충돌,교차로운행방법위반,건조,맑음,교차로 - 교차로안,화물,남,71세,상해없음,승합,남,59세,상해없음
2017101700100427,2017년 10월 17일 16시,화요일,경상남도 밀양시 내일동,경상사고,0,0,1,0,차대사람 - 횡단중,보행자보호의무위반,건조,맑음,교차로 - 교차로횡단보도내,화물,남,38세,상해없음,보행자,남,70세,경상
2017101700100428,2017년 10월 17일 16시,화요일,경상남도 하동군 하동읍,경상사고,0,0,2,0,차대차 - 측면충돌,안전운전불이행,건조,맑음,교차로 - 교차로부근,화물,남,34세,경상,이륜,여,56세,경상
2017101700100429,2017년 10월 17일 16시,화요일,경상남도 거제시 상동동,경상사고,0,0,1,0,차대차 - 측면충돌,차로위반,건조,맑음,교차로 - 교차로안,승합,남,58세,상해없음,승용,여,30세,경상
2017101700100464,2017년 10월 17일 17시,화요일,경상남도 양산시 중부동,경상사고,0,0,1,0,차대차 - 측면충돌,안전운전불이행,건조,맑음,교차로 - 교차로횡단보도내,승용,남,61세,상해없음,자전거,남,16세,경상
2017101700100485,2017년 10월 17일 18시,화요일,경상남도 양산시 다방동,경상사고,0,0,1,0,차대차 - 기타,안전운전불이행,건조,맑음,단일로 - 기타,화물,남,48세,상해없음,승용,여,55세,경상
2017101700100524,2017년 10월 17일 18시,화요일,경상남도 통영시 북신동,중상사고,0,1,0,0,차대사람 - 횡단중,안전운전불이행,건조,맑음,단일로 - 기타,승용,남,30세,상해없음,보행자,남,70세,중상
2017101700100525,2017년 10월 17일 18시,화요일,경상남도 양산시 물금읍,중상사고,0,1,0,0,차대차 - 측면충돌,신호위반,건조,맑음,교차로 - 교차로안,승합,남,62세,상해없음,승용,남,32세,중상
2017101700100572,2017년 10월 17일 19시,화요일,경상남도 창원시 성산구 상남동,경상사고,0,0,1,0,차대차 - 추돌,안전운전불이행,건조,맑음,교차로 - 교차로부근,승용,남,48세,상해없음,승용,남,24세,경상
2017101700100599,2017년 10월 17일 20시,화요일,경상남도 김해시 내덕동,경상사고,0,0,3,1,차대차 - 추돌,안전운전불이행,건조,맑음,단일로 - 기타,승용,남,43세,부상신고,승합,남,34세,경상
2017101700100631,2017년 10월 17일 21시,화요일,경상남도 거제시 고현동,중상사고,0,1,0,0,차대차 - 기타,안전운전불이행,건조,맑음,기타 - 기타,승용,여,59세,기타불명,개인형이동수단(PM),남,14세,중상
2017101700100632,2017년 10월 17일 21시,화요일,경상남도 거제시 장평동,경상사고,0,0,1,0,차대차 - 정면충돌,안전운전불이행,건조,맑음,단일로 - 기타,자전거,남,34세,경상,자전거,남,24세,기타불명
2017101700100633,2017년 10월 17일 21시,화요일,경상남도 의령군 용덕면,중상사고,0,1,0,0,차대차 - 추돌,안전운전불이행,건조,맑음,단일로 - 기타,화물,남,58세,상해없음,농기계,남,37세,중상
2017101700100646,2017년 10월 17일 22시,화요일,경상남도 양산시 물금읍,경상사고,0,0,1,0,차대차 - 추돌,안전거리미확보,건조,맑음,단일로 - 기타,승용,남,34세,상해없음,승용,남,44세,경상
2017101700100653,2017년 10월 17일 22시,화요일,경상남도 거제시 아주동,중상사고,0,1,0,0,차대차 - 기타,중앙선침범,건조,맑음,단일로 - 기타,승용,남,63세,상해없음,이륜,남,38세,중상
2017101800100043,2017년 10월 18일 01시,수요일,경상남도 김해시 관동동,중상사고,0,1,0,0,차량단독 - 공작물충돌,안전운전불이행,건조,맑음,교차로 - 교차로부근,승용,여,41세,중상,,,,
2017101800100093,2017년 10월 18일 06시,수요일,경상남도 합천군 야로면,중상사고,0,1,0,0,차대사람 - 길가장자리구역통행중,안전운전불이행,건조,맑음,단일로 - 기타,화물,남,68세,상해없음,보행자,여,81세,중상
2017101800100094,2017년 10월 18일 06시,수요일,경상남도 창녕군 창녕읍,중상사고,0,1,0,0,차대차 - 측면충돌,중앙선침범,건조,맑음,단일로 - 기타,승용,남,52세,상해없음,승용,여,62세,중상
2017101800100109,2017년 10월 18일 07시,수요일,경상남도 진주시 망경동,중상사고,0,1,0,0,차대사람 - 기타,안전운전불이행,건조,맑음,단일로 - 기타,화물,여,59세,상해없음,보행자,남,69세,중상
2017101800100110,2017년 10월 18일 07시,수요일,경상남도 김해시 삼계동,경상사고,0,0,1,0,차대차 - 기타,안전운전불이행,건조,맑음,단일로 - 기타,승용,남,48세,상해없음,이륜,남,46세,경상
2017101800100111,2017년 10월 18일 07시,수요일,경상남도 합천군 합천읍,부상신고사고,0,0,0,1,차대차 - 측면충돌,안전운전불이행,건조,맑음,교차로 - 교차로안,화물,남,51세,부상신고,화물,남,61세,상해없음
2017101800100112,2017년 10월 18일 07시,수요일,경상남도 창원시 성산구 사파동,경상사고,0,0,1,0,차대차 - 기타,안전운전불이행,건조,맑음,단일로 - 기타,기타불명,기타불명,미분류,기타불명,자전거,남,58세,경상
2017101800100156,2017년 10월 18일 08시,수요일,경상남도 사천시 송포동,중상사고,0,1,0,0,차대차 - 측면충돌,직진우회전진행방해,건조,맑음,교차로 - 교차로안,승용,남,26세,상해없음,이륜,남,69세,중상
2017101800100205,2017년 10월 18일 10시,수요일,경상남도 거창군 고제면,사망사고,1,0,0,0,차대사람 - 차도통행중,신호위반,건조,맑음,단일로 - 기타,승용,남,72세,상해없음,보행자,남,90세 이상,사망
2017101800100206,2017년 10월 18일 10시,수요일,경상남도 창원시 의창구 대산면,경상사고,0,0,1,0,차대차 - 측면충돌,교차로운행방법위반,건조,맑음,교차로 - 교차로안,승용,남,63세,상해없음,이륜,남,84세,경상
2017101800100207,2017년 10월 18일 10시,수요일,경상남도 창원시 의창구 팔용동,경상사고,0,0,1,0,차대차 - 측면충돌,안전운전불이행,건조,맑음,교차로 - 교차로횡단보도내,자전거,여,61세,경상,화물,남,58세,상해없음
2017101800100230,2017년 10월 18일 11시,수요일,경상남도 창원시 마산회원구 회성동,경상사고,0,0,2,0,차대차 - 기타,안전운전불이행,건조,맑음,교차로 - 교차로안,승합,여,66세,상해없음,승용,남,37세,경상
2017101800100287,2017년 10월 18일 13시,수요일,경상남도 창녕군 유어면,중상사고,0,1,0,0,차대차 - 추돌,안전운전불이행,건조,맑음,단일로 - 기타,승합,남,51세,상해없음,자전거,여,67세,중상
2017101800100288,2017년 10월 18일 13시,수요일,경상남도 거제시 고현동,경상사고,0,0,1,0,차대차 - 측면충돌,안전운전불이행,건조,맑음,교차로 - 교차로안,승용,여,42세,상해없음,승용,남,35세,경상
2017101800100289,2017년 10월 18일 13시,수요일,경상남도 창원시 의창구 사림동,경상사고,0,0,1,0,차대차 - 추돌,안전운전불이행,건조,맑음,단일로 - 기타,승용,남,60세,상해없음,승용,남,40세,상해없음
2017101800100315,2017년 10월 18일 14시,수요일,경상남도 창원시 의창구 소답동,부상신고사고,0,0,0,1,차대차 - 기타,안전운전불이행,건조,맑음,단일로 - 기타,이륜,남,26세,부상신고,승용,남,53세,상해없음
2017101800100316,2017년 10월 18일 14시,수요일,경상남도 창원시 의창구 팔용동,경상사고,0,0,1,0,차대차 - 측면충돌,안전거리미확보,건조,맑음,단일로 - 기타,승합,남,49세,상해없음,승용,남,34세,경상
2017101800100362,2017년 10월 18일 16시,수요일,경상남도 창녕군 창녕읍,경상사고,0,0,1,0,차대차 - 측면충돌,교차로운행방법위반,건조,맑음,교차로 - 교차로안,승용,여,69세,상해없음,이륜,남,33세,경상
2017101800100401,2017년 10월 18일 17시,수요일,경상남도 양산시 하북면,경상사고,0,0,1,0,차대차 - 측면충돌,신호위반,건조,맑음,교차로 - 교차로안,건설기계,남,53세,상해없음,승용,남,63세,경상
2017101800100402,2017년 10월 18일 17시,수요일,경상남도 창원시 의창구 동읍,경상사고,0,0,1,0,차대차 - 측면충돌,안전운전불이행,건조,맑음,단일로 - 기타,승용,여,67세,상해없음,승용,여,46세,경상
2017101800100463,2017년 10월 18일 18시,수요일,경상남도 창녕군 유어면,중상사고,0,2,0,0,차대차 - 측면충돌,직진우회전진행방해,건조,맑음,교차로 - 교차로안,이륜,남,76세,중상,승용,여,52세,중상
2017101800100464,2017년 10월 18일 18시,수요일,경상남도 거제시 고현동,경상사고,0,0,1,0,차대차 - 측면충돌,안전운전불이행,건조,맑음,교차로 - 교차로안,승용,여,60세,상해없음,이륜,남,54세,경상
2017101800100465,2017년 10월 18일 18시,수요일,경상남도 김해시 화목동,중상사고,0,1,0,0,차대차 - 추돌,안전운전불이행,건조,맑음,단일로 - 기타,승용,남,47세,중상,농기계,남,54세,기타불명
2017101800100512,2017년 10월 18일 19시,수요일,경상남도 고성군 고성읍,경상사고,0,0,1,0,차대사람 - 횡단중,보행자보호의무위반,건조,맑음,단일로 - 기타,승용,남,64세,상해없음,보행자,여,81세,경상
2017101800100513,2017년 10월 18일 19시,수요일,경상남도 함안군 가야읍,중상사고,0,1,2,0,차대차 - 측면충돌,안전운전불이행,건조,맑음,교차로 - 교차로안,승용,여,55세,경상,승용,남,61세,경상
2017101800100547,2017년 10월 18일 20시,수요일,경상남도 창녕군 창녕읍,중상사고,0,1,0,0,차대차 - 측면충돌,직진우회전진행방해,건조,맑음,교차로 - 교차로안,화물,여,62세,상해없음,이륜,남,47세,중상
2017101800100548,2017년 10월 18일 20시,수요일,경상남도 창원시 마산회원구 내서읍,중상사고,0,1,0,0,차대사람 - 기타,안전운전불이행,건조,맑음,주차장 - 주차장,승용,남,28세,상해없음,보행자,남,61세,중상
2017101800100582,2017년 10월 18일 21시,수요일,경상남도 창원시 마산합포구 추산동,경상사고,0,0,3,0,차대차 - 기타,안전운전불이행,건조,맑음,교차로 - 교차로부근,승합,남,64세,상해없음,승용,여,47세,경상
2017101800100583,2017년 10월 18일 21시,수요일,경상남도 양산시 물금읍,중상사고,0,1,0,0,차대사람 - 차도통행중,안전운전불이행,건조,맑음,단일로 - 기타,승용,남,38세,상해없음,보행자,남,46세,중상
2017101800100584,2017년 10월 18일 21시,수요일,경상남도 거제시 일운면,경상사고,0,0,2,0,차대차 - 기타,안전운전불이행,건조,맑음,단일로 - 기타,승용,남,69세,상해없음,승용,남,20세,경상
2017101800100585,2017년 10월 18일 21시,수요일,경상남도 창원시 성산구 대방동,중상사고,0,1,0,0,차대사람 - 횡단중,안전운전불이행,건조,맑음,단일로 - 기타,승용,여,49세,상해없음,보행자,남,20세,중상
2017101800100586,2017년 10월 18일 21시,수요일,경상남도 창원시 마산회원구 양덕동,경상사고,0,0,1,0,차대차 - 추돌,안전운전불이행,건조,흐림,단일로 - 기타,승용,남,23세,상해없음,승용,남,27세,상해없음
2017101800100623,2017년 10월 18일 23시,수요일,경상남도 양산시 물금읍,경상사고,0,0,3,0,차대차 - 측면충돌,신호위반,건조,맑음,교차로 - 교차로안,승용,남,45세,상해없음,승용,남,27세,경상
2017101900100070,2017년 10월 19일 05시,목요일,경상남도 양산시 물금읍,중상사고,0,1,0,0,차대차 - 측면충돌,차로위반,건조,맑음,단일로 - 기타,승용,남,33세,상해없음,원동기,남,17세,중상
2017101900100115,2017년 10월 19일 07시,목요일,경상남도 거제시 두모동,부상신고사고,0,0,0,1,차량단독 - 전도전복 - 전도,안전운전불이행,건조,맑음,단일로 - 기타,이륜,남,31세,부상신고,,,,
2017101900100160,2017년 10월 19일 08시,목요일,경상남도 통영시 산양읍,중상사고,0,1,0,0,차대사람 - 기타,안전운전불이행,건조,맑음,교차로 - 교차로부근,승용,여,58세,상해없음,보행자,남,49세,중상
2017101900100161,2017년 10월 19일 08시,목요일,경상남도 김해시 부원동,경상사고,0,0,1,0,차대차 - 측면충돌,안전운전불이행,건조,맑음,교차로 - 교차로안,승용,여,46세,상해없음,승용,여,49세,경상
2017101900100162,2017년 10월 19일 08시,목요일,경상남도 거제시 문동동,중상사고,0,2,0,0,차대차 - 기타,직진우회전진행방해,건조,맑음,교차로 - 교차로안,화물,남,45세,상해없음,화물,남,58세,중상
2017101900100163,2017년 10월 19일 08시,목요일,경상남도 창원시 성산구 성주동,경상사고,0,0,1,0,차대차 - 측면충돌,안전운전불이행,건조,맑음,단일로 - 기타,승용,여,25세,상해없음,승용,여,44세,경상
2017101900100164,2017년 10월 19일 08시,목요일,경상남도 창원시 마산회원구 회원동,경상사고,0,0,1,0,차대사람 - 차도통행중,안전운전불이행,건조,맑음,단일로 - 기타,승합,남,56세,상해없음,보행자,여,28세,경상
2017101900100210,2017년 10월 19일 09시,목요일,경상남도 거창군 거창읍,중상사고,0,1,0,0,차대차 - 측면충돌,안전운전불이행,건조,맑음,단일로 - 기타,승용,여,50세,상해없음,자전거,여,76세,중상
2017101900100243,2017년 10월 19일 10시,목요일,경상남도 거창군 거창읍,중상사고,0,1,0,0,차대차 - 기타,안전운전불이행,건조,맑음,교차로 - 교차로안,승용,여,50세,상해없음,원동기,남,62세,중상
2017101900100268,2017년 10월 19일 11시,목요일,경상남도 창원시 마산회원구 내서읍,경상사고,0,0,1,0,차대차 - 기타,안전운전불이행,건조,맑음,교차로 - 교차로안,승용,여,42세,상해없음,승용,여,41세,경상
2017101900100287,2017년 10월 19일 12시,목요일,경상남도 고성군 마암면,중상사고,0,1,0,0,차대차 - 추돌,안전거리미확보,건조,맑음,단일로 - 기타,건설기계,남,34세,상해없음,승용,여,36세,중상
2017101900100307,2017년 10월 19일 13시,목요일,경상남도 합천군 대병면,중상사고,0,3,0,0,차량단독 - 공작물충돌,안전운전불이행,건조,맑음,단일로 - 기타,승용,남,67세,중상,,,,
2017101900100308,2017년 10월 19일 13시,목요일,경상남도 양산시 덕계동,중상사고,0,1,0,0,차대차 - 기타,직진우회전진행방해,건조,맑음,단일로 - 기타,화물,남,44세,상해없음,자전거,남,67세,중상
2017101900100329,2017년 10월 19일 14시,목요일,경상남도 창원시 진해구 이동,중상사고,0,1,0,0,차대차 - 측면충돌,중앙선침범,건조,맑음,단일로 - 기타,자전거,여,65세,중상,승합,남,68세,상해없음
2017101900100330,2017년 10월 19일 14시,목요일,경상남도 사천시 벌리동,중상사고,0,1,0,0,차대차 - 측면충돌,불법유턴,건조,맑음,단일로 - 기타,승용,여,59세,상해없음,이륜,남,79세,중상
2017101900100331,2017년 10월 19일 14시,목요일,경상남도 사천시 사천읍,경상사고,0,0,1,0,차대차 - 측면충돌,안전운전불이행,건조,맑음,교차로 - 교차로안,승용,여,29세,상해없음,농기계,남,79세,경상
2017101900100332,2017년 10월 19일 14시,목요일,경상남도 밀양시 삼랑진읍,경상사고,0,0,2,0,차대차 - 측면충돌,신호위반,건조,맑음,교차로 - 교차로안,화물,남,64세,상해없음,화물,남,58세,경상
2017101900100350,2017년 10월 19일 15시,목요일,경상남도 김해시 대동면,경상사고,0,0,3,0,차대차 - 측면충돌,안전거리미확보,건조,맑음,단일로 - 기타,승합,남,63세,상해없음,화물,남,47세,경상
2017101900100374,2017년 10월 19일 15시,목요일,경상남도 창원시 마산합포구 월영동,경상사고,0,0,1,0,차대사람 - 횡단중,보행자보호의무위반,건조,맑음,교차로 - 교차로횡단보도내,화물,남,26세,상해없음,보행자,여,43세,경상
2017101900100416,2017년 10월 19일 16시,목요일,경상남도 사천시 사천읍,중상사고,0,1,1,0,차대차 - 추돌,안전운전불이행,건조,맑음,단일로 - 기타,화물,남,35세,중상,화물,남,63세,경상
2017101900100417,2017년 10월 19일 16시,목요일,경상남도 양산시 중부동,중상사고,0,1,0,0,차대사람 - 차도통행중,안전운전불이행,건조,맑음,교차로 - 교차로안,승용,여,44세,상해없음,보행자,여,60세,중상
2017101900100418,2017년 10월 19일 16시,목요일,경상남도 고성군 고성읍,중상사고,0,1,0,0,차대사람 - 횡단중,보행자보호의무위반,건조,맑음,교차로 - 교차로횡단보도내,화물,남,70세,상해없음,보행자,여,28세,중상
2017101900100419,2017년 10월 19일 16시,목요일,경상남도 김해시 진례면,경상사고,0,0,1,0,차대차 - 추돌,안전운전불이행,건조,맑음,교차로 - 교차로안,화물,남,39세,상해없음,승용,남,60세,경상
2017101900100456,2017년 10월 19일 17시,목요일,경상남도 김해시 어방동,경상사고,0,0,1,0,차대차 - 기타,안전거리미확보,건조,맑음,단일로 - 기타,승용,여,54세,상해없음,승용,남,52세,상해없음
2017101900100457,2017년 10월 19일 17시,목요일,경상남도 김해시 진영읍,중상사고,0,1,0,0,차대사람 - 차도통행중,안전운전불이행,건조,맑음,교차로 - 교차로안,승용,여,65세,상해없음,보행자,남,73세,중상
2017101900100472,2017년 10월 19일 18시,목요일,경상남도 김해시 부곡동,중상사고,0,1,1,0,차대차 - 추돌,안전거리미확보,건조,맑음,단일로 - 기타,승용,남,65세,상해없음,화물,남,61세,중상
2017101900100505,2017년 10월 19일 18시,목요일,경상남도 창원시 진해구 태백동,중상사고,0,1,1,0,차대차 - 추돌,과속,건조,맑음,단일로 - 기타,승용,남,58세,상해없음,승용,남,45세,경상
2017101900100506,2017년 10월 19일 18시,목요일,경상남도 밀양시 삼문동,경상사고,0,0,1,0,차대차 - 측면충돌,교차로운행방법위반,건조,맑음,교차로 - 교차로안,승용,여,45세,상해없음,승용,남,25세,경상
2017101900100507,2017년 10월 19일 18시,목요일,경상남도 하동군 금남면,중상사고,0,1,2,0,차대차 - 측면충돌,중앙선침범,건조,맑음,단일로 - 기타,화물,남,41세,상해없음,승용,여,49세,경상
2017101900100557,2017년 10월 19일 19시,목요일,경상남도 김해시 외동,중상사고,0,1,0,0,차대사람 - 횡단중,보행자보호의무위반,건조,맑음,교차로 - 교차로횡단보도내,승용,남,43세,상해없음,보행자,여,36세,중상
2017101900100558,2017년 10월 19일 19시,목요일,경상남도 김해시 한림면,경상사고,0,0,2,0,차대차 - 추돌,안전운전불이행,건조,맑음,단일로 - 기타,승용,남,24세,상해없음,승용,여,49세,경상
2017101900100586,2017년 10월 19일 20시,목요일,경상남도 양산시 물금읍,경상사고,0,0,1,0,차대차 - 측면충돌,신호위반,건조,맑음,교차로 - 교차로안,승용,남,29세,상해없음,특수,남,62세,경상
2017101900100610,2017년 10월 19일 21시,목요일,경상남도 창원시 마산합포구 오동동,경상사고,0,0,1,0,차대차 - 기타,안전운전불이행,건조,맑음,단일로 - 기타,승용,남,51세,상해없음,승용,여,44세,경상
2017101900100611,2017년 10월 19일 21시,목요일,경상남도 양산시 소주동,중상사고,0,1,0,0,차대사람 - 횡단중,신호위반,젖음/습기,흐림,교차로 - 교차로안,승용,남,49세,상해없음,보행자,여,60세,중상
2017101900100669,2017년 10월 19일 23시,목요일,경상남도 사천시 동림동,중상사고,0,1,0,0,차대사람 - 횡단중,안전운전불이행,건조,맑음,단일로 - 기타,승용,남,63세,상해없음,보행자,여,22세,중상
2017101900100670,2017년 10월 19일 23시,목요일,경상남도 김해시 관동동,사망사고,1,0,0,0,차량단독 - 전도전복,안전운전불이행,건조,맑음,단일로 - 기타,승용,남,36세,사망,미분류,미분류,미분류,미분류
2017102000100097,2017년 10월 20일 06시,금요일,경상남도 하동군 하동읍,경상사고,0,0,1,0,차대사람 - 횡단중,안전운전불이행,건조,맑음,단일로 - 기타,이륜,남,46세,상해없음,보행자,남,75세,경상
2017102000100136,2017년 10월 20일 08시,금요일,경상남도 김해시 진례면,경상사고,0,0,1,0,차대차 - 추돌,안전운전불이행,건조,맑음,단일로 - 기타,화물,남,59세,상해없음,승용,여,55세,경상
2017102000100160,2017년 10월 20일 08시,금요일,경상남도 창원시 진해구 남문동,중상사고,0,1,2,0,차대차 - 측면충돌,신호위반,건조,맑음,교차로 - 교차로안,승용,여,47세,중상,승용,남,65세,경상
2017102000100161,2017년 10월 20일 08시,금요일,경상남도 사천시 서동,중상사고,0,1,0,0,차대사람 - 횡단중,안전운전불이행,건조,맑음,교차로 - 교차로안,승용,남,47세,상해없음,보행자,여,59세,중상
2017102000100162,2017년 10월 20일 08시,금요일,경상남도 합천군 합천읍,중상사고,0,1,0,0,차대차 - 추돌,안전운전불이행,건조,맑음,단일로 - 기타,화물,남,24세,상해없음,자전거,남,81세,중상
2017102000100163,2017년 10월 20일 08시,금요일,경상남도 산청군 금서면,중상사고,0,1,0,0,차대사람 - 차도통행중,안전운전불이행,건조,맑음,단일로 - 기타,승용,여,37세,상해없음,보행자,여,66세,중상
2017102000100164,2017년 10월 20일 08시,금요일,경상남도 창원시 의창구 대원동,중상사고,0,1,0,0,차대차 - 기타,신호위반,건조,맑음,교차로 - 교차로안,화물,여,50세,상해없음,자전거,여,51세,중상
2017102000100165,2017년 10월 20일 08시,금요일,경상남도 창원시 의창구 신월동,중상사고,0,1,0,0,차대사람 - 차도통행중,안전운전불이행,건조,맑음,교차로 - 교차로안,승용,여,48세,상해없음,보행자,여,82세,중상
2017102000100205,2017년 10월 20일 09시,금요일,경상남도 창원시 마산합포구 해운동,부상신고사고,0,0,0,1,차대차 - 측면충돌,직진우회전진행방해,건조,맑음,교차로 - 교차로안,승용,여,44세,부상신고,승용,남,30세,상해없음
2017102000100206,2017년 10월 20일 09시,금요일,경상남도 창원시 의창구 중동,경상사고,0,0,2,0,차대차 - 측면충돌,신호위반,건조,맑음,교차로 - 교차로안,승용,여,64세,상해없음,화물,남,62세,경상
2017102000100240,2017년 10월 20일 10시,금요일,경상남도 사천시 사천읍,경상사고,0,0,3,0,차대차 - 측면충돌,안전운전불이행,건조,맑음,단일로 - 기타,건설기계,남,54세,상해없음,승용,남,80세,경상
2017102000100279,2017년 10월 20일 11시,금요일,경상남도 의령군 의령읍,중상사고,0,1,0,0,차대사람 - 횡단중,안전운전불이행,건조,맑음,교차로 - 교차로부근,화물,여,58세,상해없음,보행자,여,78세,중상