사고번호,사고일시,요일,시군구,사고내용,사망자수,중상자수,경상자수,부상신고자수,사고유형,법규위반,노면상태,기상상태,도로형태,가해운전자 차종,가해운전자 성별,가해운전자 연령,가해운전자 상해정도,피해운전자 차종,피해운전자 성별,피해운전자 연령,피해운전자 상해정도
2017102300100146,2017년 10월 23일 08시,월요일,경상남도 양산시 남부동,경상사고,0,0,2,0,차대차 - 측면충돌,안전운전불이행,건조,맑음,교차로 - 교차로안,승용,남,43세,상해없음,자전거,남,15세,경상
2017102300100147,2017년 10월 23일 08시,월요일,경상남도 양산시 물금읍,경상사고,0,0,2,0,차대차 - 측면충돌,직진우회전진행방해,건조,맑음,교차로 - 교차로안,승용,여,47세,경상,승용,남,75세,경상
2017102300100148,2017년 10월 23일 08시,월요일,경상남도 창원시 마산회원구 내서읍,경상사고,0,0,2,0,차대차 - 추돌,안전운전불이행,건조,맑음,교차로 - 교차로부근,특수,남,43세,상해없음,승용,남,54세,경상
2017102300100149,2017년 10월 23일 08시,월요일,경상남도 창원시 마산합포구 산호동,중상사고,0,1,0,0,차대차 - 기타,안전운전불이행,건조,맑음,교차로 - 교차로부근,승용,남,23세,상해없음,자전거,남,37세,중상
2017102300100188,2017년 10월 23일 09시,월요일,경상남도 밀양시 내일동,경상사고,0,0,2,0,차대차 - 측면충돌,신호위반,건조,맑음,교차로 - 교차로안,승용,여,38세,경상,화물,남,56세,경상
2017102300100214,2017년 10월 23일 10시,월요일,경상남도 사천시 용현면,경상사고,0,0,2,1,차대차 - 측면충돌,직진우회전진행방해,건조,맑음,교차로 - 교차로안,승용,여,33세,경상,승용,남,37세,경상
2017102300100245,2017년 10월 23일 11시,월요일,경상남도 김해시 생림면,중상사고,0,1,0,0,차량단독 - 전도전복 - 전도,안전운전불이행,건조,맑음,교차로 - 교차로부근,화물,남,58세,중상,,,,
2017102300100246,2017년 10월 23일 11시,월요일,경상남도 양산시 덕계동,경상사고,0,0,1,0,차대사람 - 횡단중,보행자보호의무위반,건조,맑음,교차로 - 교차로부근,승용,남,27세,상해없음,보행자,여,73세,경상
2017102300100247,2017년 10월 23일 11시,월요일,경상남도 김해시 한림면,경상사고,0,0,1,0,차대차 - 추돌,안전운전불이행,건조,맑음,교차로 - 교차로부근,화물,남,59세,상해없음,승용,여,53세,경상
2017102300100309,2017년 10월 23일 13시,월요일,경상남도 거제시 옥포동,중상사고,0,1,0,0,차대차 - 기타,안전운전불이행,건조,맑음,단일로 - 기타,승용,남,38세,상해없음,자전거,남,58세,중상
2017102300100349,2017년 10월 23일 14시,월요일,경상남도 양산시 동면,중상사고,0,1,0,0,차대사람 - 보도통행중,기타,건조,맑음,단일로 - 기타,승용,남,39세,상해없음,보행자,여,63세,중상
2017102300100390,2017년 10월 23일 15시,월요일,경상남도 진주시 상대동,중상사고,0,1,0,0,차대사람 - 횡단중,보행자보호의무위반,건조,맑음,교차로 - 교차로안,승용,여,45세,상해없음,보행자,여,50세,중상
2017102300100391,2017년 10월 23일 15시,월요일,경상남도 진주시 신안동,중상사고,0,1,0,0,차대사람 - 보도통행중,보행자보호의무위반,건조,맑음,단일로 - 기타,승용,여,39세,상해없음,보행자,여,70세,중상
2017102300100392,2017년 10월 23일 15시,월요일,경상남도 김해시 외동,중상사고,0,1,0,0,차대차 - 측면충돌,불법유턴,건조,맑음,교차로 - 교차로안,승용,여,26세,상해없음,이륜,남,29세,중상
2017102300100393,2017년 10월 23일 15시,월요일,경상남도 양산시 동면,경상사고,0,0,1,0,차대차 - 추돌,안전거리미확보,건조,맑음,교차로 - 교차로부근,승용,여,34세,상해없음,승용,여,39세,경상
2017102300100440,2017년 10월 23일 16시,월요일,경상남도 거제시 고현동,경상사고,0,0,2,0,차대차 - 기타,직진우회전진행방해,건조,맑음,교차로 - 교차로안,승용,남,47세,경상,승용,남,60세,경상
2017102300100482,2017년 10월 23일 17시,월요일,경상남도 하동군 하동읍,사망사고,1,0,0,0,차대사람 - 차도통행중,보행자보호의무위반,건조,맑음,기타 - 기타,화물,남,30세,상해없음,보행자,여,77세,사망
2017102300100483,2017년 10월 23일 17시,월요일,경상남도 김해시 풍유동,중상사고,0,1,0,0,차대차 - 측면충돌,안전운전불이행,건조,맑음,단일로 - 기타,건설기계,남,50세,상해없음,승용,여,58세,중상
2017102300100547,2017년 10월 23일 18시,월요일,경상남도 통영시 무전동,부상신고사고,0,0,0,1,차대차 - 추돌,안전운전불이행,건조,맑음,교차로 - 교차로부근,승용,남,64세,상해없음,승용,여,48세,부상신고
2017102300100548,2017년 10월 23일 18시,월요일,경상남도 통영시 무전동,경상사고,0,0,1,0,차대차 - 측면충돌,안전운전불이행,건조,맑음,교차로 - 교차로안,화물,남,26세,상해없음,승용,여,31세,경상
2017102300100549,2017년 10월 23일 18시,월요일,경상남도 김해시 생림면,중상사고,0,1,0,0,차대차 - 추돌,안전운전불이행,건조,맑음,단일로 - 기타,이륜,남,50세,중상,승용,남,41세,상해없음
2017102300100550,2017년 10월 23일 18시,월요일,경상남도 양산시 삼호동,중상사고,0,1,0,0,차대사람 - 횡단중,보행자보호의무위반,건조,맑음,단일로 - 기타,승용,남,23세,상해없음,보행자,여,9세,중상
2017102300100551,2017년 10월 23일 18시,월요일,경상남도 양산시 남부동,중상사고,0,2,0,0,차대차 - 기타,직진우회전진행방해,건조,맑음,교차로 - 교차로안,승용,남,35세,상해없음,승용,남,76세,중상
2017102300100602,2017년 10월 23일 19시,월요일,경상남도 창원시 마산합포구 서성동,중상사고,0,1,0,0,차대사람 - 길가장자리구역통행중,안전운전불이행,건조,맑음,단일로 - 기타,승용,남,35세,상해없음,보행자,여,53세,중상
2017102300100635,2017년 10월 23일 20시,월요일,경상남도 거제시 상동동,중상사고,0,1,0,0,차대차 - 기타,직진우회전진행방해,건조,맑음,교차로 - 교차로안,승용,여,53세,상해없음,이륜,남,20세,중상
2017102300100673,2017년 10월 23일 21시,월요일,경상남도 창원시 마산합포구 해운동,사망사고,1,0,0,0,차대사람 - 기타,안전운전불이행,건조,맑음,단일로 - 기타,이륜,남,16세,상해없음,보행자,여,56세,사망
2017102300100698,2017년 10월 23일 22시,월요일,경상남도 창원시 마산합포구 진동면,경상사고,0,0,1,0,차대차 - 측면충돌,차로위반,건조,맑음,단일로 - 기타,승용,남,53세,상해없음,승용,남,45세,경상
2017102300100699,2017년 10월 23일 22시,월요일,경상남도 양산시 북부동,경상사고,0,0,4,2,차대차 - 측면충돌,직진우회전진행방해,건조,맑음,교차로 - 교차로안,승용,남,49세,부상신고,승용,여,40세,부상신고
2017102300100700,2017년 10월 23일 22시,월요일,경상남도 거제시 능포동,경상사고,0,0,1,0,차대차 - 측면충돌,안전거리미확보,건조,맑음,기타 - 기타,승합,남,69세,상해없음,승용,남,34세,경상
2017102400100063,2017년 10월 24일 04시,화요일,경상남도 김해시 동상동,경상사고,0,0,1,0,차대차 - 기타,안전운전불이행,건조,맑음,단일로 - 기타,승합,남,61세,상해없음,승용,남,44세,상해없음
2017102400100093,2017년 10월 24일 06시,화요일,경상남도 사천시 사남면,중상사고,0,1,0,0,차대사람 - 길가장자리구역통행중,안전운전불이행,건조,맑음,단일로 - 기타,승용,여,41세,상해없음,보행자,여,41세,중상
2017102400100094,2017년 10월 24일 06시,화요일,경상남도 김해시 불암동,경상사고,0,0,2,0,차대차 - 측면충돌,신호위반,건조,맑음,교차로 - 교차로안,승용,남,52세,상해없음,승용,남,47세,경상
2017102400100095,2017년 10월 24일 06시,화요일,경상남도 창원시 성산구 중앙동,중상사고,0,1,0,0,차대차 - 추돌,안전운전불이행,건조,맑음,교차로 - 교차로부근,화물,남,50세,상해없음,승용,여,55세,중상
2017102400100122,2017년 10월 24일 07시,화요일,경상남도 창원시 마산합포구 중앙동2가,경상사고,0,0,1,0,차대차 - 기타,안전운전불이행,건조,맑음,단일로 - 기타,승용,여,34세,상해없음,이륜,남,52세,경상
2017102400100158,2017년 10월 24일 08시,화요일,경상남도 통영시 인평동,경상사고,0,0,1,0,차대사람 - 횡단중,보행자보호의무위반,건조,맑음,단일로 - 기타,승용,남,52세,상해없음,보행자,여,50세,경상
2017102400100159,2017년 10월 24일 08시,화요일,경상남도 김해시 어방동,경상사고,0,0,1,0,차대차 - 측면충돌,교차로운행방법위반,건조,맑음,교차로 - 교차로안,승용,남,61세,상해없음,이륜,남,52세,경상
2017102400100202,2017년 10월 24일 09시,화요일,경상남도 창녕군 창녕읍,경상사고,0,0,1,0,차대차 - 측면충돌,안전운전불이행,건조,맑음,단일로 - 기타,원동기,여,64세,경상,승용,여,53세,상해없음
2017102400100203,2017년 10월 24일 09시,화요일,경상남도 함안군 가야읍,중상사고,0,1,0,0,차대차 - 추돌,안전운전불이행,건조,맑음,교차로 - 교차로안,이륜,남,78세,중상,화물,남,70세,상해없음
2017102400100240,2017년 10월 24일 10시,화요일,경상남도 통영시 산양읍,중상사고,0,4,3,0,차대차 - 정면충돌,중앙선침범,건조,맑음,단일로 - 기타,화물,남,32세,상해없음,승합,남,47세,경상
2017102400100241,2017년 10월 24일 10시,화요일,경상남도 창원시 의창구 용호동,경상사고,0,0,1,0,차대차 - 추돌,안전운전불이행,건조,맑음,단일로 - 기타,승용,남,44세,상해없음,승용,남,67세,경상
2017102400100261,2017년 10월 24일 11시,화요일,경상남도 통영시 태평동,중상사고,0,1,0,0,차대사람 - 횡단중,보행자보호의무위반,건조,맑음,단일로 - 기타,승용,남,23세,상해없음,보행자,여,67세,중상
2017102400100262,2017년 10월 24일 11시,화요일,경상남도 통영시 미수동,중상사고,0,1,0,0,차대사람 - 기타,안전운전불이행,건조,맑음,단일로 - 기타,특수,남,62세,상해없음,보행자,여,81세,중상
2017102400100263,2017년 10월 24일 11시,화요일,경상남도 통영시 도산면,경상사고,0,0,1,0,차대차 - 후진중충돌,안전운전불이행,젖음/습기,비,주차장 - 주차장,승용,여,38세,상해없음,승용,남,49세,경상
2017102400100264,2017년 10월 24일 11시,화요일,경상남도 창원시 의창구 팔용동,경상사고,0,0,3,0,차대차 - 추돌,안전운전불이행,건조,맑음,교차로 - 교차로부근,승용,남,59세,상해없음,화물,남,39세,경상
2017102400100301,2017년 10월 24일 12시,화요일,경상남도 사천시 선구동,경상사고,0,0,2,0,차대차 - 측면충돌,직진우회전진행방해,건조,맑음,교차로 - 교차로안,승용,남,56세,상해없음,승용,남,78세,경상
2017102400100302,2017년 10월 24일 12시,화요일,경상남도 고성군 회화면,중상사고,0,1,0,0,차대차 - 측면충돌,중앙선침범,건조,맑음,단일로 - 기타,승용,여,47세,상해없음,이륜,남,75세,중상
2017102400100303,2017년 10월 24일 12시,화요일,경상남도 창원시 의창구 퇴촌동,경상사고,0,0,1,0,차대차 - 측면충돌,안전운전불이행,건조,맑음,교차로 - 교차로부근,승용,여,76세,상해없음,화물,남,55세,경상
2017102400100334,2017년 10월 24일 13시,화요일,경상남도 진주시 상평동,중상사고,0,1,0,0,차대차 - 기타,안전운전불이행,건조,흐림,단일로 - 기타,원동기,남,42세,중상,화물,남,47세,상해없음
2017102400100335,2017년 10월 24일 13시,화요일,경상남도 거제시 고현동,경상사고,0,0,3,0,차대차 - 추돌,안전운전불이행,젖음/습기,흐림,단일로 - 기타,승용,남,58세,상해없음,승용,여,35세,경상
2017102400100336,2017년 10월 24일 13시,화요일,경상남도 김해시 대청동,경상사고,0,0,2,0,차대차 - 측면충돌,안전운전불이행,건조,맑음,교차로 - 교차로안,승용,남,24세,경상,승용,여,51세,경상
2017102400100399,2017년 10월 24일 15시,화요일,경상남도 통영시 중앙동,경상사고,0,0,1,0,차대사람 - 횡단중,안전운전불이행,건조,맑음,단일로 - 기타,이륜,남,34세,상해없음,보행자,여,55세,경상
2017102400100400,2017년 10월 24일 15시,화요일,경상남도 창녕군 도천면,중상사고,0,3,0,0,차대차 - 추돌,안전거리미확보,건조,맑음,교차로 - 교차로부근,화물,남,56세,상해없음,승용,여,63세,중상
2017102400100401,2017년 10월 24일 15시,화요일,경상남도 양산시 평산동,경상사고,0,0,2,0,차대차 - 추돌,안전운전불이행,젖음/습기,비,교차로 - 교차로안,화물,남,60세,상해없음,승용,남,62세,경상
2017102400100429,2017년 10월 24일 16시,화요일,경상남도 밀양시 산외면,경상사고,0,0,1,0,차대차 - 추돌,안전운전불이행,건조,맑음,단일로 - 기타,화물,남,58세,상해없음,화물,남,44세,경상
2017102400100430,2017년 10월 24일 16시,화요일,경상남도 거제시 옥포동,중상사고,0,1,0,0,차대차 - 측면충돌,직진우회전진행방해,건조,맑음,교차로 - 교차로안,승용,여,32세,상해없음,이륜,남,60세,중상
2017102400100474,2017년 10월 24일 17시,화요일,경상남도 창원시 마산합포구 신포동1가,경상사고,0,0,1,0,차대차 - 기타,신호위반,건조,맑음,교차로 - 교차로안,승용,남,60세,상해없음,이륜,남,25세,경상
2017102400100533,2017년 10월 24일 18시,화요일,경상남도 사천시 사남면,중상사고,0,1,0,0,차대사람 - 차도통행중,안전운전불이행,건조,맑음,교차로 - 교차로안,승용,남,43세,상해없음,보행자,남,70세,중상
2017102400100534,2017년 10월 24일 18시,화요일,경상남도 창녕군 창녕읍,경상사고,0,0,1,0,차대차 - 기타,안전운전불이행,건조,맑음,교차로 - 교차로안,승용,여,39세,경상,화물,남,59세,상해없음
2017102400100535,2017년 10월 24일 18시,화요일,경상남도 양산시 주진동,경상사고,0,0,1,1,차대차 - 측면충돌,중앙선침범,젖음/습기,비,단일로 - 기타,승용,남,45세,상해없음,승용,여,54세,경상
2017102400100536,2017년 10월 24일 18시,화요일,경상남도 양산시 동면,경상사고,0,0,1,0,차대차 - 추돌,안전운전불이행,건조,흐림,단일로 - 기타,승용,여,40세,상해없음,승용,남,56세,경상
2017102400100537,2017년 10월 24일 18시,화요일,경상남도 남해군 남면,경상사고,0,0,1,0,차대사람 - 길가장자리구역통행중,안전운전불이행,건조,맑음,단일로 - 기타,승용,남,61세,상해없음,보행자,남,49세,경상
2017102400100538,2017년 10월 24일 18시,화요일,경상남도 김해시 대청동,경상사고,0,0,1,0,차대차 - 측면충돌,안전운전불이행,건조,맑음,교차로 - 교차로안,승용,여,44세,상해없음,승합,여,46세,경상
2017102400100580,2017년 10월 24일 19시,화요일,경상남도 창원시 마산합포구 해운동,경상사고,0,0,1,0,차대차 - 측면충돌,기타,건조,맑음,교차로 - 교차로부근,승용,여,55세,상해없음,이륜,남,55세,경상
2017102400100581,2017년 10월 24일 19시,화요일,경상남도 김해시 어방동,중상사고,0,1,0,0,차대사람 - 횡단중,신호위반,건조,맑음,교차로 - 교차로횡단보도내,기타불명,기타불명,미분류,기타불명,보행자,남,17세,중상
2017102400100582,2017년 10월 24일 19시,화요일,경상남도 양산시 물금읍,경상사고,0,0,2,0,차대차 - 측면충돌,안전운전불이행,건조,맑음,교차로 - 교차로안,승용,여,26세,상해없음,승용,남,25세,경상
2017102400100615,2017년 10월 24일 20시,화요일,경상남도 함안군 칠서면,중상사고,0,1,0,0,차대사람 - 기타,안전운전불이행,건조,맑음,단일로 - 기타,승용,남,58세,상해없음,보행자,남,69세,중상
2017102400100649,2017년 10월 24일 21시,화요일,경상남도 창원시 진해구 여좌동,부상신고사고,0,0,0,1,차량단독 - 기타,안전운전불이행,건조,맑음,단일로 - 기타,승합,남,55세,상해없음,,,,
2017102400100650,2017년 10월 24일 21시,화요일,경상남도 김해시 삼계동,경상사고,0,0,4,0,차대차 - 측면충돌,안전운전불이행,건조,맑음,교차로 - 교차로부근,화물,남,53세,상해없음,승용,여,42세,경상
2017102400100651,2017년 10월 24일 21시,화요일,경상남도 창원시 의창구 명서동,경상사고,0,0,1,0,차대차 - 측면충돌,신호위반,건조,맑음,교차로 - 교차로안,이륜,남,23세,상해없음,승용,남,41세,경상
2017102400100677,2017년 10월 24일 22시,화요일,경상남도 창원시 성산구 성주동,경상사고,0,0,1,0,차대차 - 측면충돌,안전운전불이행,건조,맑음,교차로 - 교차로안,승용,여,54세,상해없음,승용,여,56세,경상
2017102400100678,2017년 10월 24일 22시,화요일,경상남도 창원시 성산구 외동,중상사고,0,1,2,0,차대차 - 추돌,안전운전불이행,건조,맑음,교차로 - 교차로부근,승용,남,37세,상해없음,승용,남,36세,상해없음
2017102500100048,2017년 10월 25일 02시,수요일,경상남도 김해시 대동면,중상사고,0,2,0,0,차대차 - 추돌,기타,건조,맑음,단일로 - 기타,화물,남,58세,중상,화물,남,60세,중상
2017102500100074,2017년 10월 25일 05시,수요일,경상남도 양산시 중부동,경상사고,0,0,4,0,차대차 - 기타,안전운전불이행,건조,맑음,교차로 - 교차로부근,승용,여,37세,상해없음,승용,남,54세,경상
2017102500100092,2017년 10월 25일 06시,수요일,경상남도 창원시 진해구 태백동,경상사고,0,0,1,0,차대차 - 기타,중앙선침범,건조,맑음,단일로 - 기타,승용,남,38세,상해없음,원동기,남,64세,경상
2017102500100093,2017년 10월 25일 06시,수요일,경상남도 김해시 내동,경상사고,0,0,1,0,차대차 - 측면충돌,신호위반,건조,맑음,교차로 - 교차로안,화물,남,55세,상해없음,화물,남,27세,경상
2017102500100110,2017년 10월 25일 07시,수요일,경상남도 거제시 고현동,중상사고,0,1,0,0,차대사람 - 차도통행중,안전운전불이행,젖음/습기,안개,단일로 - 기타,화물,남,40세,상해없음,보행자,여,86세,중상
2017102500100156,2017년 10월 25일 08시,수요일,경상남도 밀양시 하남읍,사망사고,1,0,1,0,차대차 - 측면충돌,안전운전불이행,건조,맑음,교차로 - 교차로안,승용,여,44세,상해없음,승용,여,69세,사망
2017102500100157,2017년 10월 25일 08시,수요일,경상남도 거제시 사등면,경상사고,0,0,1,0,차대차 - 추돌,안전운전불이행,건조,맑음,단일로 - 기타,승용,여,59세,상해없음,승용,여,48세,경상
2017102500100158,2017년 10월 25일 08시,수요일,경상남도 창원시 의창구 명서동,경상사고,0,0,1,0,차대차 - 측면충돌,안전운전불이행,건조,맑음,단일로 - 기타,승용,여,39세,상해없음,자전거,여,22세,경상
2017102500100205,2017년 10월 25일 09시,수요일,경상남도 통영시 광도면,경상사고,0,0,1,0,차량단독 - 기타,안전운전불이행,건조,맑음,단일로 - 기타,승합,남,67세,상해없음,,,,
2017102500100206,2017년 10월 25일 09시,수요일,경상남도 사천시 서동,중상사고,0,1,0,0,차대사람 - 차도통행중,안전운전불이행,건조,맑음,교차로 - 교차로안,화물,남,64세,상해없음,보행자,여,77세,중상
2017102500100240,2017년 10월 25일 10시,수요일,경상남도 진주시 망경동,중상사고,0,1,0,0,차대차 - 측면충돌,안전거리미확보,건조,맑음,교차로 - 교차로안,승용,여,62세,상해없음,승용,남,58세,중상
2017102500100241,2017년 10월 25일 10시,수요일,경상남도 김해시 대동면,중상사고,0,3,1,1,차대차 - 측면충돌,중앙선침범,건조,맑음,단일로 - 기타,화물,남,62세,중상,화물,남,37세,중상
2017102500100276,2017년 10월 25일 11시,수요일,경상남도 창원시 진해구 덕산동,경상사고,0,0,2,0,차대차 - 측면충돌,신호위반,건조,맑음,교차로 - 교차로안,화물,남,52세,경상,승합,남,53세,경상
2017102500100277,2017년 10월 25일 11시,수요일,경상남도 합천군 대병면,사망사고,1,0,0,0,차대사람 - 기타,안전운전불이행,건조,맑음,단일로 - 기타,화물,남,57세,상해없음,보행자,여,85세,사망
2017102500100314,2017년 10월 25일 12시,수요일,경상남도 거창군 마리면,중상사고,0,1,0,0,차대차 - 측면충돌,안전운전불이행,건조,맑음,교차로 - 교차로부근,승용,여,30세,상해없음,승용,남,81세,중상
2017102500100315,2017년 10월 25일 12시,수요일,경상남도 김해시 이동,중상사고,0,1,0,0,차대차 - 측면충돌,신호위반,건조,맑음,교차로 - 교차로안,승용,여,25세,상해없음,이륜,여,54세,중상
2017102500100375,2017년 10월 25일 14시,수요일,경상남도 양산시 남부동,중상사고,0,2,0,0,차대차 - 측면충돌,직진우회전진행방해,건조,맑음,교차로 - 교차로안,승합,남,44세,상해없음,원동기,남,63세,중상
2017102500100376,2017년 10월 25일 14시,수요일,경상남도 하동군 하동읍,경상사고,0,0,1,0,차대차 - 추돌,안전운전불이행,건조,맑음,단일로 - 기타,화물,남,22세,상해없음,화물,남,43세,경상
2017102500100377,2017년 10월 25일 14시,수요일,경상남도 김해시 전하동,경상사고,0,0,1,0,차대사람 - 차도통행중,안전운전불이행,건조,맑음,단일로 - 기타,원동기,여,55세,상해없음,보행자,여,34세,경상
2017102500100416,2017년 10월 25일 15시,수요일,경상남도 김해시 외동,중상사고,0,1,0,0,차대차 - 측면충돌,신호위반,건조,맑음,교차로 - 교차로안,승용,여,62세,상해없음,승용,여,26세,중상
2017102500100417,2017년 10월 25일 15시,수요일,경상남도 거제시 아양동,경상사고,0,0,1,0,차대차 - 기타,안전운전불이행,건조,맑음,단일로 - 기타,승용,여,31세,상해없음,승용,남,69세,경상
2017102500100418,2017년 10월 25일 15시,수요일,경상남도 함안군 군북면,경상사고,0,0,2,0,차대차 - 추돌,안전운전불이행,건조,맑음,교차로 - 교차로부근,화물,남,65세,상해없음,승용,여,54세,경상
2017102500100454,2017년 10월 25일 16시,수요일,경상남도 통영시 광도면,경상사고,0,0,1,0,차량단독 - 기타,안전운전불이행,건조,맑음,단일로 - 기타,승합,남,52세,상해없음,,,,
2017102500100498,2017년 10월 25일 17시,수요일,경상남도 양산시 유산동,중상사고,0,1,0,0,차대차 - 측면충돌,신호위반,건조,맑음,교차로 - 교차로안,승용,남,59세,상해없음,승용,남,38세,중상
2017102500100499,2017년 10월 25일 17시,수요일,경상남도 창원시 성산구 상남동,경상사고,0,0,1,0,차대사람 - 차도통행중,안전운전불이행,건조,맑음,교차로 - 교차로안,승용,남,49세,상해없음,보행자,여,22세,경상
2017102500100532,2017년 10월 25일 18시,수요일,경상남도 김해시 주촌면,경상사고,0,0,1,0,차대차 - 기타,안전운전불이행,건조,맑음,단일로 - 기타,기타불명,기타불명,미분류,기타불명,승용,남,56세,경상
2017102500100572,2017년 10월 25일 18시,수요일,경상남도 창원시 마산합포구 해운동,중상사고,0,1,0,0,차대사람 - 차도통행중,안전운전불이행,건조,맑음,단일로 - 기타,승용,여,46세,상해없음,보행자,남,12세,중상
2017102500100573,2017년 10월 25일 18시,수요일,경상남도 창원시 마산합포구 월포동,중상사고,0,2,0,1,차대차 - 측면충돌,신호위반,건조,맑음,교차로 - 교차로안,승용,여,48세,부상신고,승용,여,38세,중상
2017102500100574,2017년 10월 25일 18시,수요일,경상남도 창원시 마산합포구 진전면,중상사고,0,2,1,0,차대차 - 기타,안전운전불이행,건조,맑음,단일로 - 기타,승용,여,63세,경상,승용,여,67세,중상
2017102500100575,2017년 10월 25일 18시,수요일,경상남도 산청군 신등면,중상사고,0,2,0,0,차대차 - 추돌,안전운전불이행,건조,맑음,단일로 - 기타,승용,남,47세,상해없음,농기계,남,73세,중상
2017102500100617,2017년 10월 25일 19시,수요일,경상남도 창원시 진해구 장천동,중상사고,0,1,0,1,차대차 - 측면충돌,안전운전불이행,건조,맑음,교차로 - 교차로안,승용,남,67세,부상신고,승용,여,37세,중상
2017102500100618,2017년 10월 25일 19시,수요일,경상남도 밀양시 삼랑진읍,중상사고,0,1,0,0,차대사람 - 길가장자리구역통행중,안전운전불이행,건조,흐림,단일로 - 기타,이륜,남,28세,상해없음,보행자,남,61세,중상
2017102500100657,2017년 10월 25일 20시,수요일,경상남도 창원시 마산합포구 월포동,경상사고,0,0,3,0,차대차 - 추돌,안전운전불이행,건조,맑음,교차로 - 교차로안,승용,남,65세,상해없음,승용,남,39세,경상
2017102500100685,2017년 10월 25일 21시,수요일,경상남도 김해시 내동,중상사고,0,1,0,0,차대차 - 기타,안전운전불이행,건조,맑음,단일로 - 기타,승용,남,47세,상해없음,승용,여,61세,중상
2017102500100686,2017년 10월 25일 21시,수요일,경상남도 김해시 삼정동,경상사고,0,0,1,0,차대차 - 기타,교차로운행방법위반,건조,맑음,교차로 - 교차로안,승용,남,28세,상해없음,승용,여,52세,경상
2017102500100747,2017년 10월 25일 23시,수요일,경상남도 거제시 고현동,중상사고,0,1,0,0,차대차 - 기타,안전운전불이행,건조,맑음,단일로 - 기타,기타불명,기타불명,미분류,기타불명,자전거,남,48세,중상
2017102600100088,2017년 10월 26일 06시,목요일,경상남도 김해시 동상동,부상신고사고,0,0,0,1,차대차 - 추돌,안전운전불이행,건조,맑음,단일로 - 기타,이륜,남,61세,부상신고,승합,남,51세,상해없음
2017102600100089,2017년 10월 26일 06시,목요일,경상남도 거제시 두모동,경상사고,0,0,1,0,차대차 - 기타,차로위반,건조,맑음,교차로 - 교차로안,승용,남,69세,상해없음,승용,남,41세,경상
2017102600100090,2017년 10월 26일 06시,목요일,경상남도 함안군 칠서면,중상사고,0,1,1,0,차대차 - 기타,중앙선침범,젖음/습기,안개,단일로 - 기타,승용,남,51세,상해없음,승용,여,58세,경상
2017102600100138,2017년 10월 26일 08시,목요일,경상남도 하동군 진교면,부상신고사고,0,0,0,1,차량단독 - 도로외이탈 - 기타,안전운전불이행,건조,맑음,단일로 - 기타,사륜오토바이(ATV),남,78세,부상신고,,,,
2017102600100167,2017년 10월 26일 09시,목요일,경상남도 김해시 삼계동,경상사고,0,0,1,0,차대차 - 기타,안전운전불이행,건조,맑음,단일로 - 기타,승용,여,36세,상해없음,자전거,여,71세,경상
2017102600100168,2017년 10월 26일 09시,목요일,경상남도 거제시 고현동,경상사고,0,0,1,0,차대차 - 측면충돌,직진우회전진행방해,건조,맑음,교차로 - 교차로안,승합,남,32세,상해없음,승용,여,42세,경상
2017102600100169,2017년 10월 26일 09시,목요일,경상남도 창원시 성산구 성주동,경상사고,0,0,2,0,차대차 - 추돌,안전운전불이행,건조,맑음,단일로 - 기타,화물,남,55세,상해없음,승용,여,53세,경상
2017102600100170,2017년 10월 26일 09시,목요일,경상남도 창원시 의창구 팔용동,경상사고,0,0,1,0,차대차 - 측면충돌,안전거리미확보,건조,맑음,단일로 - 기타,승용,여,46세,상해없음,승용,여,38세,경상
2017102600100198,2017년 10월 26일 10시,목요일,경상남도 김해시 대청동,경상사고,0,0,1,0,차대차 - 추돌,안전거리미확보,건조,맑음,단일로 - 기타,승용,여,31세,상해없음,승용,남,25세,경상
2017102600100225,2017년 10월 26일 11시,목요일,경상남도 창원시 마산회원구 구암동,중상사고,0,1,0,0,차대사람 - 횡단중,보행자보호의무위반,건조,맑음,단일로 - 기타,승용,여,47세,상해없음,보행자,남,56세,중상
2017102600100283,2017년 10월 26일 13시,목요일,경상남도 남해군 이동면,경상사고,0,0,1,0,차대사람 - 길가장자리구역통행중,안전운전불이행,건조,맑음,단일로 - 기타,승용,남,33세,상해없음,보행자,남,72세,경상
2017102600100322,2017년 10월 26일 14시,목요일,경상남도 사천시 사남면,경상사고,0,0,1,0,차대차 - 측면충돌,안전운전불이행,건조,맑음,단일로 - 기타,농기계,남,67세,경상,승용,남,57세,기타불명
2017102600100323,2017년 10월 26일 14시,목요일,경상남도 김해시 부곡동,중상사고,0,1,0,0,차대차 - 측면충돌,안전운전불이행,건조,맑음,단일로 - 기타,이륜,남,73세,중상,승용,남,58세,상해없음
2017102600100356,2017년 10월 26일 15시,목요일,경상남도 산청군 산청읍,경상사고,0,0,2,0,차대차 - 측면충돌,교차로운행방법위반,건조,맑음,교차로 - 교차로안,화물,남,61세,상해없음,자전거,남,11세,경상