사고번호,사고일시,요일,시군구,사고내용,사망자수,중상자수,경상자수,부상신고자수,사고유형,법규위반,노면상태,기상상태,도로형태,가해운전자 차종,가해운전자 성별,가해운전자 연령,가해운전자 상해정도,피해운전자 차종,피해운전자 성별,피해운전자 연령,피해운전자 상해정도
2017102600100385,2017년 10월 26일 16시,목요일,경상남도 사천시 선구동,중상사고,0,1,0,0,차대차 - 측면충돌,차로위반,건조,맑음,교차로 - 교차로안,승용,남,61세,상해없음,승용,여,29세,중상
2017102600100386,2017년 10월 26일 16시,목요일,경상남도 김해시 어방동,중상사고,0,1,0,0,차대사람 - 기타,안전운전불이행,건조,맑음,단일로 - 기타,기타불명,기타불명,미분류,기타불명,보행자,남,46세,중상
2017102600100387,2017년 10월 26일 16시,목요일,경상남도 양산시 삼호동,중상사고,0,1,0,0,차대차 - 측면충돌,중앙선침범,건조,맑음,교차로 - 교차로부근,화물,남,49세,상해없음,이륜,남,19세,중상
2017102600100388,2017년 10월 26일 16시,목요일,경상남도 고성군 고성읍,중상사고,0,1,0,0,차대차 - 기타,직진우회전진행방해,건조,맑음,교차로 - 교차로안,이륜,여,64세,상해없음,승용,남,68세,상해없음
2017102600100389,2017년 10월 26일 16시,목요일,경상남도 거제시 옥포동,경상사고,0,0,1,0,차대차 - 추돌,안전운전불이행,건조,맑음,교차로 - 교차로부근,승용,남,51세,상해없음,승용,남,32세,경상
2017102600100390,2017년 10월 26일 16시,목요일,경상남도 거제시 양정동,경상사고,0,0,1,0,차대차 - 추돌,교차로운행방법위반,건조,맑음,교차로 - 교차로안,승용,여,40세,상해없음,승용,여,33세,경상
2017102600100391,2017년 10월 26일 16시,목요일,경상남도 창원시 의창구 팔용동,중상사고,0,1,0,0,차대사람 - 횡단중,안전운전불이행,건조,맑음,교차로 - 교차로부근,화물,남,41세,상해없음,보행자,남,4세,중상
2017102600100430,2017년 10월 26일 17시,목요일,경상남도 고성군 고성읍,중상사고,0,1,0,0,차대사람 - 기타,보행자보호의무위반,건조,맑음,단일로 - 기타,승용,남,80세,상해없음,보행자,여,22세,중상
2017102600100490,2017년 10월 26일 18시,목요일,경상남도 통영시 봉평동,경상사고,0,0,1,0,차대차 - 측면충돌,안전운전불이행,건조,맑음,단일로 - 기타,승용,여,67세,상해없음,승합,남,46세,경상
2017102600100539,2017년 10월 26일 19시,목요일,경상남도 창원시 마산합포구 완월동,중상사고,0,1,0,0,차대사람 - 보도통행중,보행자보호의무위반,건조,맑음,교차로 - 교차로안,승용,남,58세,상해없음,보행자,남,63세,중상
2017102600100640,2017년 10월 26일 23시,목요일,경상남도 창원시 진해구 여좌동,사망사고,1,0,0,0,차대차 - 기타,안전운전불이행,건조,맑음,단일로 - 기타,승용,남,45세,상해없음,승용,남,30세,상해없음
2017102700100050,2017년 10월 27일 02시,금요일,경상남도 거제시 옥포동,중상사고,0,1,0,0,차대사람 - 기타,안전운전불이행,건조,맑음,기타 - 기타,승용,여,45세,상해없음,보행자,남,34세,중상
2017102700100061,2017년 10월 27일 04시,금요일,경상남도 양산시 물금읍,중상사고,0,1,1,0,차대차 - 측면충돌,신호위반,건조,맑음,교차로 - 교차로안,승용,여,56세,상해없음,승용,여,40세,중상
2017102700100069,2017년 10월 27일 05시,금요일,경상남도 밀양시 내이동,경상사고,0,0,2,0,차대차 - 측면충돌,기타,건조,맑음,교차로 - 교차로안,승합,남,20세,상해없음,화물,남,70세,경상
2017102700100083,2017년 10월 27일 06시,금요일,경상남도 김해시 외동,경상사고,0,0,2,0,차대차 - 기타,교차로운행방법위반,건조,맑음,교차로 - 교차로안,승용,남,36세,상해없음,승합,여,51세,경상
2017102700100084,2017년 10월 27일 06시,금요일,경상남도 양산시 덕계동,경상사고,0,0,1,0,차대차 - 측면충돌,안전운전불이행,건조,맑음,교차로 - 교차로안,승용,남,23세,상해없음,자전거,남,74세,경상
2017102700100110,2017년 10월 27일 07시,금요일,경상남도 양산시 남부동,중상사고,0,1,0,0,차대사람 - 횡단중,신호위반,건조,맑음,교차로 - 교차로횡단보도내,승용,남,33세,상해없음,보행자,여,51세,중상
2017102700100111,2017년 10월 27일 07시,금요일,경상남도 양산시 동면,중상사고,0,1,0,0,차대차 - 측면충돌,안전운전불이행,건조,맑음,단일로 - 기타,승용,여,45세,상해없음,자전거,남,74세,중상
2017102700100112,2017년 10월 27일 07시,금요일,경상남도 창원시 마산회원구 내서읍,사망사고,1,0,1,0,차대차 - 추돌,안전운전불이행,건조,맑음,단일로 - 기타,화물,남,35세,상해없음,건설기계,남,46세,경상
2017102700100113,2017년 10월 27일 07시,금요일,경상남도 창원시 의창구 명서동,경상사고,0,0,1,0,차대차 - 기타,안전운전불이행,건조,맑음,단일로 - 기타,화물,남,51세,상해없음,승용,남,32세,경상
2017102700100161,2017년 10월 27일 08시,금요일,경상남도 밀양시 하남읍,중상사고,0,1,0,0,차대차 - 측면충돌,기타,건조,맑음,교차로 - 교차로안,화물,남,73세,상해없음,자전거,남,85세,중상
2017102700100162,2017년 10월 27일 08시,금요일,경상남도 양산시 물금읍,경상사고,0,0,1,0,차대차 - 기타,신호위반,건조,맑음,교차로 - 교차로안,승용,여,39세,상해없음,이륜,남,72세,경상
2017102700100163,2017년 10월 27일 08시,금요일,경상남도 거제시 일운면,경상사고,0,0,1,0,차대차 - 기타,안전운전불이행,건조,맑음,기타 - 기타,승용,여,30세,상해없음,승용,여,46세,경상
2017102700100196,2017년 10월 27일 09시,금요일,경상남도 거창군 거창읍,경상사고,0,0,1,0,차대차 - 기타,신호위반,건조,맑음,교차로 - 교차로안,승용,여,46세,상해없음,이륜,여,56세,경상
2017102700100234,2017년 10월 27일 10시,금요일,경상남도 진주시 상대동,경상사고,0,0,1,0,차대사람 - 횡단중,보행자보호의무위반,건조,맑음,단일로 - 기타,화물,남,63세,상해없음,보행자,남,18세,경상
2017102700100235,2017년 10월 27일 10시,금요일,경상남도 창녕군 부곡면,경상사고,0,0,3,0,차대차 - 기타,중앙선침범,건조,맑음,단일로 - 기타,승용,여,53세,경상,승용,남,52세,경상
2017102700100274,2017년 10월 27일 11시,금요일,경상남도 합천군 합천읍,중상사고,0,1,0,0,차대차 - 측면충돌,중앙선침범,건조,맑음,단일로 - 기타,화물,남,42세,상해없음,화물,남,33세,중상
2017102700100305,2017년 10월 27일 12시,금요일,경상남도 통영시 미수동,중상사고,0,1,0,0,차대차 - 정면충돌,중앙선침범,건조,맑음,단일로 - 기타,승합,남,72세,중상,승용,남,45세,상해없음
2017102700100306,2017년 10월 27일 12시,금요일,경상남도 김해시 어방동,중상사고,0,1,1,0,차대차 - 추돌,안전거리미확보,건조,맑음,단일로 - 기타,승용,여,53세,경상,건설기계,남,45세,상해없음
2017102700100307,2017년 10월 27일 12시,금요일,경상남도 양산시 물금읍,경상사고,0,0,3,0,차대차 - 측면충돌,신호위반,건조,맑음,교차로 - 교차로안,승용,여,27세,상해없음,승용,남,33세,경상
2017102700100342,2017년 10월 27일 13시,금요일,경상남도 진주시 문산읍,중상사고,0,1,0,0,차대차 - 추돌,안전운전불이행,건조,맑음,단일로 - 기타,승용,여,59세,상해없음,사륜오토바이(ATV),남,81세,중상
2017102700100343,2017년 10월 27일 13시,금요일,경상남도 창원시 진해구 용원동,중상사고,0,1,0,0,차대사람 - 횡단중,보행자보호의무위반,건조,맑음,교차로 - 교차로안,화물,남,41세,상해없음,보행자,여,44세,중상
2017102700100344,2017년 10월 27일 13시,금요일,경상남도 거창군 거창읍,중상사고,0,1,0,0,차대차 - 기타,안전운전불이행,건조,맑음,단일로 - 기타,승용,여,64세,상해없음,이륜,남,60세,중상
2017102700100382,2017년 10월 27일 14시,금요일,경상남도 사천시 선구동,경상사고,0,0,1,0,차대차 - 추돌,안전운전불이행,건조,맑음,단일로 - 기타,화물,남,61세,상해없음,이륜,여,56세,경상
2017102700100418,2017년 10월 27일 15시,금요일,경상남도 창원시 마산회원구 내서읍,중상사고,0,1,0,0,차대차 - 기타,안전운전불이행,건조,맑음,단일로 - 기타,화물,남,33세,상해없음,이륜,남,35세,중상
2017102700100459,2017년 10월 27일 16시,금요일,경상남도 김해시 외동,경상사고,0,0,3,0,차대차 - 기타,안전운전불이행,건조,맑음,교차로 - 교차로안,승합,남,66세,경상,승용,여,53세,경상
2017102700100574,2017년 10월 27일 18시,금요일,경상남도 진주시 이현동,중상사고,0,1,0,0,차대사람 - 차도통행중,안전운전불이행,건조,맑음,단일로 - 기타,승합,여,59세,상해없음,보행자,남,18세,중상
2017102700100575,2017년 10월 27일 18시,금요일,경상남도 창원시 진해구 인사동,중상사고,0,1,0,0,차대차 - 측면충돌,안전운전불이행,건조,맑음,단일로 - 기타,승용,남,20세,상해없음,원동기,남,77세,중상
2017102700100576,2017년 10월 27일 18시,금요일,경상남도 통영시 미수동,경상사고,0,0,2,0,차대사람 - 기타,안전운전불이행,건조,맑음,교차로 - 교차로부근,승용,남,60세,상해없음,보행자,남,69세,경상
2017102700100577,2017년 10월 27일 18시,금요일,경상남도 사천시 사천읍,경상사고,0,0,1,0,차대차 - 추돌,안전운전불이행,건조,맑음,교차로 - 교차로부근,승용,남,56세,상해없음,승용,여,22세,경상
2017102700100578,2017년 10월 27일 18시,금요일,경상남도 합천군 합천읍,경상사고,0,0,1,0,차대사람 - 횡단중,안전운전불이행,건조,맑음,단일로 - 기타,승용,여,44세,상해없음,보행자,남,4세,경상
2017102700100579,2017년 10월 27일 18시,금요일,경상남도 함양군 지곡면,경상사고,0,0,1,0,차대차 - 추돌,안전운전불이행,젖음/습기,맑음,교차로 - 교차로부근,승용,남,69세,상해없음,농기계,남,59세,경상
2017102700100641,2017년 10월 27일 19시,금요일,경상남도 사천시 사천읍,경상사고,0,0,1,0,차대사람 - 기타,안전운전불이행,건조,맑음,단일로 - 기타,승용,남,31세,상해없음,보행자,남,43세,경상
2017102700100692,2017년 10월 27일 20시,금요일,경상남도 거제시 고현동,경상사고,0,0,1,0,차대차 - 기타,안전거리미확보,건조,맑음,단일로 - 기타,승용,남,32세,기타불명,승용,남,24세,경상
2017102700100693,2017년 10월 27일 20시,금요일,경상남도 산청군 단성면,경상사고,0,0,2,0,차대차 - 측면충돌,중앙선침범,건조,맑음,단일로 - 기타,승용,남,74세,상해없음,승용,남,21세,상해없음
2017102700100694,2017년 10월 27일 20시,금요일,경상남도 김해시 대청동,경상사고,0,0,1,0,차대차 - 측면충돌,교차로운행방법위반,건조,맑음,교차로 - 교차로안,승용,여,47세,상해없음,승용,남,71세,경상
2017102700100725,2017년 10월 27일 21시,금요일,경상남도 창원시 의창구 신월동,경상사고,0,0,1,0,차대차 - 추돌,안전운전불이행,건조,맑음,교차로 - 교차로부근,승용,남,46세,상해없음,승용,남,65세,경상
2017102700100763,2017년 10월 27일 22시,금요일,경상남도 진주시 동성동,중상사고,0,4,2,0,차대차 - 추돌,안전운전불이행,건조,맑음,단일로 - 기타,승용,남,26세,상해없음,승용,남,53세,경상
2017102800100034,2017년 10월 28일 00시,토요일,경상남도 김해시 대청동,중상사고,0,1,0,0,차대차 - 측면충돌,안전운전불이행,건조,맑음,교차로 - 교차로안,승용,여,52세,상해없음,이륜,남,18세,중상
2017102800100078,2017년 10월 28일 03시,토요일,경상남도 거제시 아주동,경상사고,0,0,1,0,차대차 - 기타,안전운전불이행,건조,맑음,교차로 - 교차로안,승용,여,27세,상해없음,승용,남,28세,경상
2017102800100126,2017년 10월 28일 06시,토요일,경상남도 창녕군 길곡면,경상사고,0,0,2,0,차대차 - 기타,중앙선침범,건조,맑음,단일로 - 기타,화물,남,62세,경상,자전거,남,60세,경상
2017102800100171,2017년 10월 28일 08시,토요일,경상남도 사천시 사천읍,경상사고,0,0,1,0,차대차 - 측면충돌,안전운전불이행,건조,맑음,교차로 - 교차로안,승용,남,69세,상해없음,승합,남,34세,경상
2017102800100172,2017년 10월 28일 08시,토요일,경상남도 사천시 사남면,경상사고,0,0,1,0,차대차 - 측면충돌,안전운전불이행,건조,맑음,교차로 - 교차로안,승용,남,53세,상해없음,승용,여,33세,경상
2017102800100173,2017년 10월 28일 08시,토요일,경상남도 거제시 연초면,중상사고,0,1,0,0,차대차 - 측면충돌,신호위반,건조,맑음,교차로 - 교차로안,승용,남,35세,상해없음,승용,남,32세,중상
2017102800100204,2017년 10월 28일 09시,토요일,경상남도 합천군 묘산면,경상사고,0,0,1,0,차대차 - 측면충돌,차로위반,건조,맑음,단일로 - 기타,승용,남,51세,상해없음,승용,남,45세,경상
2017102800100205,2017년 10월 28일 09시,토요일,경상남도 김해시 진영읍,경상사고,0,0,2,0,차대차 - 측면충돌,안전운전불이행,건조,맑음,교차로 - 교차로안,승합,남,37세,경상,승용,여,54세,경상
2017102800100206,2017년 10월 28일 09시,토요일,경상남도 김해시 부곡동,중상사고,0,1,0,0,차대사람 - 횡단중,보행자보호의무위반,건조,맑음,교차로 - 교차로횡단보도내,승용,여,59세,상해없음,보행자,남,7세,중상
2017102800100242,2017년 10월 28일 10시,토요일,경상남도 김해시 삼계동,경상사고,0,0,1,0,차대차 - 측면충돌,중앙선침범,건조,흐림,단일로 - 기타,승용,여,57세,상해없음,자전거,남,10세,경상
2017102800100243,2017년 10월 28일 10시,토요일,경상남도 합천군 봉산면,부상신고사고,0,0,0,1,차량단독 - 공작물충돌,안전운전불이행,건조,맑음,단일로 - 기타,이륜,남,33세,부상신고,,,,
2017102800100287,2017년 10월 28일 11시,토요일,경상남도 밀양시 하남읍,경상사고,0,0,1,0,차대사람 - 보도통행중,안전운전불이행,건조,맑음,단일로 - 기타,화물,남,39세,상해없음,보행자,여,53세,경상
2017102800100288,2017년 10월 28일 11시,토요일,경상남도 밀양시 하남읍,중상사고,0,2,0,0,차대차 - 측면충돌,안전운전불이행,건조,맑음,단일로 - 기타,건설기계,남,57세,상해없음,승용,여,33세,중상
2017102800100289,2017년 10월 28일 11시,토요일,경상남도 함안군 가야읍,경상사고,0,0,1,2,차대차 - 측면충돌,과속,건조,맑음,교차로 - 교차로안,화물,남,59세,상해없음,승용,여,50세,경상
2017102800100329,2017년 10월 28일 12시,토요일,경상남도 김해시 내동,중상사고,0,1,0,0,차대차 - 측면충돌,중앙선침범,건조,맑음,단일로 - 기타,승용,여,56세,상해없음,승용,여,35세,중상
2017102800100330,2017년 10월 28일 12시,토요일,경상남도 함양군 함양읍,중상사고,0,1,0,0,차대차 - 측면충돌,교차로운행방법위반,건조,맑음,교차로 - 교차로안,승용,여,28세,상해없음,승용,남,46세,중상
2017102800100364,2017년 10월 28일 13시,토요일,경상남도 거제시 거제면,중상사고,0,1,2,0,차대차 - 기타,중앙선침범,건조,맑음,단일로 - 기타,화물,남,37세,상해없음,승용,남,64세,중상
2017102800100365,2017년 10월 28일 13시,토요일,경상남도 함안군 칠원읍,경상사고,0,0,2,0,차대차 - 추돌,안전운전불이행,건조,맑음,교차로 - 교차로부근,건설기계,남,57세,상해없음,승용,여,38세,경상
2017102800100366,2017년 10월 28일 13시,토요일,경상남도 김해시 한림면,사망사고,1,0,0,0,차대사람 - 횡단중,안전운전불이행,건조,맑음,단일로 - 기타,화물,남,46세,상해없음,보행자,남,81세,사망
2017102800100404,2017년 10월 28일 14시,토요일,경상남도 창원시 진해구 석동,경상사고,0,0,1,0,차대차 - 추돌,안전운전불이행,건조,맑음,단일로 - 기타,승용,남,18세,상해없음,승용,여,37세,경상
2017102800100405,2017년 10월 28일 14시,토요일,경상남도 사천시 노룡동,경상사고,0,0,1,0,차대차 - 기타,안전운전불이행,건조,맑음,단일로 - 기타,승용,남,58세,상해없음,승합,남,47세,상해없음
2017102800100406,2017년 10월 28일 14시,토요일,경상남도 양산시 주남동,경상사고,0,0,1,0,차대차 - 기타,안전운전불이행,건조,맑음,교차로 - 교차로부근,승용,남,59세,상해없음,자전거,남,7세,경상
2017102800100463,2017년 10월 28일 15시,토요일,경상남도 김해시 서상동,중상사고,0,1,0,0,차대차 - 추돌,안전운전불이행,건조,맑음,교차로 - 교차로안,승용,여,50세,상해없음,승용,기타불명,미분류,기타불명
2017102800100464,2017년 10월 28일 15시,토요일,경상남도 합천군 묘산면,부상신고사고,0,0,0,1,차량단독 - 전도전복 - 전도,안전운전불이행,건조,맑음,단일로 - 기타,사륜오토바이(ATV),남,82세,부상신고,,,,
2017102800100465,2017년 10월 28일 15시,토요일,경상남도 김해시 삼문동,경상사고,0,0,1,1,차대차 - 측면충돌,안전운전불이행,건조,맑음,교차로 - 교차로부근,이륜,남,16세,부상신고,화물,남,47세,상해없음
2017102800100508,2017년 10월 28일 16시,토요일,경상남도 김해시 삼정동,경상사고,0,0,1,0,차대차 - 정면충돌,중앙선침범,건조,맑음,단일로 - 기타,승용,남,51세,상해없음,승용,남,54세,경상
2017102800100509,2017년 10월 28일 16시,토요일,경상남도 합천군 초계면,경상사고,0,0,1,0,차대차 - 측면충돌,안전운전불이행,건조,맑음,단일로 - 기타,농기계,남,75세,경상,승용,남,59세,상해없음
2017102800100510,2017년 10월 28일 16시,토요일,경상남도 남해군 창선면,중상사고,0,1,0,0,차대차 - 측면충돌,중앙선침범,건조,맑음,단일로 - 기타,농기계,남,56세,중상,화물,남,50세,상해없음
2017102800100511,2017년 10월 28일 16시,토요일,경상남도 창원시 성산구 상남동,경상사고,0,0,1,0,차대차 - 측면충돌,안전운전불이행,건조,맑음,교차로 - 교차로안,승용,여,41세,상해없음,승용,남,56세,상해없음
2017102800100512,2017년 10월 28일 16시,토요일,경상남도 창원시 마산회원구 합성동,중상사고,0,1,0,0,차대차 - 기타,안전운전불이행,건조,맑음,단일로 - 기타,승용,여,48세,상해없음,승용,남,33세,중상
2017102800100530,2017년 10월 28일 17시,토요일,경상남도 양산시 상북면,경상사고,0,0,2,0,차대차 - 추돌,안전운전불이행,건조,맑음,단일로 - 기타,승용,남,29세,상해없음,승용,여,47세,경상
2017102800100553,2017년 10월 28일 17시,토요일,경상남도 창원시 마산합포구 우산동,경상사고,0,0,3,0,차대차 - 추돌,안전거리미확보,건조,맑음,단일로 - 기타,승합,남,56세,상해없음,승용,여,37세,경상
2017102800100554,2017년 10월 28일 17시,토요일,경상남도 김해시 외동,중상사고,0,1,0,0,차대차 - 측면충돌,안전운전불이행,건조,맑음,단일로 - 기타,승용,여,74세,상해없음,이륜,남,23세,중상
2017102800100555,2017년 10월 28일 17시,토요일,경상남도 김해시 부원동,경상사고,0,0,1,0,차대사람 - 기타,안전운전불이행,건조,맑음,교차로 - 교차로안,이륜,남,66세,상해없음,보행자,남,52세,경상
2017102800100556,2017년 10월 28일 17시,토요일,경상남도 거창군 거창읍,경상사고,0,0,1,0,차대사람 - 기타,안전운전불이행,건조,맑음,단일로 - 기타,화물,남,61세,상해없음,보행자,남,67세,경상
2017102800100557,2017년 10월 28일 17시,토요일,경상남도 거제시 아주동,경상사고,0,0,1,0,차대차 - 기타,안전거리미확보,건조,맑음,단일로 - 터널,승용,남,32세,상해없음,화물,여,53세,경상
2017102800100558,2017년 10월 28일 17시,토요일,경상남도 창원시 의창구 서상동,경상사고,0,0,3,0,차대차 - 측면충돌,안전운전불이행,건조,맑음,단일로 - 기타,승용,남,56세,상해없음,승용,남,24세,경상
2017102800100559,2017년 10월 28일 17시,토요일,경상남도 김해시 진영읍,경상사고,0,0,1,0,차대차 - 추돌,안전운전불이행,건조,맑음,단일로 - 기타,화물,남,73세,상해없음,승합,남,46세,경상
2017102800100616,2017년 10월 28일 18시,토요일,경상남도 사천시 정동면,경상사고,0,0,1,0,차대차 - 추돌,안전운전불이행,건조,맑음,단일로 - 기타,승용,남,52세,경상,건설기계,남,42세,상해없음
2017102800100617,2017년 10월 28일 18시,토요일,경상남도 창원시 마산회원구 합성동,경상사고,0,0,3,0,차대차 - 측면충돌,안전운전불이행,건조,맑음,단일로 - 기타,화물,남,56세,상해없음,승용,남,49세,상해없음
2017102800100671,2017년 10월 28일 19시,토요일,경상남도 고성군 거류면,경상사고,0,0,1,0,차대차 - 추돌,안전거리미확보,건조,맑음,단일로 - 기타,승용,남,75세,상해없음,농기계,남,72세,경상
2017102800100717,2017년 10월 28일 20시,토요일,경상남도 양산시 북정동,경상사고,0,0,1,0,차대차 - 측면충돌,안전운전불이행,건조,맑음,교차로 - 교차로안,승용,남,67세,상해없음,승용,남,31세,경상
2017102800100718,2017년 10월 28일 20시,토요일,경상남도 거제시 하청면,경상사고,0,0,6,0,차대차 - 기타,안전운전불이행,건조,맑음,교차로 - 교차로부근,승용,여,55세,상해없음,승용,남,38세,경상
2017102800100719,2017년 10월 28일 20시,토요일,경상남도 창원시 의창구 동읍,사망사고,1,0,0,0,차대사람 - 기타,안전운전불이행,건조,맑음,교차로 - 교차로부근,승합,남,39세,상해없음,보행자,남,48세,사망
2017102800100748,2017년 10월 28일 21시,토요일,경상남도 밀양시 부북면,중상사고,0,1,1,0,차대차 - 측면충돌,교차로운행방법위반,건조,맑음,교차로 - 교차로안,화물,남,63세,경상,승용,여,61세,중상
2017102800100749,2017년 10월 28일 21시,토요일,경상남도 거제시 고현동,경상사고,0,0,1,0,차대차 - 기타,교차로운행방법위반,건조,맑음,교차로 - 교차로안,승용,여,53세,상해없음,이륜,남,42세,경상
2017102800100766,2017년 10월 28일 22시,토요일,경상남도 양산시 물금읍,경상사고,0,0,1,0,차대차 - 측면충돌,중앙선침범,건조,맑음,교차로 - 교차로안,승용,남,19세,상해없음,승용,여,49세,경상
2017102800100767,2017년 10월 28일 22시,토요일,경상남도 거제시 수월동,중상사고,0,2,0,0,차대차 - 측면충돌,신호위반,건조,맑음,교차로 - 교차로안,승용,남,39세,상해없음,승용,남,37세,중상
2017102800100785,2017년 10월 28일 23시,토요일,경상남도 창원시 진해구 풍호동,경상사고,0,0,1,0,차대사람 - 길가장자리구역통행중,안전운전불이행,건조,맑음,교차로 - 교차로안,승용,남,48세,상해없음,보행자,남,55세,경상
2017102900100031,2017년 10월 29일 00시,일요일,경상남도 양산시 북부동,경상사고,0,0,1,0,차대차 - 기타,중앙선침범,건조,맑음,단일로 - 기타,승용,남,57세,상해없음,승용,여,48세,경상
2017102900100032,2017년 10월 29일 00시,일요일,경상남도 거제시 사등면,경상사고,0,0,5,0,차대차 - 기타,안전운전불이행,건조,맑음,단일로 - 기타,승용,남,43세,상해없음,승용,남,40세,경상
2017102900100069,2017년 10월 29일 03시,일요일,경상남도 창원시 의창구 동읍,경상사고,0,0,1,0,차대차 - 측면충돌,안전운전불이행,건조,맑음,교차로 - 교차로안,승용,남,51세,상해없음,승용,남,27세,경상
2017102900100109,2017년 10월 29일 07시,일요일,경상남도 사천시 늑도동,경상사고,0,0,2,0,차대차 - 측면충돌,안전운전불이행,건조,맑음,단일로 - 기타,승용,여,26세,경상,승용,남,37세,경상
2017102900100124,2017년 10월 29일 08시,일요일,경상남도 김해시 어방동,경상사고,0,0,2,0,차대차 - 측면충돌,신호위반,건조,맑음,교차로 - 교차로안,승용,남,27세,상해없음,승용,남,44세,경상
2017102900100159,2017년 10월 29일 10시,일요일,경상남도 창원시 마산합포구 가포동,경상사고,0,0,2,0,차대차 - 추돌,안전거리미확보,건조,맑음,단일로 - 기타,승용,남,73세,경상,승용,남,58세,상해없음
2017102900100184,2017년 10월 29일 11시,일요일,경상남도 함양군 함양읍,경상사고,0,0,1,0,차대사람 - 횡단중,안전운전불이행,건조,맑음,교차로 - 교차로안,원동기,남,77세,상해없음,보행자,여,7세,경상
2017102900100206,2017년 10월 29일 12시,일요일,경상남도 사천시 사천읍,중상사고,0,2,0,0,차대차 - 측면충돌,신호위반,건조,맑음,교차로 - 교차로안,승용,여,62세,상해없음,승합,남,37세,중상
2017102900100207,2017년 10월 29일 12시,일요일,경상남도 거제시 일운면,경상사고,0,0,1,0,차대사람 - 횡단중,보행자보호의무위반,건조,맑음,단일로 - 기타,승용,여,48세,상해없음,보행자,여,8세,경상
2017102900100208,2017년 10월 29일 12시,일요일,경상남도 김해시 진영읍,중상사고,0,1,2,0,차대차 - 추돌,안전운전불이행,건조,맑음,단일로 - 기타,승용,남,27세,상해없음,승용,여,28세,경상
2017102900100233,2017년 10월 29일 13시,일요일,경상남도 창녕군 남지읍,중상사고,0,2,0,0,차대차 - 기타,직진우회전진행방해,건조,맑음,교차로 - 교차로안,승용,여,34세,상해없음,화물,여,46세,중상
2017102900100264,2017년 10월 29일 14시,일요일,경상남도 진주시 문산읍,중상사고,0,1,3,0,차대차 - 추돌,안전운전불이행,건조,맑음,단일로 - 기타,승용,남,55세,상해없음,승용,남,54세,중상
2017102900100265,2017년 10월 29일 14시,일요일,경상남도 통영시 태평동,경상사고,0,0,1,1,차대차 - 추돌,안전운전불이행,건조,맑음,단일로 - 기타,승용,여,24세,상해없음,승용,여,58세,경상
2017102900100302,2017년 10월 29일 15시,일요일,경상남도 창원시 마산합포구 우산동,경상사고,0,0,1,0,차대차 - 추돌,안전거리미확보,건조,맑음,단일로 - 기타,승용,남,51세,상해없음,승용,남,36세,상해없음
2017102900100370,2017년 10월 29일 17시,일요일,경상남도 창원시 마산합포구 진북면,경상사고,0,0,1,0,차대차 - 측면충돌,안전운전불이행,건조,맑음,교차로 - 교차로안,승용,여,21세,상해없음,이륜,남,60세,경상
2017102900100371,2017년 10월 29일 17시,일요일,경상남도 밀양시 내이동,중상사고,0,1,0,0,차대차 - 측면충돌,안전운전불이행,건조,맑음,교차로 - 교차로부근,승용,여,56세,상해없음,자전거,남,55세,중상
2017102900100372,2017년 10월 29일 17시,일요일,경상남도 양산시 덕계동,경상사고,0,0,1,0,차대사람 - 횡단중,기타,건조,맑음,교차로 - 교차로부근,승합,남,41세,상해없음,보행자,남,46세,경상
2017102900100373,2017년 10월 29일 17시,일요일,경상남도 양산시 물금읍,경상사고,0,0,1,1,차대사람 - 횡단중,안전운전불이행,건조,맑음,단일로 - 기타,이륜,남,16세,부상신고,보행자,여,5세,경상
2017102900100421,2017년 10월 29일 18시,일요일,경상남도 창원시 마산합포구 우산동,중상사고,0,1,0,0,차대차 - 추돌,안전운전불이행,건조,맑음,단일로 - 기타,승용,남,65세,상해없음,승용,남,33세,상해없음
2017102900100422,2017년 10월 29일 18시,일요일,경상남도 사천시 송포동,부상신고사고,0,0,0,1,차대차 - 기타,안전운전불이행,건조,맑음,교차로 - 교차로안,승용,남,71세,부상신고,화물,남,49세,상해없음
2017102900100423,2017년 10월 29일 18시,일요일,경상남도 밀양시 삼문동,경상사고,0,0,1,0,차대사람 - 횡단중,보행자보호의무위반,건조,흐림,교차로 - 교차로안,승용,남,43세,상해없음,보행자,여,62세,경상
2017102900100424,2017년 10월 29일 18시,일요일,경상남도 거제시 수월동,경상사고,0,0,1,0,차대차 - 기타,안전운전불이행,건조,맑음,기타 - 기타,건설기계,남,48세,상해없음,승용,여,45세,경상
2017102900100462,2017년 10월 29일 19시,일요일,경상남도 통영시 미수동,중상사고,0,1,0,0,차대사람 - 횡단중,보행자보호의무위반,건조,맑음,단일로 - 기타,화물,남,60세,상해없음,보행자,여,74세,중상
2017102900100463,2017년 10월 29일 19시,일요일,경상남도 양산시 중부동,중상사고,0,1,0,0,차대차 - 기타,신호위반,건조,맑음,교차로 - 교차로안,승용,남,50세,상해없음,승용,여,52세,중상
2017102900100464,2017년 10월 29일 19시,일요일,경상남도 함안군 가야읍,경상사고,0,0,1,0,차대차 - 기타,안전운전불이행,건조,맑음,단일로 - 기타,승용,남,54세,상해없음,승용,여,48세,경상