사고번호,사고일시,요일,시군구,사고내용,사망자수,중상자수,경상자수,부상신고자수,사고유형,법규위반,노면상태,기상상태,도로형태,가해운전자 차종,가해운전자 성별,가해운전자 연령,가해운전자 상해정도,피해운전자 차종,피해운전자 성별,피해운전자 연령,피해운전자 상해정도
2017110100100686,2017년 11월 1일 21시,수요일,경상남도 거제시 아주동,중상사고,0,2,4,0,차대차 - 기타,안전운전불이행,건조,맑음,교차로 - 교차로부근,승용,여,44세,상해없음,승합,남,53세,경상
2017110100100687,2017년 11월 1일 21시,수요일,경상남도 거제시 고현동,중상사고,0,1,0,0,차대차 - 측면충돌,직진우회전진행방해,건조,맑음,교차로 - 교차로안,승용,여,58세,상해없음,승용,남,46세,중상
2017110100100688,2017년 11월 1일 21시,수요일,경상남도 창원시 성산구 남산동,중상사고,0,1,0,0,차대차 - 측면충돌,안전운전불이행,건조,맑음,교차로 - 교차로부근,승용,여,58세,상해없음,승용,남,55세,중상
2017110100100689,2017년 11월 1일 21시,수요일,경상남도 진주시 문산읍,사망사고,1,0,0,0,차대차 - 추돌,안전운전불이행,건조,맑음,단일로 - 기타,승용,남,58세,사망,건설기계,남,47세,상해없음
2017110100100704,2017년 11월 1일 22시,수요일,경상남도 사천시 사남면,경상사고,0,0,1,1,차대차 - 측면충돌,신호위반,건조,맑음,교차로 - 교차로안,승용,남,52세,부상신고,승용,남,25세,경상
2017110100100705,2017년 11월 1일 22시,수요일,경상남도 밀양시 상남면,경상사고,0,0,2,0,차대차 - 추돌,안전운전불이행,건조,맑음,교차로 - 교차로부근,승용,남,25세,상해없음,승용,남,69세,경상
2017110100100706,2017년 11월 1일 22시,수요일,경상남도 거제시 고현동,사망사고,1,0,0,0,차대사람 - 횡단중,안전운전불이행,건조,맑음,단일로 - 기타,승용,남,34세,상해없음,보행자,남,57세,사망
2017110100100707,2017년 11월 1일 22시,수요일,경상남도 창원시 마산회원구 구암동,경상사고,0,0,3,0,차대차 - 추돌,안전운전불이행,건조,맑음,교차로 - 교차로안,승용,여,24세,상해없음,승합,남,54세,경상
2017110100100729,2017년 11월 1일 23시,수요일,경상남도 김해시 진영읍,중상사고,0,1,0,0,차대차 - 추돌,안전운전불이행,건조,맑음,단일로 - 기타,승용,남,32세,상해없음,승용,남,26세,중상
2017110200100036,2017년 11월 2일 00시,목요일,경상남도 김해시 봉황동,경상사고,0,0,1,0,차대차 - 측면충돌,신호위반,건조,맑음,교차로 - 교차로안,승용,남,45세,상해없음,승용,남,32세,경상
2017110200100044,2017년 11월 2일 01시,목요일,경상남도 진주시 신안동,경상사고,0,0,1,0,차대차 - 측면충돌,신호위반,건조,맑음,교차로 - 교차로안,승용,남,59세,상해없음,승용,남,70세,상해없음
2017110200100060,2017년 11월 2일 03시,목요일,경상남도 창원시 의창구 팔용동,중상사고,0,1,1,0,차대차 - 측면충돌,신호위반,건조,맑음,교차로 - 교차로안,승용,남,41세,상해없음,승용,남,61세,중상
2017110200100075,2017년 11월 2일 05시,목요일,경상남도 산청군 금서면,경상사고,0,0,3,0,차대차 - 측면충돌,기타,건조,맑음,단일로 - 기타,기타불명,기타불명,미분류,기타불명,승용,여,40세,경상
2017110200100084,2017년 11월 2일 06시,목요일,경상남도 김해시 삼방동,사망사고,1,0,0,0,차대사람 - 차도통행중,안전운전불이행,건조,맑음,단일로 - 기타,승용,남,73세,상해없음,보행자,여,85세,사망
2017110200100085,2017년 11월 2일 06시,목요일,경상남도 김해시 생림면,경상사고,0,0,1,0,차대차 - 측면충돌,신호위반,건조,맑음,교차로 - 교차로안,건설기계,남,57세,상해없음,승용,여,43세,경상
2017110200100107,2017년 11월 2일 07시,목요일,경상남도 창원시 마산회원구 석전동,경상사고,0,0,1,0,차대사람 - 횡단중,보행자보호의무위반,기타,맑음,단일로 - 기타,화물,남,38세,상해없음,보행자,남,22세,경상
2017110200100129,2017년 11월 2일 08시,목요일,경상남도 창원시 마산합포구 상남동,경상사고,0,0,1,0,차대차 - 추돌,안전거리미확보,건조,맑음,교차로 - 교차로부근,승용,남,69세,상해없음,승용,남,72세,경상
2017110200100130,2017년 11월 2일 08시,목요일,경상남도 김해시 외동,경상사고,0,0,1,0,차대차 - 측면충돌,안전거리미확보,건조,맑음,교차로 - 교차로부근,승용,남,80세,상해없음,승용,남,57세,경상
2017110200100131,2017년 11월 2일 08시,목요일,경상남도 고성군 하일면,중상사고,0,1,0,0,차대차 - 기타,신호위반,건조,맑음,교차로 - 교차로안,승용,남,29세,상해없음,화물,남,53세,중상
2017110200100171,2017년 11월 2일 09시,목요일,경상남도 합천군 야로면,중상사고,0,1,0,0,차대사람 - 차도통행중,안전운전불이행,건조,맑음,기타 - 기타,화물,남,71세,상해없음,보행자,여,77세,중상
2017110200100172,2017년 11월 2일 09시,목요일,경상남도 합천군 합천읍,경상사고,0,0,1,0,차대차 - 측면충돌,안전운전불이행,건조,맑음,교차로 - 교차로안,승용,남,77세,상해없음,승용,남,42세,경상
2017110200100173,2017년 11월 2일 09시,목요일,경상남도 남해군 상주면,중상사고,0,1,0,0,차대차 - 측면충돌,안전운전불이행,건조,맑음,단일로 - 기타,화물,여,42세,상해없음,이륜,남,66세,중상
2017110200100196,2017년 11월 2일 10시,목요일,경상남도 거제시 장평동,중상사고,0,2,0,0,차대차 - 측면충돌,안전거리미확보,건조,맑음,단일로 - 기타,화물,남,66세,상해없음,승용,여,55세,중상
2017110200100240,2017년 11월 2일 12시,목요일,경상남도 김해시 내동,중상사고,0,1,0,0,차대사람 - 차도통행중,안전운전불이행,건조,맑음,단일로 - 기타,화물,남,55세,상해없음,보행자,남,58세,중상
2017110200100267,2017년 11월 2일 13시,목요일,경상남도 창원시 성산구 성주동,사망사고,3,3,4,0,차대차 - 기타,안전운전불이행,건조,맑음,단일로 - 기타,화물,남,76세,사망,화물,남,35세,중상
2017110200100322,2017년 11월 2일 15시,목요일,경상남도 통영시 동호동,중상사고,0,1,0,0,차대사람 - 기타,안전운전불이행,건조,맑음,단일로 - 기타,화물,남,46세,상해없음,보행자,남,59세,중상
2017110200100323,2017년 11월 2일 15시,목요일,경상남도 김해시 주촌면,경상사고,0,0,1,0,차대차 - 추돌,안전운전불이행,건조,맑음,단일로 - 기타,승용,남,73세,상해없음,승용,남,65세,경상
2017110200100358,2017년 11월 2일 16시,목요일,경상남도 진주시 충무공동,중상사고,0,1,0,0,차대차 - 측면충돌,신호위반,건조,맑음,교차로 - 교차로안,승용,여,49세,상해없음,승용,여,37세,중상
2017110200100403,2017년 11월 2일 17시,목요일,경상남도 거제시 사등면,경상사고,0,0,1,0,차대차 - 기타,안전운전불이행,건조,맑음,단일로 - 기타,승용,남,66세,상해없음,승용,여,31세,경상
2017110200100445,2017년 11월 2일 18시,목요일,경상남도 창원시 마산합포구 상남동,경상사고,0,0,2,0,차대사람 - 기타,중앙선침범,건조,맑음,교차로 - 교차로횡단보도내,승합,남,59세,상해없음,보행자,남,51세,경상
2017110200100446,2017년 11월 2일 18시,목요일,경상남도 통영시 도천동,경상사고,0,0,4,0,차대차 - 추돌,안전운전불이행,건조,맑음,단일로 - 기타,승용,남,56세,상해없음,승용,여,36세,상해없음
2017110200100447,2017년 11월 2일 18시,목요일,경상남도 밀양시 초동면,중상사고,0,1,0,0,차대차 - 측면충돌,중앙선침범,건조,맑음,단일로 - 기타,농기계,남,73세,중상,승용,여,41세,상해없음
2017110200100448,2017년 11월 2일 18시,목요일,경상남도 산청군 신안면,사망사고,1,0,0,0,차대차 - 측면충돌,안전운전불이행,건조,맑음,단일로 - 기타,승용,남,69세,사망,승용,남,54세,상해없음
2017110200100493,2017년 11월 2일 19시,목요일,경상남도 진주시 칠암동,경상사고,0,0,1,0,차대차 - 측면충돌,안전운전불이행,건조,맑음,단일로 - 기타,승용,남,47세,상해없음,자전거,남,18세,경상
2017110200100494,2017년 11월 2일 19시,목요일,경상남도 창원시 진해구 자은동,중상사고,0,1,0,0,차대사람 - 횡단중,과속,건조,맑음,단일로 - 기타,승용,남,38세,상해없음,보행자,남,53세,중상
2017110200100524,2017년 11월 2일 20시,목요일,경상남도 사천시 곤명면,중상사고,0,2,0,0,차대차 - 추돌,안전운전불이행,건조,맑음,단일로 - 기타,승용,여,41세,상해없음,농기계,남,77세,중상
2017110200100525,2017년 11월 2일 20시,목요일,경상남도 김해시 어방동,경상사고,0,0,2,0,차대사람 - 기타,안전운전불이행,건조,맑음,단일로 - 기타,원동기,남,20세,경상,보행자,남,11세,경상
2017110200100554,2017년 11월 2일 21시,목요일,경상남도 거제시 문동동,중상사고,0,1,0,0,차대차 - 측면충돌,교차로운행방법위반,건조,맑음,교차로 - 교차로안,승용,여,39세,상해없음,이륜,남,27세,중상
2017110200100595,2017년 11월 2일 23시,목요일,경상남도 의령군 의령읍,경상사고,0,0,1,0,차대사람 - 기타,안전운전불이행,건조,맑음,단일로 - 기타,승용,여,41세,상해없음,보행자,남,56세,경상
2017110300100038,2017년 11월 3일 00시,금요일,경상남도 창원시 진해구 자은동,경상사고,0,0,1,0,차대차 - 추돌,안전운전불이행,건조,맑음,단일로 - 기타,승용,남,52세,상해없음,승용,남,41세,기타불명
2017110300100039,2017년 11월 3일 00시,금요일,경상남도 김해시 진영읍,중상사고,0,1,1,0,차대차 - 추돌,안전거리미확보,건조,맑음,교차로 - 교차로안,승용,남,18세,경상,화물,남,42세,중상
2017110300100104,2017년 11월 3일 06시,금요일,경상남도 진주시 망경동,경상사고,0,0,1,0,차대차 - 측면충돌,신호위반,건조,맑음,교차로 - 교차로안,자전거,남,64세,경상,승용,여,56세,상해없음
2017110300100105,2017년 11월 3일 06시,금요일,경상남도 창원시 진해구 남양동,중상사고,0,1,0,0,차대차 - 추돌,안전운전불이행,건조,맑음,단일로 - 기타,승용,남,58세,중상,건설기계,남,43세,상해없음
2017110300100106,2017년 11월 3일 06시,금요일,경상남도 창원시 의창구 사림동,부상신고사고,0,0,0,1,차량단독 - 전도전복 - 전도,안전운전불이행,젖음/습기,맑음,단일로 - 기타,원동기,남,21세,부상신고,,,,
2017110300100129,2017년 11월 3일 07시,금요일,경상남도 김해시 대동면,중상사고,0,1,0,1,차대차 - 측면충돌,중앙선침범,건조,맑음,단일로 - 기타,화물,남,41세,부상신고,승용,남,57세,중상
2017110300100173,2017년 11월 3일 08시,금요일,경상남도 합천군 합천읍,경상사고,0,0,1,0,차대사람 - 기타,안전운전불이행,건조,맑음,기타 - 기타,화물,남,40세,상해없음,보행자,여,77세,경상
2017110300100212,2017년 11월 3일 09시,금요일,경상남도 사천시 사천읍,경상사고,0,0,1,0,차대차 - 측면충돌,안전운전불이행,건조,맑음,교차로 - 교차로안,자전거,남,80세,경상,승용,남,37세,상해없음
2017110300100213,2017년 11월 3일 09시,금요일,경상남도 김해시 부원동,중상사고,0,1,0,0,차대차 - 기타,교차로운행방법위반,건조,맑음,교차로 - 교차로안,승용,남,55세,상해없음,이륜,남,58세,중상
2017110300100214,2017년 11월 3일 09시,금요일,경상남도 합천군 대병면,경상사고,0,0,1,0,차량단독 - 공작물충돌,안전운전불이행,건조,맑음,단일로 - 기타,화물,남,60세,경상,,,,
2017110300100215,2017년 11월 3일 09시,금요일,경상남도 거제시 아주동,중상사고,0,1,0,0,차대차 - 기타,안전운전불이행,건조,맑음,단일로 - 터널,승용,여,30세,상해없음,승용,여,55세,중상
2017110300100216,2017년 11월 3일 09시,금요일,경상남도 창원시 성산구 가음동,중상사고,0,1,0,0,차대차 - 기타,안전운전불이행,건조,맑음,교차로 - 교차로부근,화물,남,63세,상해없음,자전거,남,63세,중상
2017110300100217,2017년 11월 3일 09시,금요일,경상남도 창원시 의창구 북면,경상사고,0,0,1,0,차대차 - 측면충돌,안전운전불이행,건조,맑음,교차로 - 교차로안,승용,남,67세,기타불명,승용,남,63세,경상
2017110300100257,2017년 11월 3일 10시,금요일,경상남도 진주시 칠암동,경상사고,0,0,2,0,차대차 - 기타,안전운전불이행,건조,맑음,교차로 - 교차로부근,화물,여,56세,상해없음,화물,남,30세,경상
2017110300100258,2017년 11월 3일 10시,금요일,경상남도 김해시 생림면,경상사고,0,0,1,0,차대차 - 기타,교차로운행방법위반,건조,맑음,교차로 - 교차로부근,화물,남,42세,상해없음,화물,남,51세,경상
2017110300100321,2017년 11월 3일 12시,금요일,경상남도 창원시 마산합포구 진북면,중상사고,0,1,0,0,차대차 - 추돌,안전운전불이행,건조,맑음,단일로 - 터널,승용,남,63세,상해없음,농기계,남,77세,중상
2017110300100322,2017년 11월 3일 12시,금요일,경상남도 김해시 서상동,경상사고,0,0,1,0,차대사람 - 기타,안전운전불이행,건조,맑음,교차로 - 교차로안,승용,남,67세,상해없음,보행자,여,37세,경상
2017110300100323,2017년 11월 3일 12시,금요일,경상남도 산청군 신안면,부상신고사고,0,0,0,1,차대차 - 측면충돌,안전운전불이행,건조,맑음,교차로 - 교차로안,이륜,남,75세,부상신고,화물,남,42세,상해없음
2017110300100324,2017년 11월 3일 12시,금요일,경상남도 김해시 주촌면,중상사고,0,1,0,0,차대차 - 측면충돌,안전운전불이행,건조,맑음,교차로 - 교차로안,화물,남,41세,상해없음,승용,남,40세,중상
2017110300100356,2017년 11월 3일 13시,금요일,경상남도 창원시 마산합포구 오동동,중상사고,0,1,0,0,차대차 - 측면충돌,안전운전불이행,건조,맑음,단일로 - 기타,화물,남,46세,상해없음,이륜,남,33세,중상
2017110300100357,2017년 11월 3일 13시,금요일,경상남도 고성군 동해면,중상사고,0,1,0,0,차대차 - 기타,중앙선침범,건조,맑음,단일로 - 기타,화물,남,68세,상해없음,이륜,남,45세,중상
2017110300100358,2017년 11월 3일 13시,금요일,경상남도 함안군 대산면,경상사고,0,0,3,0,차대차 - 기타,중앙선침범,건조,맑음,교차로 - 교차로안,승용,여,49세,경상,승용,여,45세,경상
2017110300100359,2017년 11월 3일 13시,금요일,경상남도 창원시 의창구 중동,경상사고,0,0,2,0,차대차 - 측면충돌,신호위반,건조,맑음,교차로 - 교차로안,승합,남,41세,상해없음,승용,남,28세,경상
2017110300100382,2017년 11월 3일 14시,금요일,경상남도 김해시 대동면,중상사고,0,1,0,0,차대차 - 기타,교차로운행방법위반,건조,맑음,교차로 - 교차로안,승합,남,54세,상해없음,승용,여,57세,중상
2017110300100383,2017년 11월 3일 14시,금요일,경상남도 양산시 남부동,경상사고,0,0,2,0,차대차 - 추돌,안전운전불이행,건조,맑음,단일로 - 기타,승합,남,58세,상해없음,승용,여,47세,경상
2017110300100384,2017년 11월 3일 14시,금요일,경상남도 거제시 사등면,경상사고,0,0,1,0,차대차 - 측면충돌,안전거리미확보,건조,맑음,단일로 - 기타,승용,남,69세,상해없음,승용,남,44세,경상
2017110300100506,2017년 11월 3일 17시,금요일,경상남도 진주시 판문동,중상사고,0,2,0,0,차량단독 - 기타,안전운전불이행,건조,맑음,단일로 - 기타,승용,남,16세,상해없음,,,,
2017110300100507,2017년 11월 3일 17시,금요일,경상남도 창원시 진해구 경화동,중상사고,0,3,0,0,차대차 - 측면충돌,안전운전불이행,건조,맑음,교차로 - 교차로안,승용,남,37세,상해없음,승용,남,54세,중상
2017110300100508,2017년 11월 3일 17시,금요일,경상남도 통영시 용남면,경상사고,0,0,1,0,차대차 - 측면충돌,안전거리미확보,건조,맑음,단일로 - 기타,승용,남,54세,상해없음,이륜,남,30세,경상
2017110300100509,2017년 11월 3일 17시,금요일,경상남도 김해시 삼방동,중상사고,0,1,0,0,차대사람 - 기타,안전운전불이행,건조,맑음,단일로 - 기타,승용,여,51세,상해없음,보행자,남,53세,중상
2017110300100510,2017년 11월 3일 17시,금요일,경상남도 창녕군 영산면,중상사고,0,1,0,0,차대사람 - 길가장자리구역통행중,불법유턴,건조,맑음,단일로 - 기타,승용,여,62세,상해없음,보행자,여,83세,중상
2017110300100511,2017년 11월 3일 17시,금요일,경상남도 거제시 상동동,중상사고,0,1,0,0,차대차 - 기타,안전거리미확보,건조,맑음,교차로 - 교차로안,기타불명,기타불명,미분류,기타불명,이륜,남,37세,중상
2017110300100512,2017년 11월 3일 17시,금요일,경상남도 거제시 장목면,경상사고,0,0,1,0,차대사람 - 횡단중,보행자보호의무위반,건조,맑음,단일로 - 기타,승용,남,64세,상해없음,보행자,남,36세,경상
2017110300100574,2017년 11월 3일 18시,금요일,경상남도 창원시 마산합포구 진북면,중상사고,0,1,4,0,차대차 - 추돌,안전거리미확보,건조,맑음,단일로 - 기타,승용,남,36세,경상,승용,남,26세,중상
2017110300100575,2017년 11월 3일 18시,금요일,경상남도 밀양시 교동,경상사고,0,0,1,0,차대사람 - 횡단중,보행자보호의무위반,건조,맑음,단일로 - 기타,원동기,남,65세,상해없음,보행자,여,58세,경상
2017110300100576,2017년 11월 3일 18시,금요일,경상남도 김해시 내동,경상사고,0,0,1,0,차대차 - 추돌,안전운전불이행,건조,맑음,교차로 - 교차로부근,승용,남,58세,상해없음,승용,여,50세,경상
2017110300100577,2017년 11월 3일 18시,금요일,경상남도 산청군 오부면,중상사고,0,1,1,0,차대차 - 추돌,안전운전불이행,건조,맑음,단일로 - 기타,승용,남,53세,상해없음,화물,남,56세,상해없음
2017110300100578,2017년 11월 3일 18시,금요일,경상남도 창원시 마산합포구 산호동,중상사고,0,1,0,0,차대차 - 측면충돌,신호위반,건조,맑음,교차로 - 교차로안,승용,남,19세,상해없음,이륜,남,60세,중상
2017110300100630,2017년 11월 3일 19시,금요일,경상남도 통영시 용남면,경상사고,0,0,1,0,차대차 - 추돌,안전거리미확보,건조,맑음,단일로 - 기타,승용,남,32세,상해없음,승용,남,44세,경상
2017110300100631,2017년 11월 3일 19시,금요일,경상남도 밀양시 내이동,경상사고,0,0,1,0,차대차 - 측면충돌,안전운전불이행,건조,맑음,교차로 - 교차로부근,승합,남,70세,상해없음,원동기,남,37세,경상
2017110300100632,2017년 11월 3일 19시,금요일,경상남도 거제시 옥포동,경상사고,0,0,1,0,차대차 - 측면충돌,안전운전불이행,건조,맑음,교차로 - 교차로안,승용,여,38세,상해없음,이륜,남,40세,경상
2017110300100669,2017년 11월 3일 20시,금요일,경상남도 양산시 북정동,경상사고,0,0,1,0,차대차 - 측면충돌,교차로운행방법위반,건조,맑음,교차로 - 교차로안,승용,남,31세,상해없음,승용,남,28세,경상
2017110300100670,2017년 11월 3일 20시,금요일,경상남도 하동군 금남면,중상사고,0,1,1,0,차량단독 - 전도전복,안전운전불이행,건조,맑음,단일로 - 기타,이륜,남,17세,경상,미분류,미분류,미분류,미분류
2017110300100671,2017년 11월 3일 20시,금요일,경상남도 창원시 마산회원구 합성동,중상사고,0,1,2,0,차대차 - 추돌,안전운전불이행,건조,맑음,단일로 - 기타,화물,남,41세,상해없음,승용,남,61세,경상
2017110300100707,2017년 11월 3일 21시,금요일,경상남도 창원시 진해구 경화동,경상사고,0,0,1,0,차대차 - 측면충돌,안전운전불이행,건조,맑음,단일로 - 기타,승용,남,30세,상해없음,자전거,남,36세,경상
2017110300100708,2017년 11월 3일 21시,금요일,경상남도 통영시 용남면,중상사고,0,2,0,0,차대차 - 추돌,안전거리미확보,건조,맑음,단일로 - 기타,승용,남,26세,상해없음,승용,남,37세,중상
2017110300100709,2017년 11월 3일 21시,금요일,경상남도 밀양시 내이동,중상사고,0,3,1,0,차대차 - 측면충돌,안전운전불이행,건조,맑음,단일로 - 기타,승용,남,70세,상해없음,승용,남,50세,중상
2017110300100710,2017년 11월 3일 21시,금요일,경상남도 거창군 거창읍,부상신고사고,0,0,0,1,차대차 - 추돌,안전운전불이행,건조,맑음,단일로 - 기타,이륜,남,17세,부상신고,승용,남,64세,상해없음
2017110400100029,2017년 11월 4일 00시,토요일,경상남도 양산시 신기동,중상사고,0,1,0,0,차대사람 - 차도통행중,안전운전불이행,건조,맑음,단일로 - 기타,승용,남,58세,상해없음,보행자,남,54세,중상
2017110400100030,2017년 11월 4일 00시,토요일,경상남도 거제시 고현동,경상사고,0,0,1,0,차대사람 - 기타,안전운전불이행,건조,맑음,단일로 - 기타,승용,남,45세,상해없음,보행자,남,21세,경상
2017110400100060,2017년 11월 4일 02시,토요일,경상남도 김해시 부원동,경상사고,0,0,2,0,차대차 - 기타,안전운전불이행,건조,맑음,단일로 - 기타,승용,남,57세,상해없음,승용,남,44세,경상
2017110400100108,2017년 11월 4일 06시,토요일,경상남도 창원시 마산합포구 중앙동3가,중상사고,0,1,0,0,차량단독 - 기타,안전운전불이행,건조,맑음,교차로 - 교차로안,승합,남,47세,상해없음,,,,
2017110400100123,2017년 11월 4일 07시,토요일,경상남도 하동군 적량면,중상사고,0,2,1,0,차대차 - 정면충돌,중앙선침범,건조,맑음,단일로 - 기타,승용,남,25세,상해없음,승용,남,71세,중상
2017110400100144,2017년 11월 4일 08시,토요일,경상남도 사천시 향촌동,경상사고,0,0,1,0,차대차 - 측면충돌,차로위반,건조,맑음,교차로 - 교차로부근,이륜,남,75세,경상,건설기계,남,50세,상해없음
2017110400100170,2017년 11월 4일 09시,토요일,경상남도 거창군 거창읍,중상사고,0,1,0,0,차대차 - 측면충돌,안전운전불이행,건조,맑음,교차로 - 교차로안,승용,남,44세,상해없음,화물,남,62세,중상
2017110400100197,2017년 11월 4일 10시,토요일,경상남도 창원시 마산합포구 해운동,중상사고,0,1,0,0,차대사람 - 기타,안전운전불이행,건조,맑음,단일로 - 기타,승용,남,50세,상해없음,보행자,여,76세,중상
2017110400100198,2017년 11월 4일 10시,토요일,경상남도 양산시 다방동,부상신고사고,0,0,0,3,차대차 - 측면충돌,차로위반,건조,맑음,단일로 - 기타,화물,남,67세,상해없음,승용,남,36세,부상신고
2017110400100231,2017년 11월 4일 11시,토요일,경상남도 진주시 대곡면,경상사고,0,0,1,0,차대차 - 측면충돌,안전운전불이행,건조,맑음,단일로 - 기타,승용,남,55세,상해없음,승용,여,51세,경상
2017110400100232,2017년 11월 4일 11시,토요일,경상남도 창원시 의창구 용호동,중상사고,0,1,0,0,차대사람 - 기타,안전운전불이행,건조,맑음,단일로 - 기타,승합,남,47세,상해없음,보행자,여,61세,중상
2017110400100258,2017년 11월 4일 12시,토요일,경상남도 창원시 마산합포구 덕동동,중상사고,0,1,0,0,차대차 - 기타,안전운전불이행,건조,맑음,교차로 - 교차로안,승용,남,55세,상해없음,승용,남,63세,상해없음
2017110400100259,2017년 11월 4일 12시,토요일,경상남도 창원시 마산합포구 동성동,중상사고,0,1,0,0,차대차 - 기타,교차로운행방법위반,건조,맑음,교차로 - 교차로안,이륜,남,44세,상해없음,자전거,남,64세,중상
2017110400100260,2017년 11월 4일 12시,토요일,경상남도 창녕군 부곡면,경상사고,0,0,1,0,차대차 - 기타,안전운전불이행,건조,맑음,교차로 - 교차로부근,화물,남,48세,상해없음,이륜,남,55세,경상
2017110400100326,2017년 11월 4일 14시,토요일,경상남도 양산시 평산동,부상신고사고,0,0,0,1,차대차 - 측면충돌,기타,건조,맑음,교차로 - 교차로안,이륜,남,18세,부상신고,승용,여,42세,상해없음
2017110400100327,2017년 11월 4일 14시,토요일,경상남도 고성군 마암면,중상사고,0,1,2,0,차대차 - 추돌,안전거리미확보,건조,맑음,교차로 - 교차로부근,승용,남,45세,상해없음,승용,남,35세,중상
2017110400100328,2017년 11월 4일 14시,토요일,경상남도 창원시 마산회원구 석전동,경상사고,0,0,1,0,차대사람 - 보도통행중,보행자보호의무위반,건조,맑음,교차로 - 교차로횡단보도내,기타불명,기타불명,미분류,기타불명,보행자,남,15세,경상
2017110400100368,2017년 11월 4일 15시,토요일,경상남도 창원시 마산회원구 양덕동,중상사고,0,1,1,0,차대사람 - 횡단중,신호위반,건조,맑음,단일로 - 기타,승용,남,68세,상해없음,보행자,여,8세,경상
2017110400100404,2017년 11월 4일 16시,토요일,경상남도 진주시 이반성면,경상사고,0,0,1,0,차대차 - 추돌,안전운전불이행,건조,맑음,단일로 - 기타,승합,남,64세,상해없음,자전거,남,26세,경상
2017110400100405,2017년 11월 4일 16시,토요일,경상남도 거창군 거창읍,사망사고,1,0,0,0,차대차 - 기타,불법유턴,건조,맑음,단일로 - 기타,자전거,남,90세 이상,사망,화물,남,43세,상해없음
2017110400100448,2017년 11월 4일 17시,토요일,경상남도 창원시 의창구 명서동,중상사고,0,1,0,0,차대차 - 측면충돌,안전운전불이행,건조,맑음,교차로 - 교차로안,이륜,남,36세,상해없음,승용,남,60세,상해없음
2017110400100490,2017년 11월 4일 18시,토요일,경상남도 김해시 구산동,경상사고,0,0,1,0,차대차 - 측면충돌,차로위반,건조,맑음,단일로 - 기타,이륜,여,61세,경상,승용,남,42세,상해없음
2017110400100491,2017년 11월 4일 18시,토요일,경상남도 양산시 덕계동,경상사고,0,0,1,0,차대차 - 측면충돌,중앙선침범,건조,맑음,교차로 - 교차로부근,승용,남,38세,상해없음,이륜,여,49세,경상
2017110400100492,2017년 11월 4일 18시,토요일,경상남도 양산시 용당동,경상사고,0,0,1,0,차대차 - 추돌,안전운전불이행,건조,맑음,교차로 - 교차로부근,화물,남,57세,상해없음,승용,남,69세,경상
2017110400100493,2017년 11월 4일 18시,토요일,경상남도 창원시 의창구 팔용동,경상사고,0,0,1,0,차대차 - 기타,안전운전불이행,건조,맑음,단일로 - 기타,승용,남,38세,상해없음,이륜,남,19세,경상
2017110400100534,2017년 11월 4일 19시,토요일,경상남도 진주시 사봉면,중상사고,0,1,0,0,차대사람 - 횡단중,안전운전불이행,건조,맑음,단일로 - 기타,승용,남,64세,상해없음,보행자,남,69세,중상
2017110400100563,2017년 11월 4일 20시,토요일,경상남도 창원시 성산구 내동,경상사고,0,0,1,0,차대차 - 후진중충돌,안전운전불이행,건조,맑음,단일로 - 기타,승용,여,53세,상해없음,승용,여,40세,경상
2017110400100592,2017년 11월 4일 21시,토요일,경상남도 진주시 상봉동,중상사고,0,1,0,0,차대사람 - 보도통행중,보행자보호의무위반,건조,맑음,단일로 - 기타,이륜,남,23세,상해없음,보행자,여,44세,중상
2017110400100593,2017년 11월 4일 21시,토요일,경상남도 거제시 아주동,경상사고,0,0,1,0,차대차 - 기타,안전운전불이행,건조,맑음,교차로 - 교차로안,승용,여,35세,상해없음,이륜,남,40세,경상
2017110400100616,2017년 11월 4일 22시,토요일,경상남도 통영시 무전동,경상사고,0,0,2,0,차대차 - 측면충돌,안전운전불이행,건조,맑음,교차로 - 교차로안,승용,여,24세,상해없음,승용,여,41세,경상
2017110500100026,2017년 11월 5일 00시,일요일,경상남도 진주시 정촌면,경상사고,0,0,2,0,차대차 - 기타,중앙선침범,건조,맑음,교차로 - 교차로부근,승용,여,23세,상해없음,승용,남,43세,경상
2017110500100027,2017년 11월 5일 00시,일요일,경상남도 함안군 군북면,경상사고,0,0,4,0,차대차 - 추돌,안전운전불이행,건조,맑음,단일로 - 기타,승용,남,57세,상해없음,승용,여,44세,경상
2017110500100039,2017년 11월 5일 01시,일요일,경상남도 김해시 구산동,경상사고,0,0,2,0,차대차 - 기타,신호위반,건조,맑음,교차로 - 교차로안,승용,여,50세,상해없음,승용,여,43세,경상
2017110500100040,2017년 11월 5일 01시,일요일,경상남도 창원시 마산합포구 산호동,부상신고사고,0,0,0,1,차대사람 - 횡단중,안전운전불이행,건조,맑음,기타 - 기타,원동기,기타불명,미분류,기타불명,보행자,남,48세,부상신고
2017110500100088,2017년 11월 5일 06시,일요일,경상남도 창원시 진해구 풍호동,중상사고,0,1,0,0,차대차 - 측면충돌,안전운전불이행,건조,맑음,단일로 - 기타,원동기,남,18세,중상,승용,남,62세,상해없음
2017110500100110,2017년 11월 5일 08시,일요일,경상남도 창원시 마산합포구 진전면,중상사고,0,1,0,1,차량단독 - 공작물충돌,안전운전불이행,건조,맑음,단일로 - 기타,화물,남,70세,상해없음,,,,