사고번호,사고일시,요일,시군구,사고내용,사망자수,중상자수,경상자수,부상신고자수,사고유형,법규위반,노면상태,기상상태,도로형태,가해운전자 차종,가해운전자 성별,가해운전자 연령,가해운전자 상해정도,피해운전자 차종,피해운전자 성별,피해운전자 연령,피해운전자 상해정도
2017110500100111,2017년 11월 5일 08시,일요일,경상남도 밀양시 산내면,중상사고,0,1,2,0,차대차 - 측면충돌,안전운전불이행,건조,맑음,단일로 - 기타,승용,남,34세,상해없음,화물,남,50세,경상
2017110500100129,2017년 11월 5일 09시,일요일,경상남도 산청군 단성면,중상사고,0,1,1,0,차대차 - 정면충돌,중앙선침범,건조,맑음,단일로 - 기타,승용,여,31세,경상,승용,남,70세,중상
2017110500100130,2017년 11월 5일 09시,일요일,경상남도 창원시 성산구 삼정자동,중상사고,0,1,1,0,차대차 - 측면충돌,신호위반,건조,맑음,교차로 - 교차로안,승용,남,58세,상해없음,승합,남,41세,경상
2017110500100156,2017년 11월 5일 10시,일요일,경상남도 남해군 설천면,경상사고,0,0,1,0,차대사람 - 길가장자리구역통행중,안전운전불이행,건조,맑음,단일로 - 기타,승합,남,57세,상해없음,보행자,여,77세,경상
2017110500100176,2017년 11월 5일 11시,일요일,경상남도 창원시 마산합포구 가포동,중상사고,0,1,0,0,차대차 - 추돌,안전거리미확보,건조,맑음,교차로 - 교차로안,화물,남,55세,상해없음,승용,여,44세,상해없음
2017110500100204,2017년 11월 5일 12시,일요일,경상남도 거창군 남상면,중상사고,0,2,0,0,차대차 - 기타,중앙선침범,건조,맑음,단일로 - 기타,이륜,남,46세,중상,승용,남,74세,중상
2017110500100205,2017년 11월 5일 12시,일요일,경상남도 합천군 율곡면,중상사고,0,1,0,0,차량단독 - 전도전복,안전운전불이행,건조,맑음,기타 - 기타,농기계,남,76세,중상,미분류,미분류,미분류,미분류
2017110500100206,2017년 11월 5일 12시,일요일,경상남도 양산시 물금읍,중상사고,0,2,0,0,차대차 - 측면충돌,신호위반,건조,맑음,교차로 - 교차로안,화물,남,61세,상해없음,승용,남,29세,중상
2017110500100262,2017년 11월 5일 14시,일요일,경상남도 진주시 하대동,중상사고,0,1,0,0,차대사람 - 차도통행중,안전운전불이행,건조,맑음,교차로 - 교차로안,승용,남,24세,상해없음,보행자,여,79세,중상
2017110500100297,2017년 11월 5일 15시,일요일,경상남도 창원시 진해구 용원동,부상신고사고,0,0,0,1,차대차 - 기타,안전운전불이행,건조,맑음,단일로 - 기타,자전거,남,13세,부상신고,화물,남,38세,기타불명
2017110500100298,2017년 11월 5일 15시,일요일,경상남도 창원시 의창구 대산면,경상사고,0,0,2,0,차대차 - 추돌,안전거리미확보,건조,맑음,교차로 - 교차로부근,이륜,남,65세,경상,승용,남,67세,경상
2017110500100299,2017년 11월 5일 15시,일요일,경상남도 하동군 진교면,중상사고,0,3,0,0,차대차 - 추돌,안전운전불이행,건조,맑음,단일로 - 기타,승용,남,54세,상해없음,승합,남,36세,중상
2017110500100351,2017년 11월 5일 17시,일요일,경상남도 사천시 정동면,경상사고,0,0,1,0,차대차 - 측면충돌,안전운전불이행,건조,맑음,교차로 - 교차로부근,승용,여,43세,상해없음,자전거,남,65세,경상
2017110500100352,2017년 11월 5일 17시,일요일,경상남도 밀양시 하남읍,중상사고,0,1,0,0,차대차 - 측면충돌,과속,건조,맑음,단일로 - 기타,화물,남,34세,상해없음,자전거,남,71세,중상
2017110500100353,2017년 11월 5일 17시,일요일,경상남도 김해시 어방동,경상사고,0,0,1,0,차대사람 - 길가장자리구역통행중,안전운전불이행,건조,맑음,교차로 - 교차로횡단보도내,승합,남,55세,상해없음,보행자,남,72세,경상
2017110500100354,2017년 11월 5일 17시,일요일,경상남도 거제시 하청면,중상사고,0,1,0,0,차대사람 - 길가장자리구역통행중,안전운전불이행,건조,맑음,단일로 - 기타,승용,여,22세,상해없음,보행자,여,82세,중상
2017110500100400,2017년 11월 5일 18시,일요일,경상남도 양산시 남부동,중상사고,0,1,0,0,차대차 - 측면충돌,안전운전불이행,건조,맑음,단일로 - 기타,승용,남,48세,상해없음,승용,남,24세,상해없음
2017110500100436,2017년 11월 5일 19시,일요일,경상남도 창원시 마산합포구 월남동2가,경상사고,0,0,2,0,차대사람 - 길가장자리구역통행중,신호위반,건조,맑음,교차로 - 교차로부근,승용,남,57세,상해없음,보행자,여,19세,경상
2017110500100472,2017년 11월 5일 20시,일요일,경상남도 김해시 부원동,경상사고,0,0,2,0,차대차 - 측면충돌,차로위반,건조,맑음,교차로 - 교차로부근,승용,남,36세,상해없음,승용,남,32세,경상
2017110500100487,2017년 11월 5일 21시,일요일,경상남도 거창군 거창읍,경상사고,0,0,3,0,차대차 - 추돌,안전거리미확보,건조,맑음,교차로 - 교차로부근,화물,남,42세,상해없음,승용,여,42세,경상
2017110500100488,2017년 11월 5일 21시,일요일,경상남도 합천군 청덕면,중상사고,0,1,0,0,차대사람 - 길가장자리구역통행중,안전운전불이행,건조,맑음,단일로 - 기타,화물,남,33세,상해없음,보행자,남,72세,중상
2017110500100489,2017년 11월 5일 21시,일요일,경상남도 창원시 마산회원구 석전동,중상사고,0,1,2,0,차대차 - 측면충돌,중앙선침범,건조,맑음,교차로 - 교차로안,승용,남,64세,상해없음,승용,여,56세,중상
2017110500100509,2017년 11월 5일 22시,일요일,경상남도 거제시 수월동,중상사고,0,1,0,0,차대차 - 기타,신호위반,건조,맑음,교차로 - 교차로안,화물,남,47세,상해없음,승용,여,57세,중상
2017110600100039,2017년 11월 6일 01시,월요일,경상남도 양산시 교동,사망사고,1,0,0,0,차량단독 - 공작물충돌,안전운전불이행,건조,맑음,단일로 - 기타,승용,남,21세,사망,,,,
2017110600100048,2017년 11월 6일 03시,월요일,경상남도 진주시 내동면,중상사고,0,1,0,0,차량단독 - 공작물충돌,안전운전불이행,젖음/습기,안개,교차로 - 교차로부근,화물,남,34세,중상,,,,
2017110600100058,2017년 11월 6일 05시,월요일,경상남도 사천시 사남면,경상사고,0,0,1,0,차대차 - 측면충돌,신호위반,건조,맑음,교차로 - 교차로안,승합,남,52세,상해없음,이륜,남,53세,경상
2017110600100059,2017년 11월 6일 05시,월요일,경상남도 사천시 선구동,경상사고,0,0,2,0,차대차 - 측면충돌,직진우회전진행방해,건조,맑음,교차로 - 교차로안,승용,남,57세,상해없음,승용,여,53세,경상
2017110600100060,2017년 11월 6일 05시,월요일,경상남도 밀양시 하남읍,경상사고,0,0,1,0,차대차 - 추돌,안전운전불이행,건조,흐림,단일로 - 기타,화물,남,68세,상해없음,화물,남,72세,경상
2017110600100075,2017년 11월 6일 06시,월요일,경상남도 김해시 어방동,중상사고,0,1,0,0,차대사람 - 길가장자리구역통행중,안전운전불이행,건조,맑음,단일로 - 기타,승용,여,47세,상해없음,보행자,남,78세,중상
2017110600100098,2017년 11월 6일 07시,월요일,경상남도 창녕군 영산면,사망사고,1,0,0,0,차대사람 - 횡단중,안전운전불이행,건조,맑음,교차로 - 교차로안,승용,여,51세,상해없음,보행자,여,85세,사망
2017110600100099,2017년 11월 6일 07시,월요일,경상남도 하동군 진교면,중상사고,0,1,0,0,차대차 - 추돌,안전운전불이행,건조,맑음,단일로 - 기타,특수,남,38세,상해없음,농기계,남,72세,중상
2017110600100100,2017년 11월 6일 07시,월요일,경상남도 창원시 성산구 불모산동,경상사고,0,0,1,0,차대차 - 추돌,안전운전불이행,건조,맑음,단일로 - 기타,승용,남,36세,상해없음,승용,남,27세,경상
2017110600100101,2017년 11월 6일 07시,월요일,경상남도 창원시 마산회원구 석전동,경상사고,0,0,1,0,차대사람 - 횡단중,신호위반,건조,맑음,단일로 - 기타,화물,여,45세,상해없음,보행자,여,18세,경상
2017110600100102,2017년 11월 6일 07시,월요일,경상남도 김해시 흥동,경상사고,0,0,1,0,차대차 - 측면충돌,중앙선침범,건조,맑음,단일로 - 기타,이륜,남,68세,상해없음,승용,여,36세,경상
2017110600100135,2017년 11월 6일 08시,월요일,경상남도 통영시 미수동,경상사고,0,0,1,0,차대사람 - 기타,안전운전불이행,건조,맑음,단일로 - 기타,승용,여,41세,상해없음,보행자,남,50세,경상
2017110600100136,2017년 11월 6일 08시,월요일,경상남도 김해시 구산동,경상사고,0,0,1,0,차대사람 - 횡단중,안전운전불이행,건조,맑음,기타 - 기타,승용,남,41세,상해없음,보행자,여,35세,경상
2017110600100137,2017년 11월 6일 08시,월요일,경상남도 거창군 거창읍,경상사고,0,0,2,0,차대차 - 추돌,안전거리미확보,건조,맑음,단일로 - 기타,승용,여,49세,경상,승용,여,46세,경상
2017110600100138,2017년 11월 6일 08시,월요일,경상남도 양산시 평산동,경상사고,0,0,2,0,차대차 - 추돌,안전운전불이행,건조,맑음,교차로 - 교차로부근,승용,남,43세,경상,승용,남,50세,상해없음
2017110600100139,2017년 11월 6일 08시,월요일,경상남도 양산시 물금읍,경상사고,0,0,1,0,차대차 - 기타,안전운전불이행,건조,맑음,단일로 - 기타,승용,남,49세,상해없음,자전거,남,13세,경상
2017110600100140,2017년 11월 6일 08시,월요일,경상남도 하동군 금남면,중상사고,0,1,0,0,차대차 - 정면충돌,중앙선침범,건조,맑음,교차로 - 교차로부근,건설기계,남,65세,상해없음,승용,남,59세,중상
2017110600100176,2017년 11월 6일 09시,월요일,경상남도 김해시 동상동,경상사고,0,0,1,0,차대사람 - 차도통행중,안전운전불이행,건조,맑음,단일로 - 기타,승용,남,75세,상해없음,보행자,여,46세,경상
2017110600100177,2017년 11월 6일 09시,월요일,경상남도 창녕군 창녕읍,중상사고,0,1,0,0,차대사람 - 기타,안전운전불이행,건조,맑음,주차장 - 주차장,승용,남,29세,상해없음,보행자,여,62세,중상
2017110600100241,2017년 11월 6일 11시,월요일,경상남도 진주시 내동면,중상사고,0,1,0,0,차대사람 - 기타,안전운전불이행,건조,맑음,단일로 - 기타,승용,남,49세,상해없음,보행자,여,76세,중상
2017110600100242,2017년 11월 6일 11시,월요일,경상남도 진주시 칠암동,중상사고,0,1,0,0,차대사람 - 기타,안전운전불이행,건조,맑음,단일로 - 기타,승용,남,36세,상해없음,보행자,남,24세,중상
2017110600100243,2017년 11월 6일 11시,월요일,경상남도 양산시 중부동,경상사고,0,0,2,0,차대차 - 기타,안전운전불이행,건조,맑음,단일로 - 기타,승용,여,50세,상해없음,승용,여,35세,경상
2017110600100267,2017년 11월 6일 12시,월요일,경상남도 통영시 무전동,중상사고,0,1,0,0,차대사람 - 횡단중,보행자보호의무위반,건조,맑음,교차로 - 교차로안,승용,여,41세,상해없음,보행자,여,50세,중상
2017110600100268,2017년 11월 6일 12시,월요일,경상남도 통영시 광도면,경상사고,0,0,1,0,차대차 - 기타,신호위반,건조,맑음,교차로 - 교차로안,승용,남,29세,상해없음,승용,남,29세,경상
2017110600100269,2017년 11월 6일 12시,월요일,경상남도 김해시 전하동,경상사고,0,0,1,0,차대차 - 추돌,안전운전불이행,건조,맑음,교차로 - 교차로부근,승용,남,23세,상해없음,승용,여,27세,경상
2017110600100270,2017년 11월 6일 12시,월요일,경상남도 창원시 의창구 대산면,중상사고,0,1,0,0,차대차 - 추돌,안전거리미확보,건조,맑음,교차로 - 교차로안,화물,남,63세,상해없음,승용,남,60세,중상
2017110600100293,2017년 11월 6일 13시,월요일,경상남도 통영시 태평동,경상사고,0,0,1,0,차대사람 - 기타,안전운전불이행,건조,맑음,단일로 - 기타,승용,여,58세,상해없음,보행자,여,69세,경상
2017110600100294,2017년 11월 6일 13시,월요일,경상남도 창녕군 창녕읍,중상사고,0,1,0,0,차대사람 - 횡단중,보행자보호의무위반,건조,맑음,교차로 - 교차로횡단보도내,승용,여,46세,상해없음,보행자,여,84세,중상
2017110600100331,2017년 11월 6일 14시,월요일,경상남도 창녕군 이방면,중상사고,0,1,0,0,차대차 - 측면충돌,기타,건조,맑음,교차로 - 교차로안,승용,남,77세,상해없음,화물,남,27세,중상
2017110600100332,2017년 11월 6일 14시,월요일,경상남도 함양군 수동면,경상사고,0,0,2,0,차대차 - 측면충돌,안전운전불이행,건조,맑음,단일로 - 기타,농기계,남,48세,상해없음,원동기,남,71세,경상
2017110600100367,2017년 11월 6일 15시,월요일,경상남도 의령군 의령읍,경상사고,0,0,1,1,차대차 - 측면충돌,안전운전불이행,건조,맑음,교차로 - 교차로안,화물,남,58세,부상신고,승용,여,53세,경상
2017110600100406,2017년 11월 6일 16시,월요일,경상남도 창원시 진해구 풍호동,경상사고,0,0,1,0,차대차 - 측면충돌,교차로운행방법위반,건조,맑음,교차로 - 교차로안,승용,남,40세,상해없음,승용,여,34세,경상
2017110600100453,2017년 11월 6일 17시,월요일,경상남도 거창군 거창읍,중상사고,0,1,0,0,차대차 - 기타,안전운전불이행,건조,맑음,교차로 - 교차로안,화물,남,59세,상해없음,자전거,남,14세,중상
2017110600100454,2017년 11월 6일 17시,월요일,경상남도 창녕군 계성면,경상사고,0,0,2,0,차대차 - 기타,중앙선침범,건조,맑음,단일로 - 기타,특수,남,52세,경상,화물,남,68세,경상
2017110600100455,2017년 11월 6일 17시,월요일,경상남도 양산시 용당동,중상사고,0,1,0,0,차대차 - 측면충돌,신호위반,건조,맑음,교차로 - 교차로안,승용,남,54세,상해없음,화물,남,51세,중상
2017110600100456,2017년 11월 6일 17시,월요일,경상남도 거제시 장평동,부상신고사고,0,0,0,1,차대사람 - 기타,안전운전불이행,건조,맑음,단일로 - 기타,이륜,남,46세,부상신고,보행자,여,16세,상해없음
2017110600100457,2017년 11월 6일 17시,월요일,경상남도 창원시 성산구 반지동,중상사고,0,1,1,0,차대차 - 추돌,안전운전불이행,건조,맑음,단일로 - 기타,화물,여,62세,상해없음,승용,남,37세,중상
2017110600100514,2017년 11월 6일 18시,월요일,경상남도 진주시 주약동,중상사고,0,1,0,0,차대사람 - 횡단중,신호위반,건조,맑음,단일로 - 기타,승용,남,65세,상해없음,보행자,남,11세,중상
2017110600100515,2017년 11월 6일 18시,월요일,경상남도 사천시 동금동,부상신고사고,0,0,0,1,차대차 - 측면충돌,직진우회전진행방해,건조,맑음,교차로 - 교차로안,화물,여,50세,상해없음,승용,남,74세,부상신고
2017110600100516,2017년 11월 6일 18시,월요일,경상남도 김해시 부원동,경상사고,0,0,1,0,차대사람 - 길가장자리구역통행중,안전운전불이행,건조,맑음,교차로 - 교차로부근,승용,남,52세,상해없음,보행자,남,58세,경상
2017110600100517,2017년 11월 6일 18시,월요일,경상남도 산청군 신안면,중상사고,0,2,0,0,차대차 - 추돌,안전운전불이행,건조,맑음,단일로 - 기타,화물,남,60세,상해없음,승용,여,65세,중상
2017110600100518,2017년 11월 6일 18시,월요일,경상남도 창원시 의창구 신월동,경상사고,0,0,1,0,차대차 - 추돌,안전운전불이행,건조,맑음,단일로 - 기타,승용,여,55세,상해없음,승용,여,45세,경상
2017110600100519,2017년 11월 6일 18시,월요일,경상남도 창원시 마산회원구 합성동,중상사고,0,1,0,0,차대사람 - 차도통행중,안전운전불이행,건조,맑음,단일로 - 기타,승용,여,56세,상해없음,보행자,남,10세,중상
2017110600100566,2017년 11월 6일 19시,월요일,경상남도 통영시 광도면,경상사고,0,0,1,0,차대차 - 측면충돌,직진우회전진행방해,건조,맑음,교차로 - 교차로안,승용,남,33세,상해없음,승용,여,41세,경상
2017110600100567,2017년 11월 6일 19시,월요일,경상남도 거창군 거창읍,중상사고,0,1,1,0,차대차 - 기타,중앙선침범,건조,맑음,단일로 - 기타,이륜,여,54세,경상,자전거,남,15세,중상
2017110600100590,2017년 11월 6일 20시,월요일,경상남도 창원시 의창구 명서동,경상사고,0,0,3,0,차대차 - 추돌,안전거리미확보,건조,맑음,단일로 - 기타,화물,여,53세,상해없음,승용,남,33세,경상
2017110600100645,2017년 11월 6일 23시,월요일,경상남도 창원시 진해구 경화동,중상사고,0,1,0,0,차대차 - 측면충돌,중앙선침범,건조,맑음,교차로 - 교차로부근,화물,남,57세,상해없음,이륜,남,23세,중상
2017110700100032,2017년 11월 7일 00시,화요일,경상남도 창원시 의창구 신월동,중상사고,0,1,0,0,차대사람 - 횡단중,안전운전불이행,건조,맑음,교차로 - 교차로안,승용,여,42세,상해없음,보행자,남,50세,중상
2017110700100051,2017년 11월 7일 02시,화요일,경상남도 양산시 물금읍,부상신고사고,0,0,0,1,차량단독 - 전도전복,안전운전불이행,건조,맑음,단일로 - 기타,승용,남,21세,부상신고,미분류,미분류,미분류,미분류
2017110700100072,2017년 11월 7일 05시,화요일,경상남도 김해시 외동,경상사고,0,0,1,0,차대차 - 측면충돌,안전운전불이행,건조,맑음,교차로 - 교차로안,승용,남,50세,상해없음,원동기,남,73세,경상
2017110700100073,2017년 11월 7일 05시,화요일,경상남도 창원시 성산구 중앙동,경상사고,0,0,1,0,차대차 - 추돌,안전운전불이행,건조,맑음,교차로 - 교차로부근,승용,남,50세,상해없음,승용,남,64세,경상
2017110700100091,2017년 11월 7일 06시,화요일,경상남도 거제시 사등면,중상사고,0,1,0,0,차대차 - 측면충돌,안전운전불이행,건조,맑음,단일로 - 기타,승용,남,36세,상해없음,화물,남,64세,중상
2017110700100092,2017년 11월 7일 06시,화요일,경상남도 김해시 진영읍,경상사고,0,0,1,0,차대차 - 측면충돌,신호위반,건조,맑음,교차로 - 교차로안,승용,남,65세,상해없음,승용,남,57세,경상
2017110700100114,2017년 11월 7일 07시,화요일,경상남도 창원시 마산합포구 진전면,중상사고,0,1,0,0,차대차 - 측면충돌,신호위반,건조,맑음,교차로 - 교차로안,화물,남,55세,상해없음,농기계,남,78세,중상
2017110700100115,2017년 11월 7일 07시,화요일,경상남도 사천시 정동면,경상사고,0,0,1,0,차대차 - 측면충돌,기타,건조,맑음,교차로 - 교차로안,승용,남,59세,상해없음,이륜,남,43세,경상
2017110700100116,2017년 11월 7일 07시,화요일,경상남도 사천시 정동면,중상사고,0,1,0,0,차대차 - 후진중충돌,신호위반,건조,맑음,교차로 - 교차로안,승용,남,48세,상해없음,이륜,여,31세,중상
2017110700100154,2017년 11월 7일 08시,화요일,경상남도 통영시 광도면,경상사고,0,0,2,0,차대차 - 측면충돌,교차로운행방법위반,건조,맑음,교차로 - 교차로안,승용,여,34세,상해없음,승용,여,33세,경상
2017110700100155,2017년 11월 7일 08시,화요일,경상남도 하동군 화개면,중상사고,0,1,0,0,차대차 - 측면충돌,안전운전불이행,건조,맑음,단일로 - 기타,승용,여,50세,상해없음,이륜,남,87세,중상
2017110700100156,2017년 11월 7일 08시,화요일,경상남도 창원시 성산구 가음정동,중상사고,0,1,0,0,차대사람 - 횡단중,보행자보호의무위반,건조,맑음,단일로 - 기타,승용,여,35세,상해없음,보행자,남,9세,중상
2017110700100188,2017년 11월 7일 09시,화요일,경상남도 양산시 평산동,중상사고,0,1,0,0,차대사람 - 차도통행중,안전운전불이행,건조,맑음,교차로 - 교차로횡단보도내,화물,남,45세,상해없음,보행자,남,84세,중상
2017110700100249,2017년 11월 7일 11시,화요일,경상남도 통영시 항남동,경상사고,0,0,1,0,차대차 - 측면충돌,불법유턴,건조,맑음,교차로 - 교차로안,승용,여,52세,상해없음,화물,남,48세,경상
2017110700100250,2017년 11월 7일 11시,화요일,경상남도 창녕군 부곡면,중상사고,0,1,0,0,차량단독 - 공작물충돌,안전운전불이행,건조,맑음,단일로 - 기타,화물,남,75세,상해없음,,,,
2017110700100295,2017년 11월 7일 13시,화요일,경상남도 김해시 구산동,경상사고,0,0,1,0,차대차 - 측면충돌,차로위반,건조,맑음,단일로 - 기타,화물,남,46세,상해없음,화물,남,40세,경상
2017110700100324,2017년 11월 7일 14시,화요일,경상남도 창원시 의창구 삼동동,중상사고,0,1,2,0,차대차 - 측면충돌,안전운전불이행,건조,맑음,교차로 - 교차로부근,화물,남,42세,상해없음,화물,남,32세,중상
2017110700100325,2017년 11월 7일 14시,화요일,경상남도 창원시 성산구 상남동,중상사고,0,1,0,0,차대사람 - 길가장자리구역통행중,안전운전불이행,건조,맑음,주차장 - 주차장,승용,남,53세,상해없음,보행자,여,36세,중상
2017110700100350,2017년 11월 7일 15시,화요일,경상남도 산청군 금서면,중상사고,0,1,0,0,차대차 - 측면충돌,안전운전불이행,건조,맑음,단일로 - 기타,이륜,남,75세,중상,화물,남,48세,상해없음
2017110700100351,2017년 11월 7일 15시,화요일,경상남도 김해시 삼문동,중상사고,0,1,0,0,차대차 - 기타,교차로운행방법위반,건조,맑음,교차로 - 교차로안,승용,여,43세,상해없음,이륜,남,48세,중상
2017110700100384,2017년 11월 7일 16시,화요일,경상남도 창원시 진해구 이동,중상사고,0,1,1,0,차대차 - 측면충돌,차로위반,건조,맑음,교차로 - 교차로부근,승용,남,20세,상해없음,승용,여,48세,중상
2017110700100385,2017년 11월 7일 16시,화요일,경상남도 거창군 남상면,중상사고,0,1,0,0,차대사람 - 기타,안전운전불이행,건조,맑음,교차로 - 교차로안,승용,여,26세,상해없음,보행자,남,75세,중상
2017110700100386,2017년 11월 7일 16시,화요일,경상남도 남해군 삼동면,중상사고,0,1,2,0,차대차 - 정면충돌,중앙선침범,건조,맑음,단일로 - 기타,화물,남,65세,경상,화물,남,40세,중상
2017110700100387,2017년 11월 7일 16시,화요일,경상남도 창원시 마산회원구 합성동,경상사고,0,0,1,0,차대차 - 기타,안전운전불이행,건조,맑음,단일로 - 기타,승용,남,73세,상해없음,승합,남,52세,상해없음
2017110700100429,2017년 11월 7일 17시,화요일,경상남도 창원시 진해구 석동,중상사고,0,1,0,0,차대사람 - 길가장자리구역통행중,안전운전불이행,건조,맑음,단일로 - 기타,승용,여,35세,상해없음,보행자,여,86세,중상
2017110700100430,2017년 11월 7일 17시,화요일,경상남도 하동군 하동읍,사망사고,1,0,0,0,차대차 - 기타,안전운전불이행,건조,맑음,기타 - 기타,승용,남,52세,상해없음,자전거,남,72세,사망
2017110700100431,2017년 11월 7일 17시,화요일,경상남도 창원시 마산회원구 내서읍,경상사고,0,0,1,0,차대차 - 기타,안전운전불이행,건조,맑음,단일로 - 기타,승용,남,45세,상해없음,승용,여,30세,경상
2017110700100489,2017년 11월 7일 18시,화요일,경상남도 진주시 내동면,중상사고,0,1,1,0,차대차 - 추돌,안전운전불이행,건조,맑음,단일로 - 기타,화물,남,49세,상해없음,승용,남,49세,중상
2017110700100490,2017년 11월 7일 18시,화요일,경상남도 김해시 대동면,경상사고,0,0,1,0,차대사람 - 차도통행중,중앙선침범,건조,맑음,단일로 - 기타,승용,여,28세,상해없음,보행자,여,52세,경상
2017110700100491,2017년 11월 7일 18시,화요일,경상남도 김해시 구산동,중상사고,0,1,0,0,차대차 - 기타,교차로운행방법위반,건조,맑음,교차로 - 교차로안,승용,여,52세,상해없음,이륜,남,51세,중상
2017110700100492,2017년 11월 7일 18시,화요일,경상남도 의령군 의령읍,중상사고,0,1,0,1,차대차 - 측면충돌,안전운전불이행,건조,맑음,교차로 - 교차로안,승용,남,44세,부상신고,승용,남,65세,중상
2017110700100513,2017년 11월 7일 19시,화요일,경상남도 양산시 물금읍,중상사고,0,2,2,0,차대차 - 추돌,안전운전불이행,건조,맑음,단일로 - 기타,승용,남,61세,상해없음,승용,여,29세,중상
2017110700100533,2017년 11월 7일 19시,화요일,경상남도 창원시 진해구 석동,경상사고,0,0,1,0,차대차 - 측면충돌,교차로운행방법위반,건조,맑음,교차로 - 교차로안,승용,남,51세,상해없음,승용,남,33세,경상
2017110700100534,2017년 11월 7일 19시,화요일,경상남도 사천시 이금동,경상사고,0,0,1,0,차대차 - 추돌,안전운전불이행,건조,맑음,단일로 - 기타,승용,남,26세,상해없음,농기계,남,67세,경상
2017110700100535,2017년 11월 7일 19시,화요일,경상남도 사천시 사천읍,중상사고,0,1,0,0,차대사람 - 보도통행중,보행자보호의무위반,건조,맑음,단일로 - 기타,화물,남,47세,상해없음,보행자,여,35세,중상
2017110700100536,2017년 11월 7일 19시,화요일,경상남도 고성군 회화면,중상사고,0,1,0,0,차량단독 - 기타,안전운전불이행,건조,맑음,단일로 - 기타,승용,남,76세,상해없음,,,,
2017110700100577,2017년 11월 7일 20시,화요일,경상남도 양산시 주진동,경상사고,0,0,1,0,차대차 - 측면충돌,교차로운행방법위반,건조,맑음,교차로 - 교차로안,승용,남,65세,상해없음,이륜,남,35세,경상
2017110700100578,2017년 11월 7일 20시,화요일,경상남도 고성군 고성읍,중상사고,0,2,0,0,차대차 - 기타,중앙선침범,건조,맑음,단일로 - 기타,승용,남,29세,상해없음,이륜,남,53세,중상
2017110700100579,2017년 11월 7일 20시,화요일,경상남도 고성군 상리면,중상사고,0,1,0,0,차대차 - 추돌,안전거리미확보,건조,맑음,교차로 - 교차로부근,승용,남,28세,상해없음,승용,남,45세,중상
2017110700100580,2017년 11월 7일 20시,화요일,경상남도 창원시 성산구 반지동,중상사고,0,1,1,0,차대차 - 추돌,안전운전불이행,건조,맑음,교차로 - 교차로부근,승용,여,65세,상해없음,승용,여,29세,경상
2017110700100611,2017년 11월 7일 21시,화요일,경상남도 창원시 의창구 봉곡동,경상사고,0,0,2,0,차대차 - 추돌,안전운전불이행,건조,맑음,교차로 - 교차로부근,승용,남,47세,상해없음,승용,여,44세,경상
2017110700100633,2017년 11월 7일 22시,화요일,경상남도 진주시 호탄동,경상사고,0,0,1,0,차대차 - 측면충돌,안전운전불이행,건조,맑음,단일로 - 기타,승용,남,45세,상해없음,이륜,남,23세,경상
2017110700100634,2017년 11월 7일 22시,화요일,경상남도 진주시 초전동,경상사고,0,0,1,0,차대차 - 측면충돌,신호위반,건조,맑음,교차로 - 교차로안,승용,남,55세,상해없음,승용,남,26세,경상
2017110700100658,2017년 11월 7일 23시,화요일,경상남도 진주시 평거동,경상사고,0,0,1,0,차대차 - 후진중충돌,안전운전불이행,건조,맑음,단일로 - 기타,승용,남,23세,상해없음,이륜,남,24세,경상
2017110800100077,2017년 11월 8일 05시,수요일,경상남도 김해시 동상동,중상사고,0,1,0,0,차대차 - 측면충돌,안전운전불이행,건조,맑음,교차로 - 교차로부근,자전거,여,33세,중상,승용,남,35세,상해없음
2017110800100119,2017년 11월 8일 07시,수요일,경상남도 창원시 진해구 용원동,경상사고,0,0,1,0,차대차 - 추돌,안전운전불이행,건조,맑음,교차로 - 교차로부근,승용,남,54세,상해없음,승용,남,47세,경상
2017110800100120,2017년 11월 8일 07시,수요일,경상남도 사천시 사천읍,경상사고,0,0,2,0,차대차 - 측면충돌,교차로운행방법위반,건조,맑음,교차로 - 교차로부근,승용,남,42세,상해없음,승용,남,45세,경상
2017110800100121,2017년 11월 8일 07시,수요일,경상남도 창녕군 창녕읍,중상사고,0,1,0,0,차대사람 - 기타,안전운전불이행,건조,맑음,단일로 - 기타,화물,남,60세,상해없음,보행자,여,43세,중상
2017110800100122,2017년 11월 8일 07시,수요일,경상남도 창원시 의창구 서상동,중상사고,0,1,0,0,차대차 - 측면충돌,안전운전불이행,건조,맑음,교차로 - 교차로안,승용,남,39세,상해없음,자전거,남,45세,중상
2017110800100204,2017년 11월 8일 09시,수요일,경상남도 창원시 의창구 팔용동,경상사고,0,0,2,0,차대차 - 측면충돌,안전거리미확보,건조,맑음,단일로 - 기타,건설기계,남,58세,상해없음,승용,남,30세,경상
2017110800100233,2017년 11월 8일 10시,수요일,경상남도 합천군 율곡면,경상사고,0,0,1,0,차대차 - 측면충돌,안전운전불이행,건조,맑음,단일로 - 기타,이륜,남,77세,경상,승용,남,29세,상해없음
2017110800100234,2017년 11월 8일 10시,수요일,경상남도 창녕군 창녕읍,중상사고,0,1,0,0,차대차 - 기타,불법유턴,건조,맑음,교차로 - 교차로부근,이륜,남,76세,중상,승용,여,45세,상해없음