사고번호,사고일시,요일,시군구,사고내용,사망자수,중상자수,경상자수,부상신고자수,사고유형,법규위반,노면상태,기상상태,도로형태,가해운전자 차종,가해운전자 성별,가해운전자 연령,가해운전자 상해정도,피해운전자 차종,피해운전자 성별,피해운전자 연령,피해운전자 상해정도
2017110800100235,2017년 11월 8일 10시,수요일,경상남도 창녕군 대합면,경상사고,0,0,1,0,차대차 - 기타,안전운전불이행,건조,맑음,교차로 - 교차로안,승용,여,37세,경상,건설기계,남,36세,상해없음
2017110800100262,2017년 11월 8일 11시,수요일,경상남도 창원시 마산합포구 장군동3가,경상사고,0,0,1,0,차대차 - 후진중충돌,안전운전불이행,건조,맑음,교차로 - 교차로부근,이륜,남,46세,상해없음,자전거,남,73세,경상
2017110800100294,2017년 11월 8일 12시,수요일,경상남도 김해시 삼정동,경상사고,0,0,1,0,차대차 - 추돌,안전운전불이행,건조,맑음,교차로 - 교차로부근,승용,여,26세,상해없음,화물,남,43세,경상
2017110800100328,2017년 11월 8일 13시,수요일,경상남도 진주시 상봉동,중상사고,0,1,0,0,차대차 - 측면충돌,중앙선침범,건조,맑음,단일로 - 기타,승용,남,75세,상해없음,승용,남,46세,중상
2017110800100329,2017년 11월 8일 13시,수요일,경상남도 합천군 가야면,중상사고,0,1,0,0,차대차 - 측면충돌,안전운전불이행,건조,맑음,단일로 - 기타,이륜,여,58세,중상,승용,여,49세,상해없음
2017110800100358,2017년 11월 8일 14시,수요일,경상남도 진주시 문산읍,중상사고,0,1,0,0,차대차 - 측면충돌,안전운전불이행,건조,맑음,단일로 - 기타,승용,여,47세,상해없음,이륜,남,63세,중상
2017110800100359,2017년 11월 8일 14시,수요일,경상남도 거창군 남하면,경상사고,0,0,1,0,차대차 - 기타,중앙선침범,건조,맑음,단일로 - 기타,승용,남,75세,상해없음,승용,여,44세,경상
2017110800100360,2017년 11월 8일 14시,수요일,경상남도 양산시 동면,중상사고,0,1,0,0,차대차 - 기타,안전운전불이행,건조,맑음,단일로 - 기타,화물,남,55세,상해없음,자전거,여,61세,중상
2017110800100361,2017년 11월 8일 14시,수요일,경상남도 함안군 대산면,중상사고,0,1,0,0,차대차 - 추돌,안전거리미확보,건조,맑음,단일로 - 기타,화물,남,46세,상해없음,승용,남,57세,중상
2017110800100393,2017년 11월 8일 15시,수요일,경상남도 함안군 칠북면,중상사고,0,2,2,0,차대차 - 정면충돌,중앙선침범,건조,맑음,단일로 - 기타,승용,남,66세,경상,승용,남,72세,경상
2017110800100432,2017년 11월 8일 16시,수요일,경상남도 진주시 상대동,중상사고,0,1,0,0,차대사람 - 차도통행중,안전운전불이행,건조,맑음,단일로 - 기타,승용,여,55세,상해없음,보행자,여,20세,중상
2017110800100433,2017년 11월 8일 16시,수요일,경상남도 사천시 용현면,경상사고,0,0,1,0,차대사람 - 기타,안전운전불이행,건조,맑음,단일로 - 기타,화물,남,65세,상해없음,보행자,여,77세,경상
2017110800100434,2017년 11월 8일 16시,수요일,경상남도 창원시 의창구 대원동,경상사고,0,0,1,0,차대차 - 측면충돌,안전운전불이행,건조,맑음,주차장 - 주차장,승용,여,36세,상해없음,승용,여,41세,경상
2017110800100489,2017년 11월 8일 17시,수요일,경상남도 통영시 도산면,경상사고,0,0,1,0,차대차 - 정면충돌,중앙선침범,건조,맑음,단일로 - 기타,승용,여,56세,상해없음,승용,남,33세,경상
2017110800100490,2017년 11월 8일 17시,수요일,경상남도 합천군 덕곡면,중상사고,0,2,0,0,차대차 - 기타,안전운전불이행,건조,맑음,단일로 - 기타,화물,남,47세,상해없음,건설기계,남,62세,상해없음
2017110800100543,2017년 11월 8일 18시,수요일,경상남도 양산시 하북면,경상사고,0,0,1,0,차대사람 - 횡단중,안전운전불이행,건조,맑음,교차로 - 교차로안,승용,여,37세,상해없음,보행자,남,80세,경상
2017110800100544,2017년 11월 8일 18시,수요일,경상남도 김해시 진례면,중상사고,0,1,0,0,차대사람 - 횡단중,안전운전불이행,건조,맑음,단일로 - 기타,화물,남,52세,상해없음,보행자,남,61세,중상
2017110800100592,2017년 11월 8일 19시,수요일,경상남도 창원시 진해구 안골동,경상사고,0,0,1,0,차대차 - 측면충돌,안전운전불이행,건조,맑음,단일로 - 기타,승용,남,27세,상해없음,승합,남,47세,경상
2017110800100593,2017년 11월 8일 19시,수요일,경상남도 창녕군 영산면,경상사고,0,0,1,0,차대차 - 기타,안전운전불이행,건조,맑음,교차로 - 교차로부근,이륜,여,58세,경상,이륜,남,37세,상해없음
2017110800100594,2017년 11월 8일 19시,수요일,경상남도 양산시 물금읍,경상사고,0,0,1,0,차대차 - 기타,안전거리미확보,건조,맑음,교차로 - 교차로부근,승용,남,26세,상해없음,승용,남,37세,경상
2017110800100626,2017년 11월 8일 20시,수요일,경상남도 사천시 동금동,경상사고,0,0,1,0,차대사람 - 횡단중,보행자보호의무위반,건조,맑음,교차로 - 교차로횡단보도내,승용,여,53세,상해없음,보행자,남,59세,경상
2017110800100667,2017년 11월 8일 21시,수요일,경상남도 김해시 어방동,경상사고,0,0,1,0,차대차 - 추돌,안전거리미확보,건조,맑음,단일로 - 기타,승용,남,27세,상해없음,승용,남,42세,경상
2017110800100668,2017년 11월 8일 21시,수요일,경상남도 창녕군 부곡면,중상사고,0,1,0,0,차대차 - 기타,안전운전불이행,건조,맑음,교차로 - 교차로안,승용,남,61세,상해없음,승용,남,62세,상해없음
2017110800100689,2017년 11월 8일 22시,수요일,경상남도 진주시 가좌동,중상사고,0,1,1,0,차대사람 - 차도통행중,안전운전불이행,건조,맑음,단일로 - 기타,자전거,남,25세,상해없음,보행자,남,25세,중상
2017110800100690,2017년 11월 8일 22시,수요일,경상남도 통영시 광도면,부상신고사고,0,0,0,1,차대사람 - 기타,안전운전불이행,건조,맑음,단일로 - 기타,기타불명,기타불명,미분류,기타불명,보행자,여,50세,부상신고
2017110800100691,2017년 11월 8일 22시,수요일,경상남도 사천시 용현면,중상사고,0,2,1,0,차대차 - 측면충돌,신호위반,건조,맑음,교차로 - 교차로안,승용,남,22세,경상,승합,남,65세,중상
2017110800100692,2017년 11월 8일 22시,수요일,경상남도 김해시 외동,경상사고,0,0,1,0,차대차 - 기타,안전운전불이행,건조,맑음,교차로 - 교차로안,원동기,남,16세,경상,승용,남,56세,상해없음
2017110800100707,2017년 11월 8일 23시,수요일,경상남도 거제시 장평동,중상사고,0,1,0,0,차량단독 - 전도전복,안전운전불이행,건조,맑음,단일로 - 기타,자전거,남,42세,중상,미분류,미분류,미분류,미분류
2017110900100031,2017년 11월 9일 00시,목요일,경상남도 거제시 고현동,중상사고,0,1,0,0,차대차 - 기타,교차로운행방법위반,건조,맑음,교차로 - 교차로안,승용,남,36세,상해없음,승용,남,65세,중상
2017110900100084,2017년 11월 9일 06시,목요일,경상남도 진주시 가좌동,경상사고,0,0,2,0,차대차 - 측면충돌,안전운전불이행,건조,맑음,교차로 - 교차로안,승용,남,32세,기타불명,승용,남,20세,경상
2017110900100085,2017년 11월 9일 06시,목요일,경상남도 고성군 고성읍,중상사고,0,1,0,0,차대차 - 측면충돌,신호위반,건조,맑음,교차로 - 교차로안,특수,남,70세,상해없음,승용,남,55세,중상
2017110900100111,2017년 11월 9일 07시,목요일,경상남도 거창군 거창읍,중상사고,0,2,0,0,차대차 - 기타,안전운전불이행,건조,맑음,교차로 - 교차로안,화물,남,67세,상해없음,승용,남,63세,상해없음
2017110900100112,2017년 11월 9일 07시,목요일,경상남도 양산시 상북면,경상사고,0,0,1,0,차대차 - 기타,안전운전불이행,건조,맑음,교차로 - 교차로안,화물,남,42세,상해없음,이륜,남,61세,경상
2017110900100113,2017년 11월 9일 07시,목요일,경상남도 거제시 고현동,경상사고,0,0,1,0,차대차 - 추돌,안전거리미확보,건조,맑음,단일로 - 기타,승용,남,26세,상해없음,승용,여,27세,경상
2017110900100114,2017년 11월 9일 07시,목요일,경상남도 김해시 진례면,중상사고,0,1,0,0,차량단독 - 공작물충돌,안전운전불이행,건조,맑음,단일로 - 기타,승용,남,39세,중상,,,,
2017110900100148,2017년 11월 9일 08시,목요일,경상남도 창원시 진해구 서중동,경상사고,0,0,2,0,차대차 - 추돌,안전운전불이행,건조,맑음,단일로 - 기타,승용,여,44세,경상,승용,남,24세,경상
2017110900100149,2017년 11월 9일 08시,목요일,경상남도 고성군 고성읍,중상사고,0,1,0,0,차대사람 - 보도통행중,기타,건조,맑음,교차로 - 교차로부근,화물,남,55세,상해없음,보행자,남,6세,중상
2017110900100188,2017년 11월 9일 09시,목요일,경상남도 진주시 문산읍,중상사고,0,1,0,0,차대차 - 측면충돌,직진우회전진행방해,건조,맑음,교차로 - 교차로안,화물,남,27세,상해없음,원동기,남,78세,중상
2017110900100247,2017년 11월 9일 11시,목요일,경상남도 밀양시 부북면,중상사고,0,1,1,0,차대차 - 측면충돌,안전운전불이행,건조,맑음,교차로 - 교차로안,승용,남,70세,상해없음,원동기,남,81세,경상
2017110900100248,2017년 11월 9일 11시,목요일,경상남도 창녕군 대지면,경상사고,0,0,1,0,차대차 - 측면충돌,기타,건조,맑음,교차로 - 교차로안,승용,여,42세,상해없음,승용,여,36세,경상
2017110900100249,2017년 11월 9일 11시,목요일,경상남도 양산시 물금읍,경상사고,0,0,1,0,차대차 - 기타,안전운전불이행,건조,맑음,교차로 - 교차로안,건설기계,남,51세,상해없음,승용,남,30세,경상
2017110900100278,2017년 11월 9일 12시,목요일,경상남도 김해시 삼계동,중상사고,0,1,0,0,차대차 - 기타,중앙선침범,건조,맑음,단일로 - 기타,승용,남,56세,상해없음,이륜,남,38세,중상
2017110900100279,2017년 11월 9일 12시,목요일,경상남도 양산시 평산동,경상사고,0,0,1,0,차대차 - 기타,신호위반,건조,맑음,교차로 - 교차로안,승용,여,62세,기타불명,화물,남,38세,경상
2017110900100280,2017년 11월 9일 12시,목요일,경상남도 창원시 마산회원구 양덕동,중상사고,0,3,3,0,차대차 - 추돌,안전운전불이행,건조,맑음,단일로 - 기타,승합,남,51세,상해없음,승합,남,41세,상해없음
2017110900100324,2017년 11월 9일 14시,목요일,경상남도 사천시 벌리동,경상사고,0,0,1,0,차대차 - 측면충돌,직진우회전진행방해,건조,맑음,교차로 - 교차로안,승용,여,25세,상해없음,승용,남,27세,경상
2017110900100325,2017년 11월 9일 14시,목요일,경상남도 합천군 합천읍,중상사고,0,1,0,0,차대차 - 기타,안전운전불이행,건조,맑음,단일로 - 기타,화물,남,68세,상해없음,원동기,남,74세,중상
2017110900100326,2017년 11월 9일 14시,목요일,경상남도 산청군 산청읍,경상사고,0,0,1,0,차대차 - 측면충돌,교차로운행방법위반,건조,맑음,교차로 - 교차로안,승용,남,29세,상해없음,이륜,남,76세,경상
2017110900100345,2017년 11월 9일 15시,목요일,경상남도 양산시 북정동,중상사고,0,2,1,0,차대차 - 측면충돌,안전운전불이행,건조,맑음,단일로 - 기타,승용,여,45세,상해없음,승용,남,71세,중상
2017110900100406,2017년 11월 9일 16시,목요일,경상남도 창원시 진해구 대장동,중상사고,0,1,0,0,차대차 - 측면충돌,안전운전불이행,건조,맑음,단일로 - 기타,자전거,남,37세,중상,승용,여,52세,기타불명
2017110900100450,2017년 11월 9일 17시,목요일,경상남도 함양군 함양읍,중상사고,0,2,1,0,차대차 - 측면충돌,교차로운행방법위반,건조,맑음,교차로 - 교차로안,화물,남,47세,중상,승용,여,19세,경상
2017110900100451,2017년 11월 9일 17시,목요일,경상남도 양산시 중부동,경상사고,0,0,2,0,차대차 - 기타,안전운전불이행,건조,맑음,단일로 - 기타,승용,여,70세,상해없음,승용,남,55세,상해없음
2017110900100452,2017년 11월 9일 17시,목요일,경상남도 고성군 상리면,중상사고,0,1,0,0,차대차 - 정면충돌,중앙선침범,건조,맑음,단일로 - 기타,승용,남,48세,상해없음,승용,남,67세,중상
2017110900100453,2017년 11월 9일 17시,목요일,경상남도 창원시 마산합포구 산호동,경상사고,0,0,1,0,차대차 - 측면충돌,안전운전불이행,건조,맑음,단일로 - 기타,화물,남,55세,상해없음,이륜,남,26세,경상
2017110900100518,2017년 11월 9일 18시,목요일,경상남도 진주시 칠암동,중상사고,0,1,0,0,차대사람 - 횡단중,보행자보호의무위반,건조,맑음,교차로 - 교차로횡단보도내,승용,여,38세,상해없음,보행자,여,43세,중상
2017110900100519,2017년 11월 9일 18시,목요일,경상남도 진주시 하대동,경상사고,0,0,1,0,차대사람 - 횡단중,보행자보호의무위반,건조,맑음,교차로 - 교차로횡단보도내,화물,남,23세,상해없음,보행자,남,11세,경상
2017110900100520,2017년 11월 9일 18시,목요일,경상남도 진주시 상평동,중상사고,0,1,0,0,차대차 - 측면충돌,직진우회전진행방해,건조,맑음,교차로 - 교차로안,승용,남,41세,상해없음,승용,여,45세,중상
2017110900100521,2017년 11월 9일 18시,목요일,경상남도 창원시 진해구 태평동,중상사고,0,1,0,0,차대사람 - 횡단중,보행자보호의무위반,건조,맑음,단일로 - 기타,화물,남,70세,상해없음,보행자,남,63세,중상
2017110900100522,2017년 11월 9일 18시,목요일,경상남도 창원시 진해구 자은동,경상사고,0,0,1,0,차대차 - 추돌,안전운전불이행,건조,맑음,단일로 - 기타,승용,남,65세,상해없음,승용,여,50세,경상
2017110900100523,2017년 11월 9일 18시,목요일,경상남도 거창군 거창읍,중상사고,0,1,1,0,차대사람 - 횡단중,보행자보호의무위반,건조,맑음,단일로 - 기타,이륜,남,35세,경상,보행자,남,70세,중상
2017110900100560,2017년 11월 9일 19시,목요일,경상남도 진주시 상대동,중상사고,0,1,0,0,차대차 - 측면충돌,신호위반,건조,맑음,교차로 - 교차로안,화물,남,41세,상해없음,자전거,남,45세,중상
2017110900100561,2017년 11월 9일 19시,목요일,경상남도 거제시 문동동,중상사고,0,1,0,0,차대차 - 기타,직진우회전진행방해,건조,맑음,교차로 - 교차로안,승합,남,66세,상해없음,이륜,남,38세,중상
2017110900100562,2017년 11월 9일 19시,목요일,경상남도 창원시 마산회원구 내서읍,중상사고,0,1,0,0,차대사람 - 차도통행중,보행자보호의무위반,건조,맑음,교차로 - 교차로안,승용,여,41세,상해없음,보행자,여,65세,중상
2017110900100595,2017년 11월 9일 20시,목요일,경상남도 사천시 사남면,경상사고,0,0,2,0,차대차 - 추돌,안전운전불이행,건조,맑음,단일로 - 기타,승용,여,54세,상해없음,승용,남,38세,경상
2017110900100596,2017년 11월 9일 20시,목요일,경상남도 거제시 일운면,경상사고,0,0,1,0,차대차 - 기타,신호위반,건조,맑음,교차로 - 교차로안,승용,남,61세,상해없음,승합,남,59세,상해없음
2017110900100597,2017년 11월 9일 20시,목요일,경상남도 창원시 마산회원구 두척동,중상사고,0,1,0,0,차대차 - 기타,안전운전불이행,건조,맑음,단일로 - 기타,화물,남,78세,상해없음,이륜,남,47세,중상
2017110900100632,2017년 11월 9일 21시,목요일,경상남도 김해시 어방동,중상사고,0,1,0,0,차대차 - 정면충돌,신호위반,건조,맑음,교차로 - 교차로안,승용,남,27세,상해없음,승용,남,44세,중상
2017110900100633,2017년 11월 9일 21시,목요일,경상남도 창원시 의창구 대산면,사망사고,1,0,1,0,차대차 - 추돌,안전운전불이행,건조,맑음,단일로 - 기타,화물,남,62세,사망,화물,남,44세,경상
2017110900100664,2017년 11월 9일 22시,목요일,경상남도 사천시 사천읍,중상사고,0,1,0,0,차대사람 - 보도통행중,신호위반,건조,맑음,단일로 - 기타,이륜,남,17세,상해없음,보행자,남,64세,중상
2017110900100665,2017년 11월 9일 22시,목요일,경상남도 양산시 삼호동,경상사고,0,0,1,0,차대사람 - 차도통행중,안전운전불이행,건조,맑음,교차로 - 교차로안,승용,남,69세,상해없음,보행자,남,65세,경상
2017110900100690,2017년 11월 9일 23시,목요일,경상남도 김해시 외동,중상사고,0,1,0,0,차대차 - 추돌,안전운전불이행,건조,맑음,단일로 - 기타,승용,남,35세,상해없음,승용,여,54세,중상
2017110900100691,2017년 11월 9일 23시,목요일,경상남도 창원시 성산구 외동,경상사고,0,0,1,0,차대차 - 측면충돌,신호위반,건조,맑음,교차로 - 교차로안,승용,남,30세,상해없음,승용,여,30세,경상
2017111000100097,2017년 11월 10일 05시,금요일,경상남도 진주시 상대동,중상사고,0,1,0,0,차대사람 - 횡단중,안전운전불이행,건조,맑음,교차로 - 교차로안,승용,남,52세,상해없음,보행자,여,75세,중상
2017111000100107,2017년 11월 10일 06시,금요일,경상남도 양산시 상북면,중상사고,0,1,0,0,차대사람 - 기타,안전운전불이행,건조,맑음,단일로 - 기타,승용,남,45세,기타불명,보행자,남,34세,중상
2017111000100127,2017년 11월 10일 07시,금요일,경상남도 통영시 정량동,부상신고사고,0,0,0,1,차대차 - 기타,직진우회전진행방해,건조,맑음,교차로 - 교차로안,이륜,남,35세,부상신고,승용,남,66세,상해없음
2017111000100128,2017년 11월 10일 07시,금요일,경상남도 합천군 삼가면,사망사고,1,0,0,0,차량단독 - 도로외이탈 - 추락,안전운전불이행,건조,맑음,단일로 - 기타,이륜,남,72세,사망,,,,
2017111000100166,2017년 11월 10일 08시,금요일,경상남도 김해시 삼정동,중상사고,0,1,0,0,차대차 - 측면충돌,안전운전불이행,건조,맑음,교차로 - 교차로부근,승용,남,29세,상해없음,화물,남,53세,중상
2017111000100167,2017년 11월 10일 08시,금요일,경상남도 창녕군 이방면,경상사고,0,0,1,0,차대차 - 기타,안전운전불이행,건조,맑음,단일로 - 기타,건설기계,남,56세,상해없음,승용,남,75세,경상
2017111000100168,2017년 11월 10일 08시,금요일,경상남도 창원시 의창구 팔용동,중상사고,0,1,0,0,차대차 - 측면충돌,안전운전불이행,건조,맑음,교차로 - 교차로안,승용,남,66세,상해없음,원동기,남,34세,중상
2017111000100169,2017년 11월 10일 08시,금요일,경상남도 창원시 의창구 봉곡동,중상사고,0,1,0,0,차대사람 - 횡단중,보행자보호의무위반,건조,맑음,단일로 - 기타,승용,남,47세,상해없음,보행자,여,14세,중상
2017111000100229,2017년 11월 10일 10시,금요일,경상남도 양산시 북정동,경상사고,0,0,1,0,차량단독 - 전도전복 - 전도,안전운전불이행,건조,맑음,교차로 - 교차로안,원동기,남,55세,경상,,,,
2017111000100262,2017년 11월 10일 11시,금요일,경상남도 하동군 하동읍,경상사고,0,0,2,0,차대차 - 측면충돌,교차로운행방법위반,건조,맑음,교차로 - 교차로안,승용,여,63세,상해없음,승용,여,46세,경상
2017111000100283,2017년 11월 10일 12시,금요일,경상남도 창녕군 대합면,중상사고,0,1,0,0,차량단독 - 기타,안전운전불이행,건조,맑음,단일로 - 기타,화물,남,54세,중상,,,,
2017111000100383,2017년 11월 10일 15시,금요일,경상남도 밀양시 내일동,경상사고,0,0,1,0,차대사람 - 횡단중,보행자보호의무위반,건조,맑음,교차로 - 교차로안,화물,남,58세,상해없음,보행자,여,55세,경상
2017111000100425,2017년 11월 10일 16시,금요일,경상남도 진주시 상봉동,중상사고,0,1,0,0,차대사람 - 기타,안전운전불이행,건조,맑음,교차로 - 교차로안,승용,여,44세,상해없음,보행자,여,86세,중상
2017111000100426,2017년 11월 10일 16시,금요일,경상남도 김해시 삼계동,중상사고,0,1,1,0,차대차 - 측면충돌,교차로운행방법위반,건조,맑음,교차로 - 교차로안,승합,여,51세,경상,승용,여,35세,중상
2017111000100427,2017년 11월 10일 16시,금요일,경상남도 창원시 성산구 상남동,중상사고,0,1,0,0,차대차 - 측면충돌,신호위반,건조,맑음,교차로 - 교차로횡단보도내,승용,여,50세,상해없음,원동기,남,63세,중상
2017111000100473,2017년 11월 10일 17시,금요일,경상남도 창원시 진해구 태평동,경상사고,0,0,1,0,차대차 - 측면충돌,안전운전불이행,건조,맑음,교차로 - 교차로부근,승용,남,61세,상해없음,승용,여,54세,경상
2017111000100474,2017년 11월 10일 17시,금요일,경상남도 거제시 장평동,중상사고,0,1,0,0,차대차 - 측면충돌,안전운전불이행,건조,맑음,단일로 - 기타,자전거,여,36세,중상,승합,남,52세,상해없음
2017111000100475,2017년 11월 10일 17시,금요일,경상남도 창원시 성산구 사파동,경상사고,0,0,1,0,차대사람 - 횡단중,신호위반,건조,맑음,교차로 - 교차로횡단보도내,승용,여,55세,상해없음,보행자,여,26세,경상
2017111000100506,2017년 11월 10일 18시,금요일,경상남도 밀양시 상남면,중상사고,0,1,1,0,차대차 - 추돌,안전운전불이행,건조,맑음,단일로 - 기타,화물,남,58세,상해없음,승용,여,63세,중상
2017111000100543,2017년 11월 10일 18시,금요일,경상남도 진주시 상대동,경상사고,0,0,1,0,차대차 - 추돌,안전운전불이행,건조,맑음,단일로 - 기타,승용,남,20세,상해없음,승용,여,48세,경상
2017111000100544,2017년 11월 10일 18시,금요일,경상남도 통영시 북신동,중상사고,0,1,0,0,차대사람 - 횡단중,보행자보호의무위반,건조,맑음,교차로 - 교차로횡단보도내,화물,여,57세,상해없음,보행자,여,63세,중상
2017111000100545,2017년 11월 10일 18시,금요일,경상남도 사천시 벌리동,부상신고사고,0,0,0,1,차량단독 - 전도전복 - 전도,안전운전불이행,건조,맑음,단일로 - 기타,이륜,남,35세,부상신고,,,,
2017111000100546,2017년 11월 10일 18시,금요일,경상남도 김해시 삼계동,중상사고,0,1,2,0,차대차 - 추돌,안전운전불이행,건조,맑음,단일로 - 기타,승용,여,49세,경상,승용,남,47세,경상
2017111000100547,2017년 11월 10일 18시,금요일,경상남도 김해시 생림면,부상신고사고,0,0,0,1,차대사람 - 기타,안전운전불이행,건조,맑음,단일로 - 기타,자전거,남,62세,상해없음,보행자,여,56세,부상신고
2017111000100548,2017년 11월 10일 18시,금요일,경상남도 고성군 고성읍,중상사고,0,1,0,0,차량단독 - 전도전복,안전운전불이행,건조,맑음,단일로 - 교량,승용,여,72세,상해없음,미분류,미분류,미분류,미분류
2017111000100549,2017년 11월 10일 18시,금요일,경상남도 김해시 한림면,경상사고,0,0,1,0,차대차 - 추돌,안전운전불이행,건조,맑음,교차로 - 교차로부근,승용,남,53세,상해없음,승용,여,48세,경상
2017111000100649,2017년 11월 10일 20시,금요일,경상남도 창원시 마산회원구 석전동,경상사고,0,0,1,0,차대사람 - 횡단중,보행자보호의무위반,건조,맑음,교차로 - 교차로부근,승합,남,47세,상해없음,보행자,여,46세,경상
2017111000100687,2017년 11월 10일 21시,금요일,경상남도 김해시 지내동,경상사고,0,0,3,0,차대차 - 추돌,안전운전불이행,건조,맑음,단일로 - 기타,승용,남,53세,상해없음,승용,남,35세,경상
2017111000100718,2017년 11월 10일 22시,금요일,경상남도 진주시 망경동,중상사고,0,1,1,0,차대차 - 측면충돌,신호위반,건조,맑음,교차로 - 교차로안,승용,여,25세,상해없음,승용,여,42세,경상
2017111000100719,2017년 11월 10일 22시,금요일,경상남도 김해시 신문동,부상신고사고,0,0,0,1,차량단독 - 전도전복 - 전도,안전운전불이행,건조,맑음,단일로 - 기타,이륜,남,18세,부상신고,,,,
2017111000100737,2017년 11월 10일 23시,금요일,경상남도 양산시 동면,경상사고,0,0,1,0,차대차 - 추돌,안전운전불이행,건조,맑음,교차로 - 교차로부근,승용,남,35세,상해없음,승용,남,45세,경상
2017111000100738,2017년 11월 10일 23시,금요일,경상남도 김해시 주촌면,경상사고,0,0,1,0,차대차 - 추돌,안전운전불이행,건조,맑음,단일로 - 기타,승용,남,26세,상해없음,화물,남,58세,경상
2017111100100061,2017년 11월 11일 01시,토요일,경상남도 거제시 아주동,중상사고,0,3,1,0,차대차 - 기타,안전거리미확보,건조,맑음,단일로 - 터널,승용,여,41세,상해없음,승용,남,57세,경상
2017111100100062,2017년 11월 11일 01시,토요일,경상남도 창원시 성산구 외동,중상사고,0,1,1,0,차대차 - 추돌,안전운전불이행,건조,맑음,교차로 - 교차로부근,원동기,남,16세,상해없음,원동기,남,17세,중상
2017111100100063,2017년 11월 11일 01시,토요일,경상남도 김해시 대청동,경상사고,0,0,2,0,차대차 - 측면충돌,교차로운행방법위반,건조,맑음,교차로 - 교차로안,승용,남,40세,경상,승용,남,47세,경상
2017111100100070,2017년 11월 11일 02시,토요일,경상남도 진주시 상대동,중상사고,0,1,0,0,차대사람 - 기타,안전운전불이행,건조,맑음,교차로 - 교차로안,승용,여,21세,상해없음,보행자,남,21세,중상
2017111100100071,2017년 11월 11일 02시,토요일,경상남도 거제시 고현동,경상사고,0,0,1,0,차대사람 - 기타,보행자보호의무위반,건조,맑음,교차로 - 교차로횡단보도내,승용,남,44세,상해없음,보행자,남,23세,경상
2017111100100082,2017년 11월 11일 03시,토요일,경상남도 김해시 외동,경상사고,0,0,1,0,차대차 - 측면충돌,안전거리미확보,건조,맑음,교차로 - 교차로부근,승용,남,54세,상해없음,원동기,남,19세,경상
2017111100100139,2017년 11월 11일 07시,토요일,경상남도 창원시 진해구 태백동,중상사고,0,1,2,0,차량단독 - 전도전복 - 전도,안전운전불이행,건조,맑음,단일로 - 기타,화물,남,38세,경상,,,,
2017111100100140,2017년 11월 11일 07시,토요일,경상남도 창원시 진해구 석동,경상사고,0,0,1,0,차대차 - 측면충돌,교차로운행방법위반,건조,맑음,교차로 - 교차로부근,승용,남,49세,상해없음,승용,여,30세,경상
2017111100100141,2017년 11월 11일 07시,토요일,경상남도 거창군 거창읍,중상사고,0,1,1,0,차대차 - 기타,안전운전불이행,건조,맑음,교차로 - 교차로안,화물,남,54세,경상,승용,여,43세,중상
2017111100100162,2017년 11월 11일 08시,토요일,경상남도 진주시 평안동,중상사고,0,1,0,0,차대차 - 측면충돌,직진우회전진행방해,건조,맑음,교차로 - 교차로안,자전거,남,78세,중상,화물,남,22세,상해없음
2017111100100211,2017년 11월 11일 10시,토요일,경상남도 창원시 성산구 상남동,중상사고,0,1,0,0,차대차 - 측면충돌,안전운전불이행,건조,맑음,단일로 - 기타,원동기,남,77세,중상,승용,남,58세,상해없음
2017111100100212,2017년 11월 11일 10시,토요일,경상남도 김해시 삼문동,경상사고,0,0,5,0,차대차 - 측면충돌,신호위반,건조,맑음,교차로 - 교차로안,승용,여,34세,경상,승용,여,37세,경상
2017111100100248,2017년 11월 11일 11시,토요일,경상남도 밀양시 가곡동,경상사고,0,0,1,0,차대차 - 측면충돌,직진우회전진행방해,건조,맑음,교차로 - 교차로안,승용,여,47세,상해없음,원동기,남,73세,경상
2017111100100344,2017년 11월 11일 13시,토요일,경상남도 고성군 고성읍,경상사고,0,0,1,0,차대차 - 측면충돌,차로위반,건조,맑음,단일로 - 기타,승용,남,66세,상해없음,승용,남,55세,상해없음
2017111100100345,2017년 11월 11일 13시,토요일,경상남도 김해시 대청동,경상사고,0,0,2,0,차대차 - 측면충돌,교차로운행방법위반,건조,맑음,교차로 - 교차로안,승용,여,36세,경상,승용,여,45세,경상
2017111100100379,2017년 11월 11일 14시,토요일,경상남도 밀양시 내이동,경상사고,0,0,1,0,차대차 - 측면충돌,안전운전불이행,건조,맑음,교차로 - 교차로안,승용,여,58세,상해없음,이륜,남,74세,경상
2017111100100380,2017년 11월 11일 14시,토요일,경상남도 양산시 동면,경상사고,0,0,5,0,차대차 - 추돌,안전거리미확보,건조,맑음,단일로 - 기타,특수,남,49세,상해없음,화물,남,40세,경상
2017111100100418,2017년 11월 11일 15시,토요일,경상남도 창원시 마산회원구 석전동,중상사고,0,1,0,0,차대사람 - 횡단중,안전운전불이행,건조,맑음,단일로 - 기타,승용,여,56세,상해없음,보행자,여,73세,중상
2017111100100455,2017년 11월 11일 16시,토요일,경상남도 진주시 주약동,사망사고,1,0,0,0,차대차 - 기타,신호위반,건조,맑음,교차로 - 교차로안,승합,남,52세,상해없음,이륜,남,39세,사망