사고번호,사고일시,요일,시군구,사고내용,사망자수,중상자수,경상자수,부상신고자수,사고유형,법규위반,노면상태,기상상태,도로형태,가해운전자 차종,가해운전자 성별,가해운전자 연령,가해운전자 상해정도,피해운전자 차종,피해운전자 성별,피해운전자 연령,피해운전자 상해정도
2017111100100456,2017년 11월 11일 16시,토요일,경상남도 김해시 부곡동,경상사고,0,0,1,0,차대차 - 추돌,안전거리미확보,건조,맑음,단일로 - 기타,이륜,남,17세,경상,승용,남,34세,상해없음
2017111100100457,2017년 11월 11일 16시,토요일,경상남도 김해시 진례면,중상사고,0,1,0,0,차대사람 - 기타,안전운전불이행,건조,맑음,단일로 - 기타,승합,남,55세,상해없음,보행자,남,74세,중상
2017111100100458,2017년 11월 11일 16시,토요일,경상남도 김해시 진영읍,중상사고,0,1,0,0,차대사람 - 횡단중,안전운전불이행,건조,맑음,교차로 - 교차로횡단보도내,화물,남,71세,상해없음,보행자,남,62세,중상
2017111100100505,2017년 11월 11일 17시,토요일,경상남도 창원시 진해구 용원동,중상사고,0,1,0,0,차대차 - 측면충돌,신호위반,건조,맑음,교차로 - 교차로안,승용,남,48세,상해없음,승용,남,54세,상해없음
2017111100100506,2017년 11월 11일 17시,토요일,경상남도 김해시 대동면,중상사고,0,2,3,0,차대차 - 측면충돌,교차로운행방법위반,건조,맑음,교차로 - 교차로안,화물,남,57세,상해없음,승용,남,69세,경상
2017111100100564,2017년 11월 11일 18시,토요일,경상남도 양산시 삼호동,경상사고,0,0,1,0,차대사람 - 횡단중,보행자보호의무위반,건조,맑음,교차로 - 교차로안,이륜,남,39세,상해없음,보행자,여,62세,경상
2017111100100565,2017년 11월 11일 18시,토요일,경상남도 창원시 성산구 내동,경상사고,0,0,1,0,차대차 - 측면충돌,교차로운행방법위반,건조,맑음,교차로 - 교차로안,승용,남,32세,상해없음,승용,여,56세,경상
2017111100100583,2017년 11월 11일 19시,토요일,경상남도 김해시 진례면,중상사고,0,1,2,0,차대차 - 추돌,안전거리미확보,건조,맑음,단일로 - 기타,승용,남,64세,중상,승용,남,56세,경상
2017111100100608,2017년 11월 11일 19시,토요일,경상남도 김해시 동상동,중상사고,0,1,0,0,차대차 - 측면충돌,신호위반,건조,맑음,교차로 - 교차로안,이륜,남,55세,중상,승용,여,51세,상해없음
2017111100100638,2017년 11월 11일 20시,토요일,경상남도 김해시 삼문동,중상사고,0,3,0,0,차대차 - 추돌,안전운전불이행,건조,맑음,단일로 - 기타,승용,남,24세,상해없음,승용,남,42세,중상
2017111100100712,2017년 11월 11일 23시,토요일,경상남도 합천군 대양면,중상사고,0,1,1,0,차량단독 - 공작물충돌,안전운전불이행,건조,맑음,단일로 - 기타,승용,남,53세,경상,,,,
2017111100100713,2017년 11월 11일 23시,토요일,경상남도 김해시 풍유동,경상사고,0,0,1,0,차대차 - 측면충돌,신호위반,건조,맑음,교차로 - 교차로안,승용,여,26세,상해없음,승용,남,35세,경상
2017111200100045,2017년 11월 12일 02시,일요일,경상남도 창원시 성산구 사파동,중상사고,0,1,1,0,차대차 - 추돌,안전운전불이행,건조,맑음,단일로 - 기타,승용,남,23세,중상,승합,남,59세,경상
2017111200100046,2017년 11월 12일 02시,일요일,경상남도 김해시 대청동,경상사고,0,0,1,0,차대차 - 추돌,안전운전불이행,건조,맑음,단일로 - 기타,승용,남,20세,상해없음,승용,남,55세,경상
2017111200100058,2017년 11월 12일 03시,일요일,경상남도 진주시 가좌동,경상사고,0,0,1,0,차대차 - 기타,안전운전불이행,건조,맑음,단일로 - 기타,자전거,남,24세,경상,승합,남,77세,상해없음
2017111200100079,2017년 11월 12일 05시,일요일,경상남도 김해시 외동,중상사고,0,1,0,0,차대사람 - 기타,안전운전불이행,건조,맑음,교차로 - 교차로부근,승용,남,64세,상해없음,보행자,남,29세,중상
2017111200100087,2017년 11월 12일 06시,일요일,경상남도 양산시 삼호동,경상사고,0,0,1,0,차대차 - 측면충돌,안전운전불이행,건조,맑음,단일로 - 기타,이륜,남,54세,상해없음,승용,남,64세,상해없음
2017111200100118,2017년 11월 12일 08시,일요일,경상남도 창녕군 창녕읍,경상사고,0,0,1,0,차대차 - 기타,신호위반,건조,맑음,교차로 - 교차로안,이륜,남,79세,경상,승용,여,30세,상해없음
2017111200100152,2017년 11월 12일 10시,일요일,경상남도 창원시 의창구 사림동,경상사고,0,0,1,2,차대차 - 추돌,안전운전불이행,건조,맑음,단일로 - 기타,승용,남,26세,상해없음,승용,남,53세,부상신고
2017111200100153,2017년 11월 12일 10시,일요일,경상남도 창원시 마산회원구 합성동,경상사고,0,0,1,0,차대차 - 측면충돌,안전운전불이행,건조,맑음,교차로 - 교차로안,승용,남,68세,상해없음,승용,남,61세,상해없음
2017111200100178,2017년 11월 12일 11시,일요일,경상남도 창원시 마산합포구 해운동,중상사고,0,1,0,0,차량단독 - 기타,안전운전불이행,건조,맑음,단일로 - 기타,승용,남,69세,상해없음,,,,
2017111200100248,2017년 11월 12일 13시,일요일,경상남도 사천시 사남면,중상사고,0,1,3,1,차대차 - 측면충돌,기타,건조,맑음,교차로 - 교차로안,승용,여,42세,중상,승용,남,50세,상해없음
2017111200100249,2017년 11월 12일 13시,일요일,경상남도 밀양시 하남읍,경상사고,0,0,2,0,차대차 - 측면충돌,교차로운행방법위반,건조,맑음,교차로 - 교차로안,승용,남,82세,상해없음,승용,남,37세,경상
2017111200100281,2017년 11월 12일 14시,일요일,경상남도 통영시 항남동,경상사고,0,0,1,0,차대차 - 측면충돌,교차로운행방법위반,건조,맑음,교차로 - 교차로안,승합,남,54세,상해없음,자전거,남,72세,경상
2017111200100282,2017년 11월 12일 14시,일요일,경상남도 함양군 백전면,중상사고,0,1,0,0,차대사람 - 기타,안전운전불이행,건조,맑음,단일로 - 기타,화물,남,57세,상해없음,보행자,남,62세,중상
2017111200100316,2017년 11월 12일 15시,일요일,경상남도 사천시 죽림동,중상사고,0,1,0,0,차대차 - 기타,직진우회전진행방해,건조,맑음,교차로 - 교차로안,승용,남,54세,상해없음,이륜,남,77세,중상
2017111200100351,2017년 11월 12일 16시,일요일,경상남도 사천시 향촌동,경상사고,0,0,1,0,차대차 - 추돌,안전운전불이행,건조,맑음,단일로 - 기타,이륜,남,80세,경상,화물,남,61세,기타불명
2017111200100352,2017년 11월 12일 16시,일요일,경상남도 김해시 지내동,중상사고,0,1,0,0,차량단독 - 공작물충돌,안전운전불이행,건조,맑음,단일로 - 기타,화물,남,53세,중상,,,,
2017111200100353,2017년 11월 12일 16시,일요일,경상남도 남해군 남해읍,중상사고,0,1,2,0,차대차 - 측면충돌,안전운전불이행,건조,맑음,교차로 - 교차로안,승용,남,24세,상해없음,승용,여,39세,중상
2017111200100354,2017년 11월 12일 16시,일요일,경상남도 창원시 성산구 상남동,경상사고,0,0,3,0,차대차 - 측면충돌,안전운전불이행,건조,맑음,단일로 - 기타,승용,남,49세,상해없음,승합,남,50세,경상
2017111200100385,2017년 11월 12일 17시,일요일,경상남도 사천시 향촌동,경상사고,0,0,1,0,차대차 - 추돌,안전운전불이행,건조,맑음,단일로 - 기타,승용,남,50세,상해없음,자전거,남,71세,경상
2017111200100432,2017년 11월 12일 18시,일요일,경상남도 창원시 진해구 경화동,중상사고,0,1,0,0,차대사람 - 차도통행중,안전운전불이행,건조,맑음,교차로 - 교차로안,승용,여,39세,상해없음,보행자,남,50세,중상
2017111200100461,2017년 11월 12일 19시,일요일,경상남도 합천군 초계면,중상사고,0,1,0,0,차대사람 - 차도통행중,안전운전불이행,건조,맑음,교차로 - 교차로안,승용,여,55세,상해없음,보행자,여,76세,중상
2017111200100462,2017년 11월 12일 19시,일요일,경상남도 고성군 하일면,경상사고,0,0,1,0,차대사람 - 기타,안전운전불이행,건조,맑음,단일로 - 기타,승합,남,59세,상해없음,보행자,남,16세,경상
2017111200100463,2017년 11월 12일 19시,일요일,경상남도 남해군 삼동면,중상사고,0,1,0,0,차대차 - 측면충돌,안전운전불이행,건조,맑음,교차로 - 교차로안,화물,남,67세,상해없음,승용,남,56세,중상
2017111200100494,2017년 11월 12일 20시,일요일,경상남도 양산시 신기동,부상신고사고,0,0,0,1,차대차 - 측면충돌,안전운전불이행,건조,맑음,단일로 - 기타,이륜,남,25세,부상신고,승용,여,56세,상해없음
2017111200100522,2017년 11월 12일 21시,일요일,경상남도 창원시 진해구 석동,중상사고,0,1,1,0,차대차 - 측면충돌,안전운전불이행,건조,맑음,단일로 - 기타,승합,남,63세,상해없음,승용,남,32세,상해없음
2017111200100523,2017년 11월 12일 21시,일요일,경상남도 김해시 동상동,중상사고,0,1,1,0,차대차 - 측면충돌,신호위반,젖음/습기,맑음,교차로 - 교차로안,승용,여,25세,상해없음,승용,남,55세,경상
2017111200100550,2017년 11월 12일 22시,일요일,경상남도 양산시 물금읍,중상사고,0,1,0,0,차대차 - 측면충돌,신호위반,건조,맑음,교차로 - 교차로안,승용,남,23세,상해없음,승용,남,28세,중상
2017111200100551,2017년 11월 12일 22시,일요일,경상남도 고성군 고성읍,경상사고,0,0,1,0,차대사람 - 횡단중,안전운전불이행,건조,맑음,교차로 - 교차로안,승용,남,47세,상해없음,보행자,여,48세,경상
2017111200100570,2017년 11월 12일 23시,일요일,경상남도 창원시 의창구 팔용동,경상사고,0,0,1,0,차대차 - 기타,안전운전불이행,건조,맑음,단일로 - 기타,승합,남,40세,상해없음,승용,여,60세,경상
2017111300100034,2017년 11월 13일 01시,월요일,경상남도 사천시 사남면,중상사고,0,1,0,0,차량단독 - 공작물충돌,안전운전불이행,건조,맑음,단일로 - 기타,승용,여,25세,중상,,,,
2017111300100063,2017년 11월 13일 05시,월요일,경상남도 진주시 옥봉동,경상사고,0,0,1,0,차대사람 - 횡단중,안전운전불이행,건조,맑음,교차로 - 교차로부근,기타불명,기타불명,미분류,기타불명,보행자,여,68세,경상
2017111300100098,2017년 11월 13일 07시,월요일,경상남도 김해시 서상동,중상사고,0,1,0,0,차대사람 - 횡단중,안전운전불이행,건조,맑음,단일로 - 기타,승용,여,56세,상해없음,보행자,여,62세,중상
2017111300100140,2017년 11월 13일 08시,월요일,경상남도 창원시 마산합포구 우산동,경상사고,0,0,1,0,차대차 - 기타,안전운전불이행,건조,맑음,교차로 - 교차로안,승용,남,19세,상해없음,특수,남,40세,상해없음
2017111300100141,2017년 11월 13일 08시,월요일,경상남도 양산시 상북면,중상사고,0,1,0,0,차대사람 - 횡단중,보행자보호의무위반,건조,맑음,단일로 - 기타,승용,여,43세,상해없음,보행자,남,85세,중상
2017111300100142,2017년 11월 13일 08시,월요일,경상남도 고성군 고성읍,경상사고,0,0,1,0,차대차 - 추돌,안전거리미확보,건조,맑음,단일로 - 기타,승용,남,36세,상해없음,승합,남,56세,경상
2017111300100176,2017년 11월 13일 09시,월요일,경상남도 진주시 집현면,사망사고,1,0,0,0,차대사람 - 기타,안전운전불이행,건조,흐림,기타 - 기타,화물,남,66세,상해없음,보행자,여,87세,사망
2017111300100251,2017년 11월 13일 11시,월요일,경상남도 거제시 고현동,중상사고,0,1,1,0,차대차 - 기타,교차로운행방법위반,건조,맑음,교차로 - 교차로안,화물,남,56세,상해없음,승용,여,52세,경상
2017111300100281,2017년 11월 13일 12시,월요일,경상남도 진주시 대곡면,중상사고,0,1,0,0,차대차 - 기타,안전운전불이행,건조,맑음,교차로 - 교차로안,원동기,남,75세,중상,화물,남,58세,상해없음
2017111300100282,2017년 11월 13일 12시,월요일,경상남도 사천시 벌리동,경상사고,0,0,1,1,차대차 - 측면충돌,직진우회전진행방해,건조,맑음,교차로 - 교차로안,승용,남,27세,상해없음,승용,여,36세,경상
2017111300100307,2017년 11월 13일 13시,월요일,경상남도 창원시 마산합포구 중앙동2가,중상사고,0,1,0,0,차대사람 - 길가장자리구역통행중,안전운전불이행,건조,맑음,단일로 - 기타,승용,여,23세,상해없음,보행자,여,66세,중상
2017111300100335,2017년 11월 13일 14시,월요일,경상남도 고성군 고성읍,중상사고,0,1,0,0,차대차 - 추돌,안전거리미확보,건조,맑음,단일로 - 기타,승용,남,70세,상해없음,승용,여,49세,중상
2017111300100369,2017년 11월 13일 15시,월요일,경상남도 창원시 진해구 여좌동,경상사고,0,0,2,0,차량단독 - 전도전복 - 전도,안전운전불이행,건조,맑음,단일로 - 지하차도(도로)내,자전거,남,15세,경상,,,,
2017111300100370,2017년 11월 13일 15시,월요일,경상남도 통영시 서호동,경상사고,0,0,1,0,차대차 - 기타,안전운전불이행,건조,맑음,단일로 - 기타,승용,남,52세,상해없음,승합,남,52세,상해없음
2017111300100371,2017년 11월 13일 15시,월요일,경상남도 밀양시 상동면,중상사고,0,1,0,0,차대차 - 정면충돌,중앙선침범,건조,맑음,단일로 - 기타,승용,여,35세,상해없음,화물,남,55세,중상
2017111300100372,2017년 11월 13일 15시,월요일,경상남도 고성군 고성읍,중상사고,0,1,0,0,차대차 - 측면충돌,신호위반,건조,맑음,교차로 - 교차로안,승용,여,61세,상해없음,이륜,남,61세,중상
2017111300100373,2017년 11월 13일 15시,월요일,경상남도 창원시 마산회원구 구암동,경상사고,0,0,1,0,차대차 - 기타,신호위반,건조,맑음,교차로 - 교차로부근,승합,남,47세,상해없음,승용,여,59세,경상
2017111300100402,2017년 11월 13일 16시,월요일,경상남도 고성군 고성읍,경상사고,0,0,1,0,차대차 - 추돌,안전운전불이행,건조,맑음,단일로 - 기타,승용,남,35세,상해없음,농기계,남,58세,경상
2017111300100403,2017년 11월 13일 16시,월요일,경상남도 거제시 아주동,경상사고,0,0,1,0,차대차 - 기타,교차로운행방법위반,건조,맑음,교차로 - 교차로안,승용,여,44세,상해없음,이륜,남,43세,경상
2017111300100452,2017년 11월 13일 17시,월요일,경상남도 김해시 외동,부상신고사고,0,0,0,1,차대차 - 기타,불법유턴,건조,맑음,단일로 - 기타,승용,여,39세,상해없음,승용,여,30세,부상신고
2017111300100453,2017년 11월 13일 17시,월요일,경상남도 남해군 창선면,중상사고,0,1,0,1,차대차 - 추돌,안전운전불이행,건조,맑음,단일로 - 기타,화물,남,58세,중상,화물,남,52세,부상신고
2017111300100454,2017년 11월 13일 17시,월요일,경상남도 함안군 칠원읍,경상사고,0,0,1,0,차대사람 - 횡단중,안전운전불이행,건조,맑음,단일로 - 기타,승용,여,51세,상해없음,보행자,여,11세,경상
2017111300100455,2017년 11월 13일 17시,월요일,경상남도 창원시 성산구 성주동,경상사고,0,0,1,0,차대사람 - 횡단중,보행자보호의무위반,건조,맑음,교차로 - 교차로횡단보도내,승용,남,61세,상해없음,보행자,여,26세,경상
2017111300100456,2017년 11월 13일 17시,월요일,경상남도 김해시 관동동,중상사고,0,1,0,0,차대차 - 측면충돌,안전운전불이행,건조,맑음,교차로 - 교차로안,화물,남,57세,상해없음,이륜,남,18세,중상
2017111300100506,2017년 11월 13일 18시,월요일,경상남도 김해시 부원동,중상사고,0,1,2,0,차대차 - 정면충돌,중앙선침범,건조,맑음,단일로 - 기타,화물,남,38세,경상,승용,남,53세,중상
2017111300100507,2017년 11월 13일 18시,월요일,경상남도 양산시 물금읍,중상사고,0,1,0,0,차대차 - 정면충돌,중앙선침범,건조,맑음,단일로 - 지하차도(도로)내,승용,남,26세,상해없음,이륜,남,26세,중상
2017111300100539,2017년 11월 13일 19시,월요일,경상남도 거제시 연초면,경상사고,0,0,2,0,차대차 - 측면충돌,직진우회전진행방해,건조,맑음,교차로 - 교차로안,승용,남,48세,상해없음,승용,남,43세,경상
2017111300100568,2017년 11월 13일 20시,월요일,경상남도 창원시 진해구 이동,경상사고,0,0,1,0,차대차 - 기타,교차로운행방법위반,건조,맑음,교차로 - 교차로안,승용,여,44세,상해없음,이륜,남,40세,경상
2017111300100569,2017년 11월 13일 20시,월요일,경상남도 함양군 안의면,중상사고,0,1,1,0,차대차 - 정면충돌,중앙선침범,건조,맑음,단일로 - 기타,화물,남,64세,경상,승용,남,35세,중상
2017111300100602,2017년 11월 13일 21시,월요일,경상남도 창원시 마산회원구 내서읍,경상사고,0,0,1,0,차대차 - 기타,신호위반,건조,맑음,교차로 - 교차로안,승용,남,51세,상해없음,승용,남,51세,경상
2017111300100640,2017년 11월 13일 22시,월요일,경상남도 김해시 부원동,중상사고,0,2,0,0,차대차 - 측면충돌,교차로운행방법위반,건조,맑음,교차로 - 교차로안,승용,남,57세,상해없음,승용,남,36세,중상
2017111300100656,2017년 11월 13일 23시,월요일,경상남도 김해시 부원동,중상사고,0,1,0,0,차대사람 - 길가장자리구역통행중,불법유턴,건조,맑음,단일로 - 기타,화물,남,45세,상해없음,보행자,여,53세,중상
2017111300100657,2017년 11월 13일 23시,월요일,경상남도 양산시 북부동,경상사고,0,0,1,0,차대차 - 정면충돌,안전운전불이행,건조,맑음,기타 - 기타,승용,남,40세,상해없음,자전거,남,57세,경상
2017111400100051,2017년 11월 14일 04시,화요일,경상남도 창원시 마산합포구 월포동,중상사고,0,1,2,0,차량단독 - 공작물충돌,안전운전불이행,건조,맑음,단일로 - 기타,승용,남,19세,상해없음,,,,
2017111400100121,2017년 11월 14일 08시,화요일,경상남도 김해시 주촌면,경상사고,0,0,2,0,차대차 - 측면충돌,안전거리미확보,건조,맑음,단일로 - 기타,승용,남,40세,상해없음,승용,남,47세,경상
2017111400100140,2017년 11월 14일 08시,화요일,경상남도 진주시 망경동,경상사고,0,0,1,0,차대차 - 기타,안전운전불이행,건조,맑음,교차로 - 교차로안,자전거,남,79세,경상,승용,남,52세,상해없음
2017111400100141,2017년 11월 14일 08시,화요일,경상남도 사천시 사천읍,중상사고,0,2,1,0,차대차 - 기타,안전운전불이행,건조,맑음,단일로 - 기타,화물,남,60세,상해없음,승용,남,67세,경상
2017111400100179,2017년 11월 14일 09시,화요일,경상남도 창원시 마산합포구 중앙동3가,경상사고,0,0,1,0,차대사람 - 보도통행중,기타,건조,맑음,단일로 - 기타,승용,여,50세,상해없음,보행자,여,62세,경상
2017111400100180,2017년 11월 14일 09시,화요일,경상남도 통영시 무전동,경상사고,0,0,1,0,차대차 - 측면충돌,교차로운행방법위반,건조,맑음,교차로 - 교차로안,승용,여,57세,상해없음,원동기,남,66세,경상
2017111400100181,2017년 11월 14일 09시,화요일,경상남도 창원시 성산구 가음동,경상사고,0,0,1,0,차대차 - 기타,안전운전불이행,건조,맑음,단일로 - 기타,승용,여,36세,상해없음,자전거,여,52세,경상
2017111400100212,2017년 11월 14일 10시,화요일,경상남도 창원시 마산합포구 해운동,경상사고,0,0,1,0,차대차 - 기타,안전운전불이행,건조,맑음,교차로 - 교차로안,사륜오토바이(ATV),남,62세,상해없음,자전거,남,75세,경상
2017111400100238,2017년 11월 14일 11시,화요일,경상남도 거제시 장평동,중상사고,0,2,0,0,차대차 - 기타,안전운전불이행,건조,맑음,단일로 - 기타,승용,남,61세,상해없음,승용,남,60세,중상
2017111400100259,2017년 11월 14일 12시,화요일,경상남도 거제시 고현동,경상사고,0,0,1,0,차대차 - 기타,신호위반,건조,맑음,교차로 - 교차로안,승용,남,83세,상해없음,승용,여,25세,경상
2017111400100260,2017년 11월 14일 12시,화요일,경상남도 김해시 부곡동,중상사고,0,2,0,0,차대차 - 후진중충돌,안전운전불이행,건조,맑음,단일로 - 기타,승용,여,56세,상해없음,승용,남,37세,중상
2017111400100299,2017년 11월 14일 13시,화요일,경상남도 함양군 함양읍,중상사고,0,1,0,0,차대차 - 측면충돌,교차로운행방법위반,건조,맑음,교차로 - 교차로안,승용,남,61세,중상,승용,남,72세,상해없음
2017111400100335,2017년 11월 14일 14시,화요일,경상남도 양산시 용당동,경상사고,0,0,1,0,차대차 - 측면충돌,신호위반,건조,맑음,교차로 - 교차로안,승용,여,61세,상해없음,승용,여,52세,경상
2017111400100336,2017년 11월 14일 14시,화요일,경상남도 양산시 주남동,중상사고,0,1,1,0,차대차 - 후진중충돌,안전운전불이행,건조,맑음,단일로 - 기타,화물,남,55세,상해없음,승용,남,70세,경상
2017111400100337,2017년 11월 14일 14시,화요일,경상남도 양산시 물금읍,경상사고,0,0,1,0,차대차 - 측면충돌,교차로운행방법위반,건조,맑음,교차로 - 교차로안,특수,남,59세,상해없음,승용,남,53세,경상
2017111400100338,2017년 11월 14일 14시,화요일,경상남도 고성군 고성읍,경상사고,0,0,1,0,차대차 - 기타,직진우회전진행방해,건조,맑음,교차로 - 교차로안,화물,남,52세,상해없음,승용,남,62세,상해없음
2017111400100339,2017년 11월 14일 14시,화요일,경상남도 창원시 의창구 명서동,경상사고,0,0,1,0,차대차 - 기타,안전운전불이행,건조,맑음,단일로 - 기타,승용,여,57세,상해없음,승용,남,35세,경상
2017111400100385,2017년 11월 14일 15시,화요일,경상남도 창원시 진해구 풍호동,경상사고,0,0,5,0,차대차 - 측면충돌,안전운전불이행,건조,맑음,교차로 - 교차로부근,승합,남,69세,경상,특수,남,31세,경상
2017111400100386,2017년 11월 14일 15시,화요일,경상남도 함안군 대산면,경상사고,0,0,1,0,차대사람 - 차도통행중,안전운전불이행,건조,맑음,단일로 - 기타,화물,남,48세,상해없음,보행자,남,29세,경상
2017111400100387,2017년 11월 14일 15시,화요일,경상남도 김해시 진영읍,경상사고,0,0,1,0,차대차 - 측면충돌,안전운전불이행,건조,맑음,단일로 - 기타,이륜,남,58세,경상,승용,여,58세,상해없음
2017111400100457,2017년 11월 14일 17시,화요일,경상남도 진주시 호탄동,경상사고,0,0,1,0,차대차 - 측면충돌,안전운전불이행,건조,맑음,단일로 - 기타,원동기,남,58세,상해없음,승용,여,48세,경상
2017111400100458,2017년 11월 14일 17시,화요일,경상남도 함양군 함양읍,경상사고,0,0,1,0,차대차 - 정면충돌,교차로운행방법위반,건조,맑음,교차로 - 교차로안,승용,남,65세,상해없음,승용,남,43세,경상
2017111400100510,2017년 11월 14일 18시,화요일,경상남도 진주시 지수면,중상사고,0,1,0,0,차대차 - 기타,안전운전불이행,건조,맑음,교차로 - 교차로부근,화물,남,75세,상해없음,자전거,남,42세,중상
2017111400100511,2017년 11월 14일 18시,화요일,경상남도 밀양시 무안면,중상사고,0,1,0,0,차대사람 - 길가장자리구역통행중,안전운전불이행,건조,맑음,단일로 - 기타,승용,남,30세,상해없음,보행자,여,75세,중상
2017111400100512,2017년 11월 14일 18시,화요일,경상남도 합천군 용주면,경상사고,0,0,1,0,차대차 - 추돌,안전운전불이행,건조,맑음,단일로 - 기타,화물,남,44세,상해없음,농기계,남,62세,경상
2017111400100513,2017년 11월 14일 18시,화요일,경상남도 양산시 물금읍,경상사고,0,0,1,0,차대사람 - 횡단중,신호위반,건조,맑음,교차로 - 교차로횡단보도내,승용,여,34세,상해없음,보행자,여,42세,경상
2017111400100514,2017년 11월 14일 18시,화요일,경상남도 거제시 고현동,경상사고,0,0,1,0,차대사람 - 횡단중,보행자보호의무위반,건조,맑음,교차로 - 교차로횡단보도내,승용,여,56세,상해없음,보행자,남,55세,경상
2017111400100515,2017년 11월 14일 18시,화요일,경상남도 함안군 가야읍,경상사고,0,0,1,0,차대사람 - 기타,안전운전불이행,건조,맑음,단일로 - 기타,승용,남,68세,상해없음,보행자,남,64세,경상
2017111400100563,2017년 11월 14일 19시,화요일,경상남도 진주시 칠암동,경상사고,0,0,1,0,차대사람 - 횡단중,안전운전불이행,건조,맑음,교차로 - 교차로안,이륜,남,25세,상해없음,보행자,남,33세,경상
2017111400100564,2017년 11월 14일 19시,화요일,경상남도 김해시 율하동,경상사고,0,0,1,0,차대차 - 측면충돌,차로위반,건조,맑음,단일로 - 기타,이륜,남,37세,상해없음,이륜,남,37세,경상
2017111400100594,2017년 11월 14일 20시,화요일,경상남도 창원시 의창구 소답동,경상사고,0,0,1,0,차대차 - 기타,안전운전불이행,건조,맑음,교차로 - 교차로안,승용,남,29세,상해없음,이륜,남,26세,경상
2017111400100625,2017년 11월 14일 21시,화요일,경상남도 창녕군 창녕읍,경상사고,0,0,4,0,차대차 - 측면충돌,안전운전불이행,건조,맑음,단일로 - 기타,이륜,남,43세,경상,승용,남,42세,경상
2017111400100626,2017년 11월 14일 21시,화요일,경상남도 양산시 물금읍,경상사고,0,0,2,2,차대차 - 측면충돌,안전운전불이행,건조,맑음,단일로 - 기타,승용,여,36세,경상,승용,남,39세,부상신고
2017111400100651,2017년 11월 14일 22시,화요일,경상남도 창원시 마산합포구 신포동2가,중상사고,0,1,0,0,차대차 - 추돌,안전운전불이행,건조,맑음,단일로 - 기타,승용,남,40세,상해없음,승합,남,57세,중상
2017111400100652,2017년 11월 14일 22시,화요일,경상남도 통영시 명정동,중상사고,0,1,0,1,차대차 - 측면충돌,직진우회전진행방해,건조,맑음,교차로 - 교차로안,승용,남,45세,상해없음,이륜,남,21세,중상
2017111400100678,2017년 11월 14일 23시,화요일,경상남도 김해시 삼방동,경상사고,0,0,2,0,차대차 - 추돌,안전운전불이행,건조,맑음,교차로 - 교차로부근,승용,남,29세,경상,화물,남,62세,경상
2017111500100037,2017년 11월 15일 00시,수요일,경상남도 양산시 명동,사망사고,1,0,0,0,차대사람 - 횡단중,안전운전불이행,건조,맑음,교차로 - 교차로부근,승용,남,31세,상해없음,보행자,남,62세,사망
2017111500100038,2017년 11월 15일 00시,수요일,경상남도 창원시 의창구 북면,중상사고,0,1,0,0,차대사람 - 기타,안전운전불이행,건조,맑음,교차로 - 교차로안,승용,남,22세,상해없음,보행자,남,42세,중상
2017111500100048,2017년 11월 15일 01시,수요일,경상남도 창원시 마산회원구 봉암동,중상사고,0,2,0,0,차대차 - 추돌,안전운전불이행,건조,맑음,교차로 - 교차로부근,화물,남,50세,중상,화물,남,51세,중상
2017111500100113,2017년 11월 15일 07시,수요일,경상남도 김해시 불암동,중상사고,0,1,0,0,차대사람 - 횡단중,안전운전불이행,건조,맑음,단일로 - 기타,승용,여,31세,상해없음,보행자,여,58세,중상
2017111500100114,2017년 11월 15일 07시,수요일,경상남도 양산시 동면,경상사고,0,0,1,0,차대차 - 측면충돌,안전운전불이행,건조,맑음,교차로 - 교차로부근,자전거,남,78세,경상,승용,남,22세,상해없음
2017111500100115,2017년 11월 15일 07시,수요일,경상남도 창원시 성산구 성산동,중상사고,0,1,0,0,차대차 - 기타,신호위반,건조,맑음,교차로 - 교차로안,화물,남,49세,상해없음,이륜,여,28세,중상
2017111500100156,2017년 11월 15일 08시,수요일,경상남도 창원시 마산합포구 해운동,경상사고,0,0,1,0,차대차 - 기타,안전운전불이행,건조,맑음,교차로 - 교차로안,승용,남,58세,상해없음,승용,남,47세,경상
2017111500100157,2017년 11월 15일 08시,수요일,경상남도 거제시 상동동,경상사고,0,0,1,0,차대차 - 기타,안전운전불이행,건조,맑음,단일로 - 기타,화물,남,43세,상해없음,자전거,남,15세,경상
2017111500100158,2017년 11월 15일 08시,수요일,경상남도 창원시 성산구 반림동,경상사고,0,0,1,0,차대차 - 추돌,안전운전불이행,건조,맑음,교차로 - 교차로부근,화물,남,45세,상해없음,승용,남,27세,경상
2017111500100159,2017년 11월 15일 08시,수요일,경상남도 창원시 의창구 두대동,경상사고,0,0,1,0,차대차 - 측면충돌,안전운전불이행,건조,맑음,교차로 - 교차로안,승용,여,29세,상해없음,승용,여,28세,경상
2017111500100160,2017년 11월 15일 08시,수요일,경상남도 김해시 율하동,중상사고,0,1,0,0,차대사람 - 기타,안전운전불이행,건조,맑음,단일로 - 기타,승용,여,28세,상해없음,보행자,남,34세,중상
2017111500100161,2017년 11월 15일 08시,수요일,경상남도 김해시 화목동,중상사고,0,1,1,0,차대차 - 측면충돌,차로위반,건조,맑음,단일로 - 기타,승용,여,39세,중상,승용,남,36세,경상