사고번호,사고일시,요일,시군구,사고내용,사망자수,중상자수,경상자수,부상신고자수,사고유형,법규위반,노면상태,기상상태,도로형태,가해운전자 차종,가해운전자 성별,가해운전자 연령,가해운전자 상해정도,피해운전자 차종,피해운전자 성별,피해운전자 연령,피해운전자 상해정도
2017111800100374,2017년 11월 18일 14시,토요일,경상남도 김해시 대동면,중상사고,0,2,0,0,차대차 - 기타,안전운전불이행,건조,맑음,교차로 - 교차로안,건설기계,남,68세,상해없음,승용,남,29세,중상
2017111800100375,2017년 11월 18일 14시,토요일,경상남도 거창군 거창읍,경상사고,0,0,1,0,차대사람 - 길가장자리구역통행중,안전운전불이행,건조,맑음,단일로 - 기타,승용,여,32세,상해없음,보행자,여,48세,경상
2017111800100376,2017년 11월 18일 14시,토요일,경상남도 양산시 물금읍,경상사고,0,0,1,0,차대차 - 측면충돌,신호위반,건조,맑음,교차로 - 교차로안,원동기,남,58세,경상,승용,남,60세,상해없음
2017111800100392,2017년 11월 18일 15시,토요일,경상남도 김해시 대동면,경상사고,0,0,1,0,차대차 - 추돌,안전운전불이행,건조,맑음,단일로 - 기타,승용,남,29세,상해없음,승합,남,44세,경상
2017111800100415,2017년 11월 18일 15시,토요일,경상남도 진주시 수정동,경상사고,0,0,1,0,차대사람 - 횡단중,보행자보호의무위반,건조,맑음,단일로 - 기타,승용,여,55세,상해없음,보행자,남,8세,경상
2017111800100416,2017년 11월 18일 15시,토요일,경상남도 사천시 용현면,경상사고,0,0,2,0,차대차 - 측면충돌,안전운전불이행,건조,맑음,교차로 - 교차로부근,승용,여,52세,상해없음,화물,여,50세,경상
2017111800100417,2017년 11월 18일 15시,토요일,경상남도 거창군 거창읍,경상사고,0,0,1,0,차대차 - 기타,안전운전불이행,건조,맑음,교차로 - 교차로안,화물,남,55세,상해없음,이륜,남,18세,경상
2017111800100418,2017년 11월 18일 15시,토요일,경상남도 합천군 가야면,사망사고,1,0,0,0,차대차 - 정면충돌,중앙선침범,건조,맑음,단일로 - 기타,건설기계,남,39세,상해없음,화물,남,70세,사망
2017111800100419,2017년 11월 18일 15시,토요일,경상남도 거제시 장평동,경상사고,0,0,1,0,차대사람 - 횡단중,보행자보호의무위반,건조,맑음,단일로 - 기타,승용,남,44세,상해없음,보행자,남,8세,경상
2017111800100420,2017년 11월 18일 15시,토요일,경상남도 창원시 의창구 팔용동,경상사고,0,0,1,0,차대차 - 측면충돌,안전운전불이행,건조,맑음,단일로 - 기타,승용,여,45세,상해없음,원동기,남,31세,경상
2017111800100466,2017년 11월 18일 16시,토요일,경상남도 양산시 물금읍,경상사고,0,0,1,0,차대차 - 측면충돌,직진우회전진행방해,건조,맑음,교차로 - 교차로안,원동기,남,16세,경상,승용,여,35세,상해없음
2017111800100467,2017년 11월 18일 16시,토요일,경상남도 고성군 영오면,중상사고,0,1,0,0,차대차 - 추돌,안전운전불이행,건조,맑음,단일로 - 기타,화물,남,60세,상해없음,사륜오토바이(ATV),여,70세,중상
2017111800100468,2017년 11월 18일 16시,토요일,경상남도 하동군 적량면,경상사고,0,0,1,0,차대차 - 추돌,안전운전불이행,건조,맑음,단일로 - 기타,승용,여,50세,상해없음,승용,남,32세,경상
2017111800100548,2017년 11월 18일 18시,토요일,경상남도 진주시 금산면,중상사고,0,1,0,0,차대사람 - 횡단중,보행자보호의무위반,건조,맑음,단일로 - 기타,이륜,남,48세,상해없음,보행자,여,76세,중상
2017111800100549,2017년 11월 18일 18시,토요일,경상남도 진주시 이현동,경상사고,0,0,1,0,차대차 - 측면충돌,안전운전불이행,건조,맑음,교차로 - 교차로안,승용,남,52세,상해없음,승용,남,41세,경상
2017111800100550,2017년 11월 18일 18시,토요일,경상남도 창원시 성산구 성주동,중상사고,0,1,3,0,차대차 - 추돌,안전운전불이행,건조,맑음,교차로 - 교차로부근,승용,남,64세,상해없음,승용,여,25세,중상
2017111800100551,2017년 11월 18일 18시,토요일,경상남도 창원시 의창구 도계동,경상사고,0,0,1,0,차대차 - 추돌,안전운전불이행,건조,맑음,단일로 - 기타,승용,남,62세,상해없음,승용,남,33세,경상
2017111800100675,2017년 11월 18일 22시,토요일,경상남도 사천시 사천읍,경상사고,0,0,2,0,차대차 - 측면충돌,안전운전불이행,건조,맑음,교차로 - 교차로안,승용,남,53세,상해없음,승용,여,48세,경상
2017111800100695,2017년 11월 18일 23시,토요일,경상남도 창원시 마산합포구 신포동2가,경상사고,0,0,4,1,차대차 - 측면충돌,직진우회전진행방해,건조,맑음,교차로 - 교차로안,승용,남,57세,경상,승용,남,43세,부상신고
2017111900100054,2017년 11월 19일 02시,일요일,경상남도 창원시 의창구 용호동,사망사고,1,0,0,0,차대차 - 추돌,안전운전불이행,건조,맑음,단일로 - 기타,이륜,남,22세,사망,승용,남,23세,상해없음
2017111900100111,2017년 11월 19일 08시,일요일,경상남도 김해시 서상동,중상사고,0,1,0,0,차대차 - 측면충돌,교차로운행방법위반,건조,맑음,교차로 - 교차로안,화물,남,65세,상해없음,자전거,남,64세,중상
2017111900100126,2017년 11월 19일 09시,일요일,경상남도 김해시 외동,경상사고,0,0,1,0,차대사람 - 횡단중,보행자보호의무위반,건조,맑음,교차로 - 교차로부근,승용,여,55세,상해없음,보행자,여,20세,경상
2017111900100132,2017년 11월 19일 10시,일요일,경상남도 김해시 수가동,경상사고,0,0,1,0,차대차 - 측면충돌,안전운전불이행,건조,맑음,단일로 - 기타,승용,남,66세,상해없음,승용,여,42세,경상
2017111900100147,2017년 11월 19일 10시,일요일,경상남도 진주시 초전동,경상사고,0,0,3,0,차대차 - 추돌,안전운전불이행,건조,맑음,단일로 - 기타,승용,여,57세,상해없음,승용,남,34세,경상
2017111900100148,2017년 11월 19일 10시,일요일,경상남도 산청군 산청읍,사망사고,1,0,1,0,차량단독 - 도로외이탈 - 추락,안전운전불이행,건조,맑음,단일로 - 기타,승용,남,78세,사망,,,,
2017111900100173,2017년 11월 19일 11시,일요일,경상남도 합천군 적중면,경상사고,0,0,1,0,차대차 - 측면충돌,신호위반,건조,맑음,교차로 - 교차로안,승용,남,49세,상해없음,승용,여,45세,경상
2017111900100174,2017년 11월 19일 11시,일요일,경상남도 김해시 진영읍,중상사고,0,1,0,0,차대사람 - 기타,안전운전불이행,건조,맑음,단일로 - 기타,화물,남,56세,상해없음,보행자,남,52세,중상
2017111900100201,2017년 11월 19일 12시,일요일,경상남도 통영시 도천동,중상사고,0,1,0,0,차대차 - 측면충돌,직진우회전진행방해,건조,맑음,교차로 - 교차로안,승용,남,63세,상해없음,승용,남,66세,중상
2017111900100202,2017년 11월 19일 12시,일요일,경상남도 고성군 고성읍,중상사고,0,1,0,0,차량단독 - 전도전복 - 전도,안전운전불이행,건조,맑음,단일로 - 기타,자전거,남,78세,중상,,,,
2017111900100203,2017년 11월 19일 12시,일요일,경상남도 의령군 부림면,중상사고,0,1,0,1,차대차 - 측면충돌,안전운전불이행,건조,맑음,단일로 - 기타,승용,남,52세,부상신고,이륜,여,69세,중상
2017111900100226,2017년 11월 19일 13시,일요일,경상남도 창원시 진해구 자은동,경상사고,0,0,1,0,차대차 - 기타,안전운전불이행,건조,맑음,단일로 - 기타,승용,남,59세,상해없음,승용,여,48세,경상
2017111900100296,2017년 11월 19일 15시,일요일,경상남도 사천시 향촌동,경상사고,0,0,1,0,차대사람 - 차도통행중,안전운전불이행,건조,맑음,단일로 - 기타,기타불명,기타불명,미분류,기타불명,보행자,남,10세,경상
2017111900100327,2017년 11월 19일 16시,일요일,경상남도 창원시 마산합포구 산호동,중상사고,0,1,0,0,차대차 - 기타,안전운전불이행,건조,맑음,단일로 - 기타,자전거,여,59세,중상,승합,남,50세,상해없음
2017111900100360,2017년 11월 19일 17시,일요일,경상남도 함안군 가야읍,경상사고,0,0,3,0,차대차 - 추돌,안전운전불이행,건조,맑음,단일로 - 기타,승용,남,48세,상해없음,승용,남,40세,경상
2017111900100389,2017년 11월 19일 18시,일요일,경상남도 양산시 덕계동,중상사고,0,1,0,0,차대사람 - 횡단중,안전운전불이행,건조,맑음,단일로 - 기타,이륜,남,18세,상해없음,보행자,남,45세,중상
2017111900100420,2017년 11월 19일 19시,일요일,경상남도 거제시 고현동,경상사고,0,0,1,0,차대차 - 측면충돌,교차로운행방법위반,건조,맑음,교차로 - 교차로안,승용,남,44세,상해없음,이륜,남,24세,경상
2017111900100421,2017년 11월 19일 19시,일요일,경상남도 거제시 사등면,중상사고,0,1,0,0,차대사람 - 기타,안전운전불이행,건조,맑음,단일로 - 기타,기타불명,기타불명,미분류,기타불명,보행자,남,56세,중상
2017111900100478,2017년 11월 19일 21시,일요일,경상남도 진주시 신안동,중상사고,0,1,0,0,차대차 - 측면충돌,직진우회전진행방해,건조,맑음,교차로 - 교차로안,승용,여,26세,상해없음,원동기,남,21세,중상
2017111900100479,2017년 11월 19일 21시,일요일,경상남도 통영시 광도면,경상사고,0,0,1,0,차대차 - 측면충돌,안전거리미확보,건조,맑음,교차로 - 교차로부근,승용,남,51세,상해없음,이륜,남,41세,경상
2017111900100480,2017년 11월 19일 21시,일요일,경상남도 통영시 광도면,중상사고,0,1,0,0,차대사람 - 횡단중,안전운전불이행,건조,맑음,단일로 - 기타,이륜,여,48세,상해없음,보행자,남,60세,중상
2017111900100481,2017년 11월 19일 21시,일요일,경상남도 양산시 동면,경상사고,0,0,1,0,차대차 - 추돌,안전거리미확보,건조,맑음,단일로 - 기타,승용,여,69세,상해없음,승용,남,44세,경상
2017111900100482,2017년 11월 19일 21시,일요일,경상남도 창원시 의창구 팔용동,경상사고,0,0,2,0,차대차 - 측면충돌,기타,건조,맑음,교차로 - 교차로안,승용,남,41세,상해없음,승용,여,53세,경상
2017111900100502,2017년 11월 19일 22시,일요일,경상남도 김해시 어방동,경상사고,0,0,1,0,차대차 - 측면충돌,안전운전불이행,건조,맑음,단일로 - 기타,승용,여,52세,경상,승용,남,28세,기타불명
2017111900100503,2017년 11월 19일 22시,일요일,경상남도 김해시 동상동,경상사고,0,0,2,0,차대차 - 측면충돌,안전운전불이행,건조,맑음,교차로 - 교차로안,승용,남,30세,경상,화물,남,75세,경상
2017112000100044,2017년 11월 20일 00시,월요일,경상남도 창원시 성산구 가음동,경상사고,0,0,1,0,차대차 - 측면충돌,안전운전불이행,건조,맑음,단일로 - 기타,승용,남,28세,상해없음,승용,여,40세,경상
2017112000100079,2017년 11월 20일 05시,월요일,경상남도 진주시 이현동,경상사고,0,0,1,0,차대차 - 측면충돌,안전운전불이행,건조,맑음,단일로 - 기타,승용,남,26세,경상,화물,남,50세,기타불명
2017112000100080,2017년 11월 20일 05시,월요일,경상남도 김해시 대청동,경상사고,0,0,1,0,차대차 - 측면충돌,안전운전불이행,건조,맑음,단일로 - 기타,승용,남,24세,상해없음,승용,남,48세,경상
2017112000100107,2017년 11월 20일 06시,월요일,경상남도 진주시 대안동,경상사고,0,0,1,0,차대사람 - 횡단중,보행자보호의무위반,건조,맑음,교차로 - 교차로횡단보도내,승용,남,30세,상해없음,보행자,남,72세,경상
2017112000100108,2017년 11월 20일 06시,월요일,경상남도 김해시 부원동,중상사고,0,1,0,0,차대차 - 측면충돌,신호위반,건조,맑음,교차로 - 교차로안,화물,남,55세,상해없음,승용,남,27세,중상
2017112000100109,2017년 11월 20일 06시,월요일,경상남도 양산시 덕계동,중상사고,0,1,0,0,차대차 - 기타,중앙선침범,건조,맑음,단일로 - 기타,기타불명,기타불명,미분류,기타불명,승용,남,47세,중상
2017112000100137,2017년 11월 20일 07시,월요일,경상남도 하동군 화개면,중상사고,0,1,0,0,차대사람 - 횡단중,안전운전불이행,건조,맑음,기타 - 기타,승용,남,71세,상해없음,보행자,여,81세,중상
2017112000100138,2017년 11월 20일 07시,월요일,경상남도 진주시 정촌면,경상사고,0,0,2,0,차대차 - 추돌,안전운전불이행,건조,맑음,단일로 - 기타,화물,남,37세,상해없음,화물,남,58세,경상
2017112000100231,2017년 11월 20일 09시,월요일,경상남도 창원시 마산합포구 중앙동1가,경상사고,0,0,2,0,차대차 - 기타,안전운전불이행,건조,맑음,교차로 - 교차로안,승용,여,38세,상해없음,승용,남,50세,경상
2017112000100232,2017년 11월 20일 09시,월요일,경상남도 김해시 외동,경상사고,0,0,1,0,차대차 - 측면충돌,직진우회전진행방해,건조,맑음,교차로 - 교차로안,승용,여,45세,경상,승용,남,52세,상해없음
2017112000100233,2017년 11월 20일 09시,월요일,경상남도 합천군 묘산면,경상사고,0,0,1,0,차대차 - 추돌,안전운전불이행,건조,맑음,단일로 - 기타,특수,남,58세,상해없음,화물,남,46세,경상
2017112000100234,2017년 11월 20일 09시,월요일,경상남도 고성군 고성읍,경상사고,0,0,1,0,차량단독 - 전도전복 - 전도,안전운전불이행,건조,맑음,단일로 - 기타,이륜,남,34세,상해없음,,,,
2017112000100268,2017년 11월 20일 10시,월요일,경상남도 거창군 마리면,중상사고,0,2,1,0,차대차 - 추돌,안전운전불이행,건조,맑음,단일로 - 기타,화물,남,56세,상해없음,화물,남,25세,중상
2017112000100335,2017년 11월 20일 12시,월요일,경상남도 창원시 마산합포구 남성동,중상사고,0,1,0,0,차대차 - 기타,안전운전불이행,건조,맑음,단일로 - 기타,승용,남,47세,상해없음,이륜,남,51세,중상
2017112000100336,2017년 11월 20일 12시,월요일,경상남도 거제시 장평동,경상사고,0,0,1,0,차대차 - 기타,안전운전불이행,건조,맑음,교차로 - 교차로부근,승용,여,27세,상해없음,이륜,남,47세,경상
2017112000100361,2017년 11월 20일 13시,월요일,경상남도 창원시 마산합포구 예곡동,경상사고,0,0,1,0,차대차 - 기타,안전거리미확보,건조,맑음,단일로 - 기타,승용,남,60세,상해없음,승용,남,59세,상해없음
2017112000100362,2017년 11월 20일 13시,월요일,경상남도 창원시 의창구 도계동,경상사고,0,0,1,0,차대차 - 측면충돌,안전운전불이행,건조,맑음,교차로 - 교차로부근,승용,여,55세,상해없음,승용,여,41세,경상
2017112000100363,2017년 11월 20일 13시,월요일,경상남도 김해시 한림면,중상사고,0,1,0,0,차대차 - 추돌,안전운전불이행,건조,맑음,단일로 - 기타,승용,여,46세,상해없음,자전거,여,72세,중상
2017112000100401,2017년 11월 20일 14시,월요일,경상남도 밀양시 삼랑진읍,중상사고,0,1,0,0,차대차 - 측면충돌,안전운전불이행,건조,맑음,단일로 - 기타,승용,남,67세,상해없음,이륜,남,84세,중상
2017112000100402,2017년 11월 20일 14시,월요일,경상남도 거창군 거창읍,경상사고,0,0,1,0,차대사람 - 기타,안전운전불이행,건조,맑음,주차장 - 주차장,화물,남,64세,상해없음,보행자,여,80세,경상
2017112000100439,2017년 11월 20일 15시,월요일,경상남도 합천군 합천읍,경상사고,0,0,1,0,차대차 - 측면충돌,교차로운행방법위반,건조,맑음,교차로 - 교차로안,승용,여,34세,상해없음,승용,여,39세,경상
2017112000100467,2017년 11월 20일 16시,월요일,경상남도 진주시 옥봉동,중상사고,0,1,0,0,차대차 - 기타,안전운전불이행,건조,맑음,교차로 - 교차로부근,화물,남,65세,상해없음,승용,남,34세,중상
2017112000100468,2017년 11월 20일 16시,월요일,경상남도 통영시 도남동,경상사고,0,0,1,0,차대사람 - 횡단중,보행자보호의무위반,건조,맑음,교차로 - 교차로횡단보도내,승용,여,52세,상해없음,보행자,남,8세,경상
2017112000100469,2017년 11월 20일 16시,월요일,경상남도 산청군 시천면,경상사고,0,0,1,0,차대차 - 측면충돌,안전운전불이행,건조,맑음,단일로 - 기타,화물,남,73세,경상,건설기계,남,46세,상해없음
2017112000100520,2017년 11월 20일 17시,월요일,경상남도 함안군 가야읍,중상사고,0,1,0,0,차대사람 - 횡단중,보행자보호의무위반,건조,맑음,교차로 - 교차로부근,승용,남,69세,상해없음,보행자,남,74세,중상
2017112000100617,2017년 11월 20일 19시,월요일,경상남도 통영시 광도면,중상사고,0,1,0,0,차대차 - 측면충돌,교차로운행방법위반,건조,맑음,교차로 - 교차로안,승용,여,56세,상해없음,이륜,남,30세,중상
2017112000100618,2017년 11월 20일 19시,월요일,경상남도 김해시 삼방동,경상사고,0,0,1,0,차대사람 - 횡단중,보행자보호의무위반,건조,맑음,교차로 - 교차로안,승용,남,22세,상해없음,보행자,남,10세,경상
2017112000100619,2017년 11월 20일 19시,월요일,경상남도 거제시 고현동,경상사고,0,0,1,0,차대차 - 측면충돌,교차로운행방법위반,건조,맑음,교차로 - 교차로안,승용,남,40세,상해없음,승용,여,33세,경상
2017112000100620,2017년 11월 20일 19시,월요일,경상남도 함안군 가야읍,중상사고,0,1,0,0,차대차 - 추돌,안전운전불이행,건조,맑음,단일로 - 기타,승용,남,36세,상해없음,농기계,남,57세,중상
2017112000100654,2017년 11월 20일 20시,월요일,경상남도 통영시 광도면,경상사고,0,0,1,0,차대차 - 측면충돌,직진우회전진행방해,건조,맑음,교차로 - 교차로안,승용,여,36세,상해없음,자전거,남,59세,경상
2017112000100655,2017년 11월 20일 20시,월요일,경상남도 고성군 동해면,사망사고,1,0,0,0,차량단독 - 공작물충돌,과속,건조,맑음,단일로 - 기타,승용,남,41세,상해없음,,,,
2017112000100656,2017년 11월 20일 20시,월요일,경상남도 함안군 칠원읍,중상사고,0,1,0,0,차대사람 - 횡단중,안전운전불이행,건조,맑음,교차로 - 교차로부근,승용,남,29세,상해없음,보행자,남,55세,중상
2017112000100687,2017년 11월 20일 21시,월요일,경상남도 함안군 칠원읍,중상사고,0,1,0,0,차대사람 - 횡단중,안전운전불이행,건조,맑음,교차로 - 교차로부근,승용,남,42세,상해없음,보행자,남,47세,중상
2017112100100040,2017년 11월 21일 00시,화요일,경상남도 양산시 상북면,부상신고사고,0,0,0,1,차대차 - 추돌,안전운전불이행,건조,맑음,단일로 - 기타,승용,남,33세,부상신고,기타불명,기타불명,미분류,기타불명
2017112100100041,2017년 11월 21일 00시,화요일,경상남도 창원시 마산회원구 두척동,경상사고,0,0,1,0,차대차 - 기타,안전운전불이행,건조,맑음,단일로 - 기타,승용,남,54세,상해없음,승용,여,37세,경상
2017112100100072,2017년 11월 21일 04시,화요일,경상남도 김해시 내동,부상신고사고,0,0,0,1,차대차 - 측면충돌,불법유턴,건조,맑음,교차로 - 교차로안,자전거,남,68세,부상신고,승용,여,42세,상해없음
2017112100100086,2017년 11월 21일 05시,화요일,경상남도 창원시 의창구 팔용동,경상사고,0,0,1,0,차대차 - 추돌,안전운전불이행,건조,맑음,단일로 - 기타,승용,남,30세,상해없음,승용,남,34세,경상
2017112100100107,2017년 11월 21일 06시,화요일,경상남도 창원시 마산합포구 월남동2가,경상사고,0,0,2,0,차대차 - 추돌,안전운전불이행,건조,맑음,기타 - 기타,승용,남,49세,상해없음,승용,남,43세,경상
2017112100100108,2017년 11월 21일 06시,화요일,경상남도 진주시 초전동,중상사고,0,1,0,0,차대사람 - 횡단중,보행자보호의무위반,건조,맑음,교차로 - 교차로횡단보도내,승용,여,72세,상해없음,보행자,여,73세,중상
2017112100100109,2017년 11월 21일 06시,화요일,경상남도 창원시 마산회원구 내서읍,사망사고,1,1,0,0,차대차 - 추돌,안전운전불이행,건조,맑음,단일로 - 기타,승용,남,63세,상해없음,이륜,남,65세,사망
2017112100100122,2017년 11월 21일 07시,화요일,경상남도 양산시 다방동,경상사고,0,0,1,0,차대차 - 측면충돌,안전거리미확보,건조,맑음,단일로 - 기타,승용,남,28세,상해없음,화물,남,29세,상해없음
2017112100100135,2017년 11월 21일 07시,화요일,경상남도 진주시 이현동,경상사고,0,0,1,0,차대차 - 추돌,안전거리미확보,건조,맑음,단일로 - 기타,승용,여,29세,상해없음,승용,여,49세,상해없음
2017112100100136,2017년 11월 21일 07시,화요일,경상남도 의령군 부림면,중상사고,0,1,0,0,차대차 - 측면충돌,안전운전불이행,건조,맑음,교차로 - 교차로안,승용,여,51세,상해없음,자전거,남,20세,중상
2017112100100174,2017년 11월 21일 08시,화요일,경상남도 진주시 수정동,중상사고,0,1,0,0,차대사람 - 횡단중,보행자보호의무위반,건조,맑음,교차로 - 교차로횡단보도내,화물,남,31세,상해없음,보행자,여,84세,중상
2017112100100175,2017년 11월 21일 08시,화요일,경상남도 통영시 무전동,경상사고,0,0,2,0,차대차 - 측면충돌,교차로운행방법위반,건조,맑음,교차로 - 교차로안,승용,여,42세,상해없음,승용,여,49세,경상
2017112100100176,2017년 11월 21일 08시,화요일,경상남도 거제시 능포동,경상사고,0,0,1,0,차대차 - 추돌,안전거리미확보,건조,맑음,단일로 - 터널,승용,여,52세,상해없음,승용,여,46세,경상
2017112100100177,2017년 11월 21일 08시,화요일,경상남도 창원시 마산회원구 내서읍,경상사고,0,0,1,0,차대차 - 기타,안전운전불이행,건조,맑음,단일로 - 기타,승용,여,26세,상해없음,승용,여,40세,경상
2017112100100215,2017년 11월 21일 09시,화요일,경상남도 창원시 진해구 태평동,중상사고,0,1,0,0,차대사람 - 횡단중,안전운전불이행,건조,맑음,교차로 - 교차로횡단보도내,승용,여,46세,상해없음,보행자,여,76세,중상
2017112100100216,2017년 11월 21일 09시,화요일,경상남도 거제시 아주동,경상사고,0,0,1,0,차대차 - 측면충돌,안전운전불이행,건조,맑음,단일로 - 기타,승용,여,42세,상해없음,이륜,남,47세,경상
2017112100100217,2017년 11월 21일 09시,화요일,경상남도 창원시 마산회원구 석전동,경상사고,0,0,1,0,차대차 - 추돌,안전운전불이행,건조,맑음,단일로 - 기타,승용,여,36세,상해없음,승용,남,57세,경상
2017112100100248,2017년 11월 21일 10시,화요일,경상남도 창원시 성산구 신촌동,경상사고,0,0,1,0,차대차 - 측면충돌,안전운전불이행,건조,맑음,교차로 - 교차로부근,화물,남,47세,상해없음,화물,남,59세,경상
2017112100100249,2017년 11월 21일 10시,화요일,경상남도 창원시 마산회원구 합성동,중상사고,0,1,0,0,차대사람 - 횡단중,보행자보호의무위반,건조,맑음,교차로 - 교차로부근,승용,남,34세,상해없음,보행자,남,43세,중상
2017112100100250,2017년 11월 21일 10시,화요일,경상남도 창원시 의창구 북면,중상사고,0,6,0,0,차대차 - 추돌,안전운전불이행,건조,맑음,단일로 - 기타,승합,남,47세,상해없음,승합,남,44세,중상
2017112100100280,2017년 11월 21일 11시,화요일,경상남도 밀양시 가곡동,중상사고,0,1,0,0,차대사람 - 횡단중,안전운전불이행,건조,맑음,단일로 - 기타,승용,남,55세,상해없음,보행자,여,81세,중상
2017112100100281,2017년 11월 21일 11시,화요일,경상남도 거제시 고현동,경상사고,0,0,1,0,차대사람 - 차도통행중,안전운전불이행,건조,맑음,단일로 - 기타,승용,여,55세,상해없음,보행자,여,72세,경상
2017112100100313,2017년 11월 21일 12시,화요일,경상남도 창원시 마산합포구 부림동,중상사고,0,1,0,0,차대사람 - 횡단중,안전운전불이행,건조,맑음,단일로 - 기타,승용,남,61세,상해없음,보행자,남,59세,중상
2017112100100314,2017년 11월 21일 12시,화요일,경상남도 통영시 무전동,중상사고,0,1,0,0,차대차 - 측면충돌,안전운전불이행,건조,맑음,교차로 - 교차로안,승용,여,47세,상해없음,이륜,남,24세,중상
2017112100100381,2017년 11월 21일 14시,화요일,경상남도 진주시 평거동,중상사고,0,1,0,0,차대사람 - 기타,안전운전불이행,건조,맑음,교차로 - 교차로안,승용,여,47세,상해없음,보행자,여,75세,중상
2017112100100382,2017년 11월 21일 14시,화요일,경상남도 진주시 집현면,중상사고,0,1,0,0,차대차 - 기타,중앙선침범,건조,맑음,단일로 - 기타,자전거,남,63세,중상,승합,남,58세,상해없음
2017112100100408,2017년 11월 21일 15시,화요일,경상남도 창원시 마산합포구 중앙동1가,경상사고,0,0,1,0,차대사람 - 횡단중,보행자보호의무위반,건조,맑음,교차로 - 교차로안,승용,남,38세,상해없음,보행자,여,24세,경상
2017112100100441,2017년 11월 21일 16시,화요일,경상남도 창원시 의창구 용호동,중상사고,0,1,0,0,차대사람 - 횡단중,보행자보호의무위반,건조,맑음,교차로 - 교차로횡단보도내,승용,여,41세,상해없음,보행자,여,36세,중상
2017112100100478,2017년 11월 21일 17시,화요일,경상남도 진주시 인사동,경상사고,0,0,1,0,차대사람 - 기타,안전운전불이행,건조,맑음,교차로 - 교차로안,승용,남,64세,상해없음,보행자,남,23세,경상
2017112100100479,2017년 11월 21일 17시,화요일,경상남도 통영시 용남면,중상사고,0,1,2,0,차대차 - 추돌,안전운전불이행,건조,맑음,단일로 - 기타,승용,남,22세,경상,화물,남,46세,중상
2017112100100480,2017년 11월 21일 17시,화요일,경상남도 통영시 광도면,중상사고,0,1,0,0,차대차 - 추돌,안전운전불이행,건조,맑음,교차로 - 교차로부근,화물,남,72세,상해없음,승용,여,41세,중상
2017112100100481,2017년 11월 21일 17시,화요일,경상남도 함양군 함양읍,경상사고,0,0,1,0,차대사람 - 횡단중,안전운전불이행,건조,맑음,단일로 - 기타,이륜,남,17세,상해없음,보행자,남,50세,경상
2017112100100482,2017년 11월 21일 17시,화요일,경상남도 양산시 평산동,경상사고,0,0,1,0,차대사람 - 횡단중,신호위반,건조,맑음,교차로 - 교차로횡단보도내,화물,남,43세,상해없음,보행자,남,미분류,경상
2017112100100483,2017년 11월 21일 17시,화요일,경상남도 거제시 장평동,경상사고,0,0,2,0,차대차 - 추돌,안전거리미확보,건조,맑음,단일로 - 기타,승용,남,56세,상해없음,승합,남,69세,경상
2017112100100484,2017년 11월 21일 17시,화요일,경상남도 김해시 주촌면,중상사고,0,3,2,0,차대차 - 추돌,안전운전불이행,건조,맑음,단일로 - 기타,화물,남,49세,기타불명,승용,남,56세,중상
2017112100100525,2017년 11월 21일 18시,화요일,경상남도 김해시 내동,경상사고,0,0,1,0,차대차 - 측면충돌,안전운전불이행,건조,맑음,교차로 - 교차로횡단보도내,자전거,남,28세,경상,승용,여,48세,상해없음
2017112100100526,2017년 11월 21일 18시,화요일,경상남도 창녕군 창녕읍,경상사고,0,0,1,0,차대차 - 측면충돌,중앙선침범,건조,맑음,교차로 - 교차로부근,이륜,남,75세,경상,승용,여,53세,상해없음
2017112100100527,2017년 11월 21일 18시,화요일,경상남도 양산시 남부동,경상사고,0,0,1,0,차대차 - 측면충돌,안전운전불이행,건조,맑음,교차로 - 교차로안,승용,여,32세,상해없음,승용,남,44세,경상
2017112100100528,2017년 11월 21일 18시,화요일,경상남도 고성군 회화면,경상사고,0,0,3,0,차대차 - 측면충돌,차로위반,건조,맑음,단일로 - 기타,승용,남,67세,상해없음,승용,남,31세,경상
2017112100100529,2017년 11월 21일 18시,화요일,경상남도 창원시 성산구 반지동,경상사고,0,0,1,0,차대사람 - 횡단중,안전운전불이행,건조,맑음,교차로 - 교차로횡단보도내,승용,남,56세,상해없음,보행자,여,26세,경상
2017112100100530,2017년 11월 21일 18시,화요일,경상남도 창원시 마산회원구 석전동,경상사고,0,0,1,0,차대차 - 기타,신호위반,건조,맑음,교차로 - 교차로안,화물,남,66세,상해없음,승용,여,53세,경상
2017112100100564,2017년 11월 21일 19시,화요일,경상남도 진주시 봉곡동,중상사고,0,1,0,0,차대사람 - 기타,안전운전불이행,건조,맑음,교차로 - 교차로부근,승용,남,69세,상해없음,보행자,남,24세,중상
2017112100100595,2017년 11월 21일 20시,화요일,경상남도 김해시 외동,경상사고,0,0,1,0,차대차 - 측면충돌,교차로운행방법위반,건조,맑음,교차로 - 교차로안,승용,남,49세,상해없음,승용,여,27세,상해없음
2017112100100596,2017년 11월 21일 20시,화요일,경상남도 창원시 의창구 동읍,경상사고,0,0,1,0,차대사람 - 길가장자리구역통행중,안전운전불이행,건조,맑음,단일로 - 기타,승합,남,43세,상해없음,보행자,여,28세,경상