사고번호,사고일시,요일,시군구,사고내용,사망자수,중상자수,경상자수,부상신고자수,사고유형,법규위반,노면상태,기상상태,도로형태,가해운전자 차종,가해운전자 성별,가해운전자 연령,가해운전자 상해정도,피해운전자 차종,피해운전자 성별,피해운전자 연령,피해운전자 상해정도
2017112100100646,2017년 11월 21일 22시,화요일,경상남도 거창군 거창읍,경상사고,0,0,1,0,차대차 - 측면충돌,신호위반,건조,맑음,교차로 - 교차로안,승용,여,50세,상해없음,승용,남,63세,경상
2017112100100667,2017년 11월 21일 23시,화요일,경상남도 창원시 마산합포구 오동동,경상사고,0,0,1,0,차대차 - 추돌,안전운전불이행,젖음/습기,비,단일로 - 기타,화물,남,42세,경상,화물,남,41세,상해없음
2017112100100668,2017년 11월 21일 23시,화요일,경상남도 진주시 봉곡동,경상사고,0,0,1,0,차대사람 - 횡단중,안전운전불이행,건조,맑음,단일로 - 기타,승용,여,24세,상해없음,보행자,여,56세,경상
2017112200100036,2017년 11월 22일 00시,수요일,경상남도 창원시 마산합포구 진동면,중상사고,0,1,0,0,차대차 - 기타,안전운전불이행,건조,맑음,단일로 - 기타,승용,남,23세,상해없음,승용,남,45세,상해없음
2017112200100037,2017년 11월 22일 00시,수요일,경상남도 진주시 상대동,중상사고,0,1,0,0,차대사람 - 횡단중,안전운전불이행,건조,맑음,단일로 - 기타,승용,남,52세,상해없음,보행자,남,35세,중상
2017112200100060,2017년 11월 22일 02시,수요일,경상남도 남해군 남해읍,사망사고,1,0,0,0,차량단독 - 공작물충돌,안전운전불이행,건조,맑음,단일로 - 기타,원동기,남,17세,사망,,,,
2017112200100071,2017년 11월 22일 04시,수요일,경상남도 양산시 삼호동,중상사고,0,2,2,0,차대차 - 기타,교차로운행방법위반,건조,맑음,교차로 - 교차로안,승용,남,47세,상해없음,승용,남,61세,경상
2017112200100099,2017년 11월 22일 06시,수요일,경상남도 거제시 옥포동,경상사고,0,0,1,0,차대차 - 기타,신호위반,건조,맑음,교차로 - 교차로횡단보도내,승용,남,74세,상해없음,자전거,여,45세,경상
2017112200100181,2017년 11월 22일 08시,수요일,경상남도 양산시 신기동,중상사고,0,1,0,0,차대사람 - 차도통행중,안전운전불이행,건조,맑음,단일로 - 기타,승용,남,40세,상해없음,보행자,남,32세,중상
2017112200100182,2017년 11월 22일 08시,수요일,경상남도 창원시 성산구 내동,중상사고,0,1,0,0,차대차 - 측면충돌,신호위반,건조,맑음,교차로 - 교차로안,승용,남,62세,상해없음,승용,남,37세,중상
2017112200100252,2017년 11월 22일 10시,수요일,경상남도 밀양시 산외면,중상사고,0,1,0,0,차대사람 - 기타,안전운전불이행,건조,맑음,단일로 - 기타,화물,남,50세,상해없음,보행자,여,69세,중상
2017112200100284,2017년 11월 22일 11시,수요일,경상남도 창녕군 대합면,경상사고,0,0,1,0,차대차 - 기타,안전운전불이행,건조,맑음,교차로 - 교차로안,화물,남,62세,상해없음,화물,남,53세,상해없음
2017112200100311,2017년 11월 22일 12시,수요일,경상남도 합천군 대병면,중상사고,0,1,0,0,차대사람 - 기타,안전운전불이행,건조,맑음,단일로 - 기타,농기계,남,63세,상해없음,보행자,여,76세,중상
2017112200100338,2017년 11월 22일 13시,수요일,경상남도 양산시 북부동,중상사고,0,1,2,0,차대차 - 측면충돌,직진우회전진행방해,건조,맑음,교차로 - 교차로안,화물,남,46세,상해없음,승용,남,56세,중상
2017112200100405,2017년 11월 22일 15시,수요일,경상남도 통영시 서호동,경상사고,0,0,1,0,차대사람 - 보도통행중,안전운전불이행,건조,맑음,단일로 - 기타,승용,남,49세,상해없음,보행자,여,71세,경상
2017112200100445,2017년 11월 22일 16시,수요일,경상남도 거창군 거창읍,중상사고,0,2,0,0,차대차 - 추돌,안전운전불이행,건조,맑음,단일로 - 기타,화물,남,47세,상해없음,승용,여,57세,중상
2017112200100479,2017년 11월 22일 17시,수요일,경상남도 창원시 마산합포구 진북면,사망사고,1,0,0,0,차대사람 - 횡단중,안전운전불이행,건조,맑음,교차로 - 교차로횡단보도내,승합,남,62세,상해없음,보행자,남,85세,사망
2017112200100480,2017년 11월 22일 17시,수요일,경상남도 밀양시 단장면,중상사고,0,1,0,0,차대사람 - 횡단중,안전운전불이행,건조,맑음,단일로 - 기타,화물,여,45세,상해없음,보행자,여,71세,중상
2017112200100537,2017년 11월 22일 18시,수요일,경상남도 통영시 미수동,경상사고,0,0,1,1,차대차 - 추돌,안전운전불이행,건조,맑음,단일로 - 기타,화물,남,54세,상해없음,승용,남,69세,경상
2017112200100538,2017년 11월 22일 18시,수요일,경상남도 고성군 고성읍,중상사고,0,1,0,0,차대차 - 측면충돌,불법유턴,건조,맑음,교차로 - 교차로안,승용,남,60세,상해없음,승용,남,40세,중상
2017112200100539,2017년 11월 22일 18시,수요일,경상남도 거제시 아주동,경상사고,0,0,1,0,차대차 - 추돌,안전운전불이행,건조,맑음,교차로 - 교차로부근,승용,남,51세,상해없음,승용,남,47세,경상
2017112200100589,2017년 11월 22일 19시,수요일,경상남도 창원시 의창구 팔용동,중상사고,0,1,1,0,차대차 - 추돌,안전운전불이행,건조,맑음,교차로 - 교차로부근,승용,남,40세,상해없음,승합,남,45세,경상
2017112200100624,2017년 11월 22일 20시,수요일,경상남도 진주시 초전동,경상사고,0,0,1,0,차대사람 - 길가장자리구역통행중,안전운전불이행,건조,맑음,단일로 - 기타,화물,남,48세,상해없음,보행자,여,50세,경상
2017112200100625,2017년 11월 22일 20시,수요일,경상남도 거제시 고현동,경상사고,0,0,1,0,차대사람 - 횡단중,보행자보호의무위반,건조,맑음,교차로 - 교차로횡단보도내,이륜,남,39세,상해없음,보행자,여,17세,경상
2017112200100626,2017년 11월 22일 20시,수요일,경상남도 창원시 의창구 용호동,중상사고,0,1,0,0,차대사람 - 기타,안전운전불이행,건조,맑음,단일로 - 기타,승합,남,64세,상해없음,보행자,여,43세,중상
2017112200100654,2017년 11월 22일 21시,수요일,경상남도 양산시 북정동,부상신고사고,0,0,0,1,차대차 - 측면충돌,신호위반,건조,맑음,교차로 - 교차로안,자전거,남,17세,부상신고,승용,남,39세,상해없음
2017112200100655,2017년 11월 22일 21시,수요일,경상남도 함안군 칠북면,중상사고,0,1,1,0,차대차 - 측면충돌,중앙선침범,건조,맑음,단일로 - 기타,승용,남,56세,상해없음,승용,남,29세,중상
2017112200100705,2017년 11월 22일 23시,수요일,경상남도 양산시 하북면,경상사고,0,0,3,1,차대차 - 측면충돌,신호위반,건조,맑음,교차로 - 교차로안,승용,남,40세,부상신고,화물,여,51세,경상
2017112300100113,2017년 11월 23일 06시,목요일,경상남도 창원시 마산합포구 진북면,중상사고,0,1,0,0,차대차 - 추돌,안전거리미확보,건조,맑음,단일로 - 기타,승용,남,61세,상해없음,농기계,남,57세,중상
2017112300100114,2017년 11월 23일 06시,목요일,경상남도 통영시 산양읍,사망사고,1,0,0,0,차대사람 - 횡단중,안전운전불이행,건조,맑음,단일로 - 기타,화물,남,45세,상해없음,보행자,여,84세,사망
2017112300100168,2017년 11월 23일 08시,목요일,경상남도 양산시 교동,경상사고,0,0,1,0,차대차 - 추돌,안전운전불이행,건조,맑음,단일로 - 기타,승용,남,37세,상해없음,승용,여,35세,경상
2017112300100169,2017년 11월 23일 08시,목요일,경상남도 양산시 덕계동,경상사고,0,0,2,0,차대차 - 측면충돌,신호위반,건조,맑음,교차로 - 교차로부근,승용,여,57세,경상,승합,남,60세,경상
2017112300100170,2017년 11월 23일 08시,목요일,경상남도 함안군 군북면,중상사고,0,1,0,0,차대차 - 측면충돌,교차로운행방법위반,건조,맑음,교차로 - 교차로안,화물,남,46세,상해없음,자전거,남,87세,중상
2017112300100208,2017년 11월 23일 09시,목요일,경상남도 밀양시 내일동,중상사고,0,1,0,0,차대사람 - 횡단중,안전운전불이행,건조,맑음,단일로 - 기타,건설기계,남,53세,상해없음,보행자,여,66세,중상
2017112300100243,2017년 11월 23일 10시,목요일,경상남도 창원시 의창구 팔용동,중상사고,0,1,0,0,차대차 - 측면충돌,안전운전불이행,건조,맑음,교차로 - 교차로횡단보도내,승용,남,53세,상해없음,자전거,남,36세,중상
2017112300100274,2017년 11월 23일 11시,목요일,경상남도 진주시 신안동,중상사고,0,1,0,0,차대차 - 기타,안전운전불이행,건조,맑음,교차로 - 교차로부근,승용,남,38세,중상,화물,남,58세,상해없음
2017112300100275,2017년 11월 23일 11시,목요일,경상남도 창녕군 도천면,경상사고,0,0,1,0,차대사람 - 기타,안전운전불이행,건조,맑음,교차로 - 교차로안,승합,남,55세,상해없음,보행자,여,83세,경상
2017112300100299,2017년 11월 23일 12시,목요일,경상남도 함안군 칠원읍,경상사고,0,0,1,0,차대차 - 기타,안전운전불이행,건조,맑음,교차로 - 교차로부근,이륜,남,70세,경상,특수,남,38세,상해없음
2017112300100300,2017년 11월 23일 12시,목요일,경상남도 창원시 마산회원구 양덕동,부상신고사고,0,0,0,1,차대사람 - 차도통행중,안전운전불이행,건조,맑음,교차로 - 교차로안,승용,남,58세,상해없음,보행자,여,76세,부상신고
2017112300100334,2017년 11월 23일 13시,목요일,경상남도 밀양시 삼문동,경상사고,0,0,1,0,차대차 - 측면충돌,안전운전불이행,건조,맑음,단일로 - 기타,승용,여,61세,상해없음,승용,남,55세,경상
2017112300100365,2017년 11월 23일 14시,목요일,경상남도 통영시 광도면,중상사고,0,1,0,0,차량단독 - 전도전복 - 전도,안전운전불이행,건조,맑음,단일로 - 기타,농기계,남,68세,중상,,,,
2017112300100366,2017년 11월 23일 14시,목요일,경상남도 통영시 동호동,경상사고,0,0,2,0,차대차 - 측면충돌,안전거리미확보,건조,맑음,교차로 - 교차로안,승용,남,59세,상해없음,승용,여,23세,경상
2017112300100390,2017년 11월 23일 15시,목요일,경상남도 창원시 마산합포구 서성동,경상사고,0,0,2,0,차대차 - 측면충돌,안전운전불이행,건조,맑음,기타 - 기타,이륜,남,16세,경상,화물,남,50세,상해없음
2017112300100391,2017년 11월 23일 15시,목요일,경상남도 사천시 사천읍,중상사고,0,1,0,0,차대차 - 추돌,안전운전불이행,건조,맑음,단일로 - 기타,화물,남,42세,상해없음,승용,남,60세,중상
2017112300100392,2017년 11월 23일 15시,목요일,경상남도 양산시 동면,중상사고,0,1,1,0,차대차 - 추돌,안전운전불이행,건조,맑음,단일로 - 기타,화물,남,23세,상해없음,승용,여,46세,중상
2017112300100393,2017년 11월 23일 15시,목요일,경상남도 남해군 삼동면,중상사고,0,1,0,0,차대차 - 측면충돌,중앙선침범,건조,맑음,단일로 - 기타,승용,남,42세,상해없음,승용,남,47세,중상
2017112300100429,2017년 11월 23일 16시,목요일,경상남도 진주시 정촌면,중상사고,0,1,0,0,차대사람 - 기타,안전운전불이행,건조,맑음,기타 - 기타,승용,남,52세,상해없음,보행자,여,78세,중상
2017112300100430,2017년 11월 23일 16시,목요일,경상남도 양산시 동면,경상사고,0,0,1,2,차대차 - 측면충돌,안전운전불이행,건조,맑음,단일로 - 기타,이륜,남,32세,상해없음,승용,남,54세,경상
2017112300100431,2017년 11월 23일 16시,목요일,경상남도 고성군 고성읍,경상사고,0,0,1,0,차대차 - 기타,직진우회전진행방해,건조,맑음,단일로 - 기타,특수,남,38세,상해없음,이륜,남,74세,경상
2017112300100432,2017년 11월 23일 16시,목요일,경상남도 함안군 칠원읍,사망사고,1,0,0,0,차대사람 - 횡단중,보행자보호의무위반,건조,맑음,단일로 - 기타,승용,여,33세,상해없음,보행자,여,73세,사망
2017112300100472,2017년 11월 23일 17시,목요일,경상남도 창원시 진해구 이동,경상사고,0,0,1,0,차대차 - 측면충돌,교차로운행방법위반,건조,맑음,교차로 - 교차로안,승용,남,69세,상해없음,자전거,남,79세,경상
2017112300100473,2017년 11월 23일 17시,목요일,경상남도 김해시 어방동,경상사고,0,0,1,1,차대차 - 측면충돌,차로위반,건조,맑음,단일로 - 기타,승용,남,67세,상해없음,승용,남,50세,경상
2017112300100474,2017년 11월 23일 17시,목요일,경상남도 거제시 고현동,중상사고,0,2,0,0,차대차 - 측면충돌,안전운전불이행,건조,맑음,단일로 - 기타,이륜,남,58세,중상,이륜,남,28세,중상
2017112300100475,2017년 11월 23일 17시,목요일,경상남도 산청군 산청읍,경상사고,0,0,1,0,차대사람 - 보도통행중,보행자보호의무위반,건조,맑음,단일로 - 기타,화물,남,54세,상해없음,보행자,여,12세,경상
2017112300100476,2017년 11월 23일 17시,목요일,경상남도 김해시 삼문동,중상사고,0,1,0,0,차대사람 - 횡단중,안전운전불이행,건조,맑음,교차로 - 교차로안,화물,남,43세,상해없음,보행자,여,38세,중상
2017112300100498,2017년 11월 23일 18시,목요일,경상남도 김해시 삼문동,경상사고,0,0,1,0,차대차 - 측면충돌,안전운전불이행,건조,맑음,단일로 - 기타,화물,남,44세,상해없음,승용,여,47세,경상
2017112300100530,2017년 11월 23일 18시,목요일,경상남도 진주시 상봉동,경상사고,0,0,1,0,차대사람 - 횡단중,보행자보호의무위반,건조,흐림,단일로 - 기타,승용,남,52세,상해없음,보행자,여,74세,경상
2017112300100531,2017년 11월 23일 18시,목요일,경상남도 하동군 진교면,사망사고,1,0,0,0,차대차 - 추돌,안전운전불이행,건조,맑음,단일로 - 기타,승용,남,67세,상해없음,자전거,남,67세,사망
2017112300100532,2017년 11월 23일 18시,목요일,경상남도 창원시 마산회원구 석전동,중상사고,0,1,5,0,차대차 - 기타,안전운전불이행,건조,맑음,단일로 - 기타,승용,남,35세,상해없음,승용,남,72세,경상
2017112300100533,2017년 11월 23일 18시,목요일,경상남도 창원시 마산회원구 양덕동,경상사고,0,0,1,0,차대사람 - 횡단중,보행자보호의무위반,건조,맑음,단일로 - 기타,승용,여,69세,상해없음,보행자,남,67세,경상
2017112300100534,2017년 11월 23일 18시,목요일,경상남도 김해시 풍유동,경상사고,0,0,1,0,차대사람 - 횡단중,안전운전불이행,건조,맑음,단일로 - 기타,승용,남,30세,상해없음,보행자,여,57세,경상
2017112300100535,2017년 11월 23일 18시,목요일,경상남도 김해시 대청동,경상사고,0,0,2,0,차대차 - 추돌,안전운전불이행,건조,맑음,단일로 - 기타,승용,남,39세,경상,승용,남,35세,상해없음
2017112300100574,2017년 11월 23일 19시,목요일,경상남도 통영시 북신동,중상사고,0,1,0,0,차대사람 - 횡단중,보행자보호의무위반,건조,맑음,교차로 - 교차로횡단보도내,화물,남,65세,상해없음,보행자,여,14세,중상
2017112300100597,2017년 11월 23일 20시,목요일,경상남도 창원시 마산회원구 내서읍,경상사고,0,0,2,0,차대차 - 추돌,안전운전불이행,건조,맑음,단일로 - 기타,승용,남,56세,상해없음,승용,남,47세,경상
2017112300100598,2017년 11월 23일 20시,목요일,경상남도 김해시 진영읍,중상사고,0,2,1,0,차대차 - 기타,안전운전불이행,건조,맑음,단일로 - 기타,승용,남,29세,상해없음,승용,남,58세,중상
2017112300100616,2017년 11월 23일 21시,목요일,경상남도 김해시 삼정동,중상사고,0,1,1,0,차대사람 - 횡단중,안전운전불이행,건조,맑음,교차로 - 교차로안,승용,남,46세,상해없음,보행자,남,29세,중상
2017112300100617,2017년 11월 23일 21시,목요일,경상남도 창녕군 남지읍,사망사고,1,0,0,0,차대사람 - 차도통행중,안전운전불이행,건조,맑음,단일로 - 기타,승용,남,49세,상해없음,보행자,여,56세,사망
2017112300100664,2017년 11월 23일 23시,목요일,경상남도 창원시 의창구 봉곡동,경상사고,0,0,1,0,차대차 - 기타,안전운전불이행,건조,맑음,단일로 - 기타,승용,남,30세,기타불명,승용,남,51세,경상
2017112400100047,2017년 11월 24일 00시,금요일,경상남도 창원시 마산합포구 오동동,경상사고,0,0,2,0,차대차 - 추돌,안전운전불이행,건조,맑음,기타 - 기타,승용,남,38세,상해없음,승용,남,29세,경상
2017112400100102,2017년 11월 24일 03시,금요일,경상남도 사천시 용현면,중상사고,0,1,0,0,차대차 - 측면충돌,신호위반,건조,맑음,교차로 - 교차로안,승용,여,49세,상해없음,화물,여,59세,중상
2017112400100111,2017년 11월 24일 04시,금요일,경상남도 창원시 진해구 석동,중상사고,0,1,0,0,차대차 - 추돌,안전운전불이행,건조,맑음,단일로 - 기타,이륜,남,44세,중상,승용,여,51세,상해없음
2017112400100192,2017년 11월 24일 07시,금요일,경상남도 함안군 가야읍,경상사고,0,0,1,0,차대차 - 측면충돌,안전운전불이행,건조,맑음,단일로 - 기타,화물,남,54세,상해없음,승용,남,23세,경상
2017112400100230,2017년 11월 24일 08시,금요일,경상남도 창원시 마산합포구 구산면,중상사고,0,2,2,0,차대차 - 기타,안전운전불이행,건조,맑음,기타 - 기타,화물,남,61세,상해없음,승용,남,65세,상해없음
2017112400100231,2017년 11월 24일 08시,금요일,경상남도 사천시 동림동,경상사고,0,0,1,0,차대차 - 추돌,안전운전불이행,건조,맑음,단일로 - 기타,건설기계,남,62세,상해없음,승용,남,46세,경상
2017112400100232,2017년 11월 24일 08시,금요일,경상남도 밀양시 삼문동,중상사고,0,1,0,0,차대차 - 측면충돌,교차로운행방법위반,건조,맑음,교차로 - 교차로안,승용,남,58세,상해없음,승용,여,53세,중상
2017112400100233,2017년 11월 24일 08시,금요일,경상남도 김해시 외동,경상사고,0,0,1,0,차대차 - 측면충돌,안전운전불이행,건조,맑음,교차로 - 교차로안,자전거,남,14세,경상,승용,여,24세,상해없음
2017112400100234,2017년 11월 24일 08시,금요일,경상남도 함안군 함안면,중상사고,0,1,0,0,차대사람 - 차도통행중,안전운전불이행,건조,맑음,기타 - 기타,승용,여,58세,상해없음,보행자,여,83세,중상
2017112400100235,2017년 11월 24일 08시,금요일,경상남도 김해시 대청동,중상사고,0,2,1,0,차대차 - 추돌,안전운전불이행,건조,맑음,단일로 - 기타,승용,남,36세,경상,승용,남,28세,중상
2017112400100276,2017년 11월 24일 09시,금요일,경상남도 양산시 동면,부상신고사고,0,0,0,1,차대차 - 측면충돌,신호위반,건조,맑음,교차로 - 교차로안,이륜,남,77세,부상신고,승용,남,42세,상해없음
2017112400100360,2017년 11월 24일 12시,금요일,경상남도 진주시 가좌동,경상사고,0,0,2,0,차대차 - 추돌,안전운전불이행,건조,맑음,교차로 - 교차로부근,승합,남,25세,상해없음,승용,남,44세,경상
2017112400100361,2017년 11월 24일 12시,금요일,경상남도 사천시 곤명면,중상사고,0,1,0,0,차대차 - 후진중충돌,안전운전불이행,건조,맑음,단일로 - 기타,화물,남,48세,상해없음,화물,여,76세,중상
2017112400100376,2017년 11월 24일 13시,금요일,경상남도 김해시 주촌면,중상사고,0,1,1,0,차대차 - 측면충돌,안전거리미확보,건조,맑음,단일로 - 기타,특수,남,50세,상해없음,승용,남,53세,경상
2017112400100401,2017년 11월 24일 13시,금요일,경상남도 김해시 상동면,중상사고,0,1,0,0,차대차 - 측면충돌,안전운전불이행,건조,맑음,단일로 - 기타,건설기계,남,35세,상해없음,원동기,남,57세,중상
2017112400100402,2017년 11월 24일 13시,금요일,경상남도 하동군 진교면,경상사고,0,0,3,0,차대차 - 추돌,안전운전불이행,건조,맑음,단일로 - 기타,승용,여,66세,상해없음,승용,남,55세,경상
2017112400100403,2017년 11월 24일 13시,금요일,경상남도 김해시 진례면,중상사고,0,1,0,0,차대차 - 측면충돌,신호위반,건조,맑음,교차로 - 교차로안,이륜,남,75세,상해없음,승용,남,40세,상해없음
2017112400100437,2017년 11월 24일 14시,금요일,경상남도 사천시 동금동,중상사고,0,1,0,0,차대사람 - 횡단중,안전운전불이행,건조,맑음,교차로 - 교차로안,화물,남,49세,상해없음,보행자,여,80세,중상
2017112400100476,2017년 11월 24일 15시,금요일,경상남도 밀양시 내이동,중상사고,0,1,0,0,차대차 - 측면충돌,안전운전불이행,건조,맑음,단일로 - 기타,화물,남,62세,상해없음,승용,여,59세,중상
2017112400100477,2017년 11월 24일 15시,금요일,경상남도 김해시 외동,부상신고사고,0,0,0,1,차대차 - 측면충돌,안전운전불이행,건조,맑음,교차로 - 교차로안,자전거,남,24세,상해없음,자전거,남,78세,부상신고
2017112400100478,2017년 11월 24일 15시,금요일,경상남도 고성군 고성읍,중상사고,0,1,0,0,차대사람 - 차도통행중,안전거리미확보,건조,맑음,단일로 - 기타,승용,여,49세,상해없음,보행자,여,83세,중상
2017112400100521,2017년 11월 24일 16시,금요일,경상남도 창원시 마산회원구 회원동,중상사고,0,1,0,0,차대사람 - 기타,안전운전불이행,건조,맑음,교차로 - 교차로안,화물,남,63세,상해없음,보행자,남,10세,중상
2017112400100566,2017년 11월 24일 17시,금요일,경상남도 사천시 사천읍,중상사고,0,1,0,0,차대차 - 정면충돌,교차로운행방법위반,건조,맑음,교차로 - 교차로안,승용,여,50세,상해없음,이륜,여,43세,중상
2017112400100567,2017년 11월 24일 17시,금요일,경상남도 고성군 고성읍,중상사고,0,1,0,0,차대차 - 측면충돌,안전거리미확보,건조,맑음,교차로 - 교차로안,화물,남,62세,상해없음,화물,남,60세,중상
2017112400100568,2017년 11월 24일 17시,금요일,경상남도 하동군 하동읍,중상사고,0,1,0,0,차대차 - 측면충돌,안전운전불이행,건조,맑음,단일로 - 기타,화물,남,57세,상해없음,승용,남,73세,중상
2017112400100569,2017년 11월 24일 17시,금요일,경상남도 거제시 옥포동,경상사고,0,0,1,0,차대차 - 기타,안전거리미확보,건조,맑음,단일로 - 기타,승용,남,37세,상해없음,이륜,남,66세,경상
2017112400100627,2017년 11월 24일 18시,금요일,경상남도 진주시 대곡면,사망사고,1,0,0,0,차대차 - 추돌,안전운전불이행,건조,맑음,단일로 - 기타,화물,남,74세,상해없음,자전거,남,54세,사망
2017112400100628,2017년 11월 24일 18시,금요일,경상남도 양산시 북정동,경상사고,0,0,1,1,차대차 - 추돌,안전거리미확보,건조,맑음,단일로 - 기타,화물,남,48세,상해없음,승용,여,58세,경상
2017112400100629,2017년 11월 24일 18시,금요일,경상남도 하동군 진교면,중상사고,0,1,0,0,차대차 - 측면충돌,교차로운행방법위반,건조,맑음,교차로 - 교차로안,승용,남,47세,상해없음,승용,여,53세,중상
2017112400100630,2017년 11월 24일 18시,금요일,경상남도 창원시 성산구 상남동,부상신고사고,0,0,0,1,차대사람 - 횡단중,보행자보호의무위반,건조,맑음,교차로 - 교차로안,기타불명,기타불명,미분류,기타불명,보행자,남,36세,부상신고
2017112400100687,2017년 11월 24일 19시,금요일,경상남도 진주시 상대동,경상사고,0,0,1,0,차대차 - 측면충돌,안전운전불이행,건조,맑음,교차로 - 교차로횡단보도내,원동기,여,49세,경상,승용,남,57세,상해없음
2017112400100688,2017년 11월 24일 19시,금요일,경상남도 거제시 고현동,경상사고,0,0,1,0,차대차 - 측면충돌,직진우회전진행방해,건조,맑음,교차로 - 교차로안,승합,남,42세,상해없음,이륜,남,49세,경상
2017112400100724,2017년 11월 24일 20시,금요일,경상남도 하동군 악양면,중상사고,0,1,0,0,차대사람 - 길가장자리구역통행중,안전운전불이행,건조,맑음,단일로 - 기타,화물,남,47세,상해없음,보행자,남,68세,중상
2017112400100747,2017년 11월 24일 21시,금요일,경상남도 창원시 성산구 반림동,경상사고,0,0,1,0,차대사람 - 횡단중,안전운전불이행,건조,맑음,단일로 - 기타,승용,여,43세,상해없음,보행자,남,47세,경상
2017112500100106,2017년 11월 25일 03시,토요일,경상남도 창원시 의창구 팔용동,경상사고,0,0,1,1,차대차 - 측면충돌,신호위반,건조,맑음,교차로 - 교차로안,승합,남,36세,상해없음,승용,남,42세,경상
2017112500100131,2017년 11월 25일 05시,토요일,경상남도 창원시 성산구 내동,경상사고,0,0,1,0,차대사람 - 횡단중,안전운전불이행,건조,맑음,교차로 - 교차로안,승합,남,74세,상해없음,보행자,남,65세,경상
2017112500100132,2017년 11월 25일 05시,토요일,경상남도 창원시 성산구 상남동,중상사고,0,1,0,0,차대사람 - 횡단중,안전운전불이행,건조,맑음,단일로 - 기타,화물,남,28세,상해없음,보행자,남,54세,중상
2017112500100151,2017년 11월 25일 06시,토요일,경상남도 거제시 고현동,사망사고,1,0,0,0,차대사람 - 차도통행중,안전운전불이행,건조,맑음,교차로 - 교차로부근,승용,남,60세,상해없음,보행자,남,56세,사망
2017112500100152,2017년 11월 25일 06시,토요일,경상남도 거제시 장평동,경상사고,0,0,1,0,차대차 - 기타,안전운전불이행,건조,맑음,단일로 - 기타,승용,여,46세,상해없음,이륜,남,34세,경상
2017112500100165,2017년 11월 25일 07시,토요일,경상남도 창원시 마산회원구 회성동,사망사고,1,0,0,0,차대차 - 측면충돌,신호위반,건조,맑음,교차로 - 교차로부근,화물,여,60세,상해없음,이륜,남,70세,사망
2017112500100166,2017년 11월 25일 07시,토요일,경상남도 창원시 마산회원구 봉암동,중상사고,0,1,0,0,차대차 - 기타,안전운전불이행,건조,맑음,단일로 - 기타,승용,남,59세,상해없음,자전거,여,61세,중상
2017112500100181,2017년 11월 25일 08시,토요일,경상남도 합천군 율곡면,경상사고,0,0,1,0,차대차 - 추돌,안전운전불이행,건조,맑음,교차로 - 교차로안,승용,여,20세,상해없음,화물,여,57세,경상
2017112500100182,2017년 11월 25일 08시,토요일,경상남도 합천군 초계면,중상사고,0,1,0,0,차대사람 - 횡단중,안전운전불이행,건조,맑음,교차로 - 교차로안,승용,남,57세,상해없음,보행자,여,78세,중상
2017112500100212,2017년 11월 25일 09시,토요일,경상남도 김해시 진영읍,중상사고,0,1,0,0,차대사람 - 기타,보행자보호의무위반,건조,맑음,단일로 - 기타,승용,여,38세,상해없음,보행자,여,5세,중상
2017112500100235,2017년 11월 25일 10시,토요일,경상남도 창원시 진해구 용원동,경상사고,0,0,1,0,차대차 - 측면충돌,안전운전불이행,건조,맑음,교차로 - 교차로안,승용,남,36세,상해없음,자전거,남,77세,경상
2017112500100236,2017년 11월 25일 10시,토요일,경상남도 밀양시 하남읍,경상사고,0,0,1,0,차대차 - 측면충돌,신호위반,건조,맑음,교차로 - 교차로안,승용,남,49세,상해없음,승용,남,31세,경상
2017112500100237,2017년 11월 25일 10시,토요일,경상남도 하동군 하동읍,중상사고,0,2,0,0,차대차 - 측면충돌,교차로운행방법위반,건조,맑음,교차로 - 교차로안,승용,남,58세,상해없음,승용,남,46세,중상
2017112500100271,2017년 11월 25일 11시,토요일,경상남도 진주시 평거동,중상사고,0,1,0,0,차대차 - 측면충돌,교차로운행방법위반,건조,맑음,교차로 - 교차로안,승용,남,62세,상해없음,원동기,남,43세,중상
2017112500100272,2017년 11월 25일 11시,토요일,경상남도 김해시 진영읍,중상사고,0,1,3,0,차대차 - 추돌,안전운전불이행,건조,맑음,단일로 - 기타,승합,남,64세,경상,승용,남,25세,경상
2017112500100296,2017년 11월 25일 12시,토요일,경상남도 김해시 내동,경상사고,0,0,1,0,차대차 - 측면충돌,차로위반,건조,맑음,단일로 - 기타,화물,남,41세,상해없음,승용,여,57세,경상
2017112500100297,2017년 11월 25일 12시,토요일,경상남도 거창군 거창읍,중상사고,0,1,0,0,차대사람 - 횡단중,안전운전불이행,건조,맑음,단일로 - 기타,이륜,남,62세,상해없음,보행자,여,67세,중상
2017112500100298,2017년 11월 25일 12시,토요일,경상남도 창녕군 고암면,경상사고,0,0,1,0,차대차 - 측면충돌,중앙선침범,건조,맑음,단일로 - 기타,승용,남,58세,상해없음,화물,남,78세,경상
2017112500100299,2017년 11월 25일 12시,토요일,경상남도 김해시 한림면,중상사고,0,1,0,0,차량단독 - 공작물충돌,안전운전불이행,건조,맑음,기타 - 기타,승용,남,70세,상해없음,,,,