사고번호,사고일시,요일,시군구,사고내용,사망자수,중상자수,경상자수,부상신고자수,사고유형,법규위반,노면상태,기상상태,도로형태,가해운전자 차종,가해운전자 성별,가해운전자 연령,가해운전자 상해정도,피해운전자 차종,피해운전자 성별,피해운전자 연령,피해운전자 상해정도
2017112900100507,2017년 11월 29일 19시,수요일,경상남도 김해시 관동동,경상사고,0,0,1,0,차대차 - 측면충돌,안전운전불이행,건조,맑음,교차로 - 교차로안,승용,남,68세,상해없음,승용,남,32세,경상
2017112900100533,2017년 11월 29일 20시,수요일,경상남도 김해시 구산동,경상사고,0,0,1,0,차대사람 - 횡단중,안전운전불이행,건조,맑음,단일로 - 기타,화물,남,53세,상해없음,보행자,남,47세,경상
2017112900100585,2017년 11월 29일 22시,수요일,경상남도 창원시 진해구 용원동,중상사고,0,1,0,0,차대차 - 기타,교차로운행방법위반,건조,맑음,교차로 - 교차로안,승용,여,27세,상해없음,승용,남,41세,상해없음
2017112900100586,2017년 11월 29일 22시,수요일,경상남도 양산시 중부동,경상사고,0,0,1,0,차대사람 - 기타,안전운전불이행,건조,맑음,단일로 - 기타,승용,남,25세,상해없음,보행자,남,54세,경상
2017112900100607,2017년 11월 29일 23시,수요일,경상남도 창원시 마산합포구 상남동,중상사고,0,1,0,0,차대차 - 기타,안전운전불이행,건조,맑음,단일로 - 기타,승용,남,24세,상해없음,이륜,남,18세,중상
2017113000100030,2017년 11월 30일 00시,목요일,경상남도 김해시 진례면,중상사고,0,1,0,0,차대차 - 측면충돌,신호위반,건조,맑음,교차로 - 교차로안,승용,남,39세,상해없음,승용,남,23세,중상
2017113000100041,2017년 11월 30일 01시,목요일,경상남도 창원시 마산회원구 합성동,중상사고,0,1,0,0,차대사람 - 기타,안전운전불이행,건조,맑음,단일로 - 기타,승용,남,66세,상해없음,보행자,남,49세,중상
2017113000100051,2017년 11월 30일 02시,목요일,경상남도 김해시 어방동,경상사고,0,0,2,0,차대차 - 추돌,안전거리미확보,건조,맑음,단일로 - 기타,승용,여,39세,상해없음,승용,남,55세,경상
2017113000100054,2017년 11월 30일 03시,목요일,경상남도 통영시 도천동,중상사고,0,1,2,0,차대차 - 측면충돌,중앙선침범,건조,맑음,단일로 - 기타,화물,남,39세,상해없음,승합,남,54세,상해없음
2017113000100068,2017년 11월 30일 05시,목요일,경상남도 창녕군 창녕읍,중상사고,0,1,0,0,차대차 - 측면충돌,중앙선침범,건조,맑음,교차로 - 교차로부근,승용,남,51세,상해없음,승용,남,43세,중상
2017113000100098,2017년 11월 30일 07시,목요일,경상남도 사천시 정동면,중상사고,0,1,2,0,차대차 - 측면충돌,직진우회전진행방해,건조,흐림,교차로 - 교차로안,승용,남,26세,경상,승용,여,53세,중상
2017113000100131,2017년 11월 30일 08시,목요일,경상남도 양산시 물금읍,부상신고사고,0,0,0,1,차대차 - 측면충돌,안전운전불이행,건조,맑음,교차로 - 교차로안,승용,여,45세,상해없음,승용,여,33세,부상신고
2017113000100132,2017년 11월 30일 08시,목요일,경상남도 창원시 마산회원구 내서읍,중상사고,0,1,0,0,차대사람 - 차도통행중,안전운전불이행,건조,흐림,단일로 - 기타,승용,남,27세,상해없음,보행자,여,21세,중상
2017113000100173,2017년 11월 30일 09시,목요일,경상남도 사천시 동금동,경상사고,0,0,1,0,차대차 - 측면충돌,직진우회전진행방해,건조,맑음,교차로 - 교차로안,원동기,남,79세,경상,승용,남,36세,상해없음
2017113000100174,2017년 11월 30일 09시,목요일,경상남도 고성군 고성읍,중상사고,0,1,1,0,차대차 - 측면충돌,중앙선침범,건조,맑음,교차로 - 교차로부근,건설기계,남,50세,상해없음,승용,여,40세,중상
2017113000100175,2017년 11월 30일 09시,목요일,경상남도 김해시 진영읍,경상사고,0,0,2,0,차대차 - 추돌,안전운전불이행,건조,맑음,단일로 - 기타,승용,남,64세,상해없음,화물,남,47세,경상
2017113000100202,2017년 11월 30일 10시,목요일,경상남도 김해시 부원동,경상사고,0,0,1,0,차대차 - 기타,신호위반,건조,맑음,교차로 - 교차로안,승용,여,54세,경상,승용,남,60세,상해없음
2017113000100203,2017년 11월 30일 10시,목요일,경상남도 거제시 고현동,중상사고,0,1,0,0,차대차 - 기타,안전운전불이행,건조,맑음,단일로 - 기타,승용,남,42세,상해없음,승용,여,35세,중상
2017113000100232,2017년 11월 30일 11시,목요일,경상남도 진주시 신안동,중상사고,0,1,0,0,차대사람 - 기타,안전운전불이행,건조,맑음,교차로 - 교차로안,승합,남,44세,상해없음,보행자,남,78세,중상
2017113000100233,2017년 11월 30일 11시,목요일,경상남도 창원시 진해구 경화동,경상사고,0,0,1,0,차대차 - 측면충돌,안전운전불이행,건조,맑음,단일로 - 기타,승용,여,61세,상해없음,자전거,남,90세 이상,경상
2017113000100234,2017년 11월 30일 11시,목요일,경상남도 고성군 회화면,사망사고,1,0,1,0,차대차 - 측면충돌,안전거리미확보,건조,맑음,교차로 - 교차로부근,이륜,남,57세,사망,건설기계,남,39세,경상
2017113000100264,2017년 11월 30일 12시,목요일,경상남도 하동군 금성면,경상사고,0,0,1,0,차대차 - 추돌,안전운전불이행,건조,맑음,단일로 - 기타,특수,남,56세,상해없음,화물,남,65세,경상
2017113000100265,2017년 11월 30일 12시,목요일,경상남도 창원시 의창구 신월동,경상사고,0,0,1,0,차대차 - 측면충돌,중앙선침범,건조,맑음,단일로 - 기타,승용,여,50세,상해없음,승용,남,69세,경상
2017113000100296,2017년 11월 30일 13시,목요일,경상남도 창원시 마산합포구 해운동,경상사고,0,0,1,0,차대차 - 추돌,안전운전불이행,건조,맑음,기타 - 기타,승합,남,29세,상해없음,승용,여,44세,경상
2017113000100324,2017년 11월 30일 14시,목요일,경상남도 김해시 외동,경상사고,0,0,3,0,차대차 - 기타,안전거리미확보,건조,맑음,교차로 - 교차로부근,승용,여,33세,상해없음,승용,여,47세,경상
2017113000100325,2017년 11월 30일 14시,목요일,경상남도 양산시 북정동,경상사고,0,0,1,0,차대차 - 추돌,기타,건조,맑음,단일로 - 기타,화물,남,42세,경상,승합,남,67세,상해없음
2017113000100359,2017년 11월 30일 15시,목요일,경상남도 밀양시 부북면,경상사고,0,0,1,0,차대차 - 측면충돌,신호위반,건조,맑음,교차로 - 교차로안,승용,남,74세,상해없음,승용,남,53세,경상
2017113000100360,2017년 11월 30일 15시,목요일,경상남도 창원시 성산구 반지동,경상사고,0,0,1,0,차대차 - 측면충돌,안전운전불이행,건조,맑음,단일로 - 기타,승합,남,55세,상해없음,이륜,남,26세,경상
2017113000100403,2017년 11월 30일 16시,목요일,경상남도 창원시 마산합포구 상남동,중상사고,0,1,0,1,차대차 - 측면충돌,안전운전불이행,건조,맑음,기타 - 기타,화물,남,62세,상해없음,승용,남,57세,중상
2017113000100443,2017년 11월 30일 17시,목요일,경상남도 통영시 북신동,경상사고,0,0,1,0,차대사람 - 차도통행중,안전운전불이행,건조,맑음,단일로 - 기타,승합,남,47세,상해없음,보행자,여,68세,경상
2017113000100444,2017년 11월 30일 17시,목요일,경상남도 김해시 지내동,경상사고,0,0,1,0,차대차 - 기타,차로위반,건조,맑음,단일로 - 기타,건설기계,남,61세,상해없음,승용,여,35세,경상
2017113000100445,2017년 11월 30일 17시,목요일,경상남도 거제시 연초면,중상사고,0,1,0,0,차대차 - 기타,안전운전불이행,건조,맑음,교차로 - 교차로안,승용,여,34세,상해없음,이륜,남,32세,중상
2017113000100446,2017년 11월 30일 17시,목요일,경상남도 김해시 진례면,중상사고,0,2,0,0,차대차 - 추돌,안전운전불이행,건조,맑음,단일로 - 기타,승용,여,25세,상해없음,승용,남,37세,중상
2017113000100447,2017년 11월 30일 17시,목요일,경상남도 김해시 부곡동,중상사고,0,2,0,0,차대차 - 측면충돌,신호위반,건조,맑음,교차로 - 교차로안,승용,남,75세,상해없음,승용,남,24세,중상
2017113000100495,2017년 11월 30일 18시,목요일,경상남도 창원시 마산회원구 회원동,중상사고,0,1,0,0,차대사람 - 길가장자리구역통행중,안전운전불이행,건조,맑음,교차로 - 교차로안,승용,남,70세,상해없음,보행자,여,69세,중상
2017113000100538,2017년 11월 30일 19시,목요일,경상남도 양산시 물금읍,경상사고,0,0,1,0,차대차 - 추돌,안전운전불이행,건조,맑음,주차장 - 주차장,승용,남,42세,상해없음,이륜,남,18세,경상
2017113000100539,2017년 11월 30일 19시,목요일,경상남도 창원시 성산구 중앙동,경상사고,0,0,1,0,차대사람 - 기타,안전운전불이행,건조,맑음,단일로 - 기타,승용,남,65세,상해없음,보행자,여,24세,경상
2017113000100578,2017년 11월 30일 20시,목요일,경상남도 양산시 산막동,경상사고,0,0,1,0,차대차 - 측면충돌,직진우회전진행방해,건조,맑음,교차로 - 교차로안,이륜,남,32세,경상,화물,남,35세,상해없음
2017113000100579,2017년 11월 30일 20시,목요일,경상남도 창원시 성산구 반림동,경상사고,0,0,1,0,차대차 - 측면충돌,안전운전불이행,건조,맑음,교차로 - 교차로안,승합,여,55세,상해없음,승용,남,43세,경상
2017113000100611,2017년 11월 30일 21시,목요일,경상남도 창원시 진해구 장천동,중상사고,0,1,0,0,차대차 - 측면충돌,신호위반,건조,맑음,교차로 - 교차로안,이륜,남,21세,중상,승용,여,45세,상해없음
2017113000100612,2017년 11월 30일 21시,목요일,경상남도 창원시 성산구 웅남동,경상사고,0,0,1,0,차대차 - 측면충돌,안전운전불이행,건조,맑음,교차로 - 교차로안,승용,남,43세,상해없음,승용,남,27세,경상
2017113000100658,2017년 11월 30일 23시,목요일,경상남도 창원시 성산구 가음정동,중상사고,0,1,0,0,차대사람 - 횡단중,안전운전불이행,건조,맑음,단일로 - 기타,승용,여,29세,상해없음,보행자,남,32세,중상
2017113000100659,2017년 11월 30일 23시,목요일,경상남도 창원시 성산구 신촌동,경상사고,0,0,1,0,차대차 - 측면충돌,안전운전불이행,건조,맑음,교차로 - 교차로부근,승용,남,31세,상해없음,승합,남,41세,경상
2017120100100047,2017년 12월 1일 00시,금요일,경상남도 창원시 마산합포구 서성동,중상사고,0,2,0,0,차대차 - 정면충돌,신호위반,건조,맑음,교차로 - 교차로안,승용,남,29세,상해없음,승용,남,55세,중상
2017120100100066,2017년 12월 1일 01시,금요일,경상남도 창원시 마산합포구 서성동,경상사고,0,0,2,0,차대차 - 정면충돌,신호위반,건조,맑음,교차로 - 교차로안,승용,남,22세,상해없음,승용,남,61세,경상
2017120100100067,2017년 12월 1일 01시,금요일,경상남도 김해시 삼방동,경상사고,0,0,2,0,차대차 - 기타,교차로운행방법위반,건조,맑음,교차로 - 교차로안,승용,남,25세,상해없음,승용,남,54세,경상
2017120100100068,2017년 12월 1일 01시,금요일,경상남도 창원시 성산구 가음정동,경상사고,0,0,3,0,차대차 - 추돌,안전운전불이행,건조,맑음,교차로 - 교차로부근,승용,남,23세,상해없음,승용,남,47세,경상
2017120100100093,2017년 12월 1일 04시,금요일,경상남도 진주시 상대동,중상사고,0,2,0,0,차대차 - 측면충돌,신호위반,건조,맑음,교차로 - 교차로안,승용,남,43세,상해없음,승용,여,52세,중상
2017120100100094,2017년 12월 1일 04시,금요일,경상남도 창원시 의창구 봉곡동,중상사고,0,1,0,0,차대차 - 측면충돌,신호위반,건조,맑음,교차로 - 교차로안,승용,남,45세,상해없음,승용,여,55세,중상
2017120100100126,2017년 12월 1일 06시,금요일,경상남도 양산시 중부동,중상사고,0,1,0,0,차대사람 - 횡단중,안전운전불이행,건조,맑음,단일로 - 기타,화물,남,53세,상해없음,보행자,여,59세,중상
2017120100100147,2017년 12월 1일 07시,금요일,경상남도 김해시 진영읍,경상사고,0,0,4,0,차대차 - 추돌,안전운전불이행,건조,맑음,단일로 - 기타,승용,남,21세,상해없음,승용,여,30세,경상
2017120100100188,2017년 12월 1일 08시,금요일,경상남도 김해시 외동,경상사고,0,0,1,0,차대사람 - 횡단중,안전운전불이행,건조,맑음,교차로 - 교차로안,승용,여,50세,상해없음,보행자,여,76세,경상
2017120100100230,2017년 12월 1일 09시,금요일,경상남도 밀양시 상동면,경상사고,0,0,1,0,차대차 - 측면충돌,안전운전불이행,건조,맑음,교차로 - 교차로안,승용,여,62세,상해없음,화물,남,62세,경상
2017120100100231,2017년 12월 1일 09시,금요일,경상남도 양산시 물금읍,중상사고,0,1,0,0,차대차 - 측면충돌,차로위반,건조,맑음,단일로 - 기타,승합,남,26세,상해없음,승용,여,29세,중상
2017120100100232,2017년 12월 1일 09시,금요일,경상남도 함안군 칠원읍,경상사고,0,0,1,0,차대차 - 측면충돌,직진우회전진행방해,건조,맑음,교차로 - 교차로안,화물,남,60세,상해없음,승용,여,54세,경상
2017120100100256,2017년 12월 1일 10시,금요일,경상남도 거창군 거창읍,부상신고사고,0,0,0,1,차대사람 - 기타,안전운전불이행,건조,맑음,단일로 - 기타,승용,남,67세,상해없음,보행자,남,72세,부상신고
2017120100100257,2017년 12월 1일 10시,금요일,경상남도 창원시 마산회원구 양덕동,경상사고,0,0,1,0,차대차 - 기타,안전운전불이행,건조,맑음,단일로 - 기타,승용,여,54세,상해없음,이륜,남,69세,경상
2017120100100283,2017년 12월 1일 11시,금요일,경상남도 의령군 부림면,중상사고,0,2,0,0,차량단독 - 공작물충돌,안전운전불이행,건조,맑음,단일로 - 기타,화물,남,71세,중상,,,,
2017120100100314,2017년 12월 1일 12시,금요일,경상남도 고성군 회화면,중상사고,0,1,2,0,차대차 - 기타,직진우회전진행방해,건조,맑음,교차로 - 교차로안,승용,남,28세,상해없음,승용,여,56세,경상
2017120100100341,2017년 12월 1일 13시,금요일,경상남도 통영시 명정동,경상사고,0,0,2,0,차대차 - 측면충돌,신호위반,건조,맑음,교차로 - 교차로안,승용,남,60세,경상,승용,여,50세,경상
2017120100100379,2017년 12월 1일 14시,금요일,경상남도 함안군 산인면,경상사고,0,0,1,0,차대차 - 측면충돌,안전운전불이행,건조,맑음,교차로 - 교차로안,화물,남,66세,상해없음,승용,여,34세,경상
2017120100100430,2017년 12월 1일 15시,금요일,경상남도 창원시 진해구 자은동,경상사고,0,0,1,0,차대차 - 기타,안전운전불이행,건조,맑음,교차로 - 교차로안,원동기,남,36세,경상,승용,남,44세,상해없음
2017120100100431,2017년 12월 1일 15시,금요일,경상남도 창원시 진해구 여좌동,중상사고,0,1,0,0,차대사람 - 기타,안전운전불이행,건조,맑음,단일로 - 기타,승합,남,42세,상해없음,보행자,여,73세,중상
2017120100100432,2017년 12월 1일 15시,금요일,경상남도 창원시 성산구 상남동,중상사고,0,1,0,0,차대사람 - 차도통행중,안전운전불이행,건조,맑음,교차로 - 교차로안,승용,남,29세,상해없음,보행자,남,55세,중상
2017120100100433,2017년 12월 1일 15시,금요일,경상남도 창원시 성산구 반지동,경상사고,0,0,1,0,차대차 - 측면충돌,교차로운행방법위반,건조,맑음,교차로 - 교차로안,승용,여,53세,상해없음,승용,여,43세,상해없음
2017120100100465,2017년 12월 1일 16시,금요일,경상남도 창원시 마산합포구 진전면,경상사고,0,0,1,0,차대차 - 추돌,안전거리미확보,건조,맑음,교차로 - 교차로부근,승용,남,38세,상해없음,화물,남,44세,경상
2017120100100466,2017년 12월 1일 16시,금요일,경상남도 창녕군 창녕읍,경상사고,0,0,1,0,차대차 - 측면충돌,직진우회전진행방해,건조,맑음,교차로 - 교차로안,승용,남,43세,상해없음,승용,여,41세,경상
2017120100100467,2017년 12월 1일 16시,금요일,경상남도 김해시 진례면,중상사고,0,1,1,0,차대차 - 정면충돌,안전운전불이행,건조,맑음,단일로 - 기타,승용,여,48세,상해없음,승용,남,57세,중상
2017120100100510,2017년 12월 1일 17시,금요일,경상남도 진주시 주약동,중상사고,0,1,0,0,차대사람 - 차도통행중,안전운전불이행,건조,맑음,단일로 - 기타,이륜,여,61세,상해없음,보행자,여,90세 이상,중상
2017120100100511,2017년 12월 1일 17시,금요일,경상남도 김해시 안동,경상사고,0,0,1,0,차량단독 - 공작물충돌,안전운전불이행,건조,맑음,교차로 - 교차로안,원동기,남,71세,경상,,,,
2017120100100512,2017년 12월 1일 17시,금요일,경상남도 창원시 성산구 사파동,중상사고,0,1,0,0,차대사람 - 차도통행중,안전운전불이행,건조,맑음,단일로 - 기타,승용,남,44세,상해없음,보행자,여,76세,중상
2017120100100513,2017년 12월 1일 17시,금요일,경상남도 창원시 의창구 소답동,경상사고,0,0,1,0,차대차 - 측면충돌,안전운전불이행,건조,맑음,교차로 - 교차로안,승용,남,68세,상해없음,승용,여,51세,경상
2017120100100576,2017년 12월 1일 18시,금요일,경상남도 진주시 상평동,중상사고,0,2,0,0,차대차 - 측면충돌,중앙선침범,건조,맑음,단일로 - 기타,승용,여,55세,상해없음,승용,여,50세,중상
2017120100100577,2017년 12월 1일 18시,금요일,경상남도 진주시 초전동,경상사고,0,0,2,0,차대사람 - 횡단중,보행자보호의무위반,건조,맑음,교차로 - 교차로횡단보도내,승합,남,28세,상해없음,보행자,여,52세,경상
2017120100100578,2017년 12월 1일 18시,금요일,경상남도 김해시 외동,경상사고,0,0,1,0,차대사람 - 횡단중,보행자보호의무위반,건조,맑음,교차로 - 교차로부근,승용,남,51세,상해없음,보행자,남,12세,경상
2017120100100630,2017년 12월 1일 19시,금요일,경상남도 김해시 삼계동,중상사고,0,1,0,0,차대차 - 기타,안전운전불이행,건조,맑음,교차로 - 교차로안,화물,남,63세,상해없음,이륜,남,27세,중상
2017120100100631,2017년 12월 1일 19시,금요일,경상남도 김해시 어방동,중상사고,0,1,0,0,차대차 - 측면충돌,신호위반,건조,맑음,교차로 - 교차로안,승용,남,30세,상해없음,이륜,남,28세,중상
2017120100100632,2017년 12월 1일 19시,금요일,경상남도 김해시 삼정동,경상사고,0,0,1,0,차대차 - 기타,안전운전불이행,건조,맑음,교차로 - 교차로안,승용,남,35세,상해없음,승용,남,48세,경상
2017120100100633,2017년 12월 1일 19시,금요일,경상남도 창녕군 길곡면,경상사고,0,0,1,0,차대사람 - 기타,안전운전불이행,건조,맑음,교차로 - 교차로부근,승용,남,59세,상해없음,보행자,남,66세,경상
2017120100100634,2017년 12월 1일 19시,금요일,경상남도 창원시 성산구 반림동,중상사고,0,1,0,0,차대사람 - 차도통행중,안전운전불이행,건조,맑음,단일로 - 기타,화물,남,60세,상해없음,보행자,여,75세,중상
2017120100100703,2017년 12월 1일 21시,금요일,경상남도 밀양시 상남면,중상사고,0,1,0,0,차대차 - 측면충돌,안전운전불이행,건조,맑음,교차로 - 교차로안,승용,남,34세,상해없음,승용,남,56세,중상
2017120100100704,2017년 12월 1일 21시,금요일,경상남도 창원시 성산구 사파정동,경상사고,0,0,4,0,차대차 - 추돌,안전운전불이행,건조,맑음,교차로 - 교차로부근,승용,남,26세,상해없음,승용,남,35세,경상
2017120100100705,2017년 12월 1일 21시,금요일,경상남도 창원시 의창구 팔용동,경상사고,0,0,1,0,차대차 - 기타,안전운전불이행,건조,맑음,단일로 - 기타,승용,남,61세,상해없음,승용,남,44세,상해없음
2017120100100706,2017년 12월 1일 21시,금요일,경상남도 창원시 의창구 도계동,중상사고,0,1,0,0,차대차 - 추돌,안전운전불이행,건조,맑음,단일로 - 기타,승용,남,40세,상해없음,승용,남,52세,중상
2017120100100735,2017년 12월 1일 22시,금요일,경상남도 창녕군 창녕읍,중상사고,0,1,0,0,차대차 - 측면충돌,불법유턴,건조,맑음,단일로 - 기타,승용,남,49세,상해없음,이륜,남,17세,중상
2017120100100755,2017년 12월 1일 23시,금요일,경상남도 창원시 마산합포구 우산동,경상사고,0,0,1,0,차대차 - 기타,신호위반,건조,맑음,교차로 - 교차로부근,승용,남,42세,상해없음,승용,남,21세,경상
2017120100100756,2017년 12월 1일 23시,금요일,경상남도 통영시 태평동,경상사고,0,0,3,0,차대차 - 추돌,안전운전불이행,건조,맑음,교차로 - 교차로안,승용,여,51세,상해없음,승용,여,44세,경상
2017120200100065,2017년 12월 2일 01시,토요일,경상남도 김해시 어방동,중상사고,0,1,0,0,차대사람 - 기타,안전운전불이행,건조,맑음,단일로 - 기타,승용,남,19세,상해없음,보행자,남,23세,중상
2017120200100128,2017년 12월 2일 06시,토요일,경상남도 창원시 진해구 석동,경상사고,0,0,1,0,차대차 - 추돌,안전운전불이행,건조,맑음,단일로 - 기타,승용,남,23세,상해없음,승용,남,38세,경상
2017120200100143,2017년 12월 2일 07시,토요일,경상남도 창원시 진해구 청안동,경상사고,0,0,1,0,차대차 - 측면충돌,신호위반,건조,맑음,교차로 - 교차로안,승용,여,63세,상해없음,승용,남,62세,경상
2017120200100144,2017년 12월 2일 07시,토요일,경상남도 사천시 대방동,경상사고,0,0,1,0,차대차 - 측면충돌,신호위반,건조,맑음,교차로 - 교차로안,승용,남,18세,상해없음,화물,남,53세,경상
2017120200100164,2017년 12월 2일 08시,토요일,경상남도 거창군 위천면,중상사고,0,1,0,0,차대차 - 측면충돌,직진우회전진행방해,건조,맑음,교차로 - 교차로안,이륜,남,75세,중상,승용,남,60세,상해없음
2017120200100165,2017년 12월 2일 08시,토요일,경상남도 양산시 물금읍,경상사고,0,0,1,0,차대차 - 측면충돌,신호위반,건조,맑음,교차로 - 교차로안,승용,여,44세,상해없음,화물,남,32세,경상
2017120200100166,2017년 12월 2일 08시,토요일,경상남도 창원시 의창구 팔용동,경상사고,0,0,1,0,차대차 - 측면충돌,신호위반,건조,맑음,교차로 - 교차로안,승용,남,64세,상해없음,승용,여,54세,경상
2017120200100199,2017년 12월 2일 09시,토요일,경상남도 사천시 벌리동,경상사고,0,0,2,0,차대차 - 측면충돌,직진우회전진행방해,건조,맑음,교차로 - 교차로안,승용,남,68세,상해없음,승용,여,43세,경상
2017120200100218,2017년 12월 2일 10시,토요일,경상남도 김해시 구산동,중상사고,0,1,0,0,차대사람 - 길가장자리구역통행중,안전운전불이행,건조,맑음,단일로 - 기타,승용,남,30세,상해없음,보행자,여,70세,중상
2017120200100318,2017년 12월 2일 13시,토요일,경상남도 양산시 물금읍,부상신고사고,0,0,0,1,차대차 - 기타,직진우회전진행방해,건조,맑음,주차장 - 주차장,승용,남,42세,상해없음,승용,여,37세,부상신고
2017120200100319,2017년 12월 2일 13시,토요일,경상남도 창원시 마산회원구 합성동,중상사고,0,1,0,0,차대차 - 기타,안전운전불이행,건조,맑음,단일로 - 기타,이륜,남,68세,중상,승용,남,43세,상해없음
2017120200100359,2017년 12월 2일 14시,토요일,경상남도 의령군 정곡면,중상사고,0,1,0,0,차대차 - 측면충돌,안전운전불이행,건조,맑음,교차로 - 교차로안,승용,여,57세,상해없음,승용,여,51세,중상
2017120200100394,2017년 12월 2일 15시,토요일,경상남도 거제시 고현동,경상사고,0,0,2,0,차대차 - 정면충돌,안전운전불이행,건조,맑음,단일로 - 기타,이륜,남,25세,상해없음,승용,남,55세,경상
2017120200100395,2017년 12월 2일 15시,토요일,경상남도 함안군 칠북면,사망사고,1,0,1,0,차대차 - 측면충돌,중앙선침범,건조,맑음,단일로 - 기타,화물,남,69세,사망,화물,남,64세,경상
2017120200100426,2017년 12월 2일 16시,토요일,경상남도 창녕군 도천면,부상신고사고,0,0,0,4,차대차 - 기타,안전운전불이행,건조,맑음,단일로 - 기타,승용,남,41세,상해없음,승용,여,39세,부상신고
2017120200100427,2017년 12월 2일 16시,토요일,경상남도 창원시 마산회원구 석전동,경상사고,0,0,1,0,차대차 - 측면충돌,안전운전불이행,건조,맑음,교차로 - 교차로부근,승용,남,53세,상해없음,화물,남,55세,상해없음
2017120200100465,2017년 12월 2일 17시,토요일,경상남도 사천시 사천읍,중상사고,0,1,2,0,차대차 - 추돌,안전거리미확보,건조,맑음,교차로 - 교차로부근,승용,여,37세,상해없음,승용,남,27세,중상
2017120200100466,2017년 12월 2일 17시,토요일,경상남도 양산시 중부동,경상사고,0,0,1,0,차대차 - 추돌,안전운전불이행,건조,맑음,단일로 - 기타,화물,남,56세,상해없음,승용,여,52세,경상
2017120200100467,2017년 12월 2일 17시,토요일,경상남도 고성군 마암면,중상사고,0,1,1,0,차대차 - 추돌,안전거리미확보,건조,맑음,단일로 - 기타,승용,남,51세,상해없음,승용,여,55세,중상
2017120200100483,2017년 12월 2일 18시,토요일,경상남도 양산시 하북면,중상사고,0,1,0,0,차대차 - 기타,안전운전불이행,건조,맑음,단일로 - 기타,기타불명,기타불명,미분류,기타불명,승용,여,62세,중상
2017120200100548,2017년 12월 2일 19시,토요일,경상남도 통영시 무전동,중상사고,0,1,0,0,차대차 - 측면충돌,안전운전불이행,건조,맑음,교차로 - 교차로안,승합,남,56세,상해없음,이륜,남,18세,중상
2017120200100576,2017년 12월 2일 20시,토요일,경상남도 김해시 외동,중상사고,0,2,1,0,차대사람 - 횡단중,신호위반,건조,맑음,교차로 - 교차로안,이륜,남,30세,경상,보행자,여,46세,중상
2017120200100603,2017년 12월 2일 21시,토요일,경상남도 함안군 산인면,중상사고,0,1,0,0,차대차 - 측면충돌,신호위반,건조,맑음,교차로 - 교차로안,승용,남,71세,상해없음,승용,남,37세,중상
2017120200100624,2017년 12월 2일 22시,토요일,경상남도 밀양시 삼문동,경상사고,0,0,1,0,차대사람 - 횡단중,보행자보호의무위반,건조,맑음,교차로 - 교차로부근,승용,여,47세,상해없음,보행자,남,25세,경상
2017120300100066,2017년 12월 3일 02시,일요일,경상남도 창원시 마산회원구 석전동,중상사고,0,1,0,0,차대사람 - 횡단중,안전운전불이행,건조,맑음,단일로 - 기타,승용,남,60세,상해없음,보행자,남,63세,중상
2017120300100122,2017년 12월 3일 07시,일요일,경상남도 창녕군 창녕읍,경상사고,0,0,1,0,차량단독 - 공작물충돌,안전운전불이행,건조,맑음,교차로 - 교차로안,화물,여,62세,경상,,,,
2017120300100146,2017년 12월 3일 09시,일요일,경상남도 함양군 함양읍,경상사고,0,0,2,0,차대차 - 측면충돌,신호위반,건조,맑음,교차로 - 교차로안,승용,남,55세,경상,승용,남,61세,경상
2017120300100147,2017년 12월 3일 09시,일요일,경상남도 창원시 의창구 동정동,중상사고,0,1,0,0,차대차 - 기타,신호위반,건조,맑음,교차로 - 교차로안,승합,남,55세,상해없음,승용,여,43세,상해없음
2017120300100181,2017년 12월 3일 11시,일요일,경상남도 진주시 상대동,경상사고,0,0,1,0,차대차 - 기타,안전운전불이행,건조,맑음,교차로 - 교차로안,승용,여,52세,상해없음,승용,여,30세,경상
2017120300100182,2017년 12월 3일 11시,일요일,경상남도 사천시 용현면,중상사고,0,2,4,0,차대차 - 추돌,안전운전불이행,건조,맑음,단일로 - 기타,승용,여,67세,상해없음,승용,남,38세,중상
2017120300100183,2017년 12월 3일 11시,일요일,경상남도 창녕군 영산면,중상사고,0,1,0,0,차대차 - 측면충돌,직진우회전진행방해,건조,맑음,교차로 - 교차로안,화물,남,71세,상해없음,원동기,남,76세,중상
2017120300100212,2017년 12월 3일 12시,일요일,경상남도 산청군 시천면,경상사고,0,0,2,0,차대차 - 측면충돌,중앙선침범,건조,맑음,단일로 - 기타,승용,남,76세,경상,승용,남,48세,상해없음
2017120300100232,2017년 12월 3일 13시,일요일,경상남도 창원시 의창구 명서동,부상신고사고,0,0,0,1,차량단독 - 전도전복 - 전도,안전운전불이행,건조,맑음,단일로 - 기타,이륜,남,75세,부상신고,,,,
2017120300100233,2017년 12월 3일 13시,일요일,경상남도 창원시 의창구 대산면,경상사고,0,0,1,0,차대차 - 측면충돌,안전운전불이행,건조,맑음,단일로 - 기타,승용,여,60세,상해없음,승용,여,26세,경상
2017120300100257,2017년 12월 3일 14시,일요일,경상남도 창녕군 이방면,중상사고,0,1,1,0,차량단독 - 공작물충돌,안전운전불이행,건조,맑음,교차로 - 교차로부근,승용,여,53세,경상,,,,