사고번호,사고일시,요일,시군구,사고내용,사망자수,중상자수,경상자수,부상신고자수,사고유형,법규위반,노면상태,기상상태,도로형태,가해운전자 차종,가해운전자 성별,가해운전자 연령,가해운전자 상해정도,피해운전자 차종,피해운전자 성별,피해운전자 연령,피해운전자 상해정도
2017120300100286,2017년 12월 3일 15시,일요일,경상남도 김해시,경상사고,0,0,1,0,차대차 - 추돌,안전운전불이행,건조,맑음,교차로 - 교차로부근,승용,남,63세,상해없음,승용,남,31세,경상
2017120300100287,2017년 12월 3일 15시,일요일,경상남도 의령군,중상사고,0,1,0,0,차대차 - 측면충돌,교차로운행방법위반,건조,맑음,교차로 - 교차로안,승용,남,49세,상해없음,화물,남,57세,중상
2017120300100313,2017년 12월 3일 16시,일요일,경상남도 남해군 이동면,중상사고,0,1,0,0,차대차 - 측면충돌,안전운전불이행,건조,맑음,교차로 - 교차로안,승용,남,38세,상해없음,승용,여,51세,중상
2017120300100340,2017년 12월 3일 17시,일요일,경상남도 창원시 진해구 용원동,경상사고,0,0,1,0,차대사람 - 횡단중,보행자보호의무위반,건조,맑음,교차로 - 교차로횡단보도내,기타불명,기타불명,미분류,기타불명,보행자,남,7세,경상
2017120300100341,2017년 12월 3일 17시,일요일,경상남도 김해시 삼정동,경상사고,0,0,1,0,차대사람 - 기타,안전운전불이행,건조,맑음,교차로 - 교차로부근,승합,남,55세,상해없음,보행자,남,16세,경상
2017120300100342,2017년 12월 3일 17시,일요일,경상남도 양산시 덕계동,경상사고,0,0,1,0,차대차 - 측면충돌,신호위반,건조,맑음,교차로 - 교차로안,승용,남,57세,상해없음,이륜,남,23세,경상
2017120300100343,2017년 12월 3일 17시,일요일,경상남도 창원시 마산회원구 구암동,중상사고,0,1,0,0,차대사람 - 기타,안전운전불이행,건조,맑음,단일로 - 기타,승용,남,68세,상해없음,보행자,남,9세,중상
2017120300100379,2017년 12월 3일 18시,일요일,경상남도 함안군 가야읍,중상사고,0,1,0,0,차대차 - 기타,교차로운행방법위반,건조,맑음,교차로 - 교차로부근,승용,여,41세,상해없음,이륜,남,26세,중상
2017120300100417,2017년 12월 3일 19시,일요일,경상남도 거제시 고현동,경상사고,0,0,1,0,차대차 - 기타,안전운전불이행,건조,맑음,단일로 - 기타,승용,남,38세,상해없음,이륜,남,25세,경상
2017120300100444,2017년 12월 3일 20시,일요일,경상남도 김해시 삼방동,경상사고,0,0,1,1,차대차 - 측면충돌,안전운전불이행,건조,맑음,단일로 - 기타,이륜,남,17세,부상신고,승용,남,26세,경상
2017120300100445,2017년 12월 3일 20시,일요일,경상남도 창원시 의창구 사림동,경상사고,0,0,1,0,차대사람 - 횡단중,안전운전불이행,건조,맑음,교차로 - 교차로안,승용,남,32세,상해없음,보행자,남,71세,경상
2017120300100462,2017년 12월 3일 21시,일요일,경상남도 창원시 진해구 석동,중상사고,0,1,0,0,차대사람 - 횡단중,안전운전불이행,건조,맑음,단일로 - 기타,승용,남,55세,상해없음,보행자,여,45세,중상
2017120300100463,2017년 12월 3일 21시,일요일,경상남도 고성군 마암면,중상사고,0,1,0,0,차대차 - 정면충돌,중앙선침범,건조,맑음,단일로 - 기타,승용,남,29세,상해없음,승용,남,30세,중상
2017120300100464,2017년 12월 3일 21시,일요일,경상남도 거제시 아주동,경상사고,0,0,1,0,차대차 - 기타,직진우회전진행방해,건조,맑음,교차로 - 교차로안,화물,남,42세,상해없음,이륜,남,54세,경상
2017120300100494,2017년 12월 3일 23시,일요일,경상남도 김해시 부원동,경상사고,0,0,1,0,차대차 - 추돌,안전운전불이행,건조,맑음,교차로 - 교차로부근,승용,남,38세,상해없음,화물,남,26세,경상
2017120300100495,2017년 12월 3일 23시,일요일,경상남도 창원시 성산구 상남동,경상사고,0,0,1,0,차대차 - 기타,안전운전불이행,건조,맑음,교차로 - 교차로안,기타불명,기타불명,미분류,기타불명,승용,남,62세,상해없음
2017120400100037,2017년 12월 4일 01시,월요일,경상남도 양산시 물금읍,중상사고,0,1,0,0,차량단독 - 공작물충돌,안전운전불이행,건조,맑음,단일로 - 기타,승용,여,56세,상해없음,,,,
2017120400100059,2017년 12월 4일 05시,월요일,경상남도 창원시 진해구 서중동,경상사고,0,0,1,0,차대차 - 측면충돌,안전운전불이행,건조,맑음,단일로 - 기타,승용,남,20세,상해없음,화물,남,31세,경상
2017120400100077,2017년 12월 4일 06시,월요일,경상남도 밀양시 가곡동,중상사고,0,1,0,0,차대사람 - 횡단중,보행자보호의무위반,건조,흐림,교차로 - 교차로안,승용,여,52세,상해없음,보행자,여,34세,중상
2017120400100078,2017년 12월 4일 06시,월요일,경상남도 거제시 고현동,중상사고,0,1,1,0,차대차 - 기타,안전운전불이행,건조,맑음,교차로 - 교차로안,화물,남,51세,상해없음,승용,여,57세,경상
2017120400100100,2017년 12월 4일 07시,월요일,경상남도 합천군 초계면,중상사고,0,1,1,0,차량단독 - 공작물충돌,안전운전불이행,건조,맑음,단일로 - 기타,화물,남,81세,경상,,,,
2017120400100101,2017년 12월 4일 07시,월요일,경상남도 창원시 성산구 성주동,경상사고,0,0,1,0,차대차 - 측면충돌,안전운전불이행,건조,맑음,교차로 - 교차로안,승용,남,61세,상해없음,승용,남,33세,경상
2017120400100102,2017년 12월 4일 07시,월요일,경상남도 창원시(통합),중상사고,0,1,0,0,차대사람 - 횡단중,보행자보호의무위반,건조,맑음,교차로 - 교차로횡단보도내,화물,남,59세,상해없음,보행자,여,82세,중상
2017120400100103,2017년 12월 4일 07시,월요일,경상남도 창원시 의창구 대산면,중상사고,0,1,0,0,차대사람 - 횡단중,안전운전불이행,건조,맑음,단일로 - 기타,승용,남,62세,상해없음,보행자,여,68세,중상
2017120400100158,2017년 12월 4일 08시,월요일,경상남도 창원시 진해구 이동,경상사고,0,0,1,0,차대차 - 측면충돌,신호위반,건조,맑음,교차로 - 교차로안,승용,여,55세,상해없음,승용,여,54세,경상
2017120400100159,2017년 12월 4일 08시,월요일,경상남도 창원시 의창구 북면,경상사고,0,0,1,0,차대차 - 정면충돌,안전운전불이행,건조,흐림,단일로 - 기타,화물,남,50세,상해없음,승용,여,38세,경상
2017120400100193,2017년 12월 4일 09시,월요일,경상남도 통영시 명정동,경상사고,0,0,1,0,차대차 - 측면충돌,교차로운행방법위반,건조,맑음,교차로 - 교차로안,승용,여,60세,상해없음,화물,남,31세,경상
2017120400100243,2017년 12월 4일 11시,월요일,경상남도 거제시 동부면,중상사고,0,1,1,0,차대차 - 측면충돌,중앙선침범,건조,맑음,단일로 - 기타,승용,남,38세,상해없음,화물,남,69세,경상
2017120400100264,2017년 12월 4일 12시,월요일,경상남도 하동군 하동읍,경상사고,0,0,1,0,차대차 - 측면충돌,안전운전불이행,건조,맑음,기타 - 기타,화물,남,44세,경상,화물,남,68세,상해없음
2017120400100367,2017년 12월 4일 15시,월요일,경상남도 통영시 북신동,경상사고,0,0,1,0,차대사람 - 횡단중,안전운전불이행,건조,맑음,단일로 - 기타,승용,여,64세,상해없음,보행자,여,46세,경상
2017120400100368,2017년 12월 4일 15시,월요일,경상남도 창녕군 남지읍,경상사고,0,0,1,0,차대차 - 기타,안전운전불이행,건조,맑음,교차로 - 교차로부근,화물,여,62세,상해없음,승용,여,57세,경상
2017120400100392,2017년 12월 4일 16시,월요일,경상남도 창원시 마산합포구 완월동,중상사고,0,1,0,0,차대사람 - 기타,보행자보호의무위반,건조,맑음,교차로 - 교차로부근,화물,남,51세,상해없음,보행자,여,20세,중상
2017120400100428,2017년 12월 4일 17시,월요일,경상남도 남해군 이동면,중상사고,0,1,0,0,차대차 - 추돌,안전운전불이행,건조,맑음,단일로 - 기타,승용,남,43세,상해없음,승용,여,47세,중상
2017120400100429,2017년 12월 4일 17시,월요일,경상남도 창원시 성산구 성주동,중상사고,0,1,0,0,차대사람 - 차도통행중,안전운전불이행,건조,맑음,교차로 - 교차로안,승용,남,43세,상해없음,보행자,남,44세,중상
2017120400100477,2017년 12월 4일 18시,월요일,경상남도 밀양시 내이동,중상사고,0,1,0,0,차대사람 - 기타,교차로운행방법위반,건조,맑음,교차로 - 교차로안,승용,남,36세,상해없음,보행자,남,60세,중상
2017120400100478,2017년 12월 4일 18시,월요일,경상남도 김해시 봉황동,부상신고사고,0,0,0,1,차대차 - 기타,안전운전불이행,건조,맑음,단일로 - 기타,승용,남,67세,상해없음,승용,남,42세,부상신고
2017120400100479,2017년 12월 4일 18시,월요일,경상남도 거창군 거창읍,사망사고,1,0,0,0,차대차 - 측면충돌,안전운전불이행,건조,맑음,단일로 - 기타,화물,남,81세,상해없음,이륜,남,81세,사망
2017120400100480,2017년 12월 4일 18시,월요일,경상남도 창원시 마산회원구 양덕동,중상사고,0,3,1,0,차대사람 - 횡단중,신호위반,건조,맑음,단일로 - 기타,원동기,남,28세,상해없음,보행자,여,38세,중상
2017120400100481,2017년 12월 4일 18시,월요일,경상남도 창원시 의창구 동읍,사망사고,1,0,0,0,차대사람 - 길가장자리구역통행중,안전운전불이행,건조,맑음,단일로 - 기타,승용,남,50세,상해없음,보행자,남,66세,사망
2017120400100534,2017년 12월 4일 19시,월요일,경상남도 거제시 아주동,경상사고,0,0,1,0,차대차 - 측면충돌,직진우회전진행방해,건조,맑음,교차로 - 교차로안,승용,여,45세,상해없음,승용,남,44세,경상
2017120400100560,2017년 12월 4일 20시,월요일,경상남도 사천시 사남면,사망사고,1,0,0,0,차대사람 - 차도통행중,안전운전불이행,건조,맑음,단일로 - 기타,승용,여,35세,상해없음,보행자,남,66세,사망
2017120400100561,2017년 12월 4일 20시,월요일,경상남도 김해시 관동동,중상사고,0,1,0,0,차대차 - 추돌,안전운전불이행,건조,맑음,단일로 - 기타,승용,남,57세,상해없음,승용,여,31세,중상
2017120400100574,2017년 12월 4일 21시,월요일,경상남도 창원시 마산합포구 진동면,경상사고,0,0,1,0,차대차 - 추돌,안전운전불이행,건조,맑음,단일로 - 기타,이륜,남,32세,경상,승용,여,65세,기타불명
2017120400100575,2017년 12월 4일 21시,월요일,경상남도 합천군 합천읍,경상사고,0,0,1,0,차대차 - 측면충돌,안전운전불이행,건조,맑음,단일로 - 기타,화물,남,68세,상해없음,승용,남,51세,경상
2017120400100603,2017년 12월 4일 22시,월요일,경상남도 양산시 유산동,중상사고,0,1,0,0,차대차 - 측면충돌,직진우회전진행방해,건조,맑음,교차로 - 교차로안,승용,남,53세,상해없음,이륜,남,43세,중상
2017120500100044,2017년 12월 5일 00시,화요일,경상남도 김해시 삼정동,경상사고,0,0,1,0,차대차 - 측면충돌,안전운전불이행,건조,맑음,단일로 - 기타,이륜,남,28세,경상,승용,남,43세,상해없음
2017120500100045,2017년 12월 5일 00시,화요일,경상남도 창원시 마산회원구 양덕동,중상사고,0,1,0,0,차대차 - 측면충돌,중앙선침범,건조,맑음,단일로 - 기타,승용,남,49세,상해없음,승용,여,59세,중상
2017120500100069,2017년 12월 5일 03시,화요일,경상남도 창원시 의창구 소답동,경상사고,0,0,1,0,차대사람 - 횡단중,보행자보호의무위반,건조,맑음,교차로 - 교차로횡단보도내,승용,남,55세,상해없음,보행자,남,50세,경상
2017120500100093,2017년 12월 5일 06시,화요일,경상남도 양산시 어곡동,중상사고,0,1,0,0,차대차 - 측면충돌,직진우회전진행방해,건조,맑음,교차로 - 교차로안,승용,남,54세,상해없음,원동기,남,67세,중상
2017120500100094,2017년 12월 5일 06시,화요일,경상남도 창원시 성산구 중앙동,중상사고,0,1,0,0,차대차 - 측면충돌,안전운전불이행,건조,맑음,교차로 - 교차로횡단보도내,승용,남,55세,상해없음,자전거,남,61세,중상
2017120500100165,2017년 12월 5일 08시,화요일,경상남도 거창군 마리면,경상사고,0,0,1,0,차대차 - 기타,안전운전불이행,건조,맑음,교차로 - 교차로안,화물,남,70세,상해없음,승용,남,27세,경상
2017120500100192,2017년 12월 5일 09시,화요일,경상남도 김해시 구산동,경상사고,0,0,1,0,차대사람 - 기타,보행자보호의무위반,건조,맑음,교차로 - 교차로횡단보도내,승용,남,76세,상해없음,보행자,남,37세,경상
2017120500100193,2017년 12월 5일 09시,화요일,경상남도 함양군 수동면,경상사고,0,0,3,0,차대차 - 추돌,안전운전불이행,건조,맑음,교차로 - 교차로부근,화물,남,47세,경상,화물,남,62세,경상
2017120500100194,2017년 12월 5일 09시,화요일,경상남도 창원시 성산구 상남동,경상사고,0,0,1,0,차대사람 - 보도통행중,안전운전불이행,건조,맑음,단일로 - 기타,기타불명,기타불명,미분류,기타불명,보행자,여,13세,경상
2017120500100214,2017년 12월 5일 10시,화요일,경상남도 통영시 광도면,경상사고,0,0,1,0,차대차 - 정면충돌,교차로운행방법위반,건조,맑음,교차로 - 교차로안,화물,남,37세,상해없음,승용,남,46세,경상
2017120500100215,2017년 12월 5일 10시,화요일,경상남도 밀양시 하남읍,경상사고,0,0,1,0,차대차 - 추돌,안전운전불이행,건조,맑음,단일로 - 기타,승용,남,45세,상해없음,승용,여,40세,경상
2017120500100247,2017년 12월 5일 11시,화요일,경상남도 김해시 대동면,경상사고,0,0,1,0,차대차 - 기타,안전운전불이행,건조,맑음,단일로 - 기타,자전거,여,75세,경상,화물,남,37세,상해없음
2017120500100248,2017년 12월 5일 11시,화요일,경상남도 김해시 삼방동,경상사고,0,0,1,0,차대사람 - 기타,안전운전불이행,건조,맑음,단일로 - 기타,화물,남,62세,상해없음,보행자,여,82세,경상
2017120500100249,2017년 12월 5일 11시,화요일,경상남도 김해시 대청동,경상사고,0,0,1,0,차대차 - 측면충돌,신호위반,건조,맑음,교차로 - 교차로안,승용,여,58세,상해없음,승용,남,39세,경상
2017120500100289,2017년 12월 5일 12시,화요일,경상남도 진주시 금산면,사망사고,1,0,0,0,차대차 - 측면충돌,교차로운행방법위반,건조,맑음,교차로 - 교차로안,화물,남,52세,상해없음,원동기,남,70세,사망
2017120500100290,2017년 12월 5일 12시,화요일,경상남도 김해시 지내동,경상사고,0,0,2,0,차대차 - 기타,안전운전불이행,건조,맑음,교차로 - 교차로횡단보도내,이륜,남,44세,경상,승용,남,41세,경상
2017120500100291,2017년 12월 5일 12시,화요일,경상남도 함양군 수동면,중상사고,0,1,0,0,차대차 - 추돌,과속,건조,맑음,단일로 - 기타,화물,남,62세,상해없음,화물,남,44세,중상
2017120500100312,2017년 12월 5일 13시,화요일,경상남도 합천군 용주면,경상사고,0,0,1,0,차대차 - 측면충돌,안전운전불이행,건조,맑음,단일로 - 기타,승용,여,66세,상해없음,승용,여,52세,상해없음
2017120500100313,2017년 12월 5일 13시,화요일,경상남도 하동군 진교면,경상사고,0,0,2,0,차대차 - 측면충돌,안전운전불이행,건조,맑음,교차로 - 교차로안,승용,남,81세,경상,승용,남,65세,경상
2017120500100330,2017년 12월 5일 14시,화요일,경상남도 사천시 벌리동,경상사고,0,0,2,0,차대차 - 측면충돌,직진우회전진행방해,건조,맑음,교차로 - 교차로안,승용,남,33세,경상,승용,여,57세,경상
2017120500100331,2017년 12월 5일 14시,화요일,경상남도 남해군 남해읍,경상사고,0,0,1,0,차대차 - 측면충돌,안전운전불이행,건조,맑음,교차로 - 교차로안,승용,여,22세,상해없음,승용,여,55세,경상
2017120500100332,2017년 12월 5일 14시,화요일,경상남도 함안군 법수면,중상사고,0,1,0,0,차대차 - 측면충돌,안전운전불이행,건조,맑음,교차로 - 교차로부근,승용,여,55세,상해없음,이륜,남,86세,중상
2017120500100333,2017년 12월 5일 14시,화요일,경상남도 창원시 마산회원구 회원동,중상사고,0,1,1,0,차대차 - 측면충돌,신호위반,건조,맑음,교차로 - 교차로안,화물,남,67세,상해없음,승용,남,76세,중상
2017120500100334,2017년 12월 5일 14시,화요일,경상남도 김해시 대청동,경상사고,0,0,2,0,차대차 - 측면충돌,신호위반,건조,맑음,교차로 - 교차로안,이륜,남,33세,경상,승용,여,23세,경상
2017120500100387,2017년 12월 5일 16시,화요일,경상남도 창원시 마산합포구 진동면,중상사고,0,1,0,0,차량단독 - 기타,기타,건조,맑음,기타 - 기타,승합,남,42세,상해없음,,,,
2017120500100388,2017년 12월 5일 16시,화요일,경상남도 합천군 합천읍,중상사고,0,1,1,0,차대차 - 정면충돌,중앙선침범,건조,맑음,단일로 - 기타,승용,남,54세,경상,화물,여,54세,중상
2017120500100427,2017년 12월 5일 17시,화요일,경상남도 사천시 동금동,경상사고,0,0,1,0,차대사람 - 횡단중,안전운전불이행,건조,맑음,단일로 - 기타,승용,남,78세,상해없음,보행자,여,60세,경상
2017120500100428,2017년 12월 5일 17시,화요일,경상남도 김해시 내동,경상사고,0,0,2,0,차대차 - 기타,교차로운행방법위반,건조,맑음,교차로 - 교차로안,승용,남,55세,상해없음,승용,남,48세,경상
2017120500100429,2017년 12월 5일 17시,화요일,경상남도 거창군 거창읍,중상사고,0,1,0,0,차대사람 - 횡단중,안전운전불이행,건조,맑음,교차로 - 교차로부근,승용,여,60세,상해없음,보행자,남,64세,중상
2017120500100430,2017년 12월 5일 17시,화요일,경상남도 창원시 성산구 가음동,중상사고,0,1,0,0,차대사람 - 횡단중,보행자보호의무위반,건조,맑음,교차로 - 교차로안,승용,남,55세,상해없음,보행자,남,12세,중상
2017120500100485,2017년 12월 5일 18시,화요일,경상남도 통영시 무전동,경상사고,0,0,1,0,차대사람 - 횡단중,안전운전불이행,건조,맑음,단일로 - 기타,이륜,남,67세,상해없음,보행자,여,65세,경상
2017120500100486,2017년 12월 5일 18시,화요일,경상남도 김해시 삼계동,중상사고,0,1,0,0,차대차 - 기타,교차로운행방법위반,건조,맑음,교차로 - 교차로안,승용,남,64세,상해없음,원동기,남,28세,중상
2017120500100487,2017년 12월 5일 18시,화요일,경상남도 거제시 장평동,경상사고,0,0,1,0,차대차 - 측면충돌,안전운전불이행,건조,맑음,교차로 - 교차로안,승용,여,34세,상해없음,이륜,남,37세,경상
2017120500100488,2017년 12월 5일 18시,화요일,경상남도 거제시 사등면,경상사고,0,0,1,0,차대차 - 기타,차로위반,건조,맑음,기타 - 기타,승용,남,57세,상해없음,승용,남,29세,경상
2017120500100489,2017년 12월 5일 18시,화요일,경상남도 창원시 의창구 서상동,경상사고,0,0,1,0,차대사람 - 횡단중,안전운전불이행,건조,맑음,단일로 - 기타,승용,남,54세,상해없음,보행자,여,24세,경상
2017120500100490,2017년 12월 5일 18시,화요일,경상남도 김해시 흥동,중상사고,0,1,0,0,차대차 - 추돌,안전운전불이행,건조,맑음,교차로 - 교차로부근,승용,남,57세,상해없음,승용,여,37세,중상
2017120500100529,2017년 12월 5일 19시,화요일,경상남도 김해시 진영읍,경상사고,0,0,1,0,차대차 - 측면충돌,안전운전불이행,건조,맑음,단일로 - 기타,승용,남,56세,상해없음,이륜,남,18세,경상
2017120500100578,2017년 12월 5일 21시,화요일,경상남도 창원시 마산합포구 동성동,경상사고,0,0,2,0,차대차 - 기타,안전운전불이행,건조,맑음,교차로 - 교차로부근,승용,남,25세,상해없음,원동기,남,35세,경상
2017120500100579,2017년 12월 5일 21시,화요일,경상남도 양산시 소주동,경상사고,0,0,1,0,차대사람 - 차도통행중,안전운전불이행,건조,맑음,교차로 - 교차로안,승합,남,33세,상해없음,보행자,여,64세,경상
2017120600100118,2017년 12월 6일 06시,수요일,경상남도 창원시 성산구 웅남동,중상사고,0,1,0,0,차대차 - 측면충돌,안전운전불이행,건조,맑음,교차로 - 교차로안,이륜,남,37세,중상,승용,남,56세,상해없음
2017120600100141,2017년 12월 6일 07시,수요일,경상남도 진주시 평거동,중상사고,0,1,0,0,차대차 - 측면충돌,신호위반,건조,맑음,교차로 - 교차로안,승용,남,65세,상해없음,승용,남,45세,중상
2017120600100224,2017년 12월 6일 09시,수요일,경상남도 김해시 내동,경상사고,0,0,2,0,차대차 - 추돌,안전거리미확보,건조,맑음,교차로 - 교차로부근,승용,남,30세,상해없음,승용,남,60세,경상
2017120600100225,2017년 12월 6일 09시,수요일,경상남도 김해시 삼정동,중상사고,0,1,0,0,차대사람 - 길가장자리구역통행중,안전운전불이행,건조,맑음,교차로 - 교차로부근,승용,여,44세,상해없음,보행자,남,72세,중상
2017120600100254,2017년 12월 6일 10시,수요일,경상남도 창원시 진해구 용원동,경상사고,0,0,1,0,차대차 - 측면충돌,교차로운행방법위반,건조,맑음,교차로 - 교차로안,승용,남,68세,상해없음,승용,남,28세,경상
2017120600100255,2017년 12월 6일 10시,수요일,경상남도 함안군 칠북면,사망사고,1,0,0,0,차대차 - 정면충돌,중앙선침범,건조,맑음,단일로 - 기타,승합,남,56세,사망,건설기계,남,50세,상해없음
2017120600100279,2017년 12월 6일 11시,수요일,경상남도 의령군 용덕면,사망사고,1,1,0,0,차대차 - 측면충돌,안전운전불이행,건조,맑음,교차로 - 교차로안,이륜,남,82세,사망,화물,남,56세,중상
2017120600100280,2017년 12월 6일 11시,수요일,경상남도 창원시 마산회원구 내서읍,중상사고,0,1,2,0,차대차 - 추돌,안전운전불이행,건조,맑음,단일로 - 기타,승용,남,33세,상해없음,화물,남,40세,경상
2017120600100281,2017년 12월 6일 11시,수요일,경상남도 창원시 의창구 팔용동,중상사고,0,1,0,0,차대차 - 측면충돌,안전거리미확보,건조,맑음,단일로 - 기타,승용,남,55세,상해없음,승합,남,53세,상해없음
2017120600100309,2017년 12월 6일 12시,수요일,경상남도 사천시 송포동,중상사고,0,1,0,0,차대차 - 측면충돌,안전운전불이행,건조,맑음,교차로 - 교차로안,이륜,여,27세,중상,승용,남,57세,상해없음
2017120600100354,2017년 12월 6일 13시,수요일,경상남도 산청군 산청읍,부상신고사고,0,0,0,1,차대차 - 측면충돌,교차로운행방법위반,건조,맑음,교차로 - 교차로안,승용,남,82세,상해없음,자전거,남,46세,부상신고
2017120600100355,2017년 12월 6일 13시,수요일,경상남도 창원시 마산회원구 봉암동,중상사고,0,1,0,0,차대차 - 기타,안전운전불이행,건조,맑음,교차로 - 교차로안,승용,여,38세,상해없음,자전거,남,67세,중상
2017120600100356,2017년 12월 6일 13시,수요일,경상남도 창원시 의창구 팔용동,경상사고,0,0,1,0,차대차 - 추돌,안전거리미확보,건조,맑음,단일로 - 기타,건설기계,남,52세,상해없음,승용,여,52세,경상
2017120600100430,2017년 12월 6일 15시,수요일,경상남도 창원시 진해구 용원동,경상사고,0,0,1,0,차대차 - 기타,안전운전불이행,건조,맑음,교차로 - 교차로부근,특수,남,41세,상해없음,자전거,여,42세,경상
2017120600100431,2017년 12월 6일 15시,수요일,경상남도 거제시 연초면,중상사고,0,1,0,0,차대사람 - 기타,안전운전불이행,건조,맑음,단일로 - 기타,승용,남,67세,상해없음,보행자,여,10세,중상
2017120600100472,2017년 12월 6일 16시,수요일,경상남도 창원시 진해구 경화동,중상사고,0,1,0,0,차대차 - 측면충돌,교차로운행방법위반,건조,맑음,교차로 - 교차로안,승용,남,81세,상해없음,자전거,여,61세,중상
2017120600100473,2017년 12월 6일 16시,수요일,경상남도 양산시 동면,경상사고,0,0,1,0,차대사람 - 횡단중,안전운전불이행,건조,맑음,단일로 - 기타,화물,남,56세,상해없음,보행자,여,39세,경상
2017120600100527,2017년 12월 6일 17시,수요일,경상남도 통영시 무전동,경상사고,0,0,1,0,차대차 - 측면충돌,안전거리미확보,건조,맑음,단일로 - 기타,승용,남,69세,상해없음,승용,여,56세,경상
2017120600100587,2017년 12월 6일 18시,수요일,경상남도 김해시 외동,중상사고,0,1,0,0,차대사람 - 길가장자리구역통행중,안전운전불이행,건조,맑음,교차로 - 교차로안,승합,여,47세,상해없음,보행자,남,43세,중상
2017120600100588,2017년 12월 6일 18시,수요일,경상남도 양산시 중부동,경상사고,0,0,1,0,차대차 - 정면충돌,직진우회전진행방해,건조,맑음,교차로 - 교차로안,승용,남,47세,상해없음,이륜,남,37세,경상
2017120600100589,2017년 12월 6일 18시,수요일,경상남도 거제시 장승포동,경상사고,0,0,1,0,차대차 - 기타,안전운전불이행,건조,맑음,단일로 - 기타,승용,여,65세,상해없음,승용,남,47세,경상
2017120600100633,2017년 12월 6일 19시,수요일,경상남도 거제시 옥포동,경상사고,0,0,1,0,차대사람 - 기타,안전운전불이행,건조,맑음,교차로 - 교차로안,승합,남,39세,상해없음,보행자,남,61세,경상
2017120600100689,2017년 12월 6일 21시,수요일,경상남도 양산시 신기동,경상사고,0,0,2,0,차대차 - 추돌,안전운전불이행,건조,맑음,단일로 - 기타,승용,남,30세,상해없음,승용,여,38세,경상
2017120600100690,2017년 12월 6일 21시,수요일,경상남도 창원시 성산구 상남동,경상사고,0,0,1,0,차대사람 - 횡단중,보행자보호의무위반,건조,맑음,교차로 - 교차로횡단보도내,기타불명,기타불명,미분류,기타불명,보행자,여,22세,경상
2017120600100715,2017년 12월 6일 22시,수요일,경상남도 사천시 벌리동,경상사고,0,0,1,0,차대차 - 측면충돌,직진우회전진행방해,건조,맑음,교차로 - 교차로안,승용,남,50세,상해없음,승용,여,46세,경상
2017120600100716,2017년 12월 6일 22시,수요일,경상남도 창녕군 창녕읍,중상사고,0,1,0,0,차대차 - 기타,안전운전불이행,건조,맑음,단일로 - 기타,화물,남,59세,상해없음,기타불명,남,64세,중상
2017120600100717,2017년 12월 6일 22시,수요일,경상남도 창원시 마산회원구 석전동,경상사고,0,0,1,0,차량단독 - 공작물충돌,안전운전불이행,건조,맑음,단일로 - 기타,승용,남,40세,상해없음,,,,
2017120700100029,2017년 12월 7일 00시,목요일,경상남도 창원시 의창구 소계동,경상사고,0,0,1,0,차대차 - 추돌,안전운전불이행,건조,맑음,교차로 - 교차로부근,승용,남,27세,상해없음,승용,남,56세,경상
2017120700100051,2017년 12월 7일 02시,목요일,경상남도 통영시 도천동,경상사고,0,0,1,0,차대사람 - 차도통행중,안전운전불이행,건조,맑음,단일로 - 기타,승용,남,51세,상해없음,보행자,남,80세,경상
2017120700100102,2017년 12월 7일 06시,목요일,경상남도 진주시 정촌면,중상사고,0,2,0,0,차대차 - 추돌,안전운전불이행,건조,맑음,단일로 - 기타,승용,남,45세,상해없음,승용,남,50세,중상
2017120700100131,2017년 12월 7일 07시,목요일,경상남도 창원시 마산회원구 양덕동,중상사고,0,1,0,0,차대사람 - 횡단중,보행자보호의무위반,건조,맑음,단일로 - 기타,승합,남,34세,상해없음,보행자,여,74세,중상
2017120700100132,2017년 12월 7일 07시,목요일,경상남도 창원시 의창구 사림동,경상사고,0,0,1,0,차대차 - 측면충돌,신호위반,건조,맑음,교차로 - 교차로안,승용,남,25세,상해없음,승합,남,47세,상해없음
2017120700100174,2017년 12월 7일 08시,목요일,경상남도 창원시 의창구 대원동,중상사고,0,1,0,0,차대사람 - 기타,안전운전불이행,건조,맑음,단일로 - 기타,승용,여,23세,상해없음,보행자,여,18세,중상
2017120700100201,2017년 12월 7일 09시,목요일,경상남도 김해시 어방동,경상사고,0,0,1,0,차대차 - 측면충돌,중앙선침범,건조,맑음,단일로 - 기타,이륜,남,54세,경상,승용,여,37세,상해없음
2017120700100202,2017년 12월 7일 09시,목요일,경상남도 김해시 삼계동,중상사고,0,1,3,0,차대차 - 측면충돌,차로위반,건조,맑음,교차로 - 교차로안,화물,남,39세,경상,승용,여,44세,중상
2017120700100203,2017년 12월 7일 09시,목요일,경상남도 김해시 진영읍,경상사고,0,0,1,0,차대차 - 측면충돌,신호위반,건조,맑음,교차로 - 교차로부근,승용,여,61세,상해없음,자전거,남,60세,경상
2017120700100240,2017년 12월 7일 11시,목요일,경상남도 창녕군 부곡면,경상사고,0,0,1,0,차대차 - 측면충돌,신호위반,건조,맑음,교차로 - 교차로안,원동기,남,73세,경상,화물,남,66세,상해없음