사고번호,사고일시,요일,시군구,사고내용,사망자수,중상자수,경상자수,부상신고자수,사고유형,법규위반,노면상태,기상상태,도로형태,가해운전자 차종,가해운전자 성별,가해운전자 연령,가해운전자 상해정도,피해운전자 차종,피해운전자 성별,피해운전자 연령,피해운전자 상해정도
2017121900100319,2017년 12월 19일 15시,화요일,경상남도 진주시 충무공동,경상사고,0,0,1,0,차대사람 - 보도통행중,기타,건조,맑음,교차로 - 교차로부근,화물,남,63세,상해없음,보행자,여,41세,경상
2017121900100320,2017년 12월 19일 15시,화요일,경상남도 창원시 진해구 자은동,경상사고,0,0,2,1,차대차 - 추돌,교차로운행방법위반,건조,맑음,교차로 - 교차로안,승용,남,19세,상해없음,승합,여,41세,경상
2017121900100321,2017년 12월 19일 15시,화요일,경상남도 김해시 어방동,부상신고사고,0,0,0,1,차대차 - 후진중충돌,안전운전불이행,건조,맑음,교차로 - 교차로안,승용,남,67세,상해없음,승용,여,26세,부상신고
2017121900100322,2017년 12월 19일 15시,화요일,경상남도 양산시 명곡동,중상사고,0,1,0,0,차대차 - 기타,안전운전불이행,건조,맑음,단일로 - 기타,화물,남,27세,중상,승용,남,76세,상해없음
2017121900100368,2017년 12월 19일 16시,화요일,경상남도 김해시 삼방동,중상사고,0,1,0,0,차대사람 - 기타,안전운전불이행,건조,맑음,교차로 - 교차로안,화물,남,63세,상해없음,보행자,여,72세,중상
2017121900100396,2017년 12월 19일 17시,화요일,경상남도 진주시 호탄동,중상사고,0,1,0,0,차대사람 - 기타,안전운전불이행,건조,맑음,단일로 - 기타,기타불명,기타불명,미분류,기타불명,보행자,여,64세,중상
2017121900100397,2017년 12월 19일 17시,화요일,경상남도 양산시 물금읍,경상사고,0,0,1,0,차대차 - 기타,중앙선침범,건조,맑음,단일로 - 기타,승용,여,33세,상해없음,승용,남,50세,경상
2017121900100398,2017년 12월 19일 17시,화요일,경상남도 창원시 의창구 도계동,부상신고사고,0,0,0,4,차대차 - 기타,차로위반,건조,맑음,단일로 - 기타,승용,남,46세,상해없음,승용,남,47세,부상신고
2017121900100399,2017년 12월 19일 17시,화요일,경상남도 김해시 진영읍,경상사고,0,0,1,0,차대차 - 측면충돌,안전운전불이행,건조,맑음,단일로 - 기타,승용,여,57세,상해없음,이륜,남,85세,경상
2017121900100485,2017년 12월 19일 19시,화요일,경상남도 창원시 마산합포구 서성동,중상사고,0,1,0,0,차대차 - 기타,안전거리미확보,건조,맑음,단일로 - 기타,승용,남,54세,상해없음,이륜,남,23세,중상
2017121900100486,2017년 12월 19일 19시,화요일,경상남도 김해시 삼방동,경상사고,0,0,4,0,차대차 - 측면충돌,직진우회전진행방해,건조,맑음,교차로 - 교차로안,승용,여,23세,경상,승용,남,56세,경상
2017121900100487,2017년 12월 19일 19시,화요일,경상남도 창녕군 남지읍,경상사고,0,0,1,0,차대차 - 측면충돌,직진우회전진행방해,건조,맑음,교차로 - 교차로안,승합,남,50세,상해없음,자전거,여,27세,경상
2017121900100545,2017년 12월 19일 21시,화요일,경상남도 김해시 내동,경상사고,0,0,1,0,차대사람 - 횡단중,안전운전불이행,건조,맑음,교차로 - 교차로안,화물,남,43세,상해없음,보행자,여,46세,경상
2017121900100571,2017년 12월 19일 22시,화요일,경상남도 거제시 아주동,경상사고,0,0,3,0,차대차 - 측면충돌,교차로운행방법위반,건조,맑음,교차로 - 교차로안,승용,남,61세,상해없음,승용,남,27세,경상
2017121900100572,2017년 12월 19일 22시,화요일,경상남도 창원시 의창구 중동,경상사고,0,0,2,0,차대차 - 측면충돌,신호위반,건조,맑음,교차로 - 교차로부근,화물,남,56세,상해없음,승용,남,55세,경상
2017122000100052,2017년 12월 20일 00시,수요일,경상남도 진주시 평거동,중상사고,0,2,2,0,차대차 - 측면충돌,신호위반,건조,맑음,교차로 - 교차로안,승용,여,47세,경상,승용,남,47세,경상
2017122000100053,2017년 12월 20일 00시,수요일,경상남도 사천시 곤양면,중상사고,0,1,0,0,차대사람 - 길가장자리구역통행중,안전운전불이행,건조,맑음,단일로 - 기타,화물,남,67세,상해없음,보행자,여,45세,중상
2017122000100118,2017년 12월 20일 06시,수요일,경상남도 합천군 쌍백면,경상사고,0,0,1,0,차대차 - 추돌,안전운전불이행,건조,맑음,단일로 - 기타,승용,여,58세,경상,화물,기타불명,미분류,기타불명
2017122000100119,2017년 12월 20일 06시,수요일,경상남도 거제시 고현동,경상사고,0,0,1,0,차대차 - 기타,신호위반,건조,맑음,교차로 - 교차로안,화물,남,50세,상해없음,자전거,남,30세,경상
2017122000100140,2017년 12월 20일 07시,수요일,경상남도 합천군 합천읍,경상사고,0,0,1,0,차대차 - 측면충돌,교차로운행방법위반,건조,맑음,교차로 - 교차로안,승용,남,61세,상해없음,화물,남,31세,경상
2017122000100178,2017년 12월 20일 08시,수요일,경상남도 사천시 대방동,경상사고,0,0,1,0,차대차 - 측면충돌,직진우회전진행방해,건조,맑음,교차로 - 교차로안,화물,남,50세,상해없음,승용,남,48세,상해없음
2017122000100179,2017년 12월 20일 08시,수요일,경상남도 창원시 성산구 신촌동,중상사고,0,1,0,0,차대사람 - 차도통행중,안전운전불이행,건조,맑음,단일로 - 기타,화물,여,41세,상해없음,보행자,남,7세,중상
2017122000100242,2017년 12월 20일 10시,수요일,경상남도 창원시 의창구 동읍,경상사고,0,0,1,0,차대차 - 기타,안전운전불이행,건조,맑음,교차로 - 교차로안,화물,남,56세,상해없음,승용,여,45세,경상
2017122000100272,2017년 12월 20일 11시,수요일,경상남도 진주시 옥봉동,경상사고,0,0,1,0,차대차 - 기타,기타,건조,맑음,단일로 - 기타,승용,남,63세,상해없음,이륜,남,42세,경상
2017122000100296,2017년 12월 20일 12시,수요일,경상남도 사천시 동금동,경상사고,0,0,1,0,차대차 - 측면충돌,직진우회전진행방해,건조,맑음,교차로 - 교차로안,화물,남,59세,상해없음,승용,여,27세,경상
2017122000100297,2017년 12월 20일 12시,수요일,경상남도 밀양시 산외면,중상사고,0,1,0,0,차대사람 - 길가장자리구역통행중,안전운전불이행,건조,맑음,교차로 - 교차로안,승용,남,40세,상해없음,보행자,여,62세,중상
2017122000100298,2017년 12월 20일 12시,수요일,경상남도 진주시 정촌면,중상사고,0,1,1,0,차대차 - 추돌,안전운전불이행,건조,맑음,단일로 - 기타,화물,남,56세,상해없음,화물,남,55세,중상
2017122000100324,2017년 12월 20일 13시,수요일,경상남도 김해시 외동,경상사고,0,0,1,0,차대차 - 측면충돌,차로위반,건조,맑음,단일로 - 기타,승용,남,75세,상해없음,승용,남,55세,경상
2017122000100359,2017년 12월 20일 14시,수요일,경상남도 사천시 사남면,경상사고,0,0,2,0,차대차 - 측면충돌,신호위반,건조,맑음,교차로 - 교차로안,승용,남,60세,상해없음,승용,남,29세,경상
2017122000100390,2017년 12월 20일 15시,수요일,경상남도 김해시 삼계동,경상사고,0,0,1,0,차대차 - 측면충돌,안전운전불이행,건조,맑음,단일로 - 기타,승용,남,71세,상해없음,승용,남,30세,경상
2017122000100414,2017년 12월 20일 16시,수요일,경상남도 거제시 연초면,중상사고,0,1,0,0,차대차 - 측면충돌,안전운전불이행,건조,맑음,단일로 - 기타,승용,남,55세,상해없음,승용,여,57세,중상
2017122000100450,2017년 12월 20일 17시,수요일,경상남도 진주시 초전동,중상사고,0,1,0,0,차대사람 - 횡단중,보행자보호의무위반,건조,맑음,단일로 - 기타,승용,남,64세,상해없음,보행자,남,74세,중상
2017122000100451,2017년 12월 20일 17시,수요일,경상남도 창원시 의창구 명서동,경상사고,0,0,1,0,차대차 - 기타,안전운전불이행,건조,맑음,교차로 - 교차로횡단보도내,승용,남,47세,상해없음,자전거,남,54세,경상
2017122000100504,2017년 12월 20일 18시,수요일,경상남도 창원시 진해구 용원동,중상사고,0,1,0,0,차대차 - 측면충돌,안전운전불이행,건조,맑음,단일로 - 기타,특수,남,46세,상해없음,화물,남,62세,중상
2017122000100565,2017년 12월 20일 19시,수요일,경상남도 창원시 마산회원구 양덕동,경상사고,0,0,1,0,차대사람 - 기타,안전운전불이행,건조,맑음,교차로 - 교차로부근,화물,남,42세,상해없음,보행자,여,57세,경상
2017122000100566,2017년 12월 20일 19시,수요일,경상남도 창원시 의창구 북면,중상사고,0,4,0,0,차대차 - 측면충돌,중앙선침범,건조,맑음,단일로 - 기타,승용,남,19세,상해없음,승용,남,51세,상해없음
2017122000100567,2017년 12월 20일 19시,수요일,경상남도 창원시 의창구 동읍,경상사고,0,0,1,0,차대차 - 기타,안전운전불이행,건조,맑음,단일로 - 기타,특수,남,34세,상해없음,승용,남,36세,경상
2017122000100568,2017년 12월 20일 19시,수요일,경상남도 진주시 문산읍,중상사고,0,1,0,0,차대차 - 기타,안전운전불이행,건조,맑음,단일로 - 기타,승용,남,25세,상해없음,특수,남,47세,중상
2017122000100603,2017년 12월 20일 20시,수요일,경상남도 창원시 마산회원구 양덕동,중상사고,0,1,0,0,차대차 - 측면충돌,안전운전불이행,건조,맑음,교차로 - 교차로부근,화물,남,38세,상해없음,원동기,남,40세,중상
2017122000100604,2017년 12월 20일 20시,수요일,경상남도 창원시 마산회원구 구암동,경상사고,0,0,1,0,차대사람 - 길가장자리구역통행중,안전운전불이행,건조,맑음,교차로 - 교차로안,승용,여,55세,상해없음,보행자,여,62세,경상
2017122000100653,2017년 12월 20일 22시,수요일,경상남도 창원시 진해구 수송동,경상사고,0,0,1,0,차대사람 - 횡단중,보행자보호의무위반,건조,맑음,교차로 - 교차로부근,승용,남,63세,상해없음,보행자,남,47세,경상
2017122000100654,2017년 12월 20일 22시,수요일,경상남도 김해시 율하동,중상사고,0,1,0,0,차대차 - 측면충돌,중앙선침범,건조,맑음,교차로 - 교차로부근,승용,남,44세,상해없음,승용,남,48세,중상
2017122000100687,2017년 12월 20일 23시,수요일,경상남도 창원시 마산회원구 양덕동,중상사고,0,1,0,0,차대사람 - 횡단중,안전운전불이행,건조,맑음,단일로 - 기타,승용,남,64세,상해없음,보행자,남,55세,중상
2017122100100040,2017년 12월 21일 00시,목요일,경상남도 창원시 진해구 두동,사망사고,1,0,0,0,차량단독 - 공작물충돌,안전운전불이행,건조,맑음,단일로 - 교량,승용,남,38세,사망,,,,
2017122100100106,2017년 12월 21일 06시,목요일,경상남도 창원시 진해구 석동,경상사고,0,0,1,0,차대차 - 추돌,안전운전불이행,건조,맑음,단일로 - 기타,건설기계,남,46세,상해없음,승용,여,43세,경상
2017122100100107,2017년 12월 21일 06시,목요일,경상남도 양산시 남부동,중상사고,0,1,0,0,차대차 - 측면충돌,중앙선침범,건조,맑음,교차로 - 교차로부근,승용,남,69세,상해없음,이륜,남,55세,중상
2017122100100108,2017년 12월 21일 06시,목요일,경상남도 고성군 고성읍,중상사고,0,1,0,0,차대사람 - 횡단중,안전운전불이행,건조,맑음,교차로 - 교차로안,화물,남,37세,상해없음,보행자,여,77세,중상
2017122100100164,2017년 12월 21일 08시,목요일,경상남도 창원시 진해구 이동,중상사고,0,1,0,0,차대사람 - 차도통행중,안전운전불이행,건조,맑음,교차로 - 교차로부근,화물,남,53세,상해없음,보행자,남,63세,중상
2017122100100165,2017년 12월 21일 08시,목요일,경상남도 밀양시 내일동,경상사고,0,0,1,0,차대사람 - 길가장자리구역통행중,안전운전불이행,건조,맑음,단일로 - 기타,승용,남,75세,상해없음,보행자,남,63세,경상
2017122100100210,2017년 12월 21일 09시,목요일,경상남도 사천시 벌리동,경상사고,0,0,1,1,차대차 - 측면충돌,안전운전불이행,건조,맑음,단일로 - 기타,승용,여,55세,경상,화물,여,59세,부상신고
2017122100100211,2017년 12월 21일 09시,목요일,경상남도 김해시 동상동,중상사고,0,2,0,0,차대차 - 측면충돌,신호위반,건조,맑음,교차로 - 교차로안,원동기,남,18세,중상,승용,남,63세,상해없음
2017122100100243,2017년 12월 21일 10시,목요일,경상남도 김해시 내동,중상사고,0,1,0,0,차대사람 - 횡단중,보행자보호의무위반,건조,맑음,교차로 - 교차로횡단보도내,승용,남,63세,상해없음,보행자,여,83세,중상
2017122100100244,2017년 12월 21일 10시,목요일,경상남도 김해시 어방동,경상사고,0,0,1,0,차대차 - 측면충돌,직진우회전진행방해,건조,맑음,교차로 - 교차로안,승용,여,22세,상해없음,승용,남,55세,경상
2017122100100277,2017년 12월 21일 11시,목요일,경상남도 합천군 청덕면,중상사고,0,1,2,0,차대차 - 측면충돌,교차로운행방법위반,건조,맑음,교차로 - 교차로안,화물,남,76세,경상,승용,남,53세,경상
2017122100100278,2017년 12월 21일 11시,목요일,경상남도 창녕군 부곡면,중상사고,0,2,0,0,차대차 - 측면충돌,직진우회전진행방해,건조,맑음,교차로 - 교차로안,승용,남,49세,상해없음,승용,여,52세,중상
2017122100100279,2017년 12월 21일 11시,목요일,경상남도 함양군 함양읍,중상사고,0,1,0,0,차대사람 - 차도통행중,안전운전불이행,건조,맑음,교차로 - 교차로안,승용,여,40세,상해없음,보행자,여,85세,중상
2017122100100280,2017년 12월 21일 11시,목요일,경상남도 창원시 성산구 상남동,중상사고,0,1,0,0,차대차 - 측면충돌,교차로운행방법위반,건조,맑음,교차로 - 교차로안,승용,남,28세,상해없음,승용,남,47세,중상
2017122100100297,2017년 12월 21일 12시,목요일,경상남도 김해시 부원동,경상사고,0,0,1,0,차대차 - 측면충돌,안전운전불이행,건조,맑음,단일로 - 기타,건설기계,남,46세,상해없음,승용,남,73세,경상
2017122100100298,2017년 12월 21일 12시,목요일,경상남도 양산시 덕계동,중상사고,0,2,0,0,차대차 - 측면충돌,신호위반,건조,맑음,교차로 - 교차로안,건설기계,남,48세,상해없음,승용,남,59세,중상
2017122100100299,2017년 12월 21일 12시,목요일,경상남도 거제시 상동동,경상사고,0,0,1,0,차대차 - 측면충돌,안전운전불이행,건조,맑음,교차로 - 교차로안,승용,남,67세,상해없음,승용,여,47세,경상
2017122100100348,2017년 12월 21일 14시,목요일,경상남도 밀양시 내이동,중상사고,0,2,0,0,차대차 - 측면충돌,교차로운행방법위반,건조,맑음,교차로 - 교차로안,승용,남,55세,상해없음,이륜,여,32세,중상
2017122100100410,2017년 12월 21일 16시,목요일,경상남도 창원시 진해구 석동,중상사고,0,3,0,0,차대차 - 측면충돌,중앙선침범,건조,맑음,단일로 - 기타,승용,남,58세,중상,화물,남,43세,중상
2017122100100411,2017년 12월 21일 16시,목요일,경상남도 밀양시 내이동,경상사고,0,0,3,0,차대차 - 측면충돌,안전거리미확보,건조,맑음,단일로 - 기타,승용,남,67세,상해없음,승용,남,67세,경상
2017122100100412,2017년 12월 21일 16시,목요일,경상남도 밀양시 하남읍,부상신고사고,0,0,0,1,차대사람 - 보도통행중,안전운전불이행,건조,맑음,단일로 - 기타,승합,남,56세,상해없음,보행자,남,81세,부상신고
2017122100100413,2017년 12월 21일 16시,목요일,경상남도 함안군 가야읍,중상사고,0,1,0,0,차대차 - 측면충돌,신호위반,건조,맑음,교차로 - 교차로안,승용,여,50세,상해없음,승용,남,60세,중상
2017122100100459,2017년 12월 21일 17시,목요일,경상남도 창원시 마산합포구 월영동,중상사고,0,1,0,0,차대사람 - 기타,안전운전불이행,건조,맑음,교차로 - 교차로부근,승용,남,61세,상해없음,보행자,남,7세,중상
2017122100100460,2017년 12월 21일 17시,목요일,경상남도 통영시 무전동,경상사고,0,0,1,0,차대차 - 측면충돌,교차로운행방법위반,건조,맑음,교차로 - 교차로안,승용,여,45세,상해없음,승용,남,61세,상해없음
2017122100100502,2017년 12월 21일 18시,목요일,경상남도 창원시 마산합포구 월영동,중상사고,0,1,1,0,차대차 - 기타,교차로운행방법위반,건조,맑음,교차로 - 교차로안,이륜,남,33세,중상,이륜,남,22세,경상
2017122100100503,2017년 12월 21일 18시,목요일,경상남도 진주시 상대동,중상사고,0,1,0,0,차대사람 - 횡단중,보행자보호의무위반,건조,맑음,교차로 - 교차로횡단보도내,승용,여,47세,상해없음,보행자,여,63세,중상
2017122100100504,2017년 12월 21일 18시,목요일,경상남도 창원시 진해구 장천동,경상사고,0,0,1,0,차대차 - 추돌,안전운전불이행,건조,맑음,단일로 - 기타,승용,남,41세,상해없음,승용,여,38세,경상
2017122100100505,2017년 12월 21일 18시,목요일,경상남도 통영시 서호동,중상사고,0,1,0,0,차대사람 - 횡단중,안전운전불이행,건조,맑음,교차로 - 교차로안,승용,남,53세,기타불명,보행자,여,61세,중상
2017122100100506,2017년 12월 21일 18시,목요일,경상남도 통영시 북신동,경상사고,0,0,1,0,차대사람 - 횡단중,안전운전불이행,건조,맑음,교차로 - 교차로안,이륜,남,18세,상해없음,보행자,여,58세,경상
2017122100100507,2017년 12월 21일 18시,목요일,경상남도 김해시 생림면,경상사고,0,0,1,0,차대차 - 측면충돌,신호위반,건조,맑음,교차로 - 교차로안,화물,남,55세,상해없음,승용,남,49세,경상
2017122100100508,2017년 12월 21일 18시,목요일,경상남도 김해시 외동,경상사고,0,0,1,0,차대차 - 기타,기타,건조,맑음,단일로 - 기타,승용,남,35세,상해없음,자전거,여,37세,경상
2017122100100509,2017년 12월 21일 18시,목요일,경상남도 김해시 진영읍,중상사고,0,1,0,0,차대차 - 측면충돌,신호위반,건조,맑음,교차로 - 교차로안,승용,남,38세,상해없음,승용,남,28세,중상
2017122100100560,2017년 12월 21일 19시,목요일,경상남도 창원시 의창구 북면,경상사고,0,0,2,0,차대차 - 측면충돌,신호위반,건조,맑음,교차로 - 교차로안,화물,남,47세,상해없음,승용,여,61세,경상
2017122100100601,2017년 12월 21일 20시,목요일,경상남도 진주시 장대동,중상사고,0,1,1,0,차대사람 - 횡단중,보행자보호의무위반,건조,맑음,교차로 - 교차로안,이륜,남,16세,상해없음,보행자,여,40세,중상
2017122100100602,2017년 12월 21일 20시,목요일,경상남도 양산시 물금읍,경상사고,0,0,1,0,차대차 - 측면충돌,차로위반,건조,맑음,단일로 - 기타,승합,남,57세,상해없음,원동기,남,38세,경상
2017122100100638,2017년 12월 21일 21시,목요일,경상남도 창원시 의창구 도계동,경상사고,0,0,2,0,차대차 - 측면충돌,교차로운행방법위반,건조,맑음,교차로 - 교차로안,승용,남,46세,상해없음,승합,남,38세,경상
2017122100100667,2017년 12월 21일 22시,목요일,경상남도 창원시 마산합포구 월포동,중상사고,0,1,0,0,차대차 - 추돌,안전운전불이행,건조,맑음,단일로 - 기타,승용,남,32세,상해없음,승용,여,53세,중상
2017122100100668,2017년 12월 21일 22시,목요일,경상남도 진주시 상대동,경상사고,0,0,1,0,차량단독 - 기타,안전운전불이행,건조,맑음,단일로 - 기타,승용,남,42세,경상,,,,
2017122100100669,2017년 12월 21일 22시,목요일,경상남도 산청군 단성면,경상사고,0,0,1,0,차대차 - 측면충돌,중앙선침범,건조,맑음,단일로 - 기타,승용,남,50세,상해없음,승용,여,56세,경상
2017122100100699,2017년 12월 21일 23시,목요일,경상남도 양산시 물금읍,경상사고,0,0,1,0,차대차 - 추돌,안전거리미확보,건조,맑음,교차로 - 교차로부근,승용,남,33세,상해없음,승용,여,40세,경상
2017122200100100,2017년 12월 22일 03시,금요일,경상남도 양산시 삼호동,중상사고,0,1,1,0,차대차 - 측면충돌,교차로운행방법위반,건조,맑음,교차로 - 교차로안,승용,남,52세,상해없음,승용,여,35세,경상
2017122200100117,2017년 12월 22일 05시,금요일,경상남도 김해시 진영읍,경상사고,0,0,1,0,차대차 - 측면충돌,안전운전불이행,건조,맑음,교차로 - 교차로안,자전거,남,75세,경상,승용,여,52세,상해없음
2017122200100137,2017년 12월 22일 06시,금요일,경상남도 양산시 상북면,사망사고,1,0,0,0,차대사람 - 횡단중,신호위반,건조,맑음,교차로 - 교차로횡단보도내,승용,남,41세,상해없음,보행자,남,72세,사망
2017122200100148,2017년 12월 22일 07시,금요일,경상남도 김해시 삼문동,경상사고,0,0,1,0,차대차 - 측면충돌,안전거리미확보,건조,맑음,단일로 - 기타,화물,남,59세,상해없음,승용,여,50세,경상
2017122200100166,2017년 12월 22일 07시,금요일,경상남도 진주시 상대동,경상사고,0,0,1,0,차대사람 - 횡단중,안전운전불이행,건조,맑음,교차로 - 교차로안,화물,남,41세,상해없음,보행자,남,60세,경상
2017122200100167,2017년 12월 22일 07시,금요일,경상남도 김해시 어방동,중상사고,0,1,0,0,차대사람 - 기타,안전운전불이행,건조,맑음,단일로 - 기타,승용,남,63세,상해없음,보행자,여,60세,중상
2017122200100202,2017년 12월 22일 08시,금요일,경상남도 통영시 서호동,경상사고,0,0,1,0,차대사람 - 횡단중,안전운전불이행,건조,맑음,교차로 - 교차로부근,승용,여,45세,상해없음,보행자,남,40세,경상
2017122200100203,2017년 12월 22일 08시,금요일,경상남도 통영시 도천동,경상사고,0,0,1,0,차대차 - 정면충돌,안전운전불이행,건조,맑음,교차로 - 교차로안,승용,여,39세,상해없음,이륜,남,49세,경상
2017122200100204,2017년 12월 22일 08시,금요일,경상남도 거제시 장평동,중상사고,0,2,0,0,차대차 - 추돌,안전거리미확보,건조,맑음,단일로 - 기타,화물,남,26세,상해없음,화물,남,42세,중상
2017122200100232,2017년 12월 22일 09시,금요일,경상남도 김해시 봉황동,중상사고,0,1,0,0,차대차 - 측면충돌,안전운전불이행,건조,맑음,교차로 - 교차로안,승용,여,39세,상해없음,자전거,여,75세,중상
2017122200100233,2017년 12월 22일 09시,금요일,경상남도 양산시 평산동,경상사고,0,0,1,0,차대차 - 측면충돌,교차로운행방법위반,건조,맑음,교차로 - 교차로안,화물,남,62세,상해없음,승용,여,24세,경상
2017122200100234,2017년 12월 22일 09시,금요일,경상남도 김해시 주촌면,중상사고,0,2,1,0,차대차 - 측면충돌,중앙선침범,건조,맑음,단일로 - 기타,승용,남,48세,경상,승용,남,48세,중상
2017122200100262,2017년 12월 22일 10시,금요일,경상남도 합천군 합천읍,중상사고,0,1,0,0,차대사람 - 기타,안전운전불이행,건조,맑음,단일로 - 기타,승용,여,53세,상해없음,보행자,여,85세,중상
2017122200100263,2017년 12월 22일 10시,금요일,경상남도 양산시 물금읍,중상사고,0,1,0,0,차대차 - 측면충돌,신호위반,건조,맑음,교차로 - 교차로안,승용,남,60세,상해없음,승용,남,41세,중상
2017122200100264,2017년 12월 22일 10시,금요일,경상남도 거제시 아주동,중상사고,0,1,0,0,차대차 - 측면충돌,교차로운행방법위반,건조,맑음,교차로 - 교차로안,승용,여,24세,상해없음,승용,여,46세,중상
2017122200100292,2017년 12월 22일 11시,금요일,경상남도 김해시 대동면,중상사고,0,1,1,0,차대차 - 추돌,안전운전불이행,건조,맑음,단일로 - 기타,화물,남,51세,중상,화물,남,57세,경상
2017122200100317,2017년 12월 22일 12시,금요일,경상남도 김해시 부곡동,중상사고,0,1,0,0,차대사람 - 횡단중,안전운전불이행,건조,맑음,교차로 - 교차로부근,승용,남,58세,상해없음,보행자,여,78세,중상
2017122200100351,2017년 12월 22일 13시,금요일,경상남도 함양군 함양읍,부상신고사고,0,0,0,1,차량단독 - 전도전복,안전운전불이행,서리/결빙,맑음,단일로 - 기타,원동기,남,68세,부상신고,미분류,미분류,미분류,미분류
2017122200100417,2017년 12월 22일 15시,금요일,경상남도 밀양시 내이동,경상사고,0,0,1,0,차대차 - 측면충돌,안전운전불이행,건조,맑음,단일로 - 기타,건설기계,남,44세,상해없음,승용,여,54세,경상
2017122200100418,2017년 12월 22일 15시,금요일,경상남도 거창군 거창읍,중상사고,0,1,0,0,차대사람 - 횡단중,안전운전불이행,건조,맑음,단일로 - 기타,승용,여,57세,상해없음,보행자,여,8세,중상
2017122200100419,2017년 12월 22일 15시,금요일,경상남도 창원시 성산구 신촌동,경상사고,0,0,1,0,차대사람 - 횡단중,안전운전불이행,건조,맑음,단일로 - 기타,승합,남,46세,상해없음,보행자,남,9세,경상
2017122200100449,2017년 12월 22일 16시,금요일,경상남도 창원시 의창구 명서동,경상사고,0,0,1,0,차대사람 - 기타,안전운전불이행,건조,맑음,단일로 - 기타,승용,여,34세,상해없음,보행자,여,72세,경상
2017122200100488,2017년 12월 22일 17시,금요일,경상남도 창원시 마산합포구 중앙동3가,경상사고,0,0,1,0,차대사람 - 횡단중,보행자보호의무위반,건조,맑음,교차로 - 교차로횡단보도내,승용,여,64세,상해없음,보행자,남,14세,경상
2017122200100489,2017년 12월 22일 17시,금요일,경상남도 김해시 안동,중상사고,0,1,0,0,차대차 - 기타,안전운전불이행,건조,맑음,단일로 - 기타,승용,남,48세,상해없음,이륜,남,24세,중상
2017122200100490,2017년 12월 22일 17시,금요일,경상남도 함안군 칠원읍,사망사고,1,0,1,0,차대차 - 추돌,안전운전불이행,건조,맑음,단일로 - 기타,화물,남,69세,상해없음,승용,남,49세,사망
2017122200100559,2017년 12월 22일 18시,금요일,경상남도 창원시 마산합포구 남성동,경상사고,0,0,1,0,차대차 - 기타,기타,건조,맑음,단일로 - 기타,승용,남,67세,상해없음,원동기,남,37세,경상
2017122200100560,2017년 12월 22일 18시,금요일,경상남도 진주시 상봉동,중상사고,0,1,0,0,차대차 - 측면충돌,직진우회전진행방해,건조,맑음,교차로 - 교차로안,화물,남,51세,상해없음,자전거,남,75세,중상
2017122200100561,2017년 12월 22일 18시,금요일,경상남도 밀양시 하남읍,사망사고,1,0,0,0,차대사람 - 기타,안전운전불이행,건조,맑음,단일로 - 기타,화물,남,70세,상해없음,보행자,여,81세,사망
2017122200100626,2017년 12월 22일 19시,금요일,경상남도 사천시 벌리동,부상신고사고,0,0,0,1,차대차 - 측면충돌,교차로운행방법위반,건조,맑음,교차로 - 교차로안,승용,남,66세,상해없음,이륜,남,48세,부상신고
2017122200100627,2017년 12월 22일 19시,금요일,경상남도 양산시 삼호동,부상신고사고,0,0,0,1,차대차 - 추돌,안전거리미확보,건조,맑음,교차로 - 교차로부근,이륜,남,19세,부상신고,승용,남,66세,상해없음
2017122200100628,2017년 12월 22일 19시,금요일,경상남도 고성군 고성읍,경상사고,0,0,1,0,차대차 - 측면충돌,신호위반,건조,맑음,교차로 - 교차로안,화물,남,54세,상해없음,승용,여,62세,경상
2017122200100673,2017년 12월 22일 20시,금요일,경상남도 김해시 외동,중상사고,0,1,0,0,차대사람 - 기타,안전운전불이행,건조,맑음,교차로 - 교차로부근,승용,남,31세,상해없음,보행자,남,47세,중상
2017122200100674,2017년 12월 22일 20시,금요일,경상남도 김해시 삼계동,중상사고,0,1,0,0,차대사람 - 기타,안전운전불이행,건조,맑음,단일로 - 기타,승용,남,45세,상해없음,보행자,남,35세,중상
2017122200100675,2017년 12월 22일 20시,금요일,경상남도 김해시 어방동,중상사고,0,1,0,0,차대차 - 기타,차로위반,건조,맑음,단일로 - 기타,승용,여,53세,상해없음,이륜,남,22세,중상
2017122200100676,2017년 12월 22일 20시,금요일,경상남도 창원시 성산구 중앙동,경상사고,0,0,2,0,차대차 - 추돌,안전운전불이행,건조,맑음,단일로 - 기타,승용,남,39세,상해없음,승용,남,65세,경상
2017122200100748,2017년 12월 22일 22시,금요일,경상남도 진주시 하대동,경상사고,0,0,1,0,차대사람 - 길가장자리구역통행중,안전운전불이행,건조,맑음,단일로 - 기타,승용,남,62세,상해없음,보행자,남,54세,경상
2017122200100749,2017년 12월 22일 22시,금요일,경상남도 진주시 봉곡동,부상신고사고,0,0,0,1,차대차 - 추돌,안전거리미확보,건조,맑음,단일로 - 기타,원동기,남,19세,부상신고,승용,남,60세,상해없음
2017122200100750,2017년 12월 22일 22시,금요일,경상남도 김해시 어방동,경상사고,0,0,1,0,차대차 - 기타,불법유턴,건조,맑음,단일로 - 기타,승용,남,28세,상해없음,승용,여,50세,경상