사고번호,사고일시,요일,시군구,사고내용,사망자수,중상자수,경상자수,부상신고자수,사고유형,법규위반,노면상태,기상상태,도로형태,가해운전자 차종,가해운전자 성별,가해운전자 연령,가해운전자 상해정도,피해운전자 차종,피해운전자 성별,피해운전자 연령,피해운전자 상해정도
2017122200100751,2017년 12월 22일 22시,금요일,경상남도 양산시 물금읍,경상사고,0,0,1,0,차대차 - 측면충돌,중앙선침범,건조,맑음,단일로 - 기타,승용,남,26세,상해없음,이륜,남,16세,경상
2017122300100056,2017년 12월 23일 00시,토요일,경상남도 거제시 고현동,경상사고,0,0,1,0,차대차 - 측면충돌,안전운전불이행,건조,맑음,교차로 - 교차로안,승용,남,29세,상해없음,승용,남,25세,경상
2017122300100097,2017년 12월 23일 01시,토요일,경상남도 창원시 성산구 신촌동,경상사고,0,0,1,0,차대차 - 측면충돌,안전운전불이행,건조,맑음,단일로 - 기타,승용,남,28세,상해없음,승용,남,58세,경상
2017122300100131,2017년 12월 23일 03시,토요일,경상남도 함안군 칠서면,사망사고,1,0,0,0,차대사람 - 기타,안전운전불이행,건조,맑음,단일로 - 기타,승용,남,39세,상해없음,보행자,남,22세,사망
2017122300100161,2017년 12월 23일 05시,토요일,경상남도 고성군 고성읍,경상사고,0,0,1,0,차대차 - 측면충돌,중앙선침범,건조,맑음,단일로 - 기타,승용,남,35세,상해없음,이륜,남,33세,경상
2017122300100188,2017년 12월 23일 07시,토요일,경상남도 고성군 거류면,중상사고,0,2,0,0,차대차 - 추돌,기타,서리/결빙,맑음,단일로 - 기타,승용,남,42세,상해없음,승용,남,41세,중상
2017122300100189,2017년 12월 23일 07시,토요일,경상남도 거제시 하청면,중상사고,0,1,0,0,차대차 - 기타,안전운전불이행,건조,맑음,단일로 - 기타,이륜,남,59세,상해없음,승용,남,43세,상해없음
2017122300100209,2017년 12월 23일 08시,토요일,경상남도 합천군 가야면,경상사고,0,0,1,0,차량단독 - 도로외이탈 - 추락,안전운전불이행,건조,맑음,단일로 - 기타,승용,여,39세,경상,,,,
2017122300100210,2017년 12월 23일 08시,토요일,경상남도 남해군 서면,경상사고,0,0,1,0,차량단독 - 공작물충돌,안전운전불이행,서리/결빙,맑음,단일로 - 기타,화물,여,58세,경상,,,,
2017122300100211,2017년 12월 23일 08시,토요일,경상남도 남해군 남면,중상사고,0,2,0,0,차량단독 - 도로외이탈 - 추락,안전운전불이행,서리/결빙,흐림,단일로 - 기타,승용,남,49세,중상,,,,
2017122300100233,2017년 12월 23일 09시,토요일,경상남도 진주시 하대동,경상사고,0,0,1,0,차대사람 - 횡단중,안전운전불이행,건조,맑음,교차로 - 교차로안,승용,남,38세,상해없음,보행자,남,30세,경상
2017122300100234,2017년 12월 23일 09시,토요일,경상남도 밀양시 삼문동,중상사고,0,1,0,0,차대사람 - 횡단중,안전운전불이행,건조,맑음,단일로 - 기타,승용,여,50세,상해없음,보행자,여,74세,중상
2017122300100235,2017년 12월 23일 09시,토요일,경상남도 창원시 마산회원구 내서읍,중상사고,0,1,0,0,차량단독 - 기타,안전운전불이행,건조,맑음,단일로 - 기타,승합,남,52세,상해없음,,,,
2017122300100236,2017년 12월 23일 09시,토요일,경상남도 김해시 한림면,경상사고,0,0,1,0,차대차 - 측면충돌,안전운전불이행,건조,맑음,교차로 - 교차로안,승용,남,48세,상해없음,승용,여,48세,경상
2017122300100262,2017년 12월 23일 10시,토요일,경상남도 통영시 용남면,경상사고,0,0,5,0,차대차 - 추돌,안전운전불이행,건조,맑음,단일로 - 기타,화물,남,58세,상해없음,승용,남,35세,상해없음
2017122300100293,2017년 12월 23일 11시,토요일,경상남도 창원시 마산합포구 오동동,중상사고,0,1,0,0,차대사람 - 횡단중,안전운전불이행,건조,맑음,교차로 - 교차로안,승용,남,69세,상해없음,보행자,여,74세,중상
2017122300100294,2017년 12월 23일 11시,토요일,경상남도 진주시 신안동,중상사고,0,1,0,0,차대사람 - 횡단중,안전운전불이행,건조,맑음,교차로 - 교차로횡단보도내,승용,남,63세,상해없음,보행자,여,88세,중상
2017122300100331,2017년 12월 23일 12시,토요일,경상남도 창원시 마산합포구 중성동,중상사고,0,1,0,0,차대차 - 측면충돌,안전거리미확보,건조,맑음,교차로 - 교차로안,승용,남,50세,상해없음,이륜,남,65세,중상
2017122300100351,2017년 12월 23일 13시,토요일,경상남도 창원시 마산합포구 창동,중상사고,0,1,0,0,차대차 - 측면충돌,안전거리미확보,건조,맑음,교차로 - 교차로안,승용,여,59세,상해없음,이륜,남,78세,중상
2017122300100352,2017년 12월 23일 13시,토요일,경상남도 김해시 대동면,중상사고,0,1,2,0,차대차 - 기타,중앙선침범,건조,맑음,단일로 - 기타,승용,남,56세,경상,건설기계,남,34세,중상
2017122300100353,2017년 12월 23일 13시,토요일,경상남도 창녕군 남지읍,경상사고,0,0,1,0,차대사람 - 기타,안전운전불이행,건조,맑음,단일로 - 기타,기타불명,기타불명,미분류,기타불명,보행자,여,75세,경상
2017122300100354,2017년 12월 23일 13시,토요일,경상남도 창녕군 창녕읍,중상사고,0,1,1,0,차대차 - 추돌,안전운전불이행,건조,맑음,교차로 - 교차로부근,승용,남,43세,상해없음,승용,남,62세,경상
2017122300100355,2017년 12월 23일 13시,토요일,경상남도 양산시 명동,경상사고,0,0,1,0,차대차 - 추돌,안전운전불이행,건조,맑음,교차로 - 교차로부근,화물,남,54세,상해없음,승용,남,73세,경상
2017122300100382,2017년 12월 23일 14시,토요일,경상남도 함안군 칠서면,경상사고,0,0,1,0,차대차 - 추돌,안전거리미확보,건조,맑음,교차로 - 교차로부근,건설기계,남,27세,상해없음,승용,남,54세,경상
2017122300100383,2017년 12월 23일 14시,토요일,경상남도 창원시 의창구 대산면,경상사고,0,0,1,0,차대차 - 추돌,안전운전불이행,건조,맑음,단일로 - 기타,승용,남,41세,상해없음,승용,남,68세,경상
2017122300100416,2017년 12월 23일 15시,토요일,경상남도 창원시 마산회원구 합성동,경상사고,0,0,1,0,차대사람 - 차도통행중,안전운전불이행,건조,맑음,교차로 - 교차로부근,승용,남,61세,상해없음,보행자,여,65세,경상
2017122300100449,2017년 12월 23일 16시,토요일,경상남도 산청군 신안면,중상사고,0,1,0,0,차대차 - 기타,중앙선침범,건조,맑음,단일로 - 기타,승용,남,59세,상해없음,승용,남,49세,중상
2017122300100495,2017년 12월 23일 17시,토요일,경상남도 양산시 명곡동,중상사고,0,1,0,1,차대차 - 추돌,안전운전불이행,건조,맑음,단일로 - 터널,승용,여,58세,상해없음,화물,남,40세,중상
2017122300100496,2017년 12월 23일 17시,토요일,경상남도 양산시 평산동,경상사고,0,0,1,0,차대사람 - 횡단중,안전운전불이행,건조,맑음,교차로 - 교차로부근,승용,여,37세,상해없음,보행자,여,53세,경상
2017122300100497,2017년 12월 23일 17시,토요일,경상남도 김해시 흥동,경상사고,0,0,1,0,차대차 - 추돌,안전운전불이행,건조,맑음,단일로 - 고가도로위,승용,여,25세,상해없음,승용,여,28세,경상
2017122300100552,2017년 12월 23일 18시,토요일,경상남도 창원시 마산합포구 월남동3가,경상사고,0,0,1,0,차대차 - 기타,안전운전불이행,건조,맑음,교차로 - 교차로안,이륜,남,18세,상해없음,이륜,남,31세,경상
2017122300100553,2017년 12월 23일 18시,토요일,경상남도 창원시 진해구 자은동,중상사고,0,1,0,0,차대차 - 측면충돌,불법유턴,건조,맑음,교차로 - 교차로안,승용,여,61세,상해없음,이륜,남,18세,중상
2017122300100554,2017년 12월 23일 18시,토요일,경상남도 거제시 일운면,중상사고,0,1,0,0,차대차 - 추돌,안전거리미확보,건조,맑음,단일로 - 기타,승용,남,56세,상해없음,승용,남,35세,중상
2017122300100555,2017년 12월 23일 18시,토요일,경상남도 김해시 부곡동,경상사고,0,0,1,0,차대사람 - 기타,안전운전불이행,건조,맑음,단일로 - 기타,승용,남,65세,상해없음,보행자,남,27세,경상
2017122300100634,2017년 12월 23일 20시,토요일,경상남도 김해시 삼계동,경상사고,0,0,1,0,차대차 - 기타,안전운전불이행,건조,맑음,교차로 - 교차로안,화물,남,23세,상해없음,원동기,남,33세,경상
2017122300100713,2017년 12월 23일 23시,토요일,경상남도 통영시 광도면,경상사고,0,0,1,0,차대사람 - 횡단중,안전운전불이행,건조,맑음,교차로 - 교차로안,승용,여,44세,상해없음,보행자,남,43세,경상
2017122300100714,2017년 12월 23일 23시,토요일,경상남도 사천시 좌룡동,경상사고,0,0,1,0,차대차 - 측면충돌,신호위반,건조,맑음,교차로 - 교차로안,화물,남,46세,상해없음,승용,남,49세,경상
2017122400100059,2017년 12월 24일 01시,일요일,경상남도 창원시 진해구 두동,경상사고,0,0,1,0,차량단독 - 공작물충돌,안전운전불이행,건조,맑음,단일로 - 기타,승용,남,23세,경상,,,,
2017122400100090,2017년 12월 24일 03시,일요일,경상남도 통영시 명정동,부상신고사고,0,0,0,1,차대차 - 측면충돌,안전운전불이행,건조,맑음,단일로 - 기타,승용,남,33세,부상신고,승용,여,50세,상해없음
2017122400100091,2017년 12월 24일 03시,일요일,경상남도 사천시 서포면,중상사고,0,1,0,0,차량단독 - 공작물충돌,안전운전불이행,건조,맑음,단일로 - 기타,승용,남,43세,중상,,,,
2017122400100120,2017년 12월 24일 05시,일요일,경상남도 창원시 마산합포구 두월동1가,중상사고,0,2,1,0,차대차 - 측면충돌,직진우회전진행방해,건조,맑음,교차로 - 교차로안,승용,여,36세,경상,승용,남,58세,중상
2017122400100121,2017년 12월 24일 05시,일요일,경상남도 창원시 의창구 도계동,중상사고,0,1,0,0,차대사람 - 횡단중,신호위반,건조,맑음,교차로 - 교차로안,승용,남,56세,상해없음,보행자,여,56세,중상
2017122400100130,2017년 12월 24일 06시,일요일,경상남도 양산시 평산동,부상신고사고,0,0,0,3,차대차 - 기타,중앙선침범,건조,맑음,단일로 - 기타,승용,남,44세,상해없음,승용,남,20세,부상신고
2017122400100143,2017년 12월 24일 07시,일요일,경상남도 김해시 진영읍,경상사고,0,0,1,0,차대차 - 측면충돌,신호위반,건조,맑음,교차로 - 교차로안,화물,남,40세,상해없음,화물,남,57세,경상
2017122400100149,2017년 12월 24일 08시,일요일,경상남도 진주시 옥봉동,중상사고,0,1,0,0,차대사람 - 횡단중,보행자보호의무위반,젖음/습기,비,교차로 - 교차로안,화물,남,62세,상해없음,보행자,여,78세,중상
2017122400100191,2017년 12월 24일 11시,일요일,경상남도 진주시 상대동,경상사고,0,0,2,0,차대차 - 측면충돌,중앙선침범,젖음/습기,비,단일로 - 기타,승용,여,38세,상해없음,승용,여,55세,경상
2017122400100192,2017년 12월 24일 11시,일요일,경상남도 김해시 삼방동,경상사고,0,0,1,0,차대차 - 기타,안전운전불이행,젖음/습기,비,교차로 - 교차로안,승용,남,48세,경상,승용,여,70세,상해없음
2017122400100193,2017년 12월 24일 11시,일요일,경상남도 김해시 삼계동,중상사고,0,3,2,0,차대차 - 측면충돌,중앙선침범,서리/결빙,비,단일로 - 기타,화물,남,45세,경상,승용,남,46세,경상
2017122400100194,2017년 12월 24일 11시,일요일,경상남도 양산시 삼호동,경상사고,0,0,1,0,차대차 - 측면충돌,신호위반,젖음/습기,비,교차로 - 교차로안,화물,남,34세,상해없음,승용,남,22세,경상
2017122400100240,2017년 12월 24일 13시,일요일,경상남도 김해시 삼계동,경상사고,0,0,1,0,차대차 - 기타,중앙선침범,젖음/습기,흐림,단일로 - 기타,승용,기타불명,미분류,기타불명,승용,남,58세,경상
2017122400100258,2017년 12월 24일 14시,일요일,경상남도 창원시 마산합포구 오동동,경상사고,0,0,1,0,차대사람 - 보도통행중,기타,건조,맑음,단일로 - 기타,승용,여,58세,상해없음,보행자,남,34세,경상
2017122400100259,2017년 12월 24일 14시,일요일,경상남도 진주시 금곡면,중상사고,0,2,3,0,차대차 - 측면충돌,중앙선침범,젖음/습기,흐림,단일로 - 기타,승용,남,55세,상해없음,승용,남,50세,경상
2017122400100260,2017년 12월 24일 14시,일요일,경상남도 거제시 거제면,사망사고,1,0,0,0,차량단독 - 전도전복 - 전복,안전운전불이행,젖음/습기,흐림,단일로 - 기타,승용,남,56세,사망,,,,
2017122400100278,2017년 12월 24일 15시,일요일,경상남도 김해시 외동,부상신고사고,0,0,0,1,차대차 - 측면충돌,교차로운행방법위반,건조,흐림,교차로 - 교차로안,승용,남,47세,상해없음,이륜,남,19세,부상신고
2017122400100298,2017년 12월 24일 16시,일요일,경상남도 사천시 사천읍,경상사고,0,0,2,0,차대차 - 측면충돌,교차로운행방법위반,건조,맑음,교차로 - 교차로안,승용,여,60세,경상,승용,남,22세,경상
2017122400100323,2017년 12월 24일 17시,일요일,경상남도 창원시 마산합포구 월포동,경상사고,0,0,2,0,차대차 - 추돌,안전거리미확보,건조,맑음,교차로 - 교차로부근,화물,남,42세,상해없음,승용,남,27세,경상
2017122400100324,2017년 12월 24일 17시,일요일,경상남도 양산시 동면,부상신고사고,0,0,0,1,차대차 - 추돌,안전운전불이행,건조,맑음,단일로 - 기타,이륜,남,51세,부상신고,승용,여,70세,상해없음
2017122400100370,2017년 12월 24일 18시,일요일,경상남도 통영시 도산면,경상사고,0,0,1,0,차대차 - 정면충돌,중앙선침범,건조,맑음,단일로 - 기타,화물,남,59세,상해없음,승용,여,60세,경상
2017122400100396,2017년 12월 24일 19시,일요일,경상남도 통영시 북신동,경상사고,0,0,1,0,차대사람 - 기타,안전운전불이행,건조,맑음,단일로 - 기타,승용,남,45세,상해없음,보행자,여,60세,경상
2017122400100397,2017년 12월 24일 19시,일요일,경상남도 양산시 물금읍,경상사고,0,0,1,0,차대차 - 측면충돌,차로위반,젖음/습기,비,단일로 - 기타,승용,여,44세,상해없음,승용,남,23세,상해없음
2017122400100425,2017년 12월 24일 20시,일요일,경상남도 양산시 교동,경상사고,0,0,1,0,차량단독 - 공작물충돌,안전운전불이행,젖음/습기,비,단일로 - 기타,승용,여,37세,경상,,,,
2017122400100447,2017년 12월 24일 21시,일요일,경상남도 통영시 중앙동,경상사고,0,0,1,0,차대사람 - 횡단중,보행자보호의무위반,건조,맑음,단일로 - 기타,승용,남,68세,상해없음,보행자,남,69세,경상
2017122400100448,2017년 12월 24일 21시,일요일,경상남도 창원시 의창구 신월동,중상사고,0,1,1,1,차대차 - 측면충돌,신호위반,젖음/습기,맑음,교차로 - 교차로안,승용,남,57세,상해없음,승용,여,38세,부상신고
2017122400100470,2017년 12월 24일 22시,일요일,경상남도 진주시 진성면,중상사고,0,1,0,0,차량단독 - 전도전복,안전운전불이행,건조,맑음,단일로 - 기타,화물,남,55세,중상,미분류,미분류,미분류,미분류
2017122400100471,2017년 12월 24일 22시,일요일,경상남도 양산시 물금읍,중상사고,0,1,0,0,차대차 - 측면충돌,신호위반,건조,맑음,교차로 - 교차로안,승용,남,23세,상해없음,승용,남,59세,중상
2017122400100483,2017년 12월 24일 23시,일요일,경상남도 고성군 고성읍,중상사고,0,1,0,0,차대사람 - 횡단중,안전운전불이행,건조,맑음,단일로 - 기타,승용,남,35세,상해없음,보행자,남,65세,중상
2017122500100083,2017년 12월 25일 07시,월요일,경상남도 양산시 동면,중상사고,0,1,0,0,차대사람 - 횡단중,신호위반,건조,맑음,교차로 - 교차로횡단보도내,화물,남,55세,상해없음,보행자,여,46세,중상
2017122500100115,2017년 12월 25일 10시,월요일,경상남도 남해군 이동면,부상신고사고,0,0,0,1,차대사람 - 기타,안전운전불이행,건조,맑음,단일로 - 기타,승용,남,66세,상해없음,보행자,남,55세,부상신고
2017122500100152,2017년 12월 25일 12시,월요일,경상남도 거제시 남부면,경상사고,0,0,1,0,차대사람 - 기타,안전운전불이행,건조,맑음,단일로 - 기타,승용,여,23세,상해없음,보행자,남,37세,경상
2017122500100172,2017년 12월 25일 13시,월요일,경상남도 통영시 중앙동,경상사고,0,0,1,0,차대사람 - 기타,안전운전불이행,건조,맑음,단일로 - 기타,승용,여,59세,상해없음,보행자,여,44세,경상
2017122500100173,2017년 12월 25일 13시,월요일,경상남도 김해시 생림면,경상사고,0,0,2,0,차대차 - 측면충돌,신호위반,건조,맑음,교차로 - 교차로안,승용,여,53세,상해없음,승용,남,40세,경상
2017122500100174,2017년 12월 25일 13시,월요일,경상남도 거창군 주상면,중상사고,0,1,0,0,차량단독 - 공작물충돌,안전운전불이행,건조,맑음,단일로 - 기타,승용,여,58세,중상,,,,
2017122500100194,2017년 12월 25일 14시,월요일,경상남도 창원시 마산합포구 월포동,사망사고,1,0,0,0,차대사람 - 횡단중,보행자보호의무위반,건조,맑음,교차로 - 교차로횡단보도내,이륜,남,69세,상해없음,보행자,남,81세,사망
2017122500100195,2017년 12월 25일 14시,월요일,경상남도 통영시 광도면,중상사고,0,1,0,0,차대차 - 측면충돌,안전거리미확보,건조,맑음,단일로 - 기타,승용,남,22세,상해없음,이륜,남,61세,중상
2017122500100196,2017년 12월 25일 14시,월요일,경상남도 통영시 당동,경상사고,0,0,1,0,차대차 - 추돌,안전거리미확보,건조,맑음,교차로 - 교차로안,화물,남,62세,상해없음,승용,여,37세,경상
2017122500100197,2017년 12월 25일 14시,월요일,경상남도 김해시 봉황동,중상사고,0,1,0,0,차대사람 - 횡단중,안전운전불이행,건조,맑음,교차로 - 교차로부근,승용,여,32세,상해없음,보행자,남,54세,중상
2017122500100198,2017년 12월 25일 14시,월요일,경상남도 김해시 동상동,경상사고,0,0,2,0,차대차 - 추돌,안전거리미확보,건조,맑음,교차로 - 교차로안,승용,남,63세,상해없음,승용,남,20세,경상
2017122500100199,2017년 12월 25일 14시,월요일,경상남도 거제시 상동동,중상사고,0,1,0,0,차대사람 - 기타,안전운전불이행,건조,맑음,단일로 - 기타,승용,남,65세,상해없음,보행자,여,74세,중상
2017122500100200,2017년 12월 25일 14시,월요일,경상남도 창원시 성산구 성주동,중상사고,0,1,0,0,차대차 - 측면충돌,안전운전불이행,건조,맑음,교차로 - 교차로안,자전거,남,51세,중상,승용,남,55세,상해없음
2017122500100223,2017년 12월 25일 15시,월요일,경상남도 진주시 금곡면,사망사고,1,1,0,0,차대차 - 측면충돌,중앙선침범,건조,맑음,교차로 - 교차로부근,원동기,남,20세,중상,승용,여,38세,상해없음
2017122500100244,2017년 12월 25일 16시,월요일,경상남도 거창군 거창읍,중상사고,0,1,0,0,차대사람 - 차도통행중,안전운전불이행,건조,맑음,단일로 - 기타,승용,남,69세,상해없음,보행자,여,86세,중상
2017122500100272,2017년 12월 25일 17시,월요일,경상남도 창원시 진해구 장천동,경상사고,0,0,1,0,차대차 - 측면충돌,신호위반,건조,맑음,교차로 - 교차로안,승용,남,41세,상해없음,승합,남,55세,상해없음
2017122500100273,2017년 12월 25일 17시,월요일,경상남도 창원시 의창구 소답동,경상사고,0,0,1,0,차대사람 - 기타,안전운전불이행,건조,맑음,단일로 - 기타,승용,여,57세,상해없음,보행자,남,50세,경상
2017122500100299,2017년 12월 25일 18시,월요일,경상남도 통영시 명정동,경상사고,0,0,1,0,차대차 - 기타,안전운전불이행,건조,맑음,교차로 - 교차로안,승용,여,51세,상해없음,승용,남,37세,상해없음
2017122500100300,2017년 12월 25일 18시,월요일,경상남도 창원시 마산회원구 내서읍,경상사고,0,0,3,0,차대차 - 기타,신호위반,건조,맑음,교차로 - 교차로부근,이륜,남,18세,상해없음,승용,남,30세,경상
2017122500100327,2017년 12월 25일 19시,월요일,경상남도 창원시 의창구 소답동,경상사고,0,0,2,0,차대사람 - 횡단중,보행자보호의무위반,건조,맑음,교차로 - 교차로횡단보도내,화물,남,62세,상해없음,보행자,여,44세,경상
2017122500100343,2017년 12월 25일 20시,월요일,경상남도 진주시 가좌동,중상사고,0,1,0,0,차대차 - 기타,안전운전불이행,건조,맑음,교차로 - 교차로부근,승용,남,48세,상해없음,승용,남,36세,상해없음
2017122500100344,2017년 12월 25일 20시,월요일,경상남도 창원시 진해구 경화동,중상사고,0,1,0,0,차대사람 - 횡단중,보행자보호의무위반,건조,맑음,단일로 - 기타,승용,남,45세,상해없음,보행자,여,40세,중상
2017122500100345,2017년 12월 25일 20시,월요일,경상남도 김해시 불암동,경상사고,0,0,1,0,차대차 - 측면충돌,안전운전불이행,건조,맑음,단일로 - 기타,승용,남,45세,상해없음,승용,남,54세,상해없음
2017122500100346,2017년 12월 25일 20시,월요일,경상남도 창원시 성산구 상남동,중상사고,0,1,0,0,차대사람 - 차도통행중,안전운전불이행,건조,맑음,단일로 - 기타,이륜,남,17세,상해없음,보행자,남,34세,중상
2017122500100347,2017년 12월 25일 20시,월요일,경상남도 창원시 성산구 중앙동,경상사고,0,0,1,0,차대차 - 측면충돌,안전운전불이행,건조,맑음,교차로 - 교차로안,승용,여,24세,상해없음,승용,남,51세,경상
2017122500100348,2017년 12월 25일 20시,월요일,경상남도 김해시 이동,경상사고,0,0,3,0,차대차 - 추돌,안전운전불이행,건조,맑음,교차로 - 교차로부근,승용,남,52세,상해없음,승용,여,58세,상해없음
2017122500100366,2017년 12월 25일 21시,월요일,경상남도 진주시 봉곡동,중상사고,0,1,0,0,차대사람 - 길가장자리구역통행중,안전운전불이행,건조,맑음,단일로 - 기타,승용,남,59세,상해없음,보행자,남,35세,중상
2017122500100383,2017년 12월 25일 22시,월요일,경상남도 고성군 고성읍,중상사고,0,1,0,0,차대차 - 측면충돌,직진우회전진행방해,건조,맑음,교차로 - 교차로안,승용,남,59세,상해없음,승용,여,53세,중상
2017122600100037,2017년 12월 26일 00시,화요일,경상남도 창원시 마산회원구 석전동,중상사고,0,1,0,0,차대사람 - 횡단중,안전운전불이행,건조,맑음,단일로 - 기타,승용,남,71세,상해없음,보행자,여,57세,중상
2017122600100044,2017년 12월 26일 01시,화요일,경상남도 산청군 신안면,경상사고,0,0,1,0,차량단독 - 공작물충돌,안전운전불이행,건조,맑음,단일로 - 기타,승용,남,37세,경상,,,,
2017122600100052,2017년 12월 26일 02시,화요일,경상남도 거창군 거창읍,경상사고,0,0,3,0,차대차 - 측면충돌,신호위반,건조,맑음,교차로 - 교차로안,승용,남,22세,상해없음,승용,남,19세,경상
2017122600100060,2017년 12월 26일 03시,화요일,경상남도 김해시 삼계동,중상사고,0,1,0,0,차대사람 - 횡단중,보행자보호의무위반,건조,맑음,단일로 - 기타,승용,남,57세,상해없음,보행자,여,24세,중상
2017122600100093,2017년 12월 26일 06시,화요일,경상남도 김해시 삼정동,경상사고,0,0,1,0,차대차 - 측면충돌,안전운전불이행,건조,맑음,단일로 - 기타,화물,남,44세,상해없음,화물,남,57세,경상
2017122600100094,2017년 12월 26일 06시,화요일,경상남도 거제시 장평동,경상사고,0,0,1,0,차대차 - 기타,안전운전불이행,건조,맑음,교차로 - 교차로부근,자전거,남,53세,상해없음,자전거,남,51세,경상
2017122600100113,2017년 12월 26일 07시,화요일,경상남도 김해시 진영읍,중상사고,0,1,0,0,차대사람 - 횡단중,안전운전불이행,건조,맑음,단일로 - 기타,승용,남,51세,상해없음,보행자,여,78세,중상
2017122600100181,2017년 12월 26일 09시,화요일,경상남도 거제시 옥포동,사망사고,1,0,0,0,차대사람 - 기타,안전운전불이행,건조,맑음,단일로 - 기타,승용,남,25세,상해없음,보행자,남,4세,사망
2017122600100241,2017년 12월 26일 11시,화요일,경상남도 양산시 물금읍,경상사고,0,0,1,0,차대차 - 측면충돌,교차로운행방법위반,건조,맑음,교차로 - 교차로부근,승용,남,76세,상해없음,승용,남,40세,경상
2017122600100292,2017년 12월 26일 13시,화요일,경상남도 창녕군 남지읍,중상사고,0,1,0,0,차대차 - 기타,안전운전불이행,건조,맑음,교차로 - 교차로부근,승용,여,67세,상해없음,자전거,남,70세,중상
2017122600100326,2017년 12월 26일 14시,화요일,경상남도 창원시 의창구 대산면,경상사고,0,0,2,0,차대차 - 추돌,안전운전불이행,건조,맑음,단일로 - 기타,화물,남,47세,상해없음,승용,남,37세,경상
2017122600100356,2017년 12월 26일 15시,화요일,경상남도 진주시 상대동,경상사고,0,0,1,0,차대차 - 측면충돌,안전거리미확보,건조,맑음,단일로 - 기타,승용,여,38세,상해없음,승용,남,76세,경상
2017122600100387,2017년 12월 26일 16시,화요일,경상남도 김해시 동상동,경상사고,0,0,1,0,차대사람 - 기타,안전운전불이행,건조,맑음,단일로 - 기타,승용,남,38세,상해없음,보행자,여,60세,경상
2017122600100388,2017년 12월 26일 16시,화요일,경상남도 창원시 마산회원구 내서읍,경상사고,0,0,1,0,차대사람 - 길가장자리구역통행중,안전운전불이행,건조,맑음,단일로 - 기타,승용,여,29세,상해없음,보행자,여,38세,경상
2017122600100424,2017년 12월 26일 17시,화요일,경상남도 양산시 북정동,경상사고,0,0,1,0,차대차 - 측면충돌,안전거리미확보,건조,맑음,교차로 - 교차로부근,승용,남,57세,상해없음,승용,남,60세,경상
2017122600100480,2017년 12월 26일 19시,화요일,경상남도 창원시 진해구 소사동,사망사고,1,0,0,0,차대차 - 추돌,안전운전불이행,건조,맑음,단일로 - 기타,화물,남,52세,사망,특수,남,33세,상해없음
2017122600100497,2017년 12월 26일 19시,화요일,경상남도 양산시 상북면,경상사고,0,0,1,1,차대차 - 정면충돌,중앙선침범,건조,맑음,기타 - 기타,화물,남,60세,상해없음,화물,여,58세,부상신고
2017122600100520,2017년 12월 26일 20시,화요일,경상남도 창원시 마산합포구 덕동동,중상사고,0,1,0,0,차량단독 - 공작물충돌,안전운전불이행,건조,맑음,단일로 - 기타,승용,남,53세,중상,,,,
2017122600100521,2017년 12월 26일 20시,화요일,경상남도 진주시 봉곡동,중상사고,0,1,0,0,차대사람 - 횡단중,보행자보호의무위반,건조,맑음,단일로 - 기타,승용,남,51세,상해없음,보행자,남,59세,중상
2017122600100522,2017년 12월 26일 20시,화요일,경상남도 사천시 사천읍,중상사고,0,1,0,0,차대차 - 추돌,신호위반,건조,맑음,교차로 - 교차로부근,승합,남,50세,상해없음,이륜,여,25세,중상
2017122600100523,2017년 12월 26일 20시,화요일,경상남도 사천시 서포면,사망사고,2,2,0,0,차량단독 - 공작물충돌,안전운전불이행,건조,맑음,단일로 - 기타,승용,남,19세,중상,,,,
2017122600100524,2017년 12월 26일 20시,화요일,경상남도 양산시 동면,경상사고,0,0,1,0,차대차 - 추돌,안전운전불이행,건조,맑음,교차로 - 교차로부근,승용,여,59세,상해없음,승용,남,45세,경상
2017122600100551,2017년 12월 26일 21시,화요일,경상남도 창원시 의창구 도계동,경상사고,0,0,4,1,차대차 - 추돌,안전운전불이행,건조,맑음,기타 - 기타,승용,남,34세,상해없음,승용,남,46세,경상
2017122600100581,2017년 12월 26일 22시,화요일,경상남도 진주시 평거동,중상사고,0,1,0,0,차대사람 - 차도통행중,안전운전불이행,건조,맑음,교차로 - 교차로안,승용,남,61세,상해없음,보행자,여,52세,중상
2017122700100068,2017년 12월 27일 04시,수요일,경상남도 창원시 마산합포구 창포동2가,중상사고,0,1,0,0,차대차 - 추돌,안전거리미확보,건조,맑음,단일로 - 기타,승용,남,25세,상해없음,승용,남,55세,중상
2017122700100098,2017년 12월 27일 07시,수요일,경상남도 창원시 마산합포구 구산면,중상사고,0,1,0,0,차량단독 - 전도전복,안전운전불이행,젖음/습기,맑음,기타 - 기타,건설기계,남,60세,중상,미분류,미분류,미분류,미분류
2017122700100099,2017년 12월 27일 07시,수요일,경상남도 김해시 어방동,경상사고,0,0,1,0,차대차 - 기타,직진우회전진행방해,건조,맑음,교차로 - 교차로안,승용,남,38세,기타불명,화물,남,59세,경상